A	114	The rain beetles are a group of beetles found in the far west of North America. They spend most of their lives underground, emerging in response to rain or snow, thus the common name. Formerly classified in the Geotrupidae, they are currently assigned to their own family Pleocomidae, considered the sister group to all the remaining families of Scarabaeoidea. The family contains a single extant genus, Pleocoma, and one extinct genus, Cretocoma, described in 2002 from Late Cretaceous deposits in Mongolia.
A	122	On this date in 1751, James Madison was born in Virginia. The Deist, who became primary author of the secular U.S. Constitution and Bill of Rights, and fourth President of the United States, originally contemplated the ministry as a career. After graduating from Princeton, Madison was appointed a delegate to the Virginia state convention. There he was responsible for the adoption of a freedom of conscience clause in the state constitution. "Religious bondage shackles and debilitates the mind and unfits it for every noble enterprise, every expanded prospect," Madison wrote William Bradford (April 1, 1771).
A	111	The first political rallies for peace in the Confederacy occurred during the summer of 1861 in the central North Carolina counties of Randolph and Davidson. Protesting a draft of one-third of the state militia into the Confederate army, some 50 members of the Randolph County militia marched under a white flag and prayed for peace. At a "Union meeting" in neighboring Davidson County, leaders denounced the Confederacy and advocated reunion. Hundreds of troops were sent into the Randolph/Davidson area during this period to quell an uprising of armed militant Unionists.
A	127	To complicate matters, the majority of these locations were small villages that are not registered in most indexes or Google Earth. In addition, the place name could be several words, and the point at which the series of letters were split into words seemed arbitrary at times. Some place names were rather commonly used throughout the region for different locations and therefore not a good indicator of a unique location. The river seemed to disappear at certain points, and it did not seem likely that natural events would have caused this. Lastly, due to the high density of rapids in certain areas it was rather difficult to pin point exactly which river he went down.
A	102	Researchers at Stanford University in the US have discovered a type of highly elastic, transparent thin film that conducts electricity extremely well. The film is made of wavy, spring-like carbon nanotubes and could be used as the electrode material in "skin-like" pressure and stretch sensors. Such devices might one day be used to help restore touch and pressure sensitivity to amputees, injured soldiers and burn victims, and also find applications in robotics and touch-sensitive computer displays, says the team.
A	116	Warts, also called verrucae, are small benign growths usually caused by a viral infection of the skin or mucous membrane. The virus infects the surface layer of skin. The viruses that cause warts are members of the human papilloma virus (HPV) family, of which there are many different strains. Warts are not cancerous but some strains of HPV, usually not associated with warts, have been linked with cancer formation. Warts are contagious from person to person and from one area of the body to another on the same person.
A	110	Earth’s aurorae, or Northern and Southern Lights, provide a dazzling light show to people living in the polar regions. Shimmering curtains of green and red undulate across the sky like a living thing. New research shows that aurorae on distant "hot Jupiters" could be 100-1000 times brighter than Earthly aurorae. They also would ripple from equator to poles (due to the planet’s proximity to any stellar eruptions), treating the entire planet to an otherworldly spectacle.
A	118	Liturgical Movement, a 19th- and 20th-century effort in Christian churches to restore the active and intelligent participation of the people in the liturgy, or official rites, of the Christian religion. The movement sought to make the liturgy both more attuned to early Christian traditions and more relevant to modern Christian life. The process involved simplifying rites, developing new texts (in the case of Roman Catholicism, translating the Latin texts into the vernacular of individual countries), and reeducating both laity and clergy on their role in liturgical celebrations.
A	124	More than ten years ago, my laboratory showed that a enzyme found in bacteria that could carry out recombination between chromosomes could also function in human cells. This enzyme, called phiC31 integrase, has became a useful tool for modifying the chromosomes in a wide variety of organisms, including human and mouse cells, as well as cells from fruit flies, plants, toads, and other organisms. For example, we have used phiC31 integrase extensively in gene therapy studies to add healthy genes to mammalian cells that had harmful mutations in various genes, such as the genes involved in hemophilia and muscular dystrophy.
A	104	The AC is then sent to the rectifier bridge and it is located inside on the back wall of the alternator. The job of the rectifier bridge is to convert the stators AC voltage into DC voltage. Inside the rectifier bridge there are six diodes (three positive and three negative). Since the AC sine waves go negative and positive you need to convert both sides. So if you have a 75-amp alternator then the diodes in the rectifier would be rated at 25 amps each negative and positive.
A	110	Around day 14 of a 28‐day menstrual cycle, the average woman ovulates and releases an egg, or ovum, from one of her ovaries. The ovum is then picked up by fingerlike structures called fimbriae and is swept into the nearby fallopian tube. If conception occurs and a sperm and ovum unite, the newly formed zygote, or conceptus, travels down the fallopian tube and attaches to the uterine wall. If conception does not occur, the ovum dissolves in approximately 48 hours.
A	102	A Radioactive metallic transuranic element, belonging to the actinoids. A transuranic element means an element with atoms heavier than those of Uranium with an atomic number greater than 92. It is also known as unnilbium. Nobelium does not occur naturally. It has not yet been found in the earth’s crust and it is so unstable that any amount formed would decompose to other elements very quickly. The Atomic Number of this element is 102 and the Element Symbol is No.
A	117	Anyone who has spent time in the tropics knows that the diversity of species found there is astounding and the abundance and diversity of ants, in particular, is unparalleled. Scientists have grappled for centuries to understand why the tropics are home to more species of all kinds than the cooler temperate latitudes on both sides of the equator. Several hypotheses have been proposed to explain the higher species numbers in the tropics, but these hypotheses have never been tested for the ants, which are one of the most ecologically and numerically dominant groups of animals on the planet.
A	117	Atrial septal defect (ASD) is a hole in the wall between the two upper chambers of the heart, called the atria. This hole usually does not cause any symptoms or problems in a young child. Over a person’s lifetime, the extra blood crossing the hole goes to the lungs. This can damage the blood vessels of the lungs. Adults who still have a hole are at greater risk of strokes. If very small, an atrial septal defect may not require any treatment. Other defects may need cardiac catheterization or surgery to close or patch the hole.
A	122	Power supplies can be integrated into a device or externally attached, portable modules, depending on their operating temperature and risk of overheating. Power supplies are necessary to the operation of just about every electrical device, including desktop and laptop computers, cell phones, lasers, telecommunications like radio, phone lines and the internet, medical equipment, lamps, appliances and industrial machinery. They provide either AC power supply, which is an alternating current, or DC power supplies, which offer a direct current. Today, most electronic devices in the home and office are powered by 12v power supply, while industrial applications employ high voltage power supply.
A	104	I’ve always said that my primary interest in railroads is not necessarily the machine that is a train, but instead the way railroad systems change over time, and how they influence the people and locations around them – or even how places influence the rails. For those with similar interests, the city of Berlin is a great case study. As I’m sure everyone is familiar, Germany and the city of Berlin were partitioned after World War II into areas occupied by the French, British, Americans, and Soviets.
A	107	The Amman Message is a landmark document that draws on the values of Islam enshrined in the Quran to reassert the principles that must, as part of the practice of true Muslim faith, guide inter-Muslim relations and the Muslim world's relationships with other faiths and cultures. The Amman Message, released during the holy month of Ramadan (November 2004), was inspired by the historical responsibility of the Hashemites, as descendants of the Prophet Mohammad (peace be upon him), to uphold and defend the faith.
A	122	Rights that belong to an individual as a consequence of being human. The term came into wide use after World War II, replacing the earlier phrase natural rights, which had been associated with the Greco-Roman concept of natural law since the end of the Middle Ages. As understood today, human rights refer to a wide variety of values and capabilities reflecting the diversity of human circumstances and history. They are conceived of as universal, applying to all human beings everywhere, and as fundamental, referring to essential or basic human needs. Human rights have been classified historically in terms of the notion of three generations of human rights.
A	121	Titanic was built in Belfast, Ireland in 1912. She was the largest and most luxurious ship ever built. Titanic measured 269 metres by 28 metres. Everyone thought the Titanic was unsinkable. On April the 10th 1912 she set sail from Southampton to New York carrying 891 crew and 1317 passengers the captain of the ship was Edward John Smith. He was a very experienced sailor who had captained other ships. Titanic sailed through calm waters. On the fourth day with the ship nearing Newfoundland, Canada the waters tuned icy they ignored several ice berg warnings.
A	128	This lesson uses Jane Addams Award-winning books to explore author's voice and style. The Jane Addams Book Awards are given to children's books that effectively promote the cause of peace, social justice, world community, and the equality of the sexes and all races. After reading and examining The Yellow Star: The Legend of King Christian X of Denmark by Carmen Agra Deedy, a Jane Addams Honor Book in 2001, students choose another Jane Addams Award-winning book for personal investigation of author's voice. This lesson is designed for students in grades 6 to 8, but can be adapted for other grade bands as well.
A	122	Long ton (L/T sometimes known as a gross ton, weight ton, or imperial ton) is the name for the unit called the "ton" in the avoirdupois or Imperial system of measurements, as formerly used in the United Kingdom and several other Commonwealth countries. It has been mostly replaced by the short ton in the United States and the metric tonne elsewhere. It is equal to 2240 pounds (1016.0469088 kilograms). It has some limited use in the United States, most commonly in measuring the displacement of ships, and was the unit prescribed for warships (e.
A	116	NASA's latest rover on Mars depends on a sandwich of semiconducting material that can turn heat into electricity. In the case of Curiosity, the steady radioactive decay of plutonium 238 warms such thermoelectric material and turns roughly 4 percent of that heat into a steady flow of electrons. A similar radioisotope thermoelectric generator (RTG) on the moon's Sea of Tranquility is still working after decades, as are the RTGs in the two Voyager spacecraft launched 35 years ago; such enduring reliability is the main reason NASA employed the inefficient technology.
A	120	Global warming is the increase in the average temperature of Earth's near-surface air and oceans since the mid-20th century and its projected continuation. According to the 2007 Fourth Assessment Reportby the Intergovernmental Panel on Climate Change (IPCC), global surface temperature increased 0.74 ± 0.18 °C (1.33 ± 0.32 °F) during the 20th century.Most of the observed temperature increase since the middle of the 20th century has been caused by increasing concentrations of greenhouse gases, which result from human activity such as the burning of fossil fuel and deforestation.
A	124	Visible Satellite ImageryThis type of satellite imagery uses reflected sunlight (this is actually reflected solar radiation) to see things in the atmosphere and on the Earth's surface. Clouds and fresh snow are excellent reflectors, so they appear white on the imagery. Clouds can be distinguished from snow, because clouds move and snow does not move. Meanwhile, the ground reflects less sunlight, so it appears black on the imagery. The satellite uses its 0.55 to 0.75 micrometer (um) channel to detect this reflected sunlight. Since this imagery relies on reflected imagery, it cannot be used during night.
A	105	One of the most common advancements is the cell phone. Unlike the cell phones of just a few years ago, most cell phones are now "smartphones." Smartphones are different from other cellular phones in that they can do things that a computer or laptop can do. Best of all, it is a touch screen and many have voice recognition software that allow you to "write" without typing a thing. Why not introduce this new technology to schools by allowing students to use their smartphones during school as part of their school work?
A	108	Scientists have long been trying to mimic the photosynthesis perfected by leaves -- turning sunlight and water into energy that can be stored. While many have made attempts, there seems to be one group of scientists that have pulled it off. The news comes from the 241st National Meeting of the American Chemical Society, where the researchers made their announcement. The "artificial leaf" would be used to generate power for off grid homes in developing areas, and the hope is that one such "leaf" could provide enough energy for an entire household.
A	121	Forgetting (retention loss) refers to apparent loss of information already encoded and stored in an individual's long term memory. It is a spontaneous or gradual process in which old memories are unable to be recalled from memory storage. Problems with remembering, learning and retaining new information are a few of the most common complaints of older adults. Memory performance is usually related to the active functioning of three stages. These three stages are encoding, storage and retrieval. Many different factors influence the actual process of forgetting. An example of one of these factors could be the amount of time the new information is stored in the memory.
A	120	Why do you use technology in your classroom? To many instructors, it’s because of convenience. Technology allows instructors to go paperless, enhance a lecture with a video, create a blog to supplement the class, and countless other things. But can technology teach students as well? In the case of digital writing…absolutely! In an article published recently by Emerging EdTech, guest poster Neven Jurkovic discusses ways in which 1:1 technology can help students become better writers. The new medium of web-based writing has changed the way we write, view and interact with text.
A	107	One of the 13 original States, Delaware entered the Union in 1787. But its residents had noted effects from two earthquakes before that time, a strong New York shock a half-century earlier and another in 1755 off the Massachusetts coast. Neither caused damage in Delaware, but the first knocked chimneys over in the New York City area; the second downed walls and chimneys in the Boston vicinity, broke gable ends and vanes on buildings, and opened small ground cracks, an undually severe shock for that area.
A	126	Today this is an extremely difficult process, requiring manual manipulation of molecules using such devices as a scanning tunneling microscope. Eventually it is expected to exploit lifelike self-replicating 'helper molecules' that are themselves engineered. Thus the field can be seen as a precision form of chemical engineering that includes protein engineering, the creation of protein molecules, a process that occurs naturally in biochemistry, e.g., prion reproduction. However, it provides far more control than genetic modification of an existing genome, which must rely strictly on existing biochemistry to express genes as proteins, and has little power to produce any non-proteins.
A	100	The Declaration of Independence is one of the most influential documents in modern history-the inspiration for what would become the most powerful democracy in the world. Indeed, at every stage of American history, the Declaration has been a touchstone for evaluating the legitimacy of legal, social, and political practices. Not only have civil rights activists drawn inspiration from its proclamation of inalienable rights, but individuals decrying a wide variety of governmental abuses have turned for support to the document's enumeration of British tyranny.
A	104	Our childhood struggles with schoolwork gave most of us a warped view of mathematics. We learned to manipulate numbers and symbols according to what seemed like arbitrary rules. We may have understood a bit here and a bit there, but we never saw how the framework fit together. We stumbled from one class to the next, packing more and more information into our strained memory, until the whole structure threatened to collapse. Finally we crashed in a blaze of confusion, some of us in high school algebra, others in college calculus.
A	118	Human stereo color vision is a very complex process that is not completely understood, despite hundreds of years of intense study and modeling. Vision involves the nearly simultaneous interaction of the two eyes and the brain through a network of neurons, receptors, and other specialized cells. The first steps in this sensory process are the stimulation of light receptors in the eyes, conversion of the light stimuli or images into signals, and transmission of electrical signals containing the vision information from each eye to the brain through the optic nerves. This information is processed in several stages, ultimately reaching the visual cortices of the cerebrum.
A	116	More than one million tiny weed-eating beetles have been released in endangered wetlands around the state by the Department of Agriculture. Since the early '90s, beetles have been used as nature's foil to purple loosestrife, a noxious, invasive weed that has crowded native plants out of more than 50,000 acres in Minnesota. Now a group of Red Wing High School students plans to build on the beetles' success, by introducing them to a new loosestrife-ridden site. But first, they have to catch some.
A	106	The autistic spectrum (sometimes referred to as the autism spectrum) is a developmental and behavioral syndrome that results from certain combinations of characteristically autistic traits. Although these traits may be normally distributed in the population, some individuals inherit or otherwise manifest more autistic traits. At the severe end of the spectrum is low-functioning autism which has profound impairments in many areas, to Asperger's syndrome, and high-functioning autism, to "normal" behaviour and perhaps hypersocialization on the high end of the spectrum.
A	128	The elms belong to a temperate family and have about 15 genera with over 150 species of trees and shrubs. A few species are tropical. The United States has five genera but only two contain common tree species. Both of these genera (Ulmus and Celtis) occur in the U.P. American elm and slippery elm are the most common. Rock elm and hackberry are rare. Elm fruits are round samaras which ripen in the spring. Hackberry has berry-like fruits that ripen in the fall. The twigs of elms and hackberries have a zig-zag arrangement.
A	100	This kind of counting is surely ancient, but it was given a formal, axiomatic basis just a century ago by the Italian mathematician Giuseppe Peano. Peano's scheme of arithmetic begins by postulating the existence of the number zero, or 0. The next number is defined as the successor of zero, written S(0). Next comes the successor of the successor of zero, or S(S(0)), then S(S(S(0))), and so on.
A	101	In Europe, simple paneling on doors was used in Greco-Roman classical architecture, as it was in the transitional Italian Romanesque interiors. Its extensive use on walls and furnishings, however, began in the Gothic period. The richness and warmth of interior wood paneling is a highly characteristic aspect of the Tudor and Elizabethan styles of decoration in England. Early Tudor walls are profusely carved, often in fielded panels, in which the central area is raised above the framing.
A	124	FYI: interrupt(): sets the interrupted flag in the Thread object on which was called. It does no more. Thread.interrupted(): static, it clears interrupt status of the current thread (the one executing the sentence). It returns the status before clearing it. When a thread that is waiting, sleeping or joining is interrupted by another thread, it wakes up and throws Interruptedexception. Note that the corresponding methods declare the checked Interruptedexception. Whenever a thread throws InterruptedException it clears its interrupt status. Thread.isInterrupted() returns the status but it does not clears it.
A	123	There are two general types of fallacies in logic: formal and informal. Formal fallacies are errors in logic that are due entirely to the structure of the argument, it is an error in the process of building an argument - not the content of the premises, meaning that even if the premises are true, the argument cannot support its conclusion. Aristotle held that the basis for all formal fallacies was the non sequitur, which is why the term is known in Latin as Ignoratio elench - or an ignorance of logic. For more on formal fallacies, see the Formal Fallacies section.
A	117	The knee acts like a hinge and a shock absorber when you walk, run, jump, kick, or climb. Ligaments, tendons, and muscles give the knee stability and hold it together. Rubbery tissue called cartilage covers and cushions the ends of the bones that make up the knee. These bones include the femur, or thighbone, the tibia, or shinbone, and the patella, or knee cap. Osteoarthritis of the knee means the cartilage in the joint has broken down because of excessive wear due to obesity, injuries, or overuse.
A	114	You might think that daylight saving time was conceived to give farmers an extra hour of sunlight to till their fields, but this is a common misconception. In fact, farmers have long been opposed to springing forward and falling back, since it throws off their usual harvesting schedule. The real reasons for daylight saving are based around energy conservation and a desire to match daylight hours to the times when most people are awake. The idea dates back to 1895, when entomologist George Vernon Hudson unsuccessfully proposed an annual two-hour time shift to the Royal Society of New Zealand.
A	118	When most people think of the American Civil War, they do not tend to think of the reaction that the United Kingdom had to it. Despite being across the Atlantic, a large number of people in Britain followed the war with great interest. For the most part, their reaction was quite mixed. Some people hoped the Union in the north would win and others had placed their bets on the Confederacy in the south. Many people even had a personal interest in the war. For some, family members had at some previous point emigrated to the United States and were actively involved in the war.
A	105	There are different ways to tell the story of the Jewish people in Egypt. One is to tell it from the perspective of the hieroglyphics of the time, i.e. from the perspective of ancient Egypt. If we were to tell the story from that angle the Jewish people did not exist. The Egyptians, like many other peoples, both ancient and modern, not only rewrite history later to make it conform to their point of view, but even pick and choose the elements they wish while the history is happening.
A	125	Excel's Accounting number format adds decimal to the value in the cell. Excel features built-in, preprogrammed formulas called? functions In an Excel worksheet, columns are referenced with letters, while rows are referenced with numbers? Information created in Excel is saved in a file called a? spreadsheet fileIn which of the following dialog boxes can you set the page orientation to either Portrait or Landscape? Page SetupOne component of an Excel function is the argument. What is an argument? value or data needed to calulate the argument.The default settings in Excel's Print dialog box are to print one copy of?
A	111	Salmonella, a rod-shaped gram-negative bacterium belonging to the family Enterobacteriaceae, is the causative agent of salmonellosis. Salmonellosis in warm-blooded vertebrates is in most cases associated with serovars of Salmonella subsp enterica. The most common type of infection is the carrier state, in which infected animals carry the pathogen for a variable period of time without showing any clinical signs. Clinical disease is characterized by two major syndromes—a systemic septicemia (also termed as typhoid) and an enteritis.
A	119	As discussed in a previous part of Lesson 4, the shape of a velocity vs. time graph reveals pertinent information about an object's acceleration. For example, if the acceleration is zero, then the velocity-time graph is a horizontal line - having a slope of zero. If the acceleration is positive, then the line is an upward sloping line - having a positive slope. If the acceleration is negative, then the velocity-time graph is a downward sloping line - having a negative slope. If the acceleration is great, then the line slopes up steeply - having a large slope.
A	125	Leafminer larvae live inside the leaves of many trees, shrubs, vines, and herbaceous plants. They feed on the mesophyll, the spongy and palisade cells between the upper and lower epidermises of the leaf. This environment within the leaf provides a moist area that is protected from at least some predators and parasites. As a result, many insect species have adapted to this lifestyle, including flies, moths, wasps, and beetles. With this being a popular way to make a living, a number of predatory and parasitic insects have also adapted to feeding on leafminers.
A	119	Living organisms are classified into groups called kingdoms. There are five kingdom classifications; Monera, Protista, Plants, Animals and Fungi. Mushrooms, mold, mildew, slimes and rusts are included within the kingdom of Fungi. Throughout history, mankind has developed useful applications for some fungi. We have incorporated fungi into our diet in the form of red wine, beer, mushrooms and blue cheese. We have extracted fungi byproducts to develop and manufacture medications such as antibiotics (Penicillin) and organ transplant anti-rejection drugs (Cyclosporine).
A	101	European white stork (Ciconia ciconia) populations have been object to several conservation measures such as reintroduction programs, habitat improvement or supplementary feeding in the last decades. Although recent white stork censuses revealed an upward trend of most of the western populations, evaluations of the relative importance of certain conservation measures are still scarce or even lacking. In our study we analyzed the effect of supplementary feeding on the reproductive success of white storks in conjunction with other factors such as weather or nest site characteristics.
A	115	With the advent of aerial warfare in the First World War, the British military started developing acoustical devices to provide early warning of incoming enemy aircraft. The first ‘sound mirror’ was erected in Maidstone in April 1915. During the 1930s, in the run-up to World War 2, a number of these enormous concrete parabolic reflectors appeared along the South coast of England and at other strategic locations. The largest of these structures could detect aircraft at a distance of 25 miles. However, the whole project was abruptly abandoned in 1938 with the invention of Radar!
A	105	Orbit: Solar Orbiter will be placed into an elliptical orbit around the sun coming as close to 26 million miles away from the star every five months -- even closer than Mercury. It will take three years to reach this orbit. When travelling at its fastest, Solar Orbiter will remain positioned over approximately the same region of the solar atmosphere as the sun rotates on its axis, allowing unprecedented observations. The inclined orbit will allow Solar Orbiter to better image the regions around the sun’s poles than ever before.
A	101	From school to extracurriculars, your kids are constantly being shuttled around. But how aware are they of the environmental impact of that transportation? Cars release an average of 9,737 pounds of greenhouse gas carbon dioxide every year, according to the Environmental Protection Agency (EPA). Public transportation like the school bus can reduce those greenhouse gas emissions by 37 million metric tons annually, but other options, like walking and biking, are even better for the environment. They’re also great exercise.
A	107	It was the valiant defense of Fort McHenry by American forces during the British attack on September 13, 1814 that inspired 35-year old, poet-lawyer Francis Scott Key to write the poem which was to become our national anthem, "The Star-Spangled Banner." The poem was written to match the meter of the English song, "To Anacreon in Heaven." In 1931 the Congress of The United States of America enacted legislation that made "The Star-Spangled Banner" the official national anthem.
A	113	Kids learn about the biography and life of explorer christopher columbus history biography geography the routes taken by columbus on his four voyages. Encuentra history of the life and voyages of christopher columbus de washington irving (isbn: 9781117215204) en amazon envíos gratis a partir de 19. Christopher columbus was born in genoa, us history for dummies, the third and fourth voyages by columbus also failed to produce the fabulous riches he had.
A	126	Exemplar ap us history the era of good feelings and jackson apush socratic seminar rubricdocx thank you so much for being part of the betterlesson. Review history all year long with mr 27-11-2017 the word history jacksonian era dbq comes from the greek word historía which the apush. 2018-7-1 chapter 13 - the rise of jacksonian democracy during the jacksonian era, apush chapter 16 immigration doc. The jackson era learning guide the jackson era analysis by phd students from stanford, harvard, berkeley.
A	123	We have learnt how electrons involve in stabilisation of an atom. The number of protons in the nucleus is known as the atomic/proton number of the particular element. It is the proton/atomic number (Z) that determines the number of electrons, specific electron structure and the specific identity of an element in terms of its physical and chemical properties. Has there been any way to express the number of protons in an atom? Protons and neutrons are also known as the nucleons.On the basis of atomic number and mass number, elements can be classified as isotopes, isobars and isotones.
A	100	If you are looking for conversation questions or conversations starters for native speakers of english instead of esl students you can check out this page of 250 conversation starter questions or this page of topic based conversation questions. English speaking and conversation level: intermediate this innovative series of worksheets is designed to get students talking about a variety of topics. Giving an oral presentation as part of a speaking exam can be quite scary, but we're here to help you watch two students giving presentations and then read the tips carefully.
A	119	The constitution was not ratified by all states until may 29, 1790, when rhode island finally approved the document, and the bill of rights was. A deadline extension to june 1982, was not ratified by the requisite majority of 38 states it would have become the 27th amendment to the constitution. How should a federal constitution differ from a state constitution although it too was not ratified as part of the bill of rights, it has since become the 27th. Your browser does not currently recognize any of the video formats a proposed amendment to the constitution must first be passed by.
A	127	Dictatorships have dominated global politics for hundreds of years, from the pharaohs of Egypt to the absolute monarchs of Europe. Though democracy has since spread to much of the world, about a third of today’s countries are still ruled by dictatorship. And yet, compared to democracies, we know very little about how dictatorships work, who the key political actors are, and where decision-making powers lie. Political processes are opaque, and information is often intentionally distorted. Political survival depends not on maintaining the favor of voters, as in democracies, but on securing the backing of a considerably smaller coalition of supporters.
A	101	So soon as Galileo had completed his elementary education, he was sent to a monastery to receive a thorough literary education at the hands of the monks. He came very near accepting holy orders himself, but his father had other plans for him. His first intention had been to apprentice Galileo to the wool-merchant business, so that he might be of financial assistance to the family. But as Galileo showed exceptional talents, his father decided that the youth should go to the University and study Medicine.
A	116	Arduino is an open-source prototyping platform based on easy-to-use hardware and software. Arduino boards are able to read inputs – light on a sensor, a finger on a button, or a Twitter message – and turn it into an output – activating a motor, turning on an LED, publishing something online. You can tell your board what to do by sending a set of instructions to the microcontroller on the board. To do so you use the Arduino programming language (based on Wiring), and the Arduino Software (IDE), based on Processing.
A	120	Frederick Douglass (born Frederick Augustus Washington Bailey, c. February 1818 – February 20, 1895) was an African-American social reformer, orator, writer and statesman. After escaping from slavery, he became a leader of the abolitionist movement, gaining note for his dazzling oratory and incisive antislavery writing. He stood as a living counter-example to slaveholders’ arguments that slaves did not have the intellectual capacity to function as independent American citizens. Many Northerners also found it hard to believe that such a great orator had been a slave.
A	109	Adult dragonflies typically hold a small territory, which is vigorously defended during breeding. Aggression can be increased when there is an imbalance between the numbers of each sex (6). During mating, the male dragonfly holds the female by the head with a pair of claspers on the end of the abdomen. The male may make an attempt to remove any sperm stored by the female from previous mates, and will often try to guard the female from other males during egg laying, to ensure that the eggs are fertilised by his sperm (6).
A	112	Maltase, enzyme that catalyzes the hydrolysis of the disaccharide maltose to the simple sugar glucose. The enzyme is found in plants, bacteria, and yeast; in humans and other vertebrates it is thought to be synthesized by cells of the mucous membrane lining the intestinal wall. During digestion, starch is partially transformed into maltose by the pancreatic or salivary enzymes called amylases; maltase secreted by the intestine then converts maltose into glucose. The glucose so produced is either utilized by the body or stored in the liver as glycogen (animal starch).
A	122	Industrial conveyor belts carry many different kinds of objects from one area of a manufacturing facility to another, including raw materials, parts, finished products, packaging, bottles and pallets or boxes of goods. It is especially important that industrial belts be strong, durable and resistant to the facility's environmental conditions, whether those conditions involve moisture, chemicals, oil or extreme temperatures. Most are fabricated to handle a high pressure and resist abrasion. All conveyor belts must be flexible enough for continuous operation around a series of rollers. Some are fabricated as one piece and are usually made of a bendable rubber or plastic material.
A	120	The coast near Kilwa Kisiwani has been inhabited for several thousand years, and artefacts from the late and middle Stone Ages have been found on the island. Although the first settlements in the area date to around AD 800, Kilwa remained a relatively undistinguished place until the early 13th century. At this time, trade links developed with Sofala, 1500km to the south in present-day Mozambique. Kilwa came to control Sofala and to dominate its lucrative gold trade, and before long it had become the most powerful trade centre along the Swahili coast.
A	130	Everyone agrees that lobster is delicious — from freshly steamed lobster with melted butter to traditional New England style lobster rolls. Lobster is now seen as a delicacy across the country, but it took a long time for this delectable crustacean to make its way to your dinner plate. And, while you may have mastered the best way to crack open a lobster claw, you may not know very much about the fascinating anatomy of lobsters or what they do all day at the bottom of the ocean. For some seafood enlightenment, we have compiled 22 interesting facts about the anatomy, lifestyle and history of lobsters.
A	128	There is so much to learn and so many skills to develop from this project. You can work with a group or on your own. Choose one of the topics from the What Can We Learn From The Data lesson, Unit 2 Activity 5. If there is another topic you are very interested in, let Mr. H know. The topic should be based on a pressing global issue. Research this topic further and make your own iMovie documentary. There must be an emphasis on statistics. You can interview your peers and teachers on campus. Watch some documentaries on Netflix or YouTube to get an idea of the elements that a quality documentary consists of.
A	116	Definition, usage and a list of comparison examples in common speech and literature comparison is a rhetorical or literary device in which a writer compares or. What is the definition of compare and contrast save cancel already exists would you like to what is the best definition for a compare and contrast essay. What are compare and contrast essays definition & introduction “a compare and contrast essay is a piece of writing that shows likeness and differences among. Comparison and contrast essay is one of the most common assignments in american high schools and universities in this type of essay students have to compare two (in.
A	116	Constitution of the united states we the people of the united states, in order to form a more perfect union, establish justice, insure domestic. Research within librarian-selected research topics on us constitutional history and issues from the questia online library, including full-text online books, academic journals, magazines, newspapers and more. Us constitution essays in 1787, a few years after america broke away from england, the constitution we use today was made before that, starting in 1777, the states operated under a government they called the articles of confederation.
A	128	Projection refers to the unconscious transference of psychic contents onto an external object, person, or situation. C.G. Jung (1921/1971) suggested that projection “results from the archaic identity of subject and object” (CW6, para. 783). Although, the term did not originate with Jung—Sigmund Freud coined the term—projection and its attendant phenomena would become a foundational concept of Jung’s psychology. The principal difference between Jung’s understanding of projection and Freud’s is one of degree rather than kind. Jung proposed that the unconscious is constantly projecting its contents onto external phenomena.
A	115	This lesson covers the process of photosynthesis and the related plant cell functions of transpiration and cellular respiration students learn how engineers can view the natural process of photosynthesis as an exemplary model of a complex, yet efficient, process for converting solar energy to chemical energy or distributing water throughout a system. Lesson 9- why are forests considered the lungs of the earth overview of the role of water, sunlight, carbon dioxide, and sugar in photosynthesis discussion on why plants are important to the environment. Photosynthesis lesson and worksheet - plants lesson - plants worksheet - science lessons.
A	103	This Babylonian clay tablet, drawn around 1,500 B.C. and measuring 18 x 21 cm, is incised with a plan of Nippur, the religious center of the Sumerians in Babylonia during this period. The tablet marks the principal temple of Enlil in its enclosure on the right edge, along with store-houses, a park and another enclosure, the river Euphrates, a canal to one side of the city, and another canal running through the center.
A	106	States of matter section 4 key ideas 〉what are some properties of gases 〉how can you predict the effects of pressure, temperature, and volume. Gas - behaviour and properties: the reason is that ordinarily only statistical averages are observed in the study of the behaviour and properties of gases,. Van der waals equation the behavior of real gases usually agrees with the predictions of the ideal gas equation to within 5% at normal temperatures and pressures at low temperatures or high pressures, real gases deviate significantly from ideal gas behavior.
A	100	This section is a pre-reading activity to prep students for the Whitman reading of "I Hear America Singing." I pose the question to the class, "Why do people work?" We brainstorm a few reasons why. The most common thing students say is "To buy stuff." I want students to come to the conclusion that people work for more than just material things---also for self-esteem and a sense of worth. Sometimes, it takes some prompting; other times it doesn't.
A	124	These classes are abstract classes that the servlet container is responsible for implementing. The ServletInputStream class extends from the abstract java.io.InputStream class. This is the base class for input streams of bytes, and extending from it allows us to construct any necessary input reader objects that take the InputStream class in the constructor. This allows us much greater flexibility in terms of the data that we can read in from the client. We can read any data that we can read from an InputStream. We can use the java.io.ObjectInputStream to read in Java serialized objects from a Java applet or application client.
A	124	Elm trees (Ulmus spp.) make handsome shade trees with dark, furrowed or mottled bark, reddish flowers, spreading canopies and lush, deep-green leaves that turn golden-yellow in fall. Commonly grown species include the American elm (Ulmus americana) and the Chinese elm (Ulmus parvifolia), trees winter hardy in U.S. Department of Agriculture plant hardiness zones 3 through 9 and 4 through 9, respectively. Several elm tree pests carry disease pathogens, but using pesticides can help control the insects and prevent health problems.
A	129	A refugee is someone who fears persecution while living in his or her home country, due to race, religion, nationality, or belonging to a particular social/political group, and seeks the protection of another country (Hodes, 2000). It is estimated that there is 19.2 million refugees world wide in which half of these are children (Ehntholt & Yule, 2006). Refugees have an increased risk to develop psychopathologies such as Post Traumatic Stress Disorder and Conduct Disorder, due to traumatic exposure from war and leaving their home country (O’Shea, Hodes, Down, & Bramley, 2000).
A	115	The monarch butterfly has gained national attention, due to a substantial decline in its population since the mid-1990’s. Over 80% of the monarch population has disappeared over the past two decades which is largely attributed to habitat loss. Simular to birds, the monarch butterfly has a two-way migration path and overwinters in the southern United States and Mexico. Coastal California and Mexico have seen increased development and deforestation causing monarch habitat loss. Also, across the United States, the use of herbicides and pesticides have negatively impacted the monarch butterfly and its habitat.
A	123	Two very common steps for a data analyst are to subset data or to aggregate data. When you write code that subsets data, you instruct the computer to pick out a portion of the data and work with that smaller set. For example if you have data on law firm mergers, you might want to isolate the mergers in a single state or for a particular year. You would subset the larger data collection so that only the particular state or year would be worked on thereafter. Or you might want to isolate the states of a particular region. In all these instances, you would need the work-horse of programming: subset.
A	113	This section that I am currently working through is all about how the internet works. The internet is kinda weird. Or at least is in my opinion. It is this vast multi tool that we use every day and most of the time and most of us, at least at a rudimentary level very vaguely know how it works. Throughout these past post we I have been working through ruby and how to built usable tools with it to accomplish a task, but up until this point all locally. But how does all that work in unison with the “internet”?
A	110	In 2013, new digital imaging technology allowed scientists from the University of Southampton to more closely study the Hoa Hakananai'a statue in London’s British Museum. Taken to England in 1868, the 4.5-ton stone statue’s block face and furrowed brow exemplify the even more massive moai scattered around Easter Island, or Rapa Nui. What distinguishes Hoa Hakananai’a, however, are carvings on its backside that depict the island’s mysterious birdman cult.
A	129	The story of Jonah has been viewed and interpreted in three primary different ways by various scholars, which has consisted of allegory, parable and history (Bullock, 52). While most lay Christians tend to view it literally, it is important that we take a closer look at the other two positions, if only to further strengthen the literal view which I feel is crucial to biblical truth as a whole. There are arguments about when Jonah was written, but my position is that it was probably written in the eight century B.C., but most certainly long before the destruction of Nineveh in the seventh century (612 B.C.).
A	104	The three fundamental divisions of Lebanon; a western Mount Lebanon rising to 3083m, a central Bekaa Valley and an eastern Jebel Lubnan al Sharqi or Anti-Lebanon Range1 with Mount Hermon at 2814 m should be known by every student. It is worth remembering that the Bekaa is almost everywhere above 850m in altitude and that this is as high as some of the highest mountains of many countries. One other feature should mentioned at this point because it is frequently overlooked.
A	112	To begin, what an Article V Convention of the States is not: it is not a redrafting of the existing Constitution. It is a process for the States to convene to propose and debate individual changes or additions to the existing Constitution; it is not subject to the approval of Congress. The allowance for the States themselves to call for an Amendment to the Constitution was specifically meant as a curb against the federal governments abuse of power, a way for the States to preserve their Constitutionally guaranteed authorities and rights to conduct their own domestic affairs as they deemed best.
A	118	Political, social and economic grievances in early twentieth- century russia what was happening during this time social/ economic outcomes: p51 selects and organises relevant historical information from a variety of sources p42 evaluates sources for their usefulness and reliability life for the peasants and worked. The end of the tsarist regime the conservatism of the tsar during the industrialisation of europe meant that the russian economy was left behind and this led to decreased working conditions and a dysfunctional society the autocracy failed to place a significant investment into the industrialisation of russia the industrial.
A	118	Lake muds are composed of the organic remains of plants which grew under water in lake or pond systems. Radiocarbon determinations from this type of environment must be analysed with care because of the variable sources of carbon available to the plants which form the gyttja. Sources of carbon include; bicarbonate in the water, dissolved CO2 from the atmosphere, dissolved bicarbonate from limestone and other weathered rocks, old or young organic carbon from humus within the vicinity. These 'inputs' to the lake system may make radiocarbon dates of lake muds problematic.
A	105	Slavery: cause and catalyst of the civil war us department of the interior national park service and was ultimately one of the primary catalysts for war. More from wes about the causes of the civil war what led to the outbreak of the bloodiest conflict in the history of north america a common explanation is that the civil war was fought over the moral issue of slavery. Poll: americans divided over whether slavery was the civil war say schools should not teach students that slavery was the primary cause of the civil war.
A	121	Teacher Tip: This lesson is an introduction to matter. Some students have, or at least should have been exposed to the basics of matter in elementary school. This is not always the case, which is why I start the unit with the very basics. If the children have been exposed, then this lesson serves as a way to extract prior knowledge from them and get them thinking about the topic again. NGSS Standard, MS-PS1-1 involves the students creating models of matter. This happens later within this unit, but each of the lessons leads up to the culminating act of creating models.
A	128	Greenland's mass balance is estimated by the Gravity Recovery and Climate Experiment (GRACE) satellite, which measures shifts in Earth’s gravity field. The GRACE data offers a complete picture of the entire ice sheet. Figure 1 shows the ice mass changes in Greenland from April 2002 to February 2009. The blue line and crosses show monthly values of ice mass. The red crosses have seasonal variability removed. The green line is the best fitting quadratic trend. The best fitting trend finds that Greenland ice loss is accelerating at a rate of 30 Gigatons/yr. Greenland's mass loss doubled over the nine-year period.
A	102	Although growth and development are natural processes, the tempo of the maturation process can vary greatly: “A child with a chronological age of 12 years may possess a biological age between nine and fifteen years” (Borms, 1986, p. 5). The biological differences between a 9-year-old and a 15-year-old are huge, and yet in spite of these biological differences, athletes of the same chronological age are often trained the same way at every age and participate in age group competitions.
A	110	In September 1962, the National Farm Workers Association (NFWA) held its first convention in Fresno, California, initiating a multiracial movement that would result in the creation of United Farm Workers (UFW) and the first contracts for farm workers in the state of California. Led by Cesar Chavez, the union contributed a number of innovations to the art of social protest, including the most successful consumer boycott in the history of the United States. Chavez welcomed contributions from numerous ethnic and racial groups, men and women, young and old.
A	118	If you have gums that are inflamed, red, irritated, and bleed easily, you are suffering from gingivitis. Inflammation of your gum tissue can arise if you build up plaque on your teeth and do not remove it effectively when brushing, flossing and using mouthwash. It can also arise from other health problems and from too much mouth breathing or a poor diet. Gingivitis is typically treatable with good oral hygiene. However, if left unchecked it can progress to become periodontitis, a more serious condition affecting your bone around the teeth.
A	123	Arcs of electricity crawl over the Z Machine at Sandia National Laboratories in Albuquerque like an energetic spiderweb. Astronomers and physicists from McDonald Observatory and Sandia are using the machine, which was designed to study nuclear weapons, to simulate the atmospheres of white dwarf stars. The machine collects electricity from a standard power grid, compresses it, then stores it. It discharges that power in a burst that lasts less than 100 billionths of a second. The discharge zaps gases like those found in white dwarfs, briefly reproducing conditions on the surfaces of these hot, "dead" stars.
A	130	Much of defining "interesting" will have to be contingent on individual choice. What you might find interesting will differ from another person's viewpoint. This would mean that it is essential for you to gauge your own level of interest from research. One thing that I found interesting was the battle leaders on each side. Andrew Jackson led the Americans against the Native American Creek tribe, who were inspired by Tecumseh. Jackson, essentially, wanted to clear out the Native Americans living in what could now be seen as Alabama and thus, engaged in conflict. I found it interesting that Jackson had actually had some Creek Native Americans on his side, as well.
A	122	Describing the climate of Ventura County is not easy. With an area of almost 18,000 square miles (about the same as the entire state of Connecticut) there's plenty of room for different climates. Although botanist David Magney has described 51 different biological regions within the county, it's easier to think of Ventura County as being made up of five general regions: the Cuyama badlands, the Western Traverse Ranges, the Santa Monica & Santa Susana Mountains, the Channel Islands, and the Coastal Plain & Valleys. Each of these regions has a different climate.
A	120	The Moche (or Mochica) were a civilisation who occupied the northern Peruvian coast between modern-day Lambayeque and Virú and influenced an area that ranged from Huarmey to Piura in the north. They were a collection of peoples with a similar culture and had no central political authority on a grand scale, i.e. they never formed an empire. Primarily farmers and fishers they built irrigation systems to create fertile areas in the desert and created rafts known as the to fish from. But by far their most important legacy was one of art.
A	129	The drag coefficient is a common measure in automotive design as it pertains to aerodynamics. Drag is a force that acts parallel and in the same direction as the airflow. The drag coefficient of an automobile impacts the way the automobile passes through the surrounding air. When automobile companies design a new vehicle they take into consideration the automobile drag coefficient in addition to the other performance characteristics. Aerodynamic drag increases with the square of speed; therefore it becomes critically important at higher speeds. Reducing the drag coefficient in an automobile improves the performance of the vehicle as it pertains to speed and fuel efficiency. There are many different ways to reduce the drag of a vehicle.
A	118	Periodontal treatment is required when these structures are adversely affected by disease. Keeping your teeth can be directly related to how well you maintain them, and what kind of restorative work can be done to save damaged teeth. Aside from the desire to keep your mouth healthy on its own merit, a healthy mouth will appear much more attractive. When periodontal disease sets in, gum tissue becomes inflamed and can recede away from the teeth. If the disease is able to progress then tooth supporting bone structures can be damaged and lost causing teeth to loosen, shift or even fall out entirely.
A	120	Chinese Art Different forms of art have been influenced by great philosophers, teachers, religious figures and even political leaders. Early forms of art in China were made from pottery and jade in the Neolithic period, to which bronze was added in the Shang Dynasty. The Shang are most remembered for their bronze casting, noted for its clarity of detail. Fragments of pottery vessels dating from around the year 9000 BC found at the Xianrendong (Spirit Cave) site, Wannian County, in the province of Jiangxi represent some of the earliest known Chinese ceramics.
A	109	We begin by showing an example of an acrostic. They realize immediately what they're about to do and get SO excited because they've all done it before with their own names. So, getting the format in their heads, I then begin to show them the way they've done it before. Again, they are so excited I feel like I'm getting ready to tell them Christmas is cancelled!! But we press on and I show them (with all my enthusiasm) the way I want them to do it for Snowflake Bentley.
A	110	In the late 1800s, Hennepin County was home to a population of African Americans who had moved north to find opportunity after the Civil War, along with those who had escaped slavery via the Underground Railroad. While many traveled north to Canada, some remained in Minnesota. Ellen and Beverly Yancey were a couple that settled in Edina and began developing close ties to the community, becoming involved in local politics and the church. Mae, one of their children, later studied at the University of Minnesota and played organ for the Episcopal congregation.
A	130	In this video we learn how to understand the Rule of Vertically Opposite Angles. This says that when two straight lines cross it produces vertically crossed lines that must have congruent angles. Because the lines are straight this has to happen. Remembering the rule "supplementary" you will be able to calculate the angle of A and B in the equation. Prove what each of the angles are using the different rules and then move onto the other two angles. Angle C can be figured out by knowing that it's equal to angle B with the vertically opposite rule. Once you understand these rules, you will be able to figure out these equations!
A	130	The Sinyavino Offensive of 1942 was an operation planned by the Soviet Union with the aim of breaking the German blockade and establish a reliable supply line to Leningrad which was under siege from Germans and Finns for almost a year by then. At the same time, German forces were planning Operation Northern Light (German: Nordlicht) to capture the city and link up with Finnish forces. It was a Stalemate between September 10th–20th, but ended in a draw between the opposing forces. The Soviet Union had tried throughout 1942 to lift the siege, it would eventualy fail to do it at this time.
A	100	As the climate gets warmer, the level of ozone close to the ground is increasing at the fastest pace in Central and Southern Europe. The number of human deaths it causes is rising quickest in Belgium, France, Spain and Portugal. By the middle of this century, 10–14 per cent more people than now will die because of ozone, as concluded by a group of scientists, amongst them Hans Orru, an expert on air pollution at the Universities of Tartu and Umeå.
A	105	Corn was born American: It was not introduced in Europe until the late 15th and early 16th centuries, after European explorers to the New World were able to transport the grain back to their home countries. It was not widely grown in Asiatic countries, in fact, until the 18th century. Corn continues to be American: It is currently the most widely grown crop in the Americas with 332 million metric tons grown annually in the United States alone, or 42.5% of the entire world’s harvest.
A	115	The Phoebe ring was first discovered in 2009 by astrophysicist Douglas Hamilton using infrared images from NASA’s Spitzer Space Telescope. It was the strange coloring of one of Saturn’s moons Iapetus that led scientists to look for the previously invisible ring. Iapetus has an icy surface that’s white on one side but black on the other. It’s like no other moon in the solar system, and scientists believed it was because Iapetus was pushing through dark but unseen particles, a theory that ultimately led them to Phoebe.
A	110	In the early 1990s, the solidity of Asian origins was forever challenged. Already, in 1974, the vast tomb of China’s first emperor had been unearthed, featuring an entire army of terracotta soldiers individually carved and ornamented as if poised to follow the emperor into the afterlife. While the terracotta soldiers merely affirmed Chinese assumptions about their own origins, another discovery dating back to the first years of the 20th century, and eventually rediscovered nearly 100 years later, would prove damaging to the Chinese worldview.
A	127	Infants benefit emotionally and physically from frequent contact, such as holding and cuddling. In addition to the baby's sense of security and self-esteem, these activities also help to develop his sense of touch. Other physical activities that can stimulate an infant's learning are rocking, swaying or swinging, which help develop his sense of balance and movement. Infants can also learn from the feel of certain materials and substances on their skin, such as drops of water, a cotton ball or a sponge. Babies find the feel of different textures engrossing and prefer a firm and gentle touch when the items caress their skin.
A	112	Black History Month is officially celebrated in the month of February. However, throughout history, in every month, generations of African Americans struggled with adversity to achieve full citizenship in American society. The credible resources on this page will help teachers and students learn more about this rich history. Decades of not treating people with equality and respect spawned the civil rights movement. The Civil War ended in 1865. Yet it took black Americans many decades and a long difficult fight to get what Abraham Lincoln had intended them to have: equality. Learn more with the informational texts referenced.
A	108	Fossils dating from before the Pleistocene glaciations show that species of Laurus were formerly distributed more widely around the Mediterranean and North Africa, when the climate was more humid and mild than at present. It is currently thought that the drying of the Mediterranean basin during the glaciations caused Laurus to retreat to the mildest climate refuges, including southern Spain, Portugal and the Macaronesian islands. With the end of the last glacial period, L. nobilis recovered some of its former range around the Mediterranean.
A	126	Here the character Jack Cade, the leader of a rebellion against the king, is speaking. This is a simile: a comparison using “like” or “as.” In this example the character is comparing doornails and whoever he is speaking to. Doornails used to be hammered into doors in a way that would make them unusable for anything else. They were hammered in and then the other side was bent with the hammer so that they could not be taken out easily. Not only could you not use them in a new door, you probably couldn’t take them out of the original door either.
A	124	A horsepower is about 745 watts. James Watt, trying to market his steam engines, needed a way to explain to potential buyers how much work his engines could do. He measured the work a horse could do in a given length of time, and then did the calculations so he could explain his machines in terms of how many horses one could replace. In 1993 RD Stevenson of the University of Masschusetts published a Letter in Nature (364, 195, 17 July 1993) in which he reported that under modern testing conditions, Watt's calculation was about right when compared to a horse's sustained output.
A	119	Imagery is language which appeals to the five senses. It doesn't have to appeal to all five at once, but it should be descriptive of a person, place, or object. For example, a paragraph about the colors of a sunset would be primarily visual imagery. A description of a summer day in the desert might focus on tactile imagery- the physical feeling of what's around you. By appealing to all five senses, an author makes his/her work come alive for the reader. It can also help connect an idea to everyday life, or allude to common human experiences.
A	128	Schizophrenia is a severe mental illness that affects about 1 percent of the population. However, it tends to run in families so someone with a parent or sibling with schizophrenia is more likely to develop the disorder. Symptoms can include hearing and seeing things that other people do not see and hear. They can be paranoid that others are reading their minds or controlling their thoughts or are out to cause them harm. They may isolate themselves from others and can appear well until they begin to talk about their thoughts. A person may have a flat affect, meaning that they do not show facial expressions and tend to talk in a dull, monotonous voice.
A	130	If one is looking for its actual definition then it is as below -- Encapsulation : Process of grouping related elements in single unit. Abstraction : A concept or mechanism in which we hid the complex architecture of entity and So, essential elements to use. Example: A Vehical is class. It attributes (Engine,Tyre, Fuel etc.) and it's functions or behavior (Move forth/back, turn let/Right) are grouped in single unit, Which is Encapsulation. Providing only essential reference to class i.e. Steering, break, clutch, accelerator to use the Vehicle or Class is Abstraction.
A	126	The cattle industry in Florida began soon after the nation’s oldest city, Saint Augustine, was established in 1565. Spaniards imported livestock to meet the needs of the small but critical colony. By the dawn of the 18th century, Spanish, African, and Native American cattlemen worked cows on the vast wet prairies and scrublands found throughout northern and central Florida. La Chula, the largest ranch in Spanish Florida, boasted thousands of head of cattle in the late 1600s. Seminole migrants took up cattle herding in northern Florida following the destruction of the Spanish mission system in the early 1700s.
A	113	In January 1948 India referred the Kashmir dispute to the United Nations (Rahman 1996: 15–19). Prime Minister Nehru took the dispute with Pakistan over Kashmir beyond local and national boundaries by bringing it before the UN Security Council, and seeking a ratification of India’s “legal” claims over Kashmir. The UN reinforced Nehru’s pledge of holding a plebiscite in Kashmir, and in 1948 the Security Council established the United Nations Commission for India and Pakistan (UNCIP) to play the role of mediator in the Kashmir issue.
A	120	Sirius B is not a normal star; its spectrum and luminosity indicates that it is hot, but extremely small. The reason is that the spectrum contains pressure-broadened hydrogen lines, implying a surface environment with a higher density than what a normal star would have. Assuming the spectrum of Sirius B being a blackbody and using the well-established distance to Sirius, we think that from its luminosity, Sirius B’s radius is only about 5,800 km. According to Kepler’s law, we can infer that the mass of Sirius B is about 1.03 M.
A	115	Children and young people are natural innovators. They are also acutely aware and deeply concerned about the challenges facing their communities. Nurturing their creativity and critical thinking is key to helping them develop their potential to address these problems. Similarly, expanding access to quality education equips them with concrete knowledge and skills in disciplines like science and engineering, which are in demand in this technologically driven world. It’s especially important that the children whom society has kept at a disadvantage – because of gender, disability, ethnic minority status or poverty – have equal opportunities to learn and participate.
A	117	The Algebra course is comprised of a brief introductory unit to refresh students of pre-algebraic concepts before reviewing nine major algebraic topics: solving, graphing, and writing equations; solving systems of equations; solving inequalities; writing and graphing functions; exponential and monomial expressions; polynomials; and quadratic equations. The refresher portion of the class will remind students how to manipulate integers and absolute value, simplifying expressions using order of operations, and evaluating algebraic expressions. Our first unit, solving equations, will cover solving multi-step equations, including those with fractions and variables on both sides.
A	101	Operation Breakfast was a secret campaign proposed by Henry Kissinger, President Richard M. Nixon's assistant for National Security Affairs. Kissinger convinced the president that he should begin a bombing campaign in Cambodia where Vietcong and North Vietnamese had established logistical bases. The secret campaign spurred the Vietnamese to move deeper into Cambodia, which caused U.S. bombing to move farther into the country's interior as well. As in Laos, the U.S. dropped a huge number of bombs on civilian areas.
A	105	Sensitivity is the measure of the loudspeaker's ability to convert electrical power into sound energy. It is quoted by the resulting SPL in dB in a distance of 1 meter then the speaker is powered by 1 watt. Typically it is measured with a test tone of 1kHz. Normally the measurement microphone is placed one meter away from the loudspeaker to measure the sound output. For larger systems the measurement will be made in a larger distance and the result is re-calculated for 1 meter.
A	100	In this dialogue, the children address a problem which takes many forms and to which there is no clear answer in the modern world. They also inform each other of the reasons which brought them to the Czech Republic. Often it was a very complicated family situation or even a tragedy which brought Suong, Jami and Olga to the richer parts of the world. In the dialogue we learn the children’s individual stories, and the text below offers a somewhat more general picture of the phenomenon of migration.
A	130	There is growing concern about the threats facing many pollinator populations. Emergent diseases are one of the major threats to biodiversity and a microsporidian parasite, Nosema ceranae, has recently jumped host from the Asian to the Western honeybee, spreading rapidly worldwide, and contributing to dramatic colony losses. Bumblebees are ecologically and economically important pollinators of conservation concern, which are likely exposed to N. ceranae by sharing flowers with honeybees. Whilst a further intergeneric jump by N. ceranae to infect bumblebees would be potentially serious, its capacity to do this is unknown.
A	111	That, at least, is the finding of University of Colorado professor Pamela Diggle, who examined the two "offspring" found inside fertilized seeds of corn. The first offspring is the embryo, while the second is tissue known as endosperm, which is meant to serve as a source of nutrients for the growing embryo, even at the cost of its own existence. Assuming the endosperm isn't fully absorbed by the embryo during the reproductive process, it often becomes the fruit or other parts of the plant that we humans end up consuming.
A	121	Largely desert with some limited potential for urban and sedentary life in the northwest and northeast, Libya has historically never been heavily populated or a power centre. Like that of its neighbour Algeria, Libya’s very name is a neologism, created by the conquering Italians early in the 20th century. Also like that of Algeria, much of Libya’s earlier history—not only in the Islamic period but even before—reveals that both Tripolitania and Cyrenaica were more closely linked with neighbouring territories Tunisia and Egypt, respectively, than with each other.
A	124	Repeated reading can be used in a variety of formats, from whole-class to peer-tutor formats. The peer-tutor model has shown to be both flexible and successful, making it the preferred method, according to a study published in Intervention in School and Clinic. These sessions should be conducted three to five times per week for at least 10 to 20 minutes per session. Within this model, students should read aloud to the tutor, while the tutor provides appropriate feedback to help the student address fluency needs. If the child hesitates on a word for three seconds, the tutor should provide the word.
A	125	A mutation is any change in the DNA sequence of an organism. They can occur for many reasons, including errors during DNA replication. Mutations can also be caused by external factors, such as radiation, carcinogens, drugs, or even some viruses. It is important to understand that not all mutations cause a change in an organism. If a mutation occurs away from the protein-coding sequence and the DNA sequences that regulate its expression, it is unlikely that the change will be harmful to the organism. On occasion, the changes that occur because of mutations can be helpful and will provide an advantage to the offspring that inherit that change.
A	114	India sees 800,000 newborns die each year, but 58,000 of those deaths were particularly noteworthy—and alarming—last year. Those infants died of antibiotic-resistant bacterial infections, according to a recent study cited by the New York Times, which reports the evidence is mounting that a sizable amount of the bacteria living in everything from India's water to its soil to its sewage can't be defeated with almost any antibiotic. But the wave of newborns being born with these infections may indicate that these bacteria are also living in pregnant women's bodies, neonatologists believe.
A	116	In the age of sail persons falling or being washed overboard was common and chances of safe recovery were slim. Crew men were lost when working on decks washed over by heavy seas or when handling sail aloft in which case they might be killed outright. Occasionally the Master as well as passengers and animals where lost overboard. Steamships were safer with decks higher above sea level. Recover would depend on the state of the weather and the alertness and skill of the watch on deck. Bad weather would preclude launching a small boat. At the cry of 'Man Overboard!
A	122	The Southern Ocean has cooled to?1.8C over the past 30 million years, and the seawater had retained cold temperature and isolated oceanic environment by Antarctic Circumpolar Current (ACC). Notothenioids dominate Antarctic fish, making up 90% biomass and all notothenioids have undergone molecular and ecological diversification to survive in this cold environment. Therefore, they are considered an attractive Antarctic fish model for evolutionary and ancestral genomic studies. Bathydraconidae is a speciose family of the Notothenioidei, the dominant taxonomic component of Antarctic teleosts.
A	118	The breed derives its name from the place that served as its cradle. Le Perche is an old province about 53 by 66 miles located some 50 miles southwest of Paris. It bordered Normandy on the northeast and the Beauce country, known as the granary of France, on the east. It is a gently rolling, well-watered and fertile place with a benign climate, pre-eminently suited to the raising of livestock. It was, thus, ideally situated to capitalize on trade opportunities as they arose following the middle ages and well into the modern era.
A	120	In 1965 Arno Penzias and Robert Wilson detected the cosmic microwave background radiation (CMB). More than 13 billion years ago this radiation was imprinted on the sky, only a few 100,000 years after the Big Bang. In 1992 the COBE satellite detected anisotropies in the temperature of the CMB radiation. Meanwhile these temperature fluctuations are measured with very high precision by satellites (WMAP, Planck) as well as many ground based observations. The measured temperature fluctuations tell us that shortly after the Big Bang the Universe was almost homogeneous with tiny density fluctuations of the order of 10-5.
A	117	This monument was erected at Bronnaya Gora, near Baranovichi, about halfway along the railroad line between Brest and Minsk in Belarus. It is an early post-Soviet monument, which is why the plaque is in Belarusan and admits the fact that the victims buried at the site were "primarily of Jewish nationality." In Soviet times, the plaque would have been in Russian (the required lingua franca of the Soviet Union) and it would have been silent about the Jewish ethnicity of the victims, instead referring to them only as Soviet civilians.
A	127	The calendar we use today to track days, months and years is loosely based on the Sun and Earth's position relative to the Sun. I use the term "loosely based" because if it were truly based on the Sun then the new year would be celebrated at the moment of an Solstice (the point where either the Norther or Southern Hemisphere is maximally exposed to the Sun) or Equinox (the point in time where the North and South Hemispheres are equally exposed). Indeed we do recognize these periods in time, they are the first days of Winter, Summer, Spring and Autumn.
A	100	Digraph Roll-a-Word is played in a game format. The students take turns rolling the dice and arranging the cubes so that the onset cube is to the left of the rime cube. The student then blends the onset and rime and says the word. Then, the student writes the word under the appropriate onset column. Underline real words and put an “X” through nonsense words. Continue until all possible words are made. Point to and read the real words in each column.
A	122	A young Scotsman engaged in the fur trade out of Montreal, Mackenzie made his epic journey across the continent without any of the governmental financial backing and support given to Meriwether Lewis and William Clark. In 1787, he was assigned to the British North West Company’s fur trading post in what is now northern Alberta. Two years later, he led a small expedition north to the Great Slave Lake where he discovered the westward flowing river that now bears his name. To Mackenzie’s disappointment, he discovered that the river soon turned north and led to the Arctic Ocean rather than the Pacific.
A	112	On August 27, two days after forming, the storm reached hurricane status and headed straight for the Caribbean Sea. The small island of Dominica and its capital city, Roseau, took an extremely hard hit on August 29. Winds with speeds of up to 150 miles per hour devastated the island. Thirty-seven people died and 60,000 lost their homes, nearly 75 percent of the entire population. The banana and citrus crops, essential to the island’s economy, were wiped out. It was the worst storm to hit the island to that time.
A	114	A popular learning center for early childhood classrooms is a housekeeping center. To create a housekeeping center, a teacher sets aside a certain area in the classroom to create a setting that may resemble students' home environment. The area is filled with familiar materials, furniture, and tools. Objects that are not so easily recognized may also be included. The students are given the opportunity to work in small groups in the space to learn to manipulate and properly use all of these tools. They will often use a trial-and-error method to complete their task until they are successful.
A	127	In August 2014, US students submitted proposals for projects which would use two weeks of data collected by Ardusat satellites. The 15 winning teams, selected by astronauts at the Association of Space Explorers, range from middle- and high-school classes to Boy Scout troops and after-school science clubs. Ardusat then sent the winners Space Kits, which contain a range of sensors, including a magnetometer, accelerometer and infrared light sensor. Students wrote experiment code for these Arduino sensors, which are the same as those on Ardusat’s satellites, to measure the data needed for their experiments.
A	126	Brown dwarfs are born of the same dense, dusty clouds that spawn stars and planets. But while they may share the same galactic nursery, brown dwarfs are often called "failed" stars because they lack the mass of their hotter, brighter stellar siblings. Without that mass, the gas at their core does not get hot enough to trigger the nuclear fusion that burns hydrogen -- the main component of these molecular clouds -- into helium. Unable to ignite as stars, brown dwarfs end up as cooler, less luminous objects that are more difficult to detect -- a challenge that was overcome in this case by Spitzer's heat-sensitive infrared vision.
A	125	For quite some time, the United States has been on a steady decline when it comes to education and where is ranks in the world. In a recent ranking of cognitive skills in students and education attained, the U.S. ranked 14 in the world. The achievement gap in the U.S. is helping to bring that world ranking down. The achievement gap is a measure that indicates disparity in education between certain groups. Those groups are usually broken up by race, or socioeconomic status. Because there is such disparity in the U.S., especially when it comes to economic status, the rankings that show the U.S.
A	128	Racism…the belief that a particular race is superior to others; discrimination or prejudice based on race. Racism has been around for a long time and its effects have been seen a lot in the past few centuries: during the 1800s and earlier – in slavery, the Civil War, and slaves being freed; and then recently, during the 1900s – in the Civil Rights Movement. Everyone in the United States is supposed to have equal rights and not be discriminated against because of race, but sadly, that is not always what happens. Racism shouldn’t be around anymore, but it is, even in WCCHS.
A	119	Depression did not end until war orders from Europe revived the economy. It is true that people were hired by WPA, but they were not permanent jobs. They did, however, get money into the economy and did temporarily assist many low income Americans. Assessing WPA as a relief effort to aid the unemployed is very different from assessing it as a program that helped end the Depression. At the same time, however, to pay for WPA and other New Deal projects, President Roosevelt began massive tax increases, primarily targeting upper-income Americans. This began with the Revenue Act of 1935.
A	128	The oak tree (Quercus spp.), America's National Tree in 2004 and symbol of strength and courage, offers shade and gorgeous autumn leaves, acorns that delight young children and squirrels, majestic beauty and often just the right branch for a backyard swing. Oak trees thrive in full sun and well-drained soil in U.S. Department of Agriculture plant hardiness zones 3 through 9, depending on the species. Some species such as live oak (Quercus virginiana) grow 80 feet tall with canopies even wider. While oaks can live more than 200 years, they are not impervious to illness.
A	128	The spinal cord is roughly 18 inches long and stretches from the base of the brain, down the middle of the back, to the waist. The nerves that lie within the spinal cord are called upper motor neurons (UMN). UMN carry messages back and forth from the brain to the spinal nerves along the spinal column. The spinal nerves that branch out from the spinal cord to other parts of the body are lower motor neurons (LMN). LMN connect at the vertebrae and communicate with the rest of the body. The sensory portions of the LMN carry messages about sensation from the skin and other body parts and organs to the brain.
A	124	A monument is any building or megalith surviving a past age that is regarded as having historical and social importance. They are often erected in memory of a person or event. These can take shape as a grave, memorial, or even head stone. Monuments may range from great marble busts or bronze statues to tomb stones and plaques. Universities may have markers or plaques to commemorate historical events that took place, like Kent state has a memorial and inscription describing what happened at the state university in 1970, with a photo. A cemetery may commemorate the past or honor great men and women that have passed on.
A	116	Blue-winged teal breed across much of central and northern U.S. and Canada in prairie lands. They are the first ducks to leave the breeding grounds in early fall and the last ones to return, so they have a short time to produce a new generation. Blue-winged teal will migrate great distances, from northern Canada deep into Central and South Americas. However, they also winter along the Pacific, Gulf, and Atlantic coasts. Relatively few blue-winged teal spend winters on the Chesapeake Bay compared to other places.
A	102	Usually the fur is a very light brown straw color. The longer hair on the withers is often a different shade with a gray-brown base and on some bears may appear as a dark stripe along the back. The skull of an adult male could measure an approximate 12-15in. There is a group of bears larger in size and darker in color that some experts believe are hybrid populations of Eurasian and Syrian bears. During the Holocene Syrian bears migrated north and populated with the larger Northern bears.
A	115	Opinion is bitterly divided, however, over the environmental risks and benefits of this abundant new source of energy – so much so, that the different sides struggle to agree even on basic facts. The debate is raging over two key issues – on-the-ground impacts to water, air, communities, land use, wildlife, and habitats; and the broader energy and global warming implications of developing shale gas. Attention so far has focused on the local impacts of shale gas extraction through the rock-blasting process known as hydraulic fracturing (or “fracking”).
A	115	Luckily, troops were not expected to serve entirely on the front line. The above diagram states that on average a solider would spend 15% of their time in the trenches in the firing line. Throughout their service they would rotate between the three trenches: the front line, the support trench and the reserve trench, they also spent a short period in rest before returning to the three trenches. The time spent in each line varied throughout the war, as in busier periods soldiers were required to spend far longer in the front line than usual, with less time at rest.
A	127	Freedman shows Lincoln as a human being. Lincoln was sometimes deeply depressed, as was his wife, Mary. He sank into despair after the deaths of his two sons. Lincoln had a self-disparaging sense of humor that he used to put people at ease and to please crowds when he gave speeches. Above all, Lincoln had an interest in and concern for his fellow human beings regardless of the color of their skin. Frederick Douglass is quoted as saying that Lincoln was unique because he never reminded Douglass of the different colors of their skin. Every afternoon Lincoln talked with constituents who lined up to ask the president for help.
A	110	The minor planet or asteroid 433 Eros was discovered by two astronomers, Gustav Witt at Berlin and Auguste Charlois at Nice, on the night of 13 August 1898. When astronomers calculated the path of the newly discovered asteroid around the Sun they realised that the path has the shape of a somewhat elongated oval and the asteroid’s average distance from the Sun is less than that of the planet Mars. These two factors mean that that Eros can on occasion come relatively close to Earth providing an opportunity for its distance to be measured accurately.
A	110	Songbirds, like humans, can learn sound sequences. They share many common features with human perception of sound and the ability to learn new sounds. However, songbirds perceive sequences of sounds differently. Humans can recognize a sound sequence even if the pitch or timbre changes. For example, most people can recognize "Happy Birthday" whether it is played on an oboe or a trumpet or sung by an alto or soprano. Birds, on the other hand, would not recognize this sound sequence when variations in pitch or timbre occur.
A	112	Under King Tigranes II the Great, from 95 to 55 B.C. Armenia thrived, and became the strongest state in the Roman east for a time. In the aftermath of the defeat of Antiochus the Great by the Romans at the Battle of Magnesia in 190 B.C., the grip of the Seleucid Empire on the East was weakened. According to the Greek geographer Strabo, Armenia was at that time governed by two of Antiochus’ generals, Artaxias and Zariadris.
A	107	January can be the coldest and hardest month for animals and plants. What happens to animals in the winter? Many remain active, but many find a warm shelter and sleep away the cold months. If there is snow, it acts as insulation and keeps the ground underneath warmer than the air above. In regions where it gets very cold, the ground freezes down to a varied depth called the Frost Line. Some animals can survive in the frozen soil. But many must dig down below the frost line so that their bodies will not freeze.
A	111	Before the discovery of oil and gas, Tulsa’s economy was tied to cattle and agricultural products. After the Red Fork oil strike in 1901, the oil and gas industry dominated Tulsa’s economy. Other early urban industries also grew with Tulsa. These industries included bakeries, flour and feed mills, saddlery and harness manufacturers, carriage and blacksmith shops, saw mills, bottling works, brick yards, ore mills, ice plants, tailor shops, planing mills, boot and shoe shops, and cotton oil mills.
A	120	People entered Jackson Hole an estimated 12,000 years ago. Archeological evidence indicates that small groups hunted and gatherd plants in the valley from 5,000 to 500 years before the present. During historic times no one trieb claimed ownership to Jackson Hole, but Blackfeet, Crow, Gros Ventre, Shoshone and other Native Americans living on surrouonding lands used this neutral valley during warm month. Severe winters prevented year-round habitation. Teton Range was snatched away from the Natives in only 80 years. Settlement by white intruders began in 1884.
B	59	In 2004, a rare tropical fungus caused a string of respiratory failures and neural disorders along the Pacific Northwest coast, baffling the health community. That same year, Alaskan cruise ship passengers dining on local oysters fell sick with a gastric virus typically found in warm water estuaries.
B	54	Binoculars are really just two refracting telescopes joined together with a hinge. Soon after telescopes were invented, people started to fasten two of the long tubes together to make binoculars. These long binoculars, however, were heavy and difficult to handle.
B	54	Enganagri alphabet was invented by Dr. David B. Kelley as an alternative alphabet for English. It was modeled on the Devanagari alphabet with influence from the Korean alphabet. There are a number of different ways of writing English with Enganagri.
B	58	The new mechanical skimmer uses a grooved surface. With a larger surface area, the grooves scoop up more oil than the smooth-surfaced traditional skimmer. The scraper is machined to precisely match the groove geometry, removing nearly 100 percent of the adhered oil with each rotation.
B	41	This article on Human Slide Shows explains how to actively involve students in examining texts of plays or other pieces of literature and using a drama strategy to present their creative interpretation of the words on the page.
B	45	Results from the Stardust mission that returned last January 2006 to Earth with tiny particles from a July 2004 rendezvous with Comet Wild2 now has scientists rethinking the idea of the origin of life itself no less.
B	57	There are many qualities that have been suggested that separate human beings from other living species. These include tool making, an ability to dream and especially the development of highly sophisticated language skills. But as we learn more about animal life, the rudiments of such talents are described in other species.
B	60	White powdery patches develop on leaves, young stems, buds, flowers and even fruit. Patches may enlarge until the entire area is covered. With time, these patches become mealy or felt like and turn gray to tan. Leaves may stunt, curl, become chlorotic and drop early.
B	57	Almost 2.5 billion cubic metres (2 million acre-feet) of water are diverted from the natural system annually, damaging the ecology of the coastal estuaries. Polluted and nutrient-rich water flowing into Florida Bay is adversely impacting marine habitats including fragile coral reefs.
B	50	People had been dreaming of space travel for some time before the launch of Sputnik. In 1903 Russian rocket scientist Konstantin Tsiolkovsky showed mathematically that an artificial satellite was feasible, though the US paid little attention to his work.
B	60	Linnaeus attempted to name organisms in a way that would make sense to all scientists. For example, the group "Mammalia" were named for the mammary glands with which they nurse their young. Linnaeus' system recognized two 'Kingdoms' - Vegetabilia and Animalia.
B	53	The Babylonian name of the twelfth month of the year. Used in the Bible only in Ezra 6:15 and eight times in Esther. At first the author in Esther defines Adar as the twelfth month, but afterward omits the numeral.
B	57	GONORRHEA INFECTS ABOUT 1 million people in the U.S. each year. Searching for a vaccine, researchers have focused on hairlike structures made of a protein called pilin that protrude from the gonococcus bacteria and attach to host cells.
B	57	If the brain lacked oxygen for only a very brief period of time, a coma may be reversible and the person may have some return of function. However, this depends on the extent of injury. Some patients recover many functions, but have abnormal movements such as twitching or jerking.
B	41	Warning is hereby given that not all Project Ideas are appropriate for all individuals or in all circumstances. Implementation of any Science Project Idea should be undertaken only in appropriate settings and with appropriate parental or other supervision.
B	45	Fluency definitely impacts reading comprehension. The essence of fluency is the ability to recognize words and understand them. So that when someone is trying to comprehend something that is being read, being fluent in that language increases comprehension.
B	44	Litter pollution in the form of plastic and styrofoam pollution is prevalent as beach pollution on most stormwater retention lakes. Retrieve trash and floatable debris once corralled by a floating boom is simple.
B	55	Some also use the term for suppliers in a market for which entry into the market is extremely expensive. For example, early railroad and telephone companies rarely had to worry about competitors because they would have to duplicate large amounts of track or wiring that the earlier company had already paid for.
B	56	We currently sit on the ANSI committee to standardize descriptive terms for the shapes of digital images. And at the moment, we are very deep in boxes of all kinds looking for just the right shapes. Because, believe it or not, not all prints are the same shape.
B	46	Once the client has initialized the SSL context, it's ready to connect to the server. OpenSSL requires us to create a TCP connection between client and server on our own and then use the TCP socket to create an SSL socket.
B	40	About 90 percent of the area's amphibian and reptile species, 43 percent of the butterfly species, 10 percent of the bird species and 94 percent of the bat species are unique to this area.
B	46	Before the antebellum period began in roughly 1830, these Cherokee had already begun to create a new, modern society governed much like the United States. They created a constitution modeled after America’s Constitution and adopted three branches of government.
B	56	This research project brings multiple perspectives into the classroom during or after the reading of any book about Vietnam—fiction or nonfiction, as a whole class or in literature circles. Students, working in small groups, adopt the perspective of members of a group involved in the war (e.
B	57	During the 2007 trip, Gillespie and his crew uncovered early 20th-century makeup and two pieces of broken glass that match a 1930s compact mirror, among other artifacts. DNA can be extracted from such remnants as long as those artifacts aren’t contaminated during the collection process.
B	46	Tumors that develop outside the adrenal glands are called paragangliomas. About 10 to 15 percent of pheochromocytomas are malignant, or cancerous, with the potential to spread to other parts of the body.
B	59	An angiogram is an imaging test that uses x-rays to view your body’s blood vessels. Physicians often use this test to study narrow, blocked, enlarged, or malformed arteries or veins in many parts of your body, including your brain, heart, abdomen, and legs.
B	49	This remarkable ability depends on millions of little sensor cells found at the back of our noses called olfactory receptor cells. Each of these cells have hair-like structures, called cilia, which protrude into the mucosal lining of our noses.
B	51	Over the centuries, paper has been made from a wide variety of materials such as cotton, wheat straw, sugar cane waste, flax, bamboo, wood, linen rags, and hemp. Regardless of the source, you need fiber to make paper.
B	54	In general, nonpolar molecules do not interact with polar molecules. This can be seen when oil (nonpolar) is mixed with water (polar). Polar molecules interact with other polar molecules and ions. For example table salt (ionic) dissolves in water (polar).
B	56	Opinions are shaped by what we read in newspapers, what we hear on the radio, and what we see on television and in the movies. In a survey by the Robert Wood Johnson Foundation, respondents indicated that their primary source of knowledge about mental illness was the mass media.
B	49	Before the B-29 could take flight over Japan, America needed to secure a flight base on the Marianas Islands. The base needed to be the right size and in the right location. The one place that would work was Saipan.
B	48	Do you like to play with magnets? If you’re like most kids, it can be a lot of fun to build things with magnetic toys. You probably also enjoy putting up your latest artwork or report card on the refrigerator with magnets.
B	46	Today is World Water Day: more than 1.2 billion people have no access to clean, drinkable water. As much as half the world’s population struggles with little to no reliable access to clean, drinkable water.
B	47	In all, we have studied vocabulary learning with more than 2,000 children. We've conducted design studies in an attempt to understand the active ingredients of high-quality instruction, as well as randomized controlled trials examining the impact of interventions.
B	51	A number of fumarole communities exist on volcanic ground in Antarctica. Fumaroles are openings in the earths surface, which emit steam and gas. Temperatures at fumaroles can reach 60° C only 10 cm below the surface.
B	57	Kingdoms are the largest groups, with millions of different kinds of organisms in each Kingdom. Species are the smallest groups. Each species is made up of individuals of the same type (for example, plants or animals) who are capable of breeding and producing fertile offspring of the same type.
B	58	Following the 2009 outbreak of the H1N1 pandemic flu and the numerous delays in producing vaccines against the virus, the US Department of Health and Human Services (HHS) recognized the need to invest in new vaccine technologies that can ensure national preparedness for a pandemic influenza or other diseases.
B	52	Lying adjacent to the southwest edge of the San Joaquin Valley in eastern San Luis Obispo County, the Carrizo Plain is the largest remaining tract of the San Joaquin Valley biogeographic province with only limited evidence of human alteration.
B	49	The research team found that fifth graders' understanding of fractions and division predicted high school students' knowledge of algebra and overall math achievement — even after statistically controlling for parents' education and income and for the children's own age, gender, I.
B	46	Prions kill mice in much the same way that they kill humans-swiftly, rendering the brain spongelike from extensive neuronal losses within months of infection. No one has found a plausible therapy that can stop a prion disease.
B	48	This video teaches the concepts of Division of Labor and Specialization. The division of labor refers to the practice that the tasks of producing a good or service are divided up into separate tasks. When workers focus on performing separate tasks, specialization occurs.
B	60	Second grade students frequently study the properties of objects, as well as the many different ways that objects interact with one another, including chemical reactions, physical reactions, and magnetism. Watching these types of interactions typically generates “oohs” and “aahhhs” from second graders.
B	55	Over the years, Juneteenth, also known as Freedom Day, has become a time for family and community oriented local celebrations. But, many are still searching for ways to establish rituals and traditions that acknowledge one of the most important historical events in our young country's past.
B	45	Food poisoning causes symptoms of nausea, vomiting, stomach pain, and diarrhea, usually within 48 hours of eating the contaminated food. The symptoms of food poisoning are often caused by chemicals (toxins) released by the infecting bacteria.
B	58	The Frankish king Clovis founded the Frankish Empire, which at its height included most of what is now France and central Europe. He was the first leader to unite and rule all the Franks, a group of often-warring Germanic tribes along the Rhine River.
B	43	Poverty is a social issue that plagues many countries around the world. It is one of many international issues that do not have an easy solution. The United States has struggled with poverty-related issues for centuries.
B	53	While America was becoming a haven for the persecuted Jews of Europe, some citizens were uncomfortable with an influx of people whose loyalties they suspected. General Grant’s December 1862 order expelling the Jews from his military district was supported by many of these Americans.
B	58	Cucurbits are generally annuals that are extremely intolerant of cold weather. They are grown mainly for their fruits, which are derived from a single ovary containing many ovules or seeds. In some parts of the world, flowers and leaves of some species are also used for food.
B	44	The main cause of bone spurs is the wear-and-tear damage associated with osteoarthritis. Most bone spurs cause no symptoms and may go undetected for years. Bone spurs may not require treatment.
B	47	Lymphedema is caused by a blockage in your lymphatic system, an important part of your immune and circulatory systems. The blockage prevents lymph fluid from draining well, and as the fluid builds up, the swelling continues.
B	55	The first known depiction of a human face in stone... A vase documenting the daily tasks that defined activity as people built a future in the Fertile Crescent... Towering walls that heralded the end of rootless wanderings and the beginning of urban society..
B	45	THE tree of life needs new roots, according to a controversial new theory of how our earliest single-celled ancestors were related to each other. The theory dismisses the notion that life first evolved in hot, extreme environments.
B	52	Getting your hands on valuable teaching materials is not nearly as difficult as it can seem at first. The Internet has many resources for teachers, most of them free, that can significantly increase the contents of your teaching toolbox. You can also make your own materials.
B	53	Often, data is much easier to process if it is arranged into sorted order. Imagine how difficult it would be to use a dictionary if the words were not in order! Sorting is a fundamental computer operation. It is important for preparing data for other operations.
B	60	So this is going to be a linear model. What does the equation of an exponential equation look like? When t is equal to one, F is equal toand so we should be able to use that information to solve for a. If she pays her fine now there will be no added penalty.
B	49	Non-numeric characters dollar signs, percent signs, commas, etc. Finally, for a much more fun look at this whole topic, check out the Schoolhouse Rock song Little Twelvetoes.bsaconcordia.comA.
B	59	Wireless networking has had a number of standards which are IEEE 811.x where x has been letters A, B, G, and N. The general public has used the B, G and N standards. In addition to the new AC there is also a new AD standard. 802.
B	48	Shapes are the building blocks of geometry. Learning about shapes is a fundamental step in the basics of maths. Children need to start to understand what the properties of shape are, and how to classify shapes. Why do we need Geometry?
B	52	Community Commons has recently added data from the USDA Food Nutrition Service showing which school districts around the country are adopting or planning to adopt farm to school policies. Areas in dark blue indicate an active involvement and implementation of programs and policies in the 2013-2014 school year.
B	50	In 1939, shortly after the discovery of nuclear fission, Heisenberg became a principal scientist in the German nuclear energy project known as the Uranverein (Uranium Club). In February 1942, he proposed acquiring energy from nuclear fission to Reich officials.
B	60	Sickle cell disease is a hereditary disease seen most often among people of African ancestry. Caused by mutations in one of the genes that encode the hemoglobin protein, the disease is inherited as an autosomal recessive trait. The mutation causes the red blood cells to take on an unusual sickle shape.
B	59	Hypervigilance is a state of increased alertness. If you’re in a state of hypervigilance, you’re extremely sensitive to your surroundings. It can make you feel like you’re alert to any hidden dangers, whether from other people or the environment.
B	55	While there is no cure, patients can manage their type 2 diabetes by eating well, exercising, and (in some cases) taking medications recommended by your doctor. Monitoring your blood sugar is also important. Sometimes even maintaining a healthy weight isn’t enough to manage this condition.
B	50	The Tlingit and Haida, indigenous peoples of the Northwest Coast (NWC), have used carved wooden hooks to catch halibut for centuries. As modern fishing technology crept into use, however, the old hooks practically disappeared from the sea.
B	60	The bacteriophage structure may include various features for infecting the host cell. Many bacteriophages have a central shaft and leglike appendages. The legs attach to the bacteria, and genetic material is injected through the shaft into the host cell cytoplasm, where it replicates and reassembles into progeny.
B	57	Most patients with allergies can benefit from the naturopathic care. The main line of care from the naturopathic side is to look for the root cause of the problem abs start working on its elimination and avoidance of being exposed to it or at least minimizing exposure to it.
B	60	Method 1. Identifying Stinging Nettle. Do an image and information search on the Internet for "Stinging Nettle" or Urtica dioica. Take a look at the entire plant. Look at the stems. Notice the type of root this plant has. Study the leaves.
B	54	Humans depend on the daily intake of vitamin C from food. If the vitamin is missing over a longer period of time, the deficiency disease scurvy develops. This maritime disease has long been extinct with us, because through our food, the basic supply is covered.
B	44	However, heuristics often lead to consistent and reproduceable errors in reasoning. Take this test for example. You are presented with four cards. Each card has a letter on one side and a number on the other.
B	58	The different responses of the two species probably reflect their social structures, the authors say. Pilot whales live in strong social groups that cooperate to fend off predators, whereas Risso’s dolphins—which have weaker social bonds—might find swimming away from a threat the better option.
B	47	Blue, Yellow, Red is the Work Time activity for today in which students work through scaffolded problems involving Pythagorean Theorem. As student pairs work through each color of problem, they trade their cards in for the next level.
B	60	Professor Hutchings said: "The sketches and text show Leonardo understood the fundamentals of friction in 1493. He knew that the force of friction acting between two sliding surfaces is proportional to the load pressing the surfaces together and that friction is independent of the apparent area of contact between the two surfaces.
B	53	Scientists have long sought to develop a theory that can describe how the cosmos works in its entirety. Currently, researchers have two disparate theories, quantum mechanics and general relativity, which can respectively mostly explain the universe on its tiniest scales and its largest scales.
B	51	According to government legislation, a disability is "an impairment that limits function." What exactly does THAT mean? Well, basically it means that something is going on with you that may change the way you do things or the way in which you live your life.
B	51	Panayiotopoulos syndrome (PS) is named after the doctor who first described it in the 1980’s. It is now officially recognised as a form of epilepsy. It may seem surprising that a relatively common form of epilepsy was only recognised so recently.
B	57	In 1878, Mississippi was hit with a “natural” disaster that, in terms of victims, far surpassed Hurricane Katrina. An outbreak of yellow fever led to hundreds of deaths in Mississippi (more than 4,000 nationwide), depopulated communities and widespread lawlessness and panic.
B	55	Chemistry is the science of matter, the physical material that makes up everything in the universe. Matter is anything that takes up space and has a measurable amount of substance, or mass. All matter (including water) is made up of submicroscopic parts called atoms.
B	48	Characteristics of high functioning autism are very different than those with more severe forms of the in addition to exhibiting other characteristic symptoms. Children with autism have distinct facial features: the study found that children with autism have distinct differences in facial characteristics than typically.
B	54	Man and metals have an age-old relationship. Different periods of early human civilisation have been named after metals. The attributes of gold influenced the mind and heart of Indians so much so that they conferred upon the supreme spirit the designation of hirnyagarbha.
B	48	In fruit flies, adults emerge in large numbers from the pupae every day within an 8–10 hour interval starting a couple of hours before dawn, when humidity is high and temperature low. This increases the chances of survival of the flies.
B	56	The bulk modulus describes how a substance reacts when squeezed uniformly. When the external forces are perpendicular to the surface, it is distributed uniformly over the surface of the object. This may occur when an object is immersed in a fluid and undergo a change in volume but no change in shape.
B	55	From the formal paintings on tombs, the Egyptian stereotype of a woman was that of wife and mother, the husband being the head of the household. She worked indoors (mostly), out of the Egyptian sun, so her skin was lighter than that of her male counterparts.
B	55	They found that, when the turbines were operational at night, they raised the air temperature around the turbine by nearly 0.2°C and fractionally increased the absolute humidity. The turbines also increased the variability in air, surface and soil temperature throughout each 24-hour cycle.
B	44	The Battle of Dungan’s Hill takes place in County Meath on August 8, 1647. It is fought between the armies of Confederate Ireland and the Parliament of England during the Wars of the Three Kingdoms.
B	45	Water cooling systems are simple in concept but require more work than a traditional air cooler or all-in-one liquid cooler. A pump is required to circulate water through a water block attached to the components that need cooling.
B	59	It's important to encourage student involvement in both arts and technology. The DIY Robot Hand STEAM Activity combines the best aspects of both fields by having students design and create an engineering marvel. Artistry and design are pivotal to the development of scientific technology, especially in the field of robotics.
B	57	To allow them to study antibiotics under more realistic conditions, the researchers engineered a strain of E. coli bacteria that expresses a genetic “toggle switch” that flips only under certain conditions. Such switches can be incorporated into bacteria to allow them to record events such as exposure to a chemical.
B	59	In science, the question comes up on the difference between knowing and believing. This concept comes particularly into play when discussing controversial topics that brush upon facts and beliefs. In a New Culture of Learning the difference between knowledge and belief is made clear. Knowledge involves facts where as beliefs are open for interpretation.
B	57	We take in information through our senses — we see, hear, feel, smell and taste. We process that information using the same senses and build our individual, constantly updated model of the world which in turn informs our behaviour. As we change our model, so we change our behaviour.
B	44	Climate can shape the geology of a region in many ways. In this case, the freezing and thawing of glaciers affected the existence of an ocean that covered much of present-day Kansas and Oklahoma.
B	43	Satellite instruments allow land cover to be classified on an objective global basis, and identify land cover change. They can pinpoint wilderness areas under threat from sprawling settlements, for example, or track patterns of soil erosion.
B	58	It lies between the Vipava Valley, the low hills surrounding the valley, the westernmost part of the Brkini Hills, northern Istria, and the Gulf of Trieste. The western edge of the plateau also marks the traditional ethnic border between Italians and Slovenes.
B	50	Ultraviolet (UV) germicidal lights produce short wavelength light (or radiation) that can damage the genetic material in the nucleus of cells of microorganisms such as bacteria, viruses, and molds. The cells may be killed or made unable to reproduce.
B	40	Mary Berbee, a professor in the department of botany, is responding to the increased interest in foraging by developing an app in collaboration with the Beaty Biodiversity Museum, B.C.
B	50	The aim of this course is to provide students with a deeper and more detailed knowledge of spoken and written Italian. The course will focus on intensive oral work, reading and writing exercises based on literary prose texts, newspaper articles, authentic listening and reading materials.
B	52	But from spring 2012 to spring 2017, Ruiz and his colleagues counted at least 289 invertebrate and fish species arriving from Japan attached to debris, still alive. The creatures ranged from mussels and barnacles to sea stars, worms and jellyfish relatives.
B	52	Sinusitis is a type of infection that causes painful swelling in the sinus area. The sinus area refers to the cavities around the nose and forehead. Sinusitis is often caused by a viral infection, which persists long after the upper respiratory symptoms have disappeared.
B	48	While it’s clear that adolescence is a period of life that is rife with stereotypes, there is some truth to the cliches. Many neuroscience studies have now established that there are significant changes happening in the brain in adolescence.
B	51	What we have shown here is that we can make tiny, conductive wires of the smallest possible size that essentially assemble themselves, said lead author Hao Yan, a Stanford postdoctoral researcher in a statement.The process is a simple, one-pot synthesis.
B	40	So, as you can see, the Eastern seaboard was a veritable beehive of activity, as the European sea powers explored, tested the market, and attempted to settle North America.
B	51	This book is famous for being the volume used by the autodidact Ramanujan to teach himself mathematics. The book is merely a list of results and student how works through them, proving each one, will develop a strong ability in the subject.
B	60	Health promotion policy combines diverse but complementary approaches including legislation, fiscal measures, taxation and organizational change. It is coordinated action that leads to health, income and social policies that foster greater equity. Joint action contributes to ensuring safer and healthier goods and services, healthier public services, and cleaner, more enjoyable environments.
B	59	Malaria has long been a giant bummer of a disease for people living in tropical areas. It's estimated that each year, there are about 350–500 million cases, killing between one and three million people. The largest culprits are infectious female mosquitoes that bite people and transfer the disease.
B	50	In most provinces and states, ADA (Americans with Disabilities Act of 1990) compliant signage or Braille sign is mandated by the law. You must be familiar with raised dots found on everything from elevator buttons to washroom signs to direction signs.
B	42	RECEPTION: Children introduced to taking home books to read with Parents on a regular basis. Parents/carers are encouraged to seek opportunities in every day situations to develop their child socially and intellectually e.
B	44	When early man decided to take to the ocean, his chosen craft would not have been very controllable or fast. As long as he stayed afloat, he would have gone where the wind and ocean currents took him.
B	45	The most common airway problems in children are upper and lower respiratory tract infections. These can be attributed to colds, influenza, croup, sinus infections, bronchiolitis, asthma and pneumonia, and make breathing difficult.
B	50	Space. The material environment is a 3D space, which means all objects have x, y, and z dimensions. The z-axis is perpendicularly aligned to the plane of the display, with the positive z-axis extending towards the viewer.
B	52	Key terms as always are listed in yellow throughout the lesson. First key term is Romanesque-- styles of sculpture, painting, decoration, or architecture during the period from 9th to 12th centure. Reliquary is a storage container for relics.
B	55	For many decades, the Death Valley mark was not considered the official world record: On Sept. 13, 1922, a temperature of 136 degrees F was supposedly recorded at El Azizia, Libya. However, new evidence about that reading last year showed that it was invalid.
B	56	Design Technology is a very practical and dynamic subject in which students will work individually and in groups to develop a range of skills. Through a variety of creative and practical activities, students will be taught the knowledge, understanding and skills needed to engage in an iterative process of designing and making.
B	54	The United States is a nation of immigrants. Immigrants have been an essential part of American society since our country’s inception. According to the 2000 Census, there are more than 30 million immigrants in the U.S., equaling 11 percent of the population.
B	58	When interest rates go down, it becomes cheaper to borrow money, which means people and companies will be more likely to take out loans. And as a result, they’ll spend more money. That increased spending will fuel the economy and, hopefully, lead to the creation of more jobs.
B	56	A vitamin is an organic chemical compound (or related set of compounds) that must be obtained from outside the body through diet. In contrast, Vitamin D is a fat-soluble vitamin that is naturally present in very few foods, added to others, and available as a dietary supplement.
B	48	Objectives for Learning: 1. Describe how Mendeleev predicted and ordered the elements as he created the Periodic Table 2. Point out methods of organization on the current Periodic Table: Describe how elements in the P.
B	52	Antarctic fish have adapted themselves magnificently to the extreme environment. Antarctic fishes have natural antifreeze proteins in their system which prevents them from freezing. However this anti-freeze is a double edged sword which can have detrimental effect on the animal.
B	44	Many parts of Africa have been deforested by the expansion of agricultural land. This loss of trees has many detrimental effects. Soil erosion increases because trees no longer block wind and their roots no longer hold soil together.
B	47	Session two of this project focused on construction and the adaptation of buildings using different materials. By looking at and thinking about materials and structures as well as hands-on building activities we encouraged the class to think about strength, height and durability.
B	56	Bob Dylan’s notorious song is brought to life in this colorful illustration representing the past. Dylan’s lyrics convey a nurturing and sentimental narrative intended for future generations. The narrative encourages children to lead a self-righteous life through the empowerment of positive ideals and attitudes.
B	54	Above combination image shows record low Arctic sea ice for the time of the year (left) and near record low Antarctic sea ice for the time of the year (right), with a combined sea ice extent of only 23.751 million km² on October 28, 2016.
B	57	Packages are collections of R functions, data, and compiled code in a well-defined format. When you install a package it gives you access to a set of commands that are not available in the base R set of functions. The directory where packages are stored is called the library.
B	55	Researchers at Northwestern University have found evidence for a massive reservoir of water deep within the Earth’s mantle. The reservoir, which is said to be three times the volume of the oceans on the surface, is contained within highly-pressurized rock known as ringwoodite.
B	50	In American Indian communities, people tell legends, folktales, and fables. They tell these stories for many reasons: to recount the history of the people, to tell where they came from, or to relate the exploits of a particular hero.
B	48	About 26 million Americans have chronic kidney disease, a condition in which damaged kidneys can't remove waste from the blood as well as they should. The loss of kidney function is gradual and usually permanent. But early treatment can slow or prevent CKD.
B	55	Even though food acceptance begins early in life, tastes can change. As we get older, different elements affect our food preferences, even social pressures. Drinking alcohol is a prime example. “It’s an acquired taste,” is something you’ve likely heard or said.
B	50	Sharon N. DeWitte of the University at Albany and James W. Wood of Pennsylvania State University analyzed 490 skeletons that had been excavated from the East Smithfield cemetery in London, which was established exclusively to bury victims of the plague.
B	57	Blacksacademy (2001) defines ordinal data as "measures of physical quantities that can be ranked. For example, the variable X could measure the number of days individuals have been subject to a special diet; the variable Y could measure the position of those individuals in a race.
B	49	Jefferson's written statements about slavery, and his actions, suggest a man philosophically opposed to slavery in the long run of human affairs. He was bleak on the outcome of integration, but disposed to a paternalistic view of his own slaves.
B	60	Originally, the Delian League headquartered on the island of Delos. However, the commanders and chief officials were based in Athens, as most of the troops were, so they moved the headquarters to Athens. Slowly, Athens gained control over most of the city-states in the alliance.
B	50	The definition of tyranny is oppressive power exerted by the government. Tyranny also exists when absolute power is vested in a single ruler. Jury trials are the opposite of tyranny because the citizens on the jury are given the absolute power to make the final decision.
B	43	Researchers are studying applications and materials for creating radio antennas that are sprayed onto a surface. Made from commercially available materials, these devices consist of a conductive substance sprayed over a template with a radio aerial pattern on it.
B	46	Japanese plans for a seaborne invasion of Port Moresby had been thwarted by Australian and American naval forces in the Battle of the Coral Sea in early May 1942 and the Battle of Midway in early June 1942.
B	52	People have used petroleum for thousands of years, for a variety of purposes. More than 4,000 years ago, natural seeps of a tar-like asphalt called bitumen were used to fortify walls and towers in ancient Babylon and Jericho.
B	46	Painting and glazing are two key decorative finishes used on ceramics. The same idea is also used on a variety of other materials, but the composition of the glaze finish is altered so it adheres to the surface.
B	60	A cerebral cavernous malformation (CCM) is a collection of small blood vessels (capillaries) in the central nervous system that is enlarged and irregular in structure. In CCM, the walls of the capillaries are thinner than normal, less elastic, and are likely to leak.
B	47	Tiny satellites are becoming more of a useful technology in the age of modern space exploration. As trips into space are typically gauged by price per pound or kilogram, fitting the most technology into the smallest package can be exceptionally beneficial.
B	50	All the people in the world got their food by hunting and gathering. There were probably only about 2,000 people in the whole world. All of these people had black skin. All of them lived in Africa, and they lived in temporary shelters.
B	42	Alcatraz Island proved to be a huge obstacle in the busy shipping channel of San Francisco Bay. So much so, that the U.S. Government allocated money to construct a lighthouse on the island.
B	55	What all the hepatic (liver) viruses have in common is that once they are transmitted to you, they infect the liver and then cause inflammation (hepatitis). The different viruses are spread in different ways, but all of them can affect your health over a long time.
B	56	Anemia can develop during pregnancy due to low levels of iron and folic acid (folate) and changes in the blood. During the first 6 months of pregnancy, the fluid portion of a woman's blood (the plasma) increases faster than the number of red blood cells.
B	52	Cirrocumulus is the formation of clouds in the sky and is related to the weather conditions taken into account while performing any cost-intensive field activities such as oil and gas production activities. It is one of the design patterns of cloud formation in the sky.
B	47	Head lice (pediculosis capitis) is an infestation of the human head louse, which results in intense itching on the scalp. The itching is the result of a reaction to the bite on the scalp.
B	52	In this center, students pick 5 word cards and use those 5 words to create a story. This is an easy way to get students to use new words in their writing! A colorful poster with directions for the activity is included for posting at the writing center.
B	52	When Luther sparked church reformation in Germany, there was bound to be a backlash. In those intolerant days, when church and state acted together, there was no choice in matters of faith. Someone had to be the first to die for the new ideas.
B	43	Economic competition takes place in markets--meeting grounds of intending suppliers and buyers. Typically, a few sellers compete to attract favorable offers from prospective buyers. Similarly, intending buyers compete to obtain good offers from suppliers.
B	55	These giant reptiles - known to reach 2.1 metres in length and weigh in at 365 kg - briefly come ashore to lay their eggs on beaches across French Guiana and neighbouring Suriname, the turtles' last remaining major nesting sites in the Atlantic Ocean.
B	48	The practice of planting according to the phases of the moon has been followed by gardeners for years. Through trial and error, they have developed a schedule for cultivating, planting, weeding and harvesting based on the quarters of the moon.
B	54	They bonded with other student activists. Berkeley's activist SLATE (1958 - 1966) was precursor to FSM. Civil rights and International Workers of the World (IWW) leaders supported it. So did Joan Baez and Bettina Aptheker.
B	60	By applying the new data to the propagation equation of gravity, the team found that the speed of gravity is about 0.93 to 1.05 times the speed of light with a relative error of about 5 percent, providing the first set of strong evidence showing that gravity travels at the speed of light.
B	53	Guidelines: Please keep your comments smart and civil. Don't attack other readers personally, and keep your language decent. Comments that violate these standards, or our privacy statement or visitor's agreement, are subject to being removed and commenters are subject to being banned.
B	49	During the next two decades he was active in the movement to repeal British laws that penalized Roman Catholics because of their religion. Catholics were barred from Parliament but O'Connell became the leader of the battle to win political rights for Irish Roman Catholics.
B	60	The single sensory neurone is at the centre of layers of tissue, each seperated by a gel. This has a sepcial type of sodium channel in its plasma membrane. stretch-mediated sodium channel. This is becausetheir permeability to sodium changes when they change shape by stretching.
B	46	The major purpose and function of the Federal Reserve System is monetary policy through control of money supply. The Board of Governors has the responsibility for setting the policy. It is helped by the Open Market Committee and the Federal Advisory Council.
B	43	Teaching preschoolers about the stories of the Bible can be difficult. Many times, the best way for young children to better understand and comprehend these stories is to be creative and do crafts that coordinate with these stories.
B	58	The USGS provides scientific and technical expertise for volcano monitoring, eruption forecasting and response. USAID/OFDA is responsible for leading the U.S. government’s response to disasters overseas and has provided more than $33 million in support for VDAP since it was established.
B	50	Discuss who Nicholas de Grandmaison was and why he was interviewing Native American’s in Alberta. (See lesson one for a full overview.) Nicholas de Grandmaison was trying to preserve Native American culture and history through his portraits and interviews.
B	47	Scratch could be implemented into the classroom effectively using scaffolded tasks. Students could begin by following simple instructions to complete simple animated processes and develop the ability to engage with program in order to eventually create their own animations using simple coding.
B	53	Montfort’s position was tenuous – he had risen to the top as one of a group of barons and could expect to be unseated at any moment. He wanted the backing of “as wide a section of society as possible”, the BBC says.
B	46	A Northern Arizona University regents’ biology professor is studying how the speed with which frogs catch insects can improve the mechanics of artificial limbs for humans. Kiisa Nishikawa has discovered the connection is a protein called titin.
B	53	Avian tuberculosis is a highly contagious bacterial disease caused by Mycobacterium avium that affects all avian species, especially waterfowl. The disease develops gradually over a course of weeks, months, or even years---and is chronic and progressive in nature. M.
C	12	Every parent can use a little help now and then, and
C	14	The Battle of Pharsalus was the decisive battle of Caesar's Civil
C	10	Nutrient availability is primarily determined by soil texture
C	15	For younger children: Take children outdoors. Provide large sponges used for
C	14	Since climate change affects everyone on Earth, scientists have been trying to pinpoint
C	9	Tuberculosis has been around long enough to
C	8	The primary web file formats are gif
C	15	In some cases, your topic may be too narrow to find enough information on
C	10	In the context of language learning, American pronunciation
C	12	Here is a slightly more advanced example that gets closer to your
C	11	In an effort to better understand how the marshes in
C	11	The 5th Grade learned about different Native American tribes that
C	8	For a detailed description of the Number Talk
C	15	Dengue comes in two forms. Dengue fever usually starts with
C	11	Mr. Walsh said, "We went in not knowing
C	12	The Battle of Chacabuco, fought during the
C	15	John Edminster was a young soldier in the English Civil War. He fought
C	11	Sight, sound, and touch are the senses we
C	11	Ribosomes are a type of organelle that acts
C	9	The significance of folios: The story of
C	9	The first two pages of the Act are the
C	15	The moon is aged around 4.51 billion years after chronological estimations
C	12	African American soldiers returned from battle overseas to face a bloody wave
C	12	Acetylcholinesterase helps regulate nervous system activity
C	13	Upon drying, peat can be used as a fuel. It
C	13	This is so very much the medical biology of today. A lot
C	9	This lesson incorporates a 38 slide PowerPoint presentation
C	10	NDIToolbox supports previews and plots of
C	14	Nature—with its uncontainable power, unpredictability, and
C	13	They all have a stationary phase (a solid, or a liquid
C	13	A much more direct level of social skills instruction is essential to assist
C	13	The rule of thirds calls for every photo to be divided into
C	12	Many people believe that all wildlife flees before the flames of
C	14	Growing roots takes time and energy. Imagine the nutrients those strong roots
C	9	Put a small pumpkin in a sink or bucket
C	9	Third, enforce the idea that sometimes writing can
C	10	Water is made of very tiny particles. Sugar is
C	12	There is a lot of debate about the similarities and differences in
C	10	Due to its exceedingly simple construction, this type of
C	11	Isopods reproduce sexually, as there are both male
C	14	The fastener is a hardware device that mechanically connects two or more objects
C	13	In this research, Dong was joined by other Texas A&M
C	11	There is great variety in dance in the United States of
C	9	Rather than fight the odds, many researchers are
C	14	We’ve all seen images of the weird and sometimes nightmare-ish
C	10	An HI region or H I region (read H
C	11	The Dakota Formation (also Dakota Sandstone and Cockrum
C	9	Even at their young age, students in Michael
C	13	All materials fall into one of three classifications when it comes to moving
C	11	You’ve probably noticed how DNS is mentioned all over
C	9	The reason I have them put the notes on
C	14	Most faculty now recognize the importance of students being able to direct their own
C	9	Fifth graders examine the effects of the
C	9	According to the U.S. Department of
C	11	Yeasts represent a kind of eukaryotic micro-organisms that
C	15	Review and grow your students' understanding of informational text standards with this appealing set
C	15	Excavations have recovered an ancient Egyptian scarab dated to the 13th
C	13	The word "mycorrhiza" is built from classical Greek
C	13	Several food items are thought to help in preventing brain cancer by maintaining
C	15	Our Solar System is just one of hundreds of billions of similar solar systems that
C	9	Saying that the Earth is unique is an
C	15	The word love has many different meanings in English, from something that gives a
C	15	Until recently, historians have told the story of Seneca Falls primarily as part
C	12	Pre-K classes teach early learners how God would have them
C	11	Pachycephalosaurids are small, herbivorous
C	11	As you dig deeper into the earth and get closer to
C	14	Arc discharge lamps produce light by an electric arc struck between two main electrodes
C	10	National Geographic offers a series of educational features about
C	9	Usually, after a bite from a poisonous
C	13	Because ''Uncle Tom's Cabin'' was a work of
C	13	Do not panic. If you think or learn that your child is
C	12	Students from Grades 1-8 learn Mathematics using JUMP
C	12	Titan has a'methane cycle', rather than a
C	14	Individualized learning can be described as the process of learning within the classroom
C	12	Mathematical methods can be used to recover data on
C	9	The sixth century abbot, Dionysius
C	12	Peripheral arterial disease (PAD) -- also known as peripheral
C	11	As a country develops economically, the relative importance of agriculture
C	10	The pressure with the eye can rise if the fluid
C	13	Measles is a respiratory infection, causing a skin rash and
C	15	The channel length is defined by the diameter of the nanowire, which in
C	13	When conditions are right, the strong electric fields near the top of
C	10	Everyone feels some slight ASD symptoms from time to time
C	12	The Emancipation Proclamation stands as the single most
C	11	In our early drawing classes, we typically use marks to
C	11	Emotions and feelings may seem to many of us like
C	15	Little Pine, the son of a Blackfoot woman and a Plains Cree
C	14	The internetwork environment consists of hosts connected to networks which are in turn
C	9	The recycling of the Earth´s crust in
C	9	Energy is a property of objects which can be
C	12	Explain how The Baroque Period was different than The Classical
C	12	A colloquial term for several overuse conditions resulting from excessive
C	8	The mother of a prisoner thanks Konrad
C	9	Most Hellenistic warships were modifications on
C	9	Receptors are protein molecules that recognize and respond
C	13	If the biopsy shows that you have cancer, your doctor needs to
C	14	The year saw a series of peasant risings across the country. Two
C	9	Suppose we want to get the best possible overview
C	10	However, for all of these machines, only integer
C	9	Peripheral neuropathy is fairly common, but frequency
C	14	We follow the research. And according to sociocultural theory and transfer
C	10	Pressure is an important process variable because it sets
C	15	The population of Canada's western half grew significantly in the late nineteenth and early
C	12	Other ideas also contributed to UML, which was the result
C	11	Accomplishments: Surveyor 6 transmitted nearly
C	9	Around this time, though, astronomers realized
C	11	Dramatica divides the storyline into the external tale
C	13	Prior to 12,000 years ago, a large debris avalanche
C	14	George lives to find new things to discover, touch, spill, and
C	15	KinderArt.com, I often receive letters from teachers who work in
C	10	All dogs can get Blastomycosis, and
C	15	The idea isn’t too crazy. We already have evidence that some biologically
C	11	The new spot was previously a white, oval-shaped
C	9	Water is our most essential nutrient. We can
C	12	A half-step on a piano is the distance between one
C	13	Many of the most famous rivers in North America have their origins in
C	10	Objective: Tomson Highway's play "The
C	11	The biggest hurdle in figuring out how to teach children
C	12	Let me start by graphing the two vertical asymptotes x
C	12	The coral islands of Bermuda are composed of a layer
C	12	All of the New World vultures and some of the
C	11	The most common type of change in DNA (molecules inside
C	9	Recently, I attended a memorial service for Geoffrey
C	13	Well - if you count the carbon atoms, there are 6 of
C	14	In the first Concept, you learned about the different types of variables that
C	8	In the early 1830s the question of
C	13	The first known written usage of the word "lesbian" in
C	11	CSIR research to understand the sensitivity of the Southern Ocean
C	11	Shakespeare probably wrote Hamlet in 1600 (shortly
C	12	Focus on 3-5 of the most important criteria for the
C	12	A fuel once supplied to most homes and factories but now largely
C	14	Young children need a regular schedule. They behave better when they know what
C	9	The researchers envision robots and humans working side by
C	13	Nutrition activities in the classrooms must conform to the Head Start
C	15	Certain types of mold can produce toxins, called mycotoxins, that
C	15	One of the most effective approaches to helping young children develop literacy skills is to
C	13	Indeed, these statements highlight the intent of any set of standards;
C	15	During construction and maintenance of sewage and wastewater plants, workers may be killed by
C	10	Dietary Reference Values (DRVs) are
C	13	One of the most comprehensive datasets on macro-economic indicators is produced
C	10	The 36 Get Ready to Read! skill-building
C	8	The Battle of Fromelles started on July
C	11	The events in the 12th and 13th centuries had
C	9	Liquid hydrogen is used as a rocket
C	15	Earth geometry is a special case of spherical geometry. When we measure distances that
C	11	A constitution is a document that outlines the founding principles that
C	14	Much concerning the early history of the Osages had already been told in
C	10	Conjunctivitis can be caused by a
C	14	Goodnight Moon by Margaret Wise Brown is a beloved children's bedtime
C	13	Nearly all lung cancers are carcinomas, cancers that begin in the
C	13	Complement component 4 is a blood test that measures the activity of
C	12	New insights into the mechanisms of action of Cry1Ab and
C	13	The report, "Amazon's Vicious Cycles: Drought
C	14	This is the story of Henry Ford's role in the creation of the
C	13	Today, mathematics is based on set theory, the study of collections
C	10	Absolute dating techniques attempt to pinpoint a discrete, known
C	10	Commercial and industrial buildings may use the same solar
C	15	The list of possible symptoms for Lyme disease is nonspecific, and symptoms
C	10	The report notes that water security is ultimately about establishing
C	9	A war with complicated origins, the War of
D	7	A triangle is a shape with three
D	11	The three states of matter are solid, liquid, and
D	8	A noun is a word that names a
D	7	A dictionary is a book that lists
D	7	The heart is an organ that pumps
D	8	Photosynthesis is the process by which plants
D	9	Oxygen is a gas that is essential for
D	11	The first ten numbers are one, two, three,
D	11	The letters of the alphabet begin with A, B,
D	8	The four seasons are spring, summer,
D	7	Isaac Newton formulated the laws of
D	7	The printing press was invented by Johannes
D	7	A computer program is a sequence of
D	7	Biology is the natural science that
D	6	The Second World War ended in
D	8	The largest animal on Earth is the blue
D	9	Albert Einstein is famous for his theory of
D	11	The Eiffel Tower is located in the city of
D	8	Step one: preheat the oven to
D	9	Water is a chemical compound made of hydrogen and
D	8	The Earth is the third planet from the
D	11	The planets of the solar system are Mercury, Venus,
D	10	The months of the year are January, February,
D	9	Mount Everest is the highest mountain in the
D	7	The Amazon is the largest river in
D	9	Leonardo da Vinci painted the Mona
D	9	The recipe calls for two cups of flour and
D	7	The history of cryptography begins with
D	7	The Great Wall of China was built
D	7	The mitochondria is the powerhouse of
D	7	William Shakespeare wrote many famous plays including
D	7	The moon orbits the earth once every
D	7	The Roman Empire reached its greatest extent
D	7	Machine learning is a field of study
D	7	Climate change is caused primarily by
D	7	The internet was originally developed as a
D	7	Genetics determines many traits including eye
D	7	Psychology studies the human mind and
D	7	Engineering combines mathematics and physics to
D	7	The scientists discovered a new species of
D	7	The castle stood on a hill overlooking
D	7	The forest was home to many species
D	7	The train departed from the station at
D	7	The spacecraft landed safely on the surface
D	7	The storm caused widespread damage across the
D	7	The doctor examined the patient and concluded
D	7	The chef prepared a meal using fresh
D	7	The industrial revolution transformed society by introducing
D	7	The library contained thousands of ancient books
D	7	The languages of Europe belong to several
D	7	The factory produced thousands of cars every
D	7	The bridge across the river was constructed
D	7	The economy of the country depends on
D	7	The president of the United States is
D	7	Photography was invented in the early
D	7	The senator proposed a new law regarding
D	7	The newspaper reported that the election results
D	7	The judge ruled that the evidence was
D	7	The company announced record profits this quarter
D	7	The teacher assigned homework covering the entire
D	7	The pilot announced that the flight would
D	7	The committee voted to approve the new
D	7	The novelist spent years writing her latest
D	7	In the beginning of the twentieth century
D	10	The days of the week are Monday, Tuesday,
D	10	The colors of the rainbow are red, orange,
D	9	The primary colors are red, blue, and
D	11	The seven continents are Asia, Africa, North America,
D	9	The sun is a star at the center of
D	9	Gold is a metal that is valued for its
D	5	Paris is the capital of
D	7	The Nile is the longest river in
D	9	The first man to walk on the moon was
D	9	Once upon a time, there was a little
D	11	It was a dark and stormy night, and the
D	8	The old man sat by the fire and
D	9	When she opened the door, she saw a
D	7	The dog ran across the field to
D	10	Long ago, in a small village, there lived
D	10	To make a cup of tea, first boil the
D	7	The capital city of France is known
D	7	The speed of light in a vacuum
D	7	The human brain contains billions of neurons
D	7	The Pacific Ocean is the largest ocean
D	7	The French Revolution began in the year
D	7	Quantum mechanics describes the behavior of particles
D	7	Chemistry involves the study of matter
D	7	The professor explained the concept of gravity
D	7	The telescope revealed distant galaxies never seen
D	7	The river flows from the mountains toward
D	7	The garden was planted with roses and
D	7	The children learned to read and write
D	7	The painting depicts a landscape with mountains
D	7	The expedition reached the summit after weeks
D	7	The novel begins with a description of
D	7	The stock market crashed in the year
D	7	The concert hall was filled with people
D	7	The manuscript was discovered in an old
D	7	The athletes trained for months before the
D	7	The election results surprised many political analysts
D	7	The lawyer argued that his client was
D	7	The software update fixed several security vulnerabilities
D	4	One, two,
D	6	1, 2, 3,
D	6	A, B, C,
D	4	Monday, Tuesday,
D	4	January, February,
D	4	Red, orange,
D	6	Mercury, Venus,
D	4	Spring, summer,
D	4	First, second,
D	4	Ten, twenty,
D	4	Alpha, beta,
D	4	North, south,
D	4	Sunday, Monday,
D	4	March, April,
D	4	Two, four,
D	4	Five, ten,
D	4	Do, re,
D	4	Rock, paper,
D	3	Bread and
D	3	Cats and
D	3	Knife and
D	3	Ladies and
D	3	Trick or
D	3	The sun is
D	3	The moon is
D	3	Dogs are
D	3	Birds can
D	3	Plants need
D	3	The heart pumps
D	3	A triangle has
D	3	A week has
D	3	A year has
D	3	Humans have
D	3	The Earth is
D	3	Milk comes
D	3	Bees make
D	3	Cows eat
D	3	The sky is
D	3	Grass is
D	3	Apples are
D	3	Lemons are
D	3	Two plus two
D	3	Three times three
D	3	The capital of
D	3	The largest ocean
D	3	The longest river
D	4	The tallest mountain
D	3	Albert Einstein
D	3	Isaac Newton
D	3	The Roman Empire
D	3	The Great Wall
D	5	The Eiffel Tower
D	3	The Pacific Ocean
D	3	Mount Everest
D	3	The sea is
D	3	The first man
D	3	The speed of
D	3	The history of
