A	79	The rain beetles are a group of beetles found in the far west of North America. They spend most of their lives underground, emerging in response to rain or snow, thus the common name. Formerly classified in the Geotrupidae, they are currently assigned to their own family Pleocomidae, considered the sister group to all the remaining families of Scarabaeoidea.
A	67	On this date in 1751, James Madison was born in Virginia. The Deist, who became primary author of the secular U.S. Constitution and Bill of Rights, and fourth President of the United States, originally contemplated the ministry as a career. After graduating from Princeton, Madison was appointed a delegate to the Virginia state convention.
A	74	Binoculars are really just two refracting telescopes joined together with a hinge. Soon after telescopes were invented, people started to fasten two of the long tubes together to make binoculars. These long binoculars, however, were heavy and difficult to handle. Since it was difficult to keep these tubes parallel to one another, the image seen was often doubled.
A	70	Every parent can use a little help now and then, and birds are no exception. Some species even use nannies to feed and care for chicks. These "daycare" babies don't seem to do any better than offspring raised by mom and dad alone do, however, and researchers have struggled to figure out how birds benefit from the assistance.
A	77	To complicate matters, the majority of these locations were small villages that are not registered in most indexes or Google Earth. In addition, the place name could be several words, and the point at which the series of letters were split into words seemed arbitrary at times. Some place names were rather commonly used throughout the region for different locations and therefore not a good indicator of a unique location.
A	78	This article on Human Slide Shows explains how to actively involve students in examining texts of plays or other pieces of literature and using a drama strategy to present their creative interpretation of the words on the page. Human Slide Shows are a series of silent, still focused Tableaux that depict a sequence of events. The creation of the slides requires the authentic use of several reading comprehension strategies.
A	64	The Battle of Pharsalus was the decisive battle of Caesar's Civil War. On 9 August 48 BC at Pharsalus in central Greece, Gaius Julius Caesar and his allies formed up opposite the army of the republic under the command of Gnaeus Pompeius Magnus ("Pompey the Great").
A	70	Results from the Stardust mission that returned last January 2006 to Earth with tiny particles from a July 2004 rendezvous with Comet Wild2 now has scientists rethinking the idea of the origin of life itself no less. The early solar system was shaken and stirred far more than astronomers ever thought, analysis of dust collected from a comet reveals.
A	71	There are many qualities that have been suggested that separate human beings from other living species. These include tool making, an ability to dream and especially the development of highly sophisticated language skills. But as we learn more about animal life, the rudiments of such talents are described in other species. A truly distinguishing feature of our species is our ability to cry emotionally.
A	66	White powdery patches develop on leaves, young stems, buds, flowers and even fruit. Patches may enlarge until the entire area is covered. With time, these patches become mealy or felt like and turn gray to tan. Leaves may stunt, curl, become chlorotic and drop early. Flower buds maybe deformed.
A	67	Warts, also called verrucae, are small benign growths usually caused by a viral infection of the skin or mucous membrane. The virus infects the surface layer of skin. The viruses that cause warts are members of the human papilloma virus (HPV) family, of which there are many different strains.
A	73	People had been dreaming of space travel for some time before the launch of Sputnik. In 1903 Russian rocket scientist Konstantin Tsiolkovsky showed mathematically that an artificial satellite was feasible, though the US paid little attention to his work. Rocketry developed over the next several decades, and the idea of spaceflight captured the public’s imagination.
A	75	Earth’s aurorae, or Northern and Southern Lights, provide a dazzling light show to people living in the polar regions. Shimmering curtains of green and red undulate across the sky like a living thing. New research shows that aurorae on distant "hot Jupiters" could be 100-1000 times brighter than Earthly aurorae.
A	68	Liturgical Movement, a 19th- and 20th-century effort in Christian churches to restore the active and intelligent participation of the people in the liturgy, or official rites, of the Christian religion. The movement sought to make the liturgy both more attuned to early Christian traditions and more relevant to modern Christian life.
A	75	GONORRHEA INFECTS ABOUT 1 million people in the U.S. each year. Searching for a vaccine, researchers have focused on hairlike structures made of a protein called pilin that protrude from the gonococcus bacteria and attach to host cells. But the protein constantly reshuffles the set of amino acids it presents on its surface.
A	74	If the brain lacked oxygen for only a very brief period of time, a coma may be reversible and the person may have some return of function. However, this depends on the extent of injury. Some patients recover many functions, but have abnormal movements such as twitching or jerking. Seizures may sometimes occur, and may be continuous (status epilepticus).
A	79	More than ten years ago, my laboratory showed that a enzyme found in bacteria that could carry out recombination between chromosomes could also function in human cells. This enzyme, called phiC31 integrase, has became a useful tool for modifying the chromosomes in a wide variety of organisms, including human and mouse cells, as well as cells from fruit flies, plants, toads, and other organisms.
A	75	The AC is then sent to the rectifier bridge and it is located inside on the back wall of the alternator. The job of the rectifier bridge is to convert the stators AC voltage into DC voltage. Inside the rectifier bridge there are six diodes (three positive and three negative). Since the AC sine waves go negative and positive you need to convert both sides.
A	77	Warning is hereby given that not all Project Ideas are appropriate for all individuals or in all circumstances. Implementation of any Science Project Idea should be undertaken only in appropriate settings and with appropriate parental or other supervision. Reading and following the safety precautions of all materials used in a project is the sole responsibility of each individual. For further information, consult your state’s handbook of Science Safety.
A	69	Litter pollution in the form of plastic and styrofoam pollution is prevalent as beach pollution on most stormwater retention lakes. Retrieve trash and floatable debris once corralled by a floating boom is simple. Simply direct the litter to the shoreline where it can be economically collected in a net system or removed with a skimmer.
A	72	Anyone who has spent time in the tropics knows that the diversity of species found there is astounding and the abundance and diversity of ants, in particular, is unparalleled. Scientists have grappled for centuries to understand why the tropics are home to more species of all kinds than the cooler temperate latitudes on both sides of the equator.
A	72	Atrial septal defect (ASD) is a hole in the wall between the two upper chambers of the heart, called the atria. This hole usually does not cause any symptoms or problems in a young child. Over a person’s lifetime, the extra blood crossing the hole goes to the lungs. This can damage the blood vessels of the lungs.
A	71	Power supplies can be integrated into a device or externally attached, portable modules, depending on their operating temperature and risk of overheating. Power supplies are necessary to the operation of just about every electrical device, including desktop and laptop computers, cell phones, lasers, telecommunications like radio, phone lines and the internet, medical equipment, lamps, appliances and industrial machinery.
A	67	I’ve always said that my primary interest in railroads is not necessarily the machine that is a train, but instead the way railroad systems change over time, and how they influence the people and locations around them – or even how places influence the rails. For those with similar interests, the city of Berlin is a great case study.
A	80	Once the client has initialized the SSL context, it's ready to connect to the server. OpenSSL requires us to create a TCP connection between client and server on our own and then use the TCP socket to create an SSL socket. For convenience, we've isolated the creation of the TCP connection to the tcp_connect() function (which is not shown here but is available in the downloadable source).
A	78	Rights that belong to an individual as a consequence of being human. The term came into wide use after World War II, replacing the earlier phrase natural rights, which had been associated with the Greco-Roman concept of natural law since the end of the Middle Ages. As understood today, human rights refer to a wide variety of values and capabilities reflecting the diversity of human circumstances and history.
A	74	About 90 percent of the area's amphibian and reptile species, 43 percent of the butterfly species, 10 percent of the bird species and 94 percent of the bat species are unique to this area. Found 30 million years ago in North America, the now endangered solenodon is a small shrew-like mammal found only on the island of Hispaniola.
A	79	Before the antebellum period began in roughly 1830, these Cherokee had already begun to create a new, modern society governed much like the United States. They created a constitution modeled after America’s Constitution and adopted three branches of government. They divided their land into districts and chose representatives, who attended sessions at a capital in New Echota, a town in present-day Gordon County, Georgia.
A	75	Titanic was built in Belfast, Ireland in 1912. She was the largest and most luxurious ship ever built. Titanic measured 269 metres by 28 metres. Everyone thought the Titanic was unsinkable. On April the 10th 1912 she set sail from Southampton to New York carrying 891 crew and 1317 passengers the captain of the ship was Edward John Smith.
A	77	Long ton (L/T sometimes known as a gross ton, weight ton, or imperial ton) is the name for the unit called the "ton" in the avoirdupois or Imperial system of measurements, as formerly used in the United Kingdom and several other Commonwealth countries. It has been mostly replaced by the short ton in the United States and the metric tonne elsewhere.
A	65	During the 2007 trip, Gillespie and his crew uncovered early 20th-century makeup and two pieces of broken glass that match a 1930s compact mirror, among other artifacts. DNA can be extracted from such remnants as long as those artifacts aren’t contaminated during the collection process. Unfortunately, in 2007, they were.
A	79	Global warming is the increase in the average temperature of Earth's near-surface air and oceans since the mid-20th century and its projected continuation. According to the 2007 Fourth Assessment Reportby the Intergovernmental Panel on Climate Change (IPCC), global surface temperature increased 0.74 ± 0.18 °C (1.33 ± 0.32 °F) during the 20th century.
A	70	Visible Satellite ImageryThis type of satellite imagery uses reflected sunlight (this is actually reflected solar radiation) to see things in the atmosphere and on the Earth's surface. Clouds and fresh snow are excellent reflectors, so they appear white on the imagery. Clouds can be distinguished from snow, because clouds move and snow does not move.
A	69	Scientists have long been trying to mimic the photosynthesis perfected by leaves -- turning sunlight and water into energy that can be stored. While many have made attempts, there seems to be one group of scientists that have pulled it off. The news comes from the 241st National Meeting of the American Chemical Society, where the researchers made their announcement.
A	66	Tumors that develop outside the adrenal glands are called paragangliomas. About 10 to 15 percent of pheochromocytomas are malignant, or cancerous, with the potential to spread to other parts of the body. The condition may occur at any age, but is most common in young and middle-aged adults.
A	75	An angiogram is an imaging test that uses x-rays to view your body’s blood vessels. Physicians often use this test to study narrow, blocked, enlarged, or malformed arteries or veins in many parts of your body, including your brain, heart, abdomen, and legs. When the arteries are studied, the test is also called an arteriogram.
A	79	Forgetting (retention loss) refers to apparent loss of information already encoded and stored in an individual's long term memory. It is a spontaneous or gradual process in which old memories are unable to be recalled from memory storage. Problems with remembering, learning and retaining new information are a few of the most common complaints of older adults. Memory performance is usually related to the active functioning of three stages.
A	65	Tuberculosis has been around long enough to earn many labels. Back in 18th and 19th century Europe it was characterized as “a romantic disease,” given its high prevalence among artists and writers, but recent research has shown that the earliest trace of TB can be found in human remains from nearly 9,000 years ago.
A	66	Why do you use technology in your classroom? To many instructors, it’s because of convenience. Technology allows instructors to go paperless, enhance a lecture with a video, create a blog to supplement the class, and countless other things. But can technology teach students as well? In the case of digital writing…absolutely!
A	80	This remarkable ability depends on millions of little sensor cells found at the back of our noses called olfactory receptor cells. Each of these cells have hair-like structures, called cilia, which protrude into the mucosal lining of our noses. There, these cilia have direct contact with sniffed-in air, making olfactory receptors cells the only brain cells that directly interact with the outside world.
A	79	Today this is an extremely difficult process, requiring manual manipulation of molecules using such devices as a scanning tunneling microscope. Eventually it is expected to exploit lifelike self-replicating 'helper molecules' that are themselves engineered. Thus the field can be seen as a precision form of chemical engineering that includes protein engineering, the creation of protein molecules, a process that occurs naturally in biochemistry, e.
A	77	Panoramic paintings are massive artworks that reveal a wide, all-encompassing view of a particular subject, often a landscape, military battle, or historical event. They became especially popular in the 19th Century in Europe and the United States, inciting opposition from some writers of Romantic poetry. A few have survived into the 21st Century and are on public display.
A	64	Over the centuries, paper has been made from a wide variety of materials such as cotton, wheat straw, sugar cane waste, flax, bamboo, wood, linen rags, and hemp. Regardless of the source, you need fiber to make paper. Today fiber comes mainly from two sources wood and recycled paper products.
A	73	More than one million tiny weed-eating beetles have been released in endangered wetlands around the state by the Department of Agriculture. Since the early '90s, beetles have been used as nature's foil to purple loosestrife, a noxious, invasive weed that has crowded native plants out of more than 50,000 acres in Minnesota.
A	71	Before the B-29 could take flight over Japan, America needed to secure a flight base on the Marianas Islands. The base needed to be the right size and in the right location. The one place that would work was Saipan. The only thing standing between America and air supremacy over Japan was 30,000 Japanese troops stationed on the island.
A	74	The elms belong to a temperate family and have about 15 genera with over 150 species of trees and shrubs. A few species are tropical. The United States has five genera but only two contain common tree species. Both of these genera (Ulmus and Celtis) occur in the U.P. American elm and slippery elm are the most common.
A	70	The primary web file formats are gif (pronounced “jiff”), jpeg (“jay-peg”), and, to a much lesser extent, png (“ping”) files. All three common web graphic formats are so-called bitmap graphics, made up of a checkerboard grid of thousands of tiny colored square picture elements, or pixels.
A	71	In all, we have studied vocabulary learning with more than 2,000 children. We've conducted design studies in an attempt to understand the active ingredients of high-quality instruction, as well as randomized controlled trials examining the impact of interventions. We've looked at vocabulary learning in the home and in school, and the environmental supports that are typical for young children.
A	69	This kind of counting is surely ancient, but it was given a formal, axiomatic basis just a century ago by the Italian mathematician Giuseppe Peano. Peano's scheme of arithmetic begins by postulating the existence of the number zero, or 0. The next number is defined as the successor of zero, written S(0).
A	79	A number of fumarole communities exist on volcanic ground in Antarctica. Fumaroles are openings in the earths surface, which emit steam and gas. Temperatures at fumaroles can reach 60° C only 10 cm below the surface. Plant colonies often thrive in these areas because of the warmer temperatures and the limitless availability of free water from steam and melting snow or ice.
A	68	Following the 2009 outbreak of the H1N1 pandemic flu and the numerous delays in producing vaccines against the virus, the US Department of Health and Human Services (HHS) recognized the need to invest in new vaccine technologies that can ensure national preparedness for a pandemic influenza or other diseases. Many other countries are focused on developing similar capabilities.
A	74	In Europe, simple paneling on doors was used in Greco-Roman classical architecture, as it was in the transitional Italian Romanesque interiors. Its extensive use on walls and furnishings, however, began in the Gothic period. The richness and warmth of interior wood paneling is a highly characteristic aspect of the Tudor and Elizabethan styles of decoration in England.
A	68	The research team found that fifth graders' understanding of fractions and division predicted high school students' knowledge of algebra and overall math achievement — even after statistically controlling for parents' education and income and for the children's own age, gender, I.Q., reading comprehension, working memory, and knowledge of whole number addition, subtraction and multiplication.
A	80	FYI: interrupt(): sets the interrupted flag in the Thread object on which was called. It does no more. Thread.interrupted(): static, it clears interrupt status of the current thread (the one executing the sentence). It returns the status before clearing it. When a thread that is waiting, sleeping or joining is interrupted by another thread, it wakes up and throws Interruptedexception.
A	78	Prions kill mice in much the same way that they kill humans-swiftly, rendering the brain spongelike from extensive neuronal losses within months of infection. No one has found a plausible therapy that can stop a prion disease. But there is new hope that such a therapy can be devised, and that it might work against other neurodegenerative diseases as well, including Alzheimer's and Parkinson's.
A	73	Second grade students frequently study the properties of objects, as well as the many different ways that objects interact with one another, including chemical reactions, physical reactions, and magnetism. Watching these types of interactions typically generates “oohs” and “aahhhs” from second graders. But there's nothing quite like performing the interaction while others observe.
A	71	Over the years, Juneteenth, also known as Freedom Day, has become a time for family and community oriented local celebrations. But, many are still searching for ways to establish rituals and traditions that acknowledge one of the most important historical events in our young country's past. Many of these celebrations have been held in African-American communities for obvious reasons.
A	69	There are two general types of fallacies in logic: formal and informal. Formal fallacies are errors in logic that are due entirely to the structure of the argument, it is an error in the process of building an argument - not the content of the premises, meaning that even if the premises are true, the argument cannot support its conclusion.
A	73	Poverty is a social issue that plagues many countries around the world. It is one of many international issues that do not have an easy solution. The United States has struggled with poverty-related issues for centuries. Despite many efforts made by the government, poverty is still a major concern for many families and individuals. According to the United States Census Department, 39.
A	72	Lymphedema is caused by a blockage in your lymphatic system, an important part of your immune and circulatory systems. The blockage prevents lymph fluid from draining well, and as the fluid builds up, the swelling continues. Lymphedema is most commonly caused by the removal of or damage to your lymph nodes as a part of cancer treatment.
A	65	THE tree of life needs new roots, according to a controversial new theory of how our earliest single-celled ancestors were related to each other. The theory dismisses the notion that life first evolved in hot, extreme environments. It suggests instead that our oldest ancestors were cool-living, sun-worshipping bacteria.
A	76	As discussed in a previous part of Lesson 4, the shape of a velocity vs. time graph reveals pertinent information about an object's acceleration. For example, if the acceleration is zero, then the velocity-time graph is a horizontal line - having a slope of zero. If the acceleration is positive, then the line is an upward sloping line - having a positive slope.
A	70	Leafminer larvae live inside the leaves of many trees, shrubs, vines, and herbaceous plants. They feed on the mesophyll, the spongy and palisade cells between the upper and lower epidermises of the leaf. This environment within the leaf provides a moist area that is protected from at least some predators and parasites.
A	71	Getting your hands on valuable teaching materials is not nearly as difficult as it can seem at first. The Internet has many resources for teachers, most of them free, that can significantly increase the contents of your teaching toolbox. You can also make your own materials. Every learning material you develop will be an asset to you when you next teach a similar unit.
A	66	Living organisms are classified into groups called kingdoms. There are five kingdom classifications; Monera, Protista, Plants, Animals and Fungi. Mushrooms, mold, mildew, slimes and rusts are included within the kingdom of Fungi. Throughout history, mankind has developed useful applications for some fungi.
A	66	So this is going to be a linear model. What does the equation of an exponential equation look like? When t is equal to one, F is equal toand so we should be able to use that information to solve for a. If she pays her fine now there will be no added penalty. Writes a linear equation.
A	75	Non-numeric characters dollar signs, percent signs, commas, etc. Finally, for a much more fun look at this whole topic, check out the Schoolhouse Rock song Little Twelvetoes.bsaconcordia.comA.3 Write numbers from 0 to Represent a number of objects with a written numeral (with 0 representing a count of no objects).
A	68	In an effort to better understand how the marshes in the Reserve will respond to sea level rise, CBNERR-MD started in 2007 a project to monitor marsh soil elevation change (as a result of erosion, marsh settlement, sediment accumulation) using two different field techniques: Surface Elevation Tables (SETs) and marker horizons.
A	70	European white stork (Ciconia ciconia) populations have been object to several conservation measures such as reintroduction programs, habitat improvement or supplementary feeding in the last decades. Although recent white stork censuses revealed an upward trend of most of the western populations, evaluations of the relative importance of certain conservation measures are still scarce or even lacking.
A	74	Shapes are the building blocks of geometry. Learning about shapes is a fundamental step in the basics of maths. Children need to start to understand what the properties of shape are, and how to classify shapes. Why do we need Geometry? Geometry is necessary for us to discover patterns, find areas, volumes, lengths and angles, and better understand the world around us.
A	76	Community Commons has recently added data from the USDA Food Nutrition Service showing which school districts around the country are adopting or planning to adopt farm to school policies. Areas in dark blue indicate an active involvement and implementation of programs and policies in the 2013-2014 school year. Areas in light blue indicate plans for implementation in future school years. Areas in yellow indicate no activities and no current plans.
A	71	In 1939, shortly after the discovery of nuclear fission, Heisenberg became a principal scientist in the German nuclear energy project known as the Uranverein (Uranium Club). In February 1942, he proposed acquiring energy from nuclear fission to Reich officials. Subsequently, the Uranium Club became the Reich Research Council with emphasis on the development of nuclear weapons.
A	69	Hypervigilance is a state of increased alertness. If you’re in a state of hypervigilance, you’re extremely sensitive to your surroundings. It can make you feel like you’re alert to any hidden dangers, whether from other people or the environment. Often, though, these dangers are not real.
A	69	While there is no cure, patients can manage their type 2 diabetes by eating well, exercising, and (in some cases) taking medications recommended by your doctor. Monitoring your blood sugar is also important. Sometimes even maintaining a healthy weight isn’t enough to manage this condition. In some cases, your doctor will determine that medication intervention is needed.
A	71	Method 1. Identifying Stinging Nettle. Do an image and information search on the Internet for "Stinging Nettle" or Urtica dioica. Take a look at the entire plant. Look at the stems. Notice the type of root this plant has. Study the leaves. Look for the flower c.er of the plant..
A	76	Kids learn about the biography and life of explorer christopher columbus history biography geography the routes taken by columbus on his four voyages. Encuentra history of the life and voyages of christopher columbus de washington irving (isbn: 9781117215204) en amazon envíos gratis a partir de 19.
A	71	Exemplar ap us history the era of good feelings and jackson apush socratic seminar rubricdocx thank you so much for being part of the betterlesson. Review history all year long with mr 27-11-2017 the word history jacksonian era dbq comes from the greek word historía which the apush.
A	70	We have learnt how electrons involve in stabilisation of an atom. The number of protons in the nucleus is known as the atomic/proton number of the particular element. It is the proton/atomic number (Z) that determines the number of electrons, specific electron structure and the specific identity of an element in terms of its physical and chemical properties.
A	65	If you are looking for conversation questions or conversations starters for native speakers of english instead of esl students you can check out this page of 250 conversation starter questions or this page of topic based conversation questions. English speaking and conversation level: intermediate this innovative series of worksheets is designed to get students talking about a variety of topics.
A	73	Humans depend on the daily intake of vitamin C from food. If the vitamin is missing over a longer period of time, the deficiency disease scurvy develops. This maritime disease has long been extinct with us, because through our food, the basic supply is covered. In certain times or situations, however, it is advisable to increase its vitamin C intake.
A	71	However, heuristics often lead to consistent and reproduceable errors in reasoning. Take this test for example. You are presented with four cards. Each card has a letter on one side and a number on the other. Which cards should you turn over to test this hypothesis: All cards with vowels on one side have an even number on the other.
A	76	The 5th Grade learned about different Native American tribes that settled in the United States. As a conclusion to this unit, each student chose a type of Native American home to build. They then had to answer some questions about what tribe would have built this home, what would they have used, why they would have built this type of home, and what they used to build it.
A	78	So soon as Galileo had completed his elementary education, he was sent to a monastery to receive a thorough literary education at the hands of the monks. He came very near accepting holy orders himself, but his father had other plans for him. His first intention had been to apprentice Galileo to the wool-merchant business, so that he might be of financial assistance to the family.
A	66	Arduino is an open-source prototyping platform based on easy-to-use hardware and software. Arduino boards are able to read inputs – light on a sensor, a finger on a button, or a Twitter message – and turn it into an output – activating a motor, turning on an LED, publishing something online.
A	77	The different responses of the two species probably reflect their social structures, the authors say. Pilot whales live in strong social groups that cooperate to fend off predators, whereas Risso’s dolphins—which have weaker social bonds—might find swimming away from a threat the better option. Either way, eavesdropping on predators seems to be very important for surviving the seas.
A	68	Blue, Yellow, Red is the Work Time activity for today in which students work through scaffolded problems involving Pythagorean Theorem. As student pairs work through each color of problem, they trade their cards in for the next level. I explain that I expect all groups to complete the first two levels and record their work in their journals.
A	72	Frederick Douglass (born Frederick Augustus Washington Bailey, c. February 1818 – February 20, 1895) was an African-American social reformer, orator, writer and statesman. After escaping from slavery, he became a leader of the abolitionist movement, gaining note for his dazzling oratory and incisive antislavery writing.
A	71	Dengue comes in two forms. Dengue fever usually starts with a high fever and chills and may include headaches, backache and muscle and joint pain. Dengue hemorrhagic fever is a potentially deadly disease characterized by a high fever and may be accompanied by loss of appetite, nausea, vomiting, abdominal pain and nose or gum bleeding.
A	65	Scientists have long sought to develop a theory that can describe how the cosmos works in its entirety. Currently, researchers have two disparate theories, quantum mechanics and general relativity, which can respectively mostly explain the universe on its tiniest scales and its largest scales. There are currently several competing theories seeking to reconcile the pair.
A	73	Industrial conveyor belts carry many different kinds of objects from one area of a manufacturing facility to another, including raw materials, parts, finished products, packaging, bottles and pallets or boxes of goods. It is especially important that industrial belts be strong, durable and resistant to the facility's environmental conditions, whether those conditions involve moisture, chemicals, oil or extreme temperatures.
A	74	According to government legislation, a disability is "an impairment that limits function." What exactly does THAT mean? Well, basically it means that something is going on with you that may change the way you do things or the way in which you live your life. Maybe it affects the way you learn, the way you get around, or the way you take care of yourself.
A	76	There is so much to learn and so many skills to develop from this project. You can work with a group or on your own. Choose one of the topics from the What Can We Learn From The Data lesson, Unit 2 Activity 5. If there is another topic you are very interested in, let Mr. H know. The topic should be based on a pressing global issue.
A	77	In 1878, Mississippi was hit with a “natural” disaster that, in terms of victims, far surpassed Hurricane Katrina. An outbreak of yellow fever led to hundreds of deaths in Mississippi (more than 4,000 nationwide), depopulated communities and widespread lawlessness and panic. The frightening part was that no one knew the source of the disease, and there was no cure.
A	78	Chemistry is the science of matter, the physical material that makes up everything in the universe. Matter is anything that takes up space and has a measurable amount of substance, or mass. All matter (including water) is made up of submicroscopic parts called atoms. Although scientists know a great deal about atoms, a simplified explanation provides a good starting point in understanding their complex structures.
A	71	Characteristics of high functioning autism are very different than those with more severe forms of the in addition to exhibiting other characteristic symptoms. Children with autism have distinct facial features: the study found that children with autism have distinct differences in facial characteristics than typically. Cdc data show progress has been made in identifying children with autism spectrum disorder (asd) at younger ages.
A	66	Constitution of the united states we the people of the united states, in order to form a more perfect union, establish justice, insure domestic. Research within librarian-selected research topics on us constitutional history and issues from the questia online library, including full-text online books, academic journals, magazines, newspapers and more.
A	70	Man and metals have an age-old relationship. Different periods of early human civilisation have been named after metals. The attributes of gold influenced the mind and heart of Indians so much so that they conferred upon the supreme spirit the designation of hirnyagarbha. It was so called, because he remains in a golden egg as an embryo.
A	78	In fruit flies, adults emerge in large numbers from the pupae every day within an 8–10 hour interval starting a couple of hours before dawn, when humidity is high and temperature low. This increases the chances of survival of the flies. It is believed that developmentally mature flies emerge during or before this period, while others who mature after this time need to wait until the next day.
A	77	Mr. Walsh said, "We went in not knowing what to expect. We did not have any particular ideas except that there had been a suggestion that he might have been high in mercury. That suggestion came from people who thought that perhaps his miserable symptoms he had in his life might have been syphilis, and if he had syphilis, he would have had mercury medications.
A	65	The Battle of Chacabuco, fought during the Chilean War of Independence, occurred on February 12, 1817. The Army of the Andes of the United Provinces of the Río de la Plata led by General Captain José de San Martín defeated the Spanish force led by Rafael Maroto.
A	65	These classes are abstract classes that the servlet container is responsible for implementing. The ServletInputStream class extends from the abstract java.io.InputStream class. This is the base class for input streams of bytes, and extending from it allows us to construct any necessary input reader objects that take the InputStream class in the constructor.
A	78	A refugee is someone who fears persecution while living in his or her home country, due to race, religion, nationality, or belonging to a particular social/political group, and seeks the protection of another country (Hodes, 2000). It is estimated that there is 19.2 million refugees world wide in which half of these are children (Ehntholt & Yule, 2006).
A	73	The monarch butterfly has gained national attention, due to a substantial decline in its population since the mid-1990’s. Over 80% of the monarch population has disappeared over the past two decades which is largely attributed to habitat loss. Simular to birds, the monarch butterfly has a two-way migration path and overwinters in the southern United States and Mexico.
A	70	They found that, when the turbines were operational at night, they raised the air temperature around the turbine by nearly 0.2°C and fractionally increased the absolute humidity. The turbines also increased the variability in air, surface and soil temperature throughout each 24-hour cycle. During the period when the turbines were inactive, the climate effects were absent.
A	68	The Battle of Dungan’s Hill takes place in County Meath on August 8, 1647. It is fought between the armies of Confederate Ireland and the Parliament of England during the Wars of the Three Kingdoms. The battle takes place near the modern village of Summerhill and along the present main road between Trim and Kilcock.
A	72	Water cooling systems are simple in concept but require more work than a traditional air cooler or all-in-one liquid cooler. A pump is required to circulate water through a water block attached to the components that need cooling. Heat is transfered to the water, where it flows to a radiator which expels the heat into the air surrounding the computer.
A	65	In Paris, where she lived with an American, Gilbert Imlay, during much of the French Revolution, she was close to many of the Revolution's leading political figures. After the birth (1794) of a daughter, Fanny, Imlay deserted her, and in 1797 she married William Godwin.
A	78	It's important to encourage student involvement in both arts and technology. The DIY Robot Hand STEAM Activity combines the best aspects of both fields by having students design and create an engineering marvel. Artistry and design are pivotal to the development of scientific technology, especially in the field of robotics. Including art in STEM fields creates a more approachable and dynamic view of the technology sector.
A	72	Two very common steps for a data analyst are to subset data or to aggregate data. When you write code that subsets data, you instruct the computer to pick out a portion of the data and work with that smaller set. For example if you have data on law firm mergers, you might want to isolate the mergers in a single state or for a particular year.
A	67	Ribosomes are a type of organelle that acts as the site of protein translation. Ribosomes free-floating in the cytosol will produce cytosol proteins, while ribosomes attached to the endoplasmic reticulum (forming rough ER) will produce proteins destined to be transported to an organelle or the cell membrane or outside of the cell.
A	66	This section that I am currently working through is all about how the internet works. The internet is kinda weird. Or at least is in my opinion. It is this vast multi tool that we use every day and most of the time and most of us, at least at a rudimentary level very vaguely know how it works.
A	78	In 2013, new digital imaging technology allowed scientists from the University of Southampton to more closely study the Hoa Hakananai'a statue in London’s British Museum. Taken to England in 1868, the 4.5-ton stone statue’s block face and furrowed brow exemplify the even more massive moai scattered around Easter Island, or Rapa Nui.
A	76	Slavery: cause and catalyst of the civil war us department of the interior national park service and was ultimately one of the primary catalysts for war. More from wes about the causes of the civil war what led to the outbreak of the bloodiest conflict in the history of north america a common explanation is that the civil war was fought over the moral issue of slavery.
A	80	Teacher Tip: This lesson is an introduction to matter. Some students have, or at least should have been exposed to the basics of matter in elementary school. This is not always the case, which is why I start the unit with the very basics. If the children have been exposed, then this lesson serves as a way to extract prior knowledge from them and get them thinking about the topic again.
A	69	It lies between the Vipava Valley, the low hills surrounding the valley, the westernmost part of the Brkini Hills, northern Istria, and the Gulf of Trieste. The western edge of the plateau also marks the traditional ethnic border between Italians and Slovenes. The region gave its name to the karst topography.
A	76	Ultraviolet (UV) germicidal lights produce short wavelength light (or radiation) that can damage the genetic material in the nucleus of cells of microorganisms such as bacteria, viruses, and molds. The cells may be killed or made unable to reproduce. With extended exposure, UV germicidal irradiation (UVGI) can also break down the particles that have deposited on an irradiated surface.
A	79	Mary Berbee, a professor in the department of botany, is responding to the increased interest in foraging by developing an app in collaboration with the Beaty Biodiversity Museum, B.C. Centre for Disease Control, regional mushroom clubs, and UBC’s Peter Wall Institute Institute for Advanced Studies that will help collectors identify mushrooms out in the woods in order to avoid poisonous species.
A	74	Greenland's mass balance is estimated by the Gravity Recovery and Climate Experiment (GRACE) satellite, which measures shifts in Earth’s gravity field. The GRACE data offers a complete picture of the entire ice sheet. Figure 1 shows the ice mass changes in Greenland from April 2002 to February 2009. The blue line and crosses show monthly values of ice mass.
A	66	The significance of folios: The story of Shakespeare’s remarkable rise to global prominence begins with his promotion in the 17th century in a series of large, handsome, folio volumes.“Folio” was the name for the largest books in this period, books made of sheets of paper folded only once to make pages.
A	70	The aim of this course is to provide students with a deeper and more detailed knowledge of spoken and written Italian. The course will focus on intensive oral work, reading and writing exercises based on literary prose texts, newspaper articles, authentic listening and reading materials. Literary texts and readings will widen vocabulary, reinforce grammatical topics and introduce topics for conversation.
A	80	Sinusitis is a type of infection that causes painful swelling in the sinus area. The sinus area refers to the cavities around the nose and forehead. Sinusitis is often caused by a viral infection, which persists long after the upper respiratory symptoms have disappeared. Apart from a viral infection, a deviated septum, a tooth infection, nasal polyps, and seasonal allergies could trigger sinusitis.
A	79	While it’s clear that adolescence is a period of life that is rife with stereotypes, there is some truth to the cliches. Many neuroscience studies have now established that there are significant changes happening in the brain in adolescence. And the things that teenagers are often derided for – like their risk taking and vulnerability to peer pressure – are actually rooted in changes occurring in the brain.
A	79	If you have gums that are inflamed, red, irritated, and bleed easily, you are suffering from gingivitis. Inflammation of your gum tissue can arise if you build up plaque on your teeth and do not remove it effectively when brushing, flossing and using mouthwash. It can also arise from other health problems and from too much mouth breathing or a poor diet.
A	80	What we have shown here is that we can make tiny, conductive wires of the smallest possible size that essentially assemble themselves, said lead author Hao Yan, a Stanford postdoctoral researcher in a statement.The process is a simple, one-pot synthesis. You dump the ingredients together and you can get results in half an hour. Its almost as if the diamondoids know where they want to go.
A	77	So, as you can see, the Eastern seaboard was a veritable beehive of activity, as the European sea powers explored, tested the market, and attempted to settle North America. The Spanish were first, the French on what is now Canada were second, and the English a distant third. That's if you don't count the Vikings from several hundred years before.
A	70	Normal vision relies on healthy eyes, retinas, and their proper wiring of the brain structures that process visual information. Light which enters the eye is sensed by photoreceptors on the retina. The information is then transmitted via the optic nerve to the lateral geniculate nucleus and from there to the first stage of cortical visual processing, the primary visual cortex.
A	78	Arcs of electricity crawl over the Z Machine at Sandia National Laboratories in Albuquerque like an energetic spiderweb. Astronomers and physicists from McDonald Observatory and Sandia are using the machine, which was designed to study nuclear weapons, to simulate the atmospheres of white dwarf stars. The machine collects electricity from a standard power grid, compresses it, then stores it.
A	71	In most provinces and states, ADA (Americans with Disabilities Act of 1990) compliant signage or Braille sign is mandated by the law. You must be familiar with raised dots found on everything from elevator buttons to washroom signs to direction signs. The signage is meant to make city buildings, streets, and facilities accessible to people with impaired vision.
A	80	The Moche (or Mochica) were a civilisation who occupied the northern Peruvian coast between modern-day Lambayeque and Virú and influenced an area that ranged from Huarmey to Piura in the north. They were a collection of peoples with a similar culture and had no central political authority on a grand scale, i.e. they never formed an empire.
A	74	The drag coefficient is a common measure in automotive design as it pertains to aerodynamics. Drag is a force that acts parallel and in the same direction as the airflow. The drag coefficient of an automobile impacts the way the automobile passes through the surrounding air. When automobile companies design a new vehicle they take into consideration the automobile drag coefficient in addition to the other performance characteristics.
A	64	RECEPTION: Children introduced to taking home books to read with Parents on a regular basis. Parents/carers are encouraged to seek opportunities in every day situations to develop their child socially and intellectually e.g. by playing games, taking turns, I spy, counting, singing rhymes, sharing books.
A	67	Periodontal treatment is required when these structures are adversely affected by disease. Keeping your teeth can be directly related to how well you maintain them, and what kind of restorative work can be done to save damaged teeth. Aside from the desire to keep your mouth healthy on its own merit, a healthy mouth will appear much more attractive.
A	70	Chinese Art Different forms of art have been influenced by great philosophers, teachers, religious figures and even political leaders. Early forms of art in China were made from pottery and jade in the Neolithic period, to which bronze was added in the Shang Dynasty. The Shang are most remembered for their bronze casting, noted for its clarity of detail.
A	80	We begin by showing an example of an acrostic. They realize immediately what they're about to do and get SO excited because they've all done it before with their own names. So, getting the format in their heads, I then begin to show them the way they've done it before. Again, they are so excited I feel like I'm getting ready to tell them Christmas is cancelled!!
A	71	In this video we learn how to understand the Rule of Vertically Opposite Angles. This says that when two straight lines cross it produces vertically crossed lines that must have congruent angles. Because the lines are straight this has to happen. Remembering the rule "supplementary" you will be able to calculate the angle of A and B in the equation.
A	71	Space. The material environment is a 3D space, which means all objects have x, y, and z dimensions. The z-axis is perpendicularly aligned to the plane of the display, with the positive z-axis extending towards the viewer. Every sheet of material occupies a single position along the z-axis and has a standard 1dp thickness.
A	64	Key terms as always are listed in yellow throughout the lesson. First key term is Romanesque-- styles of sculpture, painting, decoration, or architecture during the period from 9th to 12th centure. Reliquary is a storage container for relics. Pilgrimage is a long journey expedition or crusade.
A	73	Design Technology is a very practical and dynamic subject in which students will work individually and in groups to develop a range of skills. Through a variety of creative and practical activities, students will be taught the knowledge, understanding and skills needed to engage in an iterative process of designing and making. They will be encouraged to work in a range of domestic, local and industrial contexts.
A	67	The first two pages of the Act are the nine clauses of the British Act; the remaining 23 pages are the 128 Sections of the original Australian Constitution. These Sections are divided into eight chapters – their headings on page 3 show what is needed to create a new constitutional democracy as a federation, with a monarch as Head of State.
A	75	The Phoebe ring was first discovered in 2009 by astrophysicist Douglas Hamilton using infrared images from NASA’s Spitzer Space Telescope. It was the strange coloring of one of Saturn’s moons Iapetus that led scientists to look for the previously invisible ring. Iapetus has an icy surface that’s white on one side but black on the other.
A	65	The United States is a nation of immigrants. Immigrants have been an essential part of American society since our country’s inception. According to the 2000 Census, there are more than 30 million immigrants in the U.S., equaling 11 percent of the population. One in five children is the child of an immigrant.
A	78	A vitamin is an organic chemical compound (or related set of compounds) that must be obtained from outside the body through diet. In contrast, Vitamin D is a fat-soluble vitamin that is naturally present in very few foods, added to others, and available as a dietary supplement. But it is also produced endogenously when ultraviolet rays from sunlight strike the skin and trigger vitamin D synthesis.
A	71	Infants benefit emotionally and physically from frequent contact, such as holding and cuddling. In addition to the baby's sense of security and self-esteem, these activities also help to develop his sense of touch. Other physical activities that can stimulate an infant's learning are rocking, swaying or swinging, which help develop his sense of balance and movement.
A	79	Black History Month is officially celebrated in the month of February. However, throughout history, in every month, generations of African Americans struggled with adversity to achieve full citizenship in American society. The credible resources on this page will help teachers and students learn more about this rich history. Decades of not treating people with equality and respect spawned the civil rights movement. The Civil War ended in 1865.
A	75	Here the character Jack Cade, the leader of a rebellion against the king, is speaking. This is a simile: a comparison using “like” or “as.” In this example the character is comparing doornails and whoever he is speaking to. Doornails used to be hammered into doors in a way that would make them unusable for anything else.
A	73	A horsepower is about 745 watts. James Watt, trying to market his steam engines, needed a way to explain to potential buyers how much work his engines could do. He measured the work a horse could do in a given length of time, and then did the calculations so he could explain his machines in terms of how many horses one could replace.
A	80	Imagery is language which appeals to the five senses. It doesn't have to appeal to all five at once, but it should be descriptive of a person, place, or object. For example, a paragraph about the colors of a sunset would be primarily visual imagery. A description of a summer day in the desert might focus on tactile imagery- the physical feeling of what's around you.
A	65	Many parts of Africa have been deforested by the expansion of agricultural land. This loss of trees has many detrimental effects. Soil erosion increases because trees no longer block wind and their roots no longer hold soil together. Soil fertility decreases because the input of nutrients in the form of organic matter like leaves from trees vanishes.
A	75	The cattle industry in Florida began soon after the nation’s oldest city, Saint Augustine, was established in 1565. Spaniards imported livestock to meet the needs of the small but critical colony. By the dawn of the 18th century, Spanish, African, and Native American cattlemen worked cows on the vast wet prairies and scrublands found throughout northern and central Florida.
A	68	Session two of this project focused on construction and the adaptation of buildings using different materials. By looking at and thinking about materials and structures as well as hands-on building activities we encouraged the class to think about strength, height and durability. The class also worked with conductive dough and electronic components to make their own sculptures complete with lights and sounds.
A	77	Bob Dylan’s notorious song is brought to life in this colorful illustration representing the past. Dylan’s lyrics convey a nurturing and sentimental narrative intended for future generations. The narrative encourages children to lead a self-righteous life through the empowerment of positive ideals and attitudes. Although, the lyrics foster a distinct attribute, the true character of the story encompasses whimsical illustrations.
A	75	Above combination image shows record low Arctic sea ice for the time of the year (left) and near record low Antarctic sea ice for the time of the year (right), with a combined sea ice extent of only 23.751 million km² on October 28, 2016. In other words, the world is now absorbing a lot of sunlight that was previously reflected back into space.
A	74	Packages are collections of R functions, data, and compiled code in a well-defined format. When you install a package it gives you access to a set of commands that are not available in the base R set of functions. The directory where packages are stored is called the library. R comes with a standard set of packages. Others are available for download and installation.
A	64	In January 1948 India referred the Kashmir dispute to the United Nations (Rahman 1996: 15–19). Prime Minister Nehru took the dispute with Pakistan over Kashmir beyond local and national boundaries by bringing it before the UN Security Council, and seeking a ratification of India’s “legal” claims over Kashmir.
A	79	Children and young people are natural innovators. They are also acutely aware and deeply concerned about the challenges facing their communities. Nurturing their creativity and critical thinking is key to helping them develop their potential to address these problems. Similarly, expanding access to quality education equips them with concrete knowledge and skills in disciplines like science and engineering, which are in demand in this technologically driven world.
A	80	In American Indian communities, people tell legends, folktales, and fables. They tell these stories for many reasons: to recount the history of the people, to tell where they came from, or to relate the exploits of a particular hero. Often stories are told to educate children about cultural morals and values. Stories also help to explain the supernatural and peculiar aspects of animals and the environment.
A	69	Operation Breakfast was a secret campaign proposed by Henry Kissinger, President Richard M. Nixon's assistant for National Security Affairs. Kissinger convinced the president that he should begin a bombing campaign in Cambodia where Vietcong and North Vietnamese had established logistical bases. The secret campaign spurred the Vietnamese to move deeper into Cambodia, which caused U.S.
A	72	Jefferson's written statements about slavery, and his actions, suggest a man philosophically opposed to slavery in the long run of human affairs. He was bleak on the outcome of integration, but disposed to a paternalistic view of his own slaves. Monticello, as did all other farms or plantations of the time, ran on the backs of slaves.
A	78	Originally, the Delian League headquartered on the island of Delos. However, the commanders and chief officials were based in Athens, as most of the troops were, so they moved the headquarters to Athens. Slowly, Athens gained control over most of the city-states in the alliance. Soon the league went from being a partnership against Persia, to an Athenian Empire.
A	70	Researchers are studying applications and materials for creating radio antennas that are sprayed onto a surface. Made from commercially available materials, these devices consist of a conductive substance sprayed over a template with a radio aerial pattern on it. The antennas can be applied directly to walls, windows or fabric shelters, allowing military commanders and relief workers to set up communications networks quickly.
B	38	Enganagri alphabet was invented by Dr. David B. Kelley as an alternative alphabet for English. It was modeled on the Devanagari alphabet with influence from the Korean alphabet.
B	33	The new mechanical skimmer uses a grooved surface. With a larger surface area, the grooves scoop up more oil than the smooth-surfaced traditional skimmer.
B	35	Almost 2.5 billion cubic metres (2 million acre-feet) of water are diverted from the natural system annually, damaging the ecology of the coastal estuaries.
B	41	Linnaeus attempted to name organisms in a way that would make sense to all scientists. For example, the group "Mammalia" were named for the mammary glands with which they nurse their young.
B	33	Nutrient availability is primarily determined by soil texture and pH. Soil texture is the amount of sand, silt, clay and organic matter in the soil.
B	32	Around day 14 of a 28‐day menstrual cycle, the average woman ovulates and releases an egg, or ovum, from one of her ovaries.
B	40	A Radioactive metallic transuranic element, belonging to the actinoids. A transuranic element means an element with atoms heavier than those of Uranium with an atomic number greater than 92.
B	45	Fluency definitely impacts reading comprehension. The essence of fluency is the ability to recognize words and understand them. So that when someone is trying to comprehend something that is being read, being fluent in that language increases comprehension.
B	41	We currently sit on the ANSI committee to standardize descriptive terms for the shapes of digital images. And at the moment, we are very deep in boxes of all kinds looking for just the right shapes.
B	34	This research project brings multiple perspectives into the classroom during or after the reading of any book about Vietnam—fiction or nonfiction, as a whole class or in literature circles.
B	33	For younger children: Take children outdoors. Provide large sponges used for washing cars and large basins of water. Hold a "clean the playground" party.
B	48	One of the 13 original States, Delaware entered the Union in 1787. But its residents had noted effects from two earthquakes before that time, a strong New York shock a half-century earlier and another in 1755 off the Massachusetts coast.
B	40	In general, nonpolar molecules do not interact with polar molecules. This can be seen when oil (nonpolar) is mixed with water (polar). Polar molecules interact with other polar molecules and ions.
B	32	Our childhood struggles with schoolwork gave most of us a warped view of mathematics. We learned to manipulate numbers and symbols according to what seemed like arbitrary rules.
B	48	Do you like to play with magnets? If you’re like most kids, it can be a lot of fun to build things with magnetic toys. You probably also enjoy putting up your latest artwork or report card on the refrigerator with magnets.
B	46	Today is World Water Day: more than 1.2 billion people have no access to clean, drinkable water. As much as half the world’s population struggles with little to no reliable access to clean, drinkable water.
B	37	In some cases, your topic may be too narrow to find enough information on which to base a paper. Think about the bigger picture and how you can expand the scope of your topic.
B	36	In the context of language learning, American pronunciation means General American (GenAm) pronunciation. This is the pronunciation used by educated Americans, on television and on radio.
B	48	This video teaches the concepts of Division of Labor and Specialization. The division of labor refers to the practice that the tasks of producing a good or service are divided up into separate tasks. When workers focus on performing separate tasks, specialization occurs.
B	45	Food poisoning causes symptoms of nausea, vomiting, stomach pain, and diarrhea, usually within 48 hours of eating the contaminated food. The symptoms of food poisoning are often caused by chemicals (toxins) released by the infecting bacteria.
B	41	The knee acts like a hinge and a shock absorber when you walk, run, jump, kick, or climb. Ligaments, tendons, and muscles give the knee stability and hold it together.
B	47	When most people think of the American Civil War, they do not tend to think of the reaction that the United Kingdom had to it. Despite being across the Atlantic, a large number of people in Britain followed the war with great interest.
B	44	There are different ways to tell the story of the Jewish people in Egypt. One is to tell it from the perspective of the hieroglyphics of the time, i.e. from the perspective of ancient Egypt.
B	47	Excel's Accounting number format adds decimal to the value in the cell. Excel features built-in, preprogrammed formulas called? functions In an Excel worksheet, columns are referenced with letters, while rows are referenced with numbers?
B	39	Cucurbits are generally annuals that are extremely intolerant of cold weather. They are grown mainly for their fruits, which are derived from a single ovary containing many ovules or seeds.
B	44	The main cause of bone spurs is the wear-and-tear damage associated with osteoarthritis. Most bone spurs cause no symptoms and may go undetected for years. Bone spurs may not require treatment.
B	34	The first known depiction of a human face in stone... A vase documenting the daily tasks that defined activity as people built a future in the Fertile Crescent...
B	43	Often, data is much easier to process if it is arranged into sorted order. Imagine how difficult it would be to use a dictionary if the words were not in order! Sorting is a fundamental computer operation.
B	43	Wireless networking has had a number of standards which are IEEE 811.x where x has been letters A, B, G, and N. The general public has used the B, G and N standards.
B	46	With the advent of aerial warfare in the First World War, the British military started developing acoustical devices to provide early warning of incoming enemy aircraft. The first ‘sound mirror’ was erected in Maidstone in April 1915.
B	47	Orbit: Solar Orbiter will be placed into an elliptical orbit around the sun coming as close to 26 million miles away from the star every five months -- even closer than Mercury. It will take three years to reach this orbit.
B	44	Sickle cell disease is a hereditary disease seen most often among people of African ancestry. Caused by mutations in one of the genes that encode the hemoglobin protein, the disease is inherited as an autosomal recessive trait.
B	32	The constitution was not ratified by all states until may 29, 1790, when rhode island finally approved the document, and the bill of rights was.
B	38	For a detailed description of the Number Talk procedure, please refer to the Number Talk Explanation. For this Number Talk, I am encouraging students to represent their thinking using a number line model.
B	36	Adult dragonflies typically hold a small territory, which is vigorously defended during breeding. Aggression can be increased when there is an imbalance between the numbers of each sex (6).
B	34	The coast near Kilwa Kisiwani has been inhabited for several thousand years, and artefacts from the late and middle Stone Ages have been found on the island.
B	34	Panayiotopoulos syndrome (PS) is named after the doctor who first described it in the 1980’s. It is now officially recognised as a form of epilepsy.
B	33	States of matter section 4 key ideas 〉what are some properties of gases 〉how can you predict the effects of pressure, temperature, and volume.
B	46	This section is a pre-reading activity to prep students for the Whitman reading of "I Hear America Singing." I pose the question to the class, "Why do people work?" We brainstorm a few reasons why.
B	33	The bulk modulus describes how a substance reacts when squeezed uniformly. When the external forces are perpendicular to the surface, it is distributed uniformly over the surface of the object.
B	47	Elm trees (Ulmus spp.) make handsome shade trees with dark, furrowed or mottled bark, reddish flowers, spreading canopies and lush, deep-green leaves that turn golden-yellow in fall.
B	37	John Edminster was a young soldier in the English Civil War. He fought with a Scottish army allied with Charles II of England, against the English Puritan leader, Oliver Cromwell.
B	36	Sight, sound, and touch are the senses we are the most aware of. Yet, the more primitive senses of taste and smell are in many ways equally essential to survival.
B	37	The story of Jonah has been viewed and interpreted in three primary different ways by various scholars, which has consisted of allegory, parable and history (Bullock, 52).
B	37	To allow them to study antibiotics under more realistic conditions, the researchers engineered a strain of E. coli bacteria that expresses a genetic “toggle switch” that flips only under certain conditions.
B	48	In science, the question comes up on the difference between knowing and believing. This concept comes particularly into play when discussing controversial topics that brush upon facts and beliefs. In a New Culture of Learning the difference between knowledge and belief is made clear.
B	45	We take in information through our senses — we see, hear, feel, smell and taste. We process that information using the same senses and build our individual, constantly updated model of the world which in turn informs our behaviour.
B	44	Climate can shape the geology of a region in many ways. In this case, the freezing and thawing of glaciers affected the existence of an ocean that covered much of present-day Kansas and Oklahoma.
B	43	Satellite instruments allow land cover to be classified on an objective global basis, and identify land cover change. They can pinpoint wilderness areas under threat from sprawling settlements, for example, or track patterns of soil erosion.
B	48	Although growth and development are natural processes, the tempo of the maturation process can vary greatly: “A child with a chronological age of 12 years may possess a biological age between nine and fifteen years” (Borms, 1986, p.
B	33	But from spring 2012 to spring 2017, Ruiz and his colleagues counted at least 289 invertebrate and fish species arriving from Japan attached to debris, still alive.
B	39	In a color-coded periodic table of the elements, the box for each element is colored. This color represents the classes of elements, which include metals, metalloids and non-metals.
B	37	Health promotion policy combines diverse but complementary approaches including legislation, fiscal measures, taxation and organizational change. It is coordinated action that leads to health, income and social policies that foster greater equity.
B	47	Much of defining "interesting" will have to be contingent on individual choice. What you might find interesting will differ from another person's viewpoint. This would mean that it is essential for you to gauge your own level of interest from research.
B	43	Malaria has long been a giant bummer of a disease for people living in tropical areas. It's estimated that each year, there are about 350–500 million cases, killing between one and three million people.
B	43	Describing the climate of Ventura County is not easy. With an area of almost 18,000 square miles (about the same as the entire state of Connecticut) there's plenty of room for different climates.
B	44	When early man decided to take to the ocean, his chosen craft would not have been very controllable or fast. As long as he stayed afloat, he would have gone where the wind and ocean currents took him.
B	45	The most common airway problems in children are upper and lower respiratory tract infections. These can be attributed to colds, influenza, croup, sinus infections, bronchiolitis, asthma and pneumonia, and make breathing difficult.
B	43	In the late 1800s, Hennepin County was home to a population of African Americans who had moved north to find opportunity after the Civil War, along with those who had escaped slavery via the Underground Railroad.
B	46	As the climate gets warmer, the level of ozone close to the ground is increasing at the fastest pace in Central and Southern Europe. The number of human deaths it causes is rising quickest in Belgium, France, Spain and Portugal.
B	42	Corn was born American: It was not introduced in Europe until the late 15th and early 16th centuries, after European explorers to the New World were able to transport the grain back to their home countries.
B	40	For many decades, the Death Valley mark was not considered the official world record: On Sept. 13, 1922, a temperature of 136 degrees F was supposedly recorded at El Azizia, Libya.
B	39	When interest rates go down, it becomes cheaper to borrow money, which means people and companies will be more likely to take out loans. And as a result, they’ll spend more money.
B	48	Objectives for Learning: 1. Describe how Mendeleev predicted and ordered the elements as he created the Periodic Table 2. Point out methods of organization on the current Periodic Table: Describe how elements in the P.
B	42	Fossils dating from before the Pleistocene glaciations show that species of Laurus were formerly distributed more widely around the Mediterranean and North Africa, when the climate was more humid and mild than at present.
B	42	Schizophrenia is a severe mental illness that affects about 1 percent of the population. However, it tends to run in families so someone with a parent or sibling with schizophrenia is more likely to develop the disorder.
B	48	About 26 million Americans have chronic kidney disease, a condition in which damaged kidneys can't remove waste from the blood as well as they should. The loss of kidney function is gradual and usually permanent. But early treatment can slow or prevent CKD.
B	37	Even though food acceptance begins early in life, tastes can change. As we get older, different elements affect our food preferences, even social pressures. Drinking alcohol is a prime example.
B	46	Japanese plans for a seaborne invasion of Port Moresby had been thwarted by Australian and American naval forces in the Battle of the Coral Sea in early May 1942 and the Battle of Midway in early June 1942.
B	47	Sensitivity is the measure of the loudspeaker's ability to convert electrical power into sound energy. It is quoted by the resulting SPL in dB in a distance of 1 meter then the speaker is powered by 1 watt.
B	42	In this dialogue, the children address a problem which takes many forms and to which there is no clear answer in the modern world. They also inform each other of the reasons which brought them to the Czech Republic.
B	34	That, at least, is the finding of University of Colorado professor Pamela Diggle, who examined the two "offspring" found inside fertilized seeds of corn.
B	46	Painting and glazing are two key decorative finishes used on ceramics. The same idea is also used on a variety of other materials, but the composition of the glaze finish is altered so it adheres to the surface.
B	35	A cerebral cavernous malformation (CCM) is a collection of small blood vessels (capillaries) in the central nervous system that is enlarged and irregular in structure.
B	47	Tiny satellites are becoming more of a useful technology in the age of modern space exploration. As trips into space are typically gauged by price per pound or kilogram, fitting the most technology into the smallest package can be exceptionally beneficial.
B	36	All the people in the world got their food by hunting and gathering. There were probably only about 2,000 people in the whole world. All of these people had black skin.
B	42	Alcatraz Island proved to be a huge obstacle in the busy shipping channel of San Francisco Bay. So much so, that the U.S. Government allocated money to construct a lighthouse on the island.
B	33	What all the hepatic (liver) viruses have in common is that once they are transmitted to you, they infect the liver and then cause inflammation (hepatitis).
B	38	Cirrocumulus is the formation of clouds in the sky and is related to the weather conditions taken into account while performing any cost-intensive field activities such as oil and gas production activities.
B	47	Head lice (pediculosis capitis) is an infestation of the human head louse, which results in intense itching on the scalp. The itching is the result of a reaction to the bite on the scalp.
B	35	In this center, students pick 5 word cards and use those 5 words to create a story. This is an easy way to get students to use new words in their writing!
B	39	When Luther sparked church reformation in Germany, there was bound to be a backlash. In those intolerant days, when church and state acted together, there was no choice in matters of faith.
B	43	Economic competition takes place in markets--meeting grounds of intending suppliers and buyers. Typically, a few sellers compete to attract favorable offers from prospective buyers. Similarly, intending buyers compete to obtain good offers from suppliers.
B	38	The moon is aged around 4.51 billion years after chronological estimations of the lunar sample brought by Apollo 14, according to the international weekly science journal "Science" published on Wednesday.
B	40	The Southern Ocean has cooled to?1.8C over the past 30 million years, and the seawater had retained cold temperature and isolated oceanic environment by Antarctic Circumpolar Current (ACC).
B	35	The breed derives its name from the place that served as its cradle. Le Perche is an old province about 53 by 66 miles located some 50 miles southwest of Paris.
B	47	In 1965 Arno Penzias and Robert Wilson detected the cosmic microwave background radiation (CMB). More than 13 billion years ago this radiation was imprinted on the sky, only a few 100,000 years after the Big Bang.
B	48	The practice of planting according to the phases of the moon has been followed by gardeners for years. Through trial and error, they have developed a schedule for cultivating, planting, weeding and harvesting based on the quarters of the moon.
B	33	This monument was erected at Bronnaya Gora, near Baranovichi, about halfway along the railroad line between Brest and Minsk in Belarus.
B	39	They bonded with other student activists. Berkeley's activist SLATE (1958 - 1966) was precursor to FSM. Civil rights and International Workers of the World (IWW) leaders supported it.
B	43	The single sensory neurone is at the centre of layers of tissue, each seperated by a gel. This has a sepcial type of sodium channel in its plasma membrane. stretch-mediated sodium channel.
B	46	The major purpose and function of the Federal Reserve System is monetary policy through control of money supply. The Board of Governors has the responsibility for setting the policy. It is helped by the Open Market Committee and the Federal Advisory Council.
B	40	Digraph Roll-a-Word is played in a game format. The students take turns rolling the dice and arranging the cubes so that the onset cube is to the left of the rime cube.
B	43	Teaching preschoolers about the stories of the Bible can be difficult. Many times, the best way for young children to better understand and comprehend these stories is to be creative and do crafts that coordinate with these stories.
B	32	The USGS provides scientific and technical expertise for volcano monitoring, eruption forecasting and response. USAID/OFDA is responsible for leading the U.S.
B	41	A young Scotsman engaged in the fur trade out of Montreal, Mackenzie made his epic journey across the continent without any of the governmental financial backing and support given to Meriwether Lewis and William Clark.
B	45	On August 27, two days after forming, the storm reached hurricane status and headed straight for the Caribbean Sea. The small island of Dominica and its capital city, Roseau, took an extremely hard hit on August 29.
B	39	Acetylcholinesterase helps regulate nervous system activity by stopping electrical signaling in nerve cells. If the enzyme can’t do its job, the mosquito begins convulsing and dies.
B	47	Scratch could be implemented into the classroom effectively using scaffolded tasks. Students could begin by following simple instructions to complete simple animated processes and develop the ability to engage with program in order to eventually create their own animations using simple coding.
B	38	Upon drying, peat can be used as a fuel. It has industrial importance as a fuel in some countries, such as Ireland and Finland, where it is harvested on an industrial scale.
B	43	A popular learning center for early childhood classrooms is a housekeeping center. To create a housekeeping center, a teacher sets aside a certain area in the classroom to create a setting that may resemble students' home environment.
B	34	Montfort’s position was tenuous – he had risen to the top as one of a group of barons and could expect to be unseated at any moment.
B	45	For quite some time, the United States has been on a steady decline when it comes to education and where is ranks in the world. In a recent ranking of cognitive skills in students and education attained, the U.S.
B	39	This lesson incorporates a 38 slide PowerPoint presentation with animation that tells the story of the early Greeks and includes a wide variety of information on the early civilizations focusing on Athens vs. Sparta.
B	32	Depression did not end until war orders from Europe revived the economy. It is true that people were hired by WPA, but they were not permanent jobs.
B	46	A Northern Arizona University regents’ biology professor is studying how the speed with which frogs catch insects can improve the mechanics of artificial limbs for humans. Kiisa Nishikawa has discovered the connection is a protein called titin.
B	35	NDIToolbox supports previews and plots of three-dimensional data. Throughout this document and in NDIToolbox we refer to X, Y, and Z axes.
B	45	The spinal cord is roughly 18 inches long and stretches from the base of the brain, down the middle of the back, to the waist. The nerves that lie within the spinal cord are called upper motor neurons (UMN).
B	35	A monument is any building or megalith surviving a past age that is regarded as having historical and social importance. They are often erected in memory of a person or event.
B	44	Usually the fur is a very light brown straw color. The longer hair on the withers is often a different shade with a gray-brown base and on some bears may appear as a dark stripe along the back.
B	38	Opinion is bitterly divided, however, over the environmental risks and benefits of this abundant new source of energy – so much so, that the different sides struggle to agree even on basic facts.
B	34	Nature—with its uncontainable power, unpredictability, and potential for dreadful extremes—offered an alternative to the balanced and ordered world of Enlightenment thought.
B	41	Luckily, troops were not expected to serve entirely on the front line. The above diagram states that on average a solider would spend 15% of their time in the trenches in the firing line.
B	47	They all have a stationary phase (a solid, or a liquid supported on a solid) and a mobile phase (a liquid or a gas). The mobile phase flows through the stationary phase and carries the components of the mixture with it.
B	35	Freedman shows Lincoln as a human being. Lincoln was sometimes deeply depressed, as was his wife, Mary. He sank into despair after the deaths of his two sons.
B	37	The minor planet or asteroid 433 Eros was discovered by two astronomers, Gustav Witt at Berlin and Auguste Charlois at Nice, on the night of 13 August 1898.
B	40	A much more direct level of social skills instruction is essential to assist students with perceptual deficits and social anxiety. This added step is the focus of Camp Northwood’s formalized social skills training program.
B	38	The rule of thirds calls for every photo to be divided into thirds in one's imagination, both vertically and horizontally. The most important elements of the photo should fall on those lines.
B	39	Songbirds, like humans, can learn sound sequences. They share many common features with human perception of sound and the ability to learn new sounds. However, songbirds perceive sequences of sounds differently.
B	39	Growing roots takes time and energy. Imagine the nutrients those strong roots gather to send to showier plant parts. The show is worth waiting for. Every native landscape is a work in progress.
B	48	Put a small pumpkin in a sink or bucket full of water. Does is sink or float? Now clean out the inside of the pumpkin like when you are going to carve it, and fill it with water. Now does it float?
B	35	Under King Tigranes II the Great, from 95 to 55 B.C. Armenia thrived, and became the strongest state in the Roman east for a time.
B	32	Water is made of very tiny particles. Sugar is made of slightly larger particles. Water particles have small spaces between them. They are close together and always moving.
B	36	There is a lot of debate about the similarities and differences in “Intelligent Design” theory and creationism. The debate on the issue is, in itself, interesting to research.
B	39	January can be the coldest and hardest month for animals and plants. What happens to animals in the winter? Many remain active, but many find a warm shelter and sleep away the cold months.
B	43	Before the discovery of oil and gas, Tulsa’s economy was tied to cattle and agricultural products. After the Red Fork oil strike in 1901, the oil and gas industry dominated Tulsa’s economy.
B	39	People entered Jackson Hole an estimated 12,000 years ago. Archeological evidence indicates that small groups hunted and gatherd plants in the valley from 5,000 to 500 years before the present.
B	42	Teachers want lightbulbs to go off for their students, too. We want to ensure that all our students are able to read, write, and think at a level that prepares them for the future.
B	47	Isopods reproduce sexually, as there are both male and female animals. After mating, the female will carry her eggs in a specially adapted pouch, much like a kangaroo pouch, on the underside of her abdomen.
B	34	The fastener is a hardware device that mechanically connects two or more objects together. Fasteners can also be used to shut down a container such as a bag, box.
B	39	An HI region or H I region (read H one) is a cloud in the interstellar medium composed of neutral atomic hydrogen (HI), in addition to the local abundance of helium and other elements.
B	48	The Dakota Formation (also Dakota Sandstone and Cockrum Sandstone, more formally the Dakota Group) is a geologic formation composed of sedimentary rocks deposited on the eastern side of the Late Cretaceous Western Interior Seaway. F.
B	47	All materials fall into one of three classifications when it comes to moving an electric current, insulative, conductive, or semiconductive. However, what property determines this? Well, let’s look at the atomic level to find out.
B	41	You’ve probably noticed how DNS is mentioned all over the Internet. Every website uses it and every website author should know more about DNS because without it your website will not be visible to the Internet users.
B	44	The reason I have them put the notes on the right and the creative activity on the left is to cross the mid-line. Since the right brain typically processes creatively and the left brain typically processes logic and language.
B	46	Most faculty now recognize the importance of students being able to direct their own learning. It’s what positions them for a lifetime of learning. And most faculty also recognize that many of our students are more dependent than self-directed.
B	48	Fifth graders examine the effects of the Earth's rotation and revolution on life and climate. Using a paper wad around a pencil and moving it around a light bulb, they observe the effects of the planet's revolution around the sun.
B	36	Review and grow your students' understanding of informational text standards with this appealing set of 36 language task cards. This resource addresses most common core second grade informational text standards (see below).
B	44	Several food items are thought to help in preventing brain cancer by maintaining a healthy body. Certain types of fruits, vegetables and herbs are rich in antioxidants that reduce inflammation in the brain and shut down communication channels of brain tumors.
B	32	Saying that the Earth is unique is an understatement. The Earth has minable quantities of all the elements - i.e. very rich in minerals.
B	35	The word love has many different meanings in English, from something that gives a little pleasure ("I loved that meal") to something one would die for (ideals, family).
B	37	Pre-K classes teach early learners how God would have them socialize with others. They learn how to listen and learn, how to communicate well, and how to care for themselves.
B	39	As you dig deeper into the earth and get closer to the core, the temperature rises. Breaks in the earth’s crust and mantle allow the temperatures from the core rise to the surface.
B	39	Due to the difficulty of removing Lombardy Poplars, they are often viewed as a nuisance. It is essential that the poplar be thoroughly removed due to its ability to grow back.
B	48	Usually, after a bite from a poisonous snake, there is severe burning pain at the site, within 15 to 30 minutes. This can progress to swelling and bruising at the wound, and all the way up the arm or leg.
B	44	Do not panic. If you think or learn that your child is gay, lesbian, bisexual or transgender you will for sure have many questions. What you need now is enough time to get used to the new situation.
B	38	Students from Grades 1-8 learn Mathematics using JUMP Math. This curriculum breaks down math concepts into small, manageable steps that allow a student to experience success and build confidence in mathematics.
B	34	Individualized learning can be described as the process of learning within the classroom that allows individual students to progress through classroom material at their own pace and typically through their own methods.
B	34	The sixth century abbot, Dionysius Exiguus, created the calendar based on the Christian Era. Before that time, there were no BC or AD years.
B	37	Peripheral arterial disease (PAD) -- also known as peripheral vascular disease, atherosclerosis or hardening of the arteries -- is a disorder that occurs in the arteries of the circulatory system.
B	32	When the word ‘ring’ comes to our mind, then we suddenly think of Saturn, as it possesses one of the largest and most outstanding rings ever found.
B	37	The pressure with the eye can rise if the fluid flow within the eye is interrupted. A clear fluid called aqueous is continuously being produced within the eye, providing nutrients and carrying away waste.
B	45	Measles is a respiratory infection, causing a skin rash and flu-like symptoms. Measles is usually a children’s disease, but you can get it an any age. It is unpleasant and sometimes serious.
B	35	When conditions are right, the strong electric fields near the top of a thunderstorm drive electrons (the yellow dots in the diagram) upwards, nearly at the speed of light.
B	46	Everyone feels some slight ASD symptoms from time to time — like maybe not understanding a social situation, or perhaps resenting a change to your routine. But around one per cent of people have an ASD to a degree that needs help.
B	32	Little Pine, the son of a Blackfoot woman and a Plains Cree warrior, lived most of his life near Fort Pitt and Battleford (Sask.).
B	47	The internetwork environment consists of hosts connected to networks which are in turn interconnected via gateways. It is assumed here that the networks may be either local networks (e.g., the ETHERNET) or large networks (e.
B	48	Energy is a property of objects which can be transferred to other objects or converted into different forms. The "ability of a system to perform work" is a common description, but it is misleading because energy is not necessarily available to do work.
B	34	A colloquial term for several overuse conditions resulting from excessive exercise of the lower extremities. These may involve the extensor mechanism and other musculotendinous insertions.
B	41	Most Hellenistic warships were modifications on the older, classical trireme, which had three rows of oars. They were maneuverable and quick, but not suited for travel on the open sea.
C	12	In 2004, a rare tropical fungus caused a string of respiratory
C	14	The first political rallies for peace in the Confederacy occurred during the
C	10	Researchers at Stanford University in the US have discovered
C	15	The Babylonian name of the twelfth month of the year. Used in
C	14	Some also use the term for suppliers in a market for which entry into
C	9	The Amman Message is a landmark document that
C	15	This lesson uses Jane Addams Award-winning books to explore author's voice
C	11	Since climate change affects everyone on Earth, scientists have been
C	15	NASA's latest rover on Mars depends on a sandwich of semiconducting
C	10	One of the most common advancements is the cell
C	13	The Declaration of Independence is one of the most influential documents in modern
C	11	Human stereo color vision is a very complex process that is
C	10	Opinions are shaped by what we read in
C	9	The autistic spectrum (sometimes referred to as
C	15	Kingdoms are the largest groups, with millions of different kinds of organisms in
C	10	Lying adjacent to the southwest edge of the San
C	11	The Frankish king Clovis founded the Frankish
C	15	You might think that daylight saving time was conceived to give farmers an extra hour
C	11	While America was becoming a haven for the persecuted Jews
C	10	Salmonella, a rod-shaped gram-negative bacterium
C	11	Here is a slightly more advanced example that gets closer to
C	10	The Tlingit and Haida, indigenous peoples
C	11	The bacteriophage structure may include various features for infecting
C	8	Most patients with allergies can benefit from the
C	9	From school to extracurriculars, your
C	15	It was the valiant defense of Fort McHenry by American forces during the
C	11	Professor Hutchings said: "The sketches and text show
C	12	Maltase, enzyme that catalyzes the hydrolysis of the
C	12	Everyone agrees that lobster is delicious — from freshly steamed
C	9	Definition, usage and a list of comparison examples
C	11	Projection refers to the unconscious transference of psychic contents
C	14	This lesson covers the process of photosynthesis and the related plant cell functions
C	11	This Babylonian clay tablet, drawn around 1,500
C	10	From the formal paintings on tombs, the Egyptian
C	13	The three fundamental divisions of Lebanon; a western Mount Lebanon rising to
C	14	To begin, what an Article V Convention of the States is not:
C	11	Political, social and economic grievances in early twentieth- century
C	14	Lake muds are composed of the organic remains of plants which grew
C	9	In September 1962, the National Farm Workers Association
C	9	This book is famous for being the volume used
C	12	The Sinyavino Offensive of 1942 was an operation
C	10	In the early 1990s, the solidity of
C	14	If one is looking for its actual definition then it is as below --
C	10	Sirius B is not a normal star; its
C	11	Researchers at Northwestern University have found evidence for a massive
C	14	The Algebra course is comprised of a brief introductory unit to refresh students of
C	13	Sharon N. DeWitte of the University at Albany and
C	12	Blacksacademy (2001) defines ordinal data as
C	9	The definition of tyranny is oppressive power exerted by
C	13	People have used petroleum for thousands of years, for a variety of
C	9	There is growing concern about the threats facing many
C	13	Largely desert with some limited potential for urban and sedentary life
C	10	Repeated reading can be used in a variety of
C	11	India sees 800,000 newborns die each year, but
C	9	Anemia can develop during pregnancy due to low
C	15	In the age of sail persons falling or being washed overboard was common and
C	10	African American soldiers returned from battle overseas to face a
C	8	These giant reptiles - known to reach
C	10	By applying the new data to the propagation equation of
C	15	The calendar we use today to track days, months and years is loosely based
C	15	Guidelines: Please keep your comments smart and civil. Don't attack other
C	13	During the next two decades he was active in the movement to repeal
C	13	Discuss who Nicholas de Grandmaison was and why he was
C	15	This is so very much the medical biology of today. A lot of hope
C	11	In August 2014, US students submitted proposals for projects which
C	15	Brown dwarfs are born of the same dense, dusty clouds that spawn stars and
C	15	Racism…the belief that a particular race is superior to others;
C	13	The oak tree (Quercus spp.), America's National Tree
C	11	Avian tuberculosis is a highly contagious bacterial disease caused
C	11	Blue-winged teal breed across much of central
C	14	From its beginning in 1565 until the present day, St. Augustine
C	13	Many people believe that all wildlife flees before the flames of a
C	11	Third, enforce the idea that sometimes writing can be much
C	9	We hope that the free math worksheets have
C	13	Due to its exceedingly simple construction, this type of engine is popular
C	13	In this research, Dong was joined by other Texas A&M
C	11	There is great variety in dance in the United States of
C	12	Rather than fight the odds, many researchers are working with the
C	14	We’ve all seen images of the weird and sometimes nightmare-ish
C	9	Even at their young age, students in Michael
C	10	According to the U.S. Department of Health
C	12	Yeasts represent a kind of eukaryotic micro-organisms that are
C	11	Excavations have recovered an ancient Egyptian scarab dated
C	11	The word "mycorrhiza" is built from
C	10	Our Solar System is just one of hundreds of billions
C	13	Until recently, historians have told the story of Seneca Falls primarily
C	14	Pachycephalosaurids are small, herbivorous dinosaurs with
C	13	Arc discharge lamps produce light by an electric arc struck between two main
C	10	National Geographic offers a series of educational features about
C	12	Because ''Uncle Tom's Cabin'' was a work
C	11	Titan has a'methane cycle', rather than
C	14	Mathematical methods can be used to recover data on a finer
C	15	As a country develops economically, the relative importance of agriculture declines. The primary
C	14	The channel length is defined by the diameter of the nanowire, which
C	10	The Emancipation Proclamation stands as the
C	9	In our early drawing classes, we typically use
C	11	Emotions and feelings may seem to many of us like
C	12	The recycling of the Earth´s crust in volcanoes happens
C	12	Explain how The Baroque Period was different than The Classical
C	10	Large-scale interventions to water resources, such as
C	8	The mother of a prisoner thanks Konrad
C	9	Receptors are protein molecules that recognize and respond
C	13	If the biopsy shows that you have cancer, your doctor needs to
C	14	The year saw a series of peasant risings across the country. Two
C	9	Suppose we want to get the best possible overview
C	10	However, for all of these machines, only integer
C	9	Peripheral neuropathy is fairly common, but frequency
C	14	We follow the research. And according to sociocultural theory and transfer
C	10	Pressure is an important process variable because it sets
C	15	The population of Canada's western half grew significantly in the late nineteenth and early
C	12	Other ideas also contributed to UML, which was the result
C	11	Accomplishments: Surveyor 6 transmitted nearly
C	9	Around this time, though, astronomers realized
C	11	Dramatica divides the storyline into the external tale
C	13	Prior to 12,000 years ago, a large debris avalanche
C	14	George lives to find new things to discover, touch, spill, and
C	15	KinderArt.com, I often receive letters from teachers who work in
C	10	All dogs can get Blastomycosis, and
C	15	The idea isn’t too crazy. We already have evidence that some biologically
C	11	The new spot was previously a white, oval-shaped
C	9	Water is our most essential nutrient. We can
C	12	A half-step on a piano is the distance between one
C	13	Many of the most famous rivers in North America have their origins in
C	10	Objective: Tomson Highway's play "The
C	11	The biggest hurdle in figuring out how to teach children
C	12	Let me start by graphing the two vertical asymptotes x
C	12	The coral islands of Bermuda are composed of a layer
C	12	All of the New World vultures and some of the
C	11	The most common type of change in DNA (molecules inside
C	9	Recently, I attended a memorial service for Geoffrey
C	13	Well - if you count the carbon atoms, there are 6 of
C	14	In the first Concept, you learned about the different types of variables that
C	8	In the early 1830s the question of
C	13	The first known written usage of the word "lesbian" in
C	11	CSIR research to understand the sensitivity of the Southern Ocean
C	11	Shakespeare probably wrote Hamlet in 1600 (shortly
C	12	Focus on 3-5 of the most important criteria for the
C	12	A fuel once supplied to most homes and factories but now largely
C	14	Young children need a regular schedule. They behave better when they know what
C	9	The researchers envision robots and humans working side by
C	13	Nutrition activities in the classrooms must conform to the Head Start
C	15	Certain types of mold can produce toxins, called mycotoxins, that
C	15	One of the most effective approaches to helping young children develop literacy skills is to
C	13	Indeed, these statements highlight the intent of any set of standards;
C	15	During construction and maintenance of sewage and wastewater plants, workers may be killed by
C	10	Dietary Reference Values (DRVs) are
C	13	One of the most comprehensive datasets on macro-economic indicators is produced
C	10	The 36 Get Ready to Read! skill-building
C	8	The Battle of Fromelles started on July
C	11	The events in the 12th and 13th centuries had
C	9	Liquid hydrogen is used as a rocket
C	15	Earth geometry is a special case of spherical geometry. When we measure distances that
C	11	A constitution is a document that outlines the founding principles that
C	14	Much concerning the early history of the Osages had already been told in
C	10	Conjunctivitis can be caused by a
C	14	Goodnight Moon by Margaret Wise Brown is a beloved children's bedtime
C	13	Nearly all lung cancers are carcinomas, cancers that begin in the
C	13	Complement component 4 is a blood test that measures the activity of
C	12	New insights into the mechanisms of action of Cry1Ab and
C	13	The report, "Amazon's Vicious Cycles: Drought
D	7	A triangle is a shape with three
D	11	The three states of matter are solid, liquid, and
D	8	A noun is a word that names a
D	7	A dictionary is a book that lists
D	7	The heart is an organ that pumps
D	8	Photosynthesis is the process by which plants
D	9	Oxygen is a gas that is essential for
D	11	The first ten numbers are one, two, three,
D	11	The letters of the alphabet begin with A, B,
D	8	The four seasons are spring, summer,
D	7	Isaac Newton formulated the laws of
D	7	The printing press was invented by Johannes
D	7	A computer program is a sequence of
D	7	Biology is the natural science that
D	6	The Second World War ended in
D	8	The largest animal on Earth is the blue
D	9	Albert Einstein is famous for his theory of
D	11	The Eiffel Tower is located in the city of
D	8	Step one: preheat the oven to
D	9	Water is a chemical compound made of hydrogen and
D	8	The Earth is the third planet from the
D	11	The planets of the solar system are Mercury, Venus,
D	10	The months of the year are January, February,
D	9	Mount Everest is the highest mountain in the
D	7	The Amazon is the largest river in
D	9	Leonardo da Vinci painted the Mona
D	9	The recipe calls for two cups of flour and
D	7	The history of cryptography begins with
D	7	The Great Wall of China was built
D	7	The mitochondria is the powerhouse of
D	7	William Shakespeare wrote many famous plays including
D	7	The moon orbits the earth once every
D	7	The Roman Empire reached its greatest extent
D	7	Machine learning is a field of study
D	7	Climate change is caused primarily by
D	7	The internet was originally developed as a
D	7	Genetics determines many traits including eye
D	7	Psychology studies the human mind and
D	7	Engineering combines mathematics and physics to
D	7	The scientists discovered a new species of
D	7	The castle stood on a hill overlooking
D	7	The forest was home to many species
D	7	The train departed from the station at
D	7	The spacecraft landed safely on the surface
D	7	The storm caused widespread damage across the
D	7	The doctor examined the patient and concluded
D	7	The chef prepared a meal using fresh
D	7	The industrial revolution transformed society by introducing
D	7	The library contained thousands of ancient books
D	7	The languages of Europe belong to several
D	7	The factory produced thousands of cars every
D	7	The bridge across the river was constructed
D	7	The economy of the country depends on
D	7	The president of the United States is
D	7	Photography was invented in the early
D	7	The senator proposed a new law regarding
D	7	The newspaper reported that the election results
D	7	The judge ruled that the evidence was
D	7	The company announced record profits this quarter
D	7	The teacher assigned homework covering the entire
D	7	The pilot announced that the flight would
D	7	The committee voted to approve the new
D	7	The novelist spent years writing her latest
D	7	In the beginning of the twentieth century
D	10	The days of the week are Monday, Tuesday,
D	10	The colors of the rainbow are red, orange,
D	9	The primary colors are red, blue, and
D	11	The seven continents are Asia, Africa, North America,
D	9	The sun is a star at the center of
D	9	Gold is a metal that is valued for its
D	5	Paris is the capital of
D	7	The Nile is the longest river in
D	9	The first man to walk on the moon was
D	9	Once upon a time, there was a little
D	11	It was a dark and stormy night, and the
D	8	The old man sat by the fire and
D	9	When she opened the door, she saw a
D	7	The dog ran across the field to
D	10	Long ago, in a small village, there lived
D	10	To make a cup of tea, first boil the
D	7	The capital city of France is known
D	7	The speed of light in a vacuum
D	7	The human brain contains billions of neurons
D	7	The Pacific Ocean is the largest ocean
D	7	The French Revolution began in the year
D	7	Quantum mechanics describes the behavior of particles
D	7	Chemistry involves the study of matter
D	7	The professor explained the concept of gravity
D	7	The telescope revealed distant galaxies never seen
D	7	The river flows from the mountains toward
D	7	The garden was planted with roses and
D	7	The children learned to read and write
D	7	The painting depicts a landscape with mountains
D	7	The expedition reached the summit after weeks
D	7	The novel begins with a description of
D	7	The stock market crashed in the year
D	7	The concert hall was filled with people
D	7	The manuscript was discovered in an old
D	7	The athletes trained for months before the
D	7	The election results surprised many political analysts
D	7	The lawyer argued that his client was
D	7	The software update fixed several security vulnerabilities
D	4	One, two,
D	6	1, 2, 3,
D	6	A, B, C,
D	4	Monday, Tuesday,
D	4	January, February,
D	4	Red, orange,
D	6	Mercury, Venus,
D	4	Spring, summer,
D	4	First, second,
D	4	Ten, twenty,
D	4	Alpha, beta,
D	4	North, south,
D	4	Sunday, Monday,
D	4	March, April,
D	4	Two, four,
D	4	Five, ten,
D	4	Do, re,
D	4	Rock, paper,
D	3	Bread and
D	3	Cats and
D	3	Knife and
D	3	Ladies and
D	3	Trick or
D	3	The sun is
D	3	The moon is
D	3	Dogs are
D	3	Birds can
D	3	Plants need
D	3	The heart pumps
D	3	A triangle has
D	3	A week has
D	3	A year has
D	3	Humans have
D	3	The Earth is
D	3	Milk comes
D	3	Bees make
D	3	Cows eat
D	3	The sky is
D	3	Grass is
D	3	Apples are
D	3	Lemons are
D	3	Two plus two
D	3	Three times three
D	3	The capital of
D	3	The largest ocean
D	3	The longest river
D	4	The tallest mountain
D	3	Albert Einstein
D	3	Isaac Newton
D	3	The Roman Empire
D	3	The Great Wall
D	5	The Eiffel Tower
D	3	The Pacific Ocean
D	3	Mount Everest
D	3	The sea is
D	3	The first man
D	3	The speed of
D	3	The history of
