=== FIDELITY GATE 2026-09-19T23:33:42Z ===
LOADSTATE 2026-09-19T23:33:42Z uptime: 23:33:42 up 28 days, 20:03,  0 user,  load average: 4.63, 4.30, 3.23
LOADSTATE gpu compute apps: 
LOADSTATE busy marker: 60_fidelity_gate.sh pid=378356 since=2026-09-19T23:33:42Z
HARNESS_CMD: /root/fhe-main-demo/build-demo/gpu_real_model_x --tag pbd430a --bundle-dir /root/src/ml-eval/artifacts --device 0 --log-ring 17 --secure --level-budget 3 3 --ms-norm 5.5 --enc-threads 24 --boot-floor 3 --matvec-margin 4 --extra-depth 12 --canonical-carry --periodic-encode --drop-wv 7 --drop-wkr 4 --drop-wout 7 --drop-win 4 --newton-robust 0.1 12 --pt-cache --pt-cache-verify --pt-cache-max-gb 28 --boot-record --boot-record-secret /root/demo/keys_pod_r17/secret.key --pack-tokens 1 --lanes-block --compressed-store --devices 0,1 --store-multi-gpu --store-file /root/demo/store_pbd430a_r17_xd12_lanesblock_canon_nr0112.bin --vram-trace
prompts: /root/demo/longrun_prompts64.txt
Warning: You are sending unauthenticated requests to the HF Hub. Please set a HF_TOKEN to enable higher rate limits and faster downloads.
  [server-start] /root/fhe-main-demo/build-demo/gpu_real_model_x --tag pbd430a --bundle-dir /root/src/ml-eval/artifacts --device 0 --log-ring 17 --secure --level-budget 3 3 --ms-norm 5.5 --enc-threads 24 --boot-floor 3 --matvec-margin 4 --extra-depth 12 --canonical-carry --periodic-encode --drop-wv 7 --drop-wkr 4 --drop-wout 7 --drop-win 4 --newton-robust 0.1 12 --pt-cache --pt-cache-verify --pt-cache-max-gb 28 --boot-record --boot-record-secret /root/demo/keys_pod_r17/secret.key --pack-tokens 1 --lanes-block --compressed-store --devices 0,1 --store-multi-gpu --store-file /root/demo/store_pbd430a_r17_xd12_lanesblock_canon_nr0112.bin --vram-trace --keys-dir /root/demo/keys_pod_r17 --keys-load --serve /root/demo/s37/serve_CTRL512/serve --serve-timeout 7200 --stateful
    {"clientEnc":true,"file":"/root/demo/s37/serve_CTRL512/row_tail.f64.ct","count":1,"tokens":1,"packTokens":1,"lanes":64,"totalBytes":88088569,"encMs":666}
    {"clientDecDone":true,"logits":"/root/demo/s37/serve_CTRL512/serve/resp.0.logits.f64","tokens":1,"vocab":50277,"decMs":1456}
{"tick": 0, "lane": 0, "encArgmax": 806, "refArgmax": 806, "top1": true, "relErrRms": 0.000292, "refTop1Margin": 0.992, "serveSec": 312.0, "fed": 510, "fedSrc": "prompt", "generating": false, "encPick": 806, "refPick": 806, "pickAgree": true}
{"tick": 0, "lane": 1, "encArgmax": 422, "refArgmax": 422, "top1": true, "relErrRms": 0.002002, "refTop1Margin": 1.3242, "serveSec": 312.0, "fed": 4241, "fedSrc": "prompt", "generating": false, "encPick": 422, "refPick": 422, "pickAgree": true}
{"tick": 0, "lane": 2, "encArgmax": 806, "refArgmax": 806, "top1": true, "relErrRms": 0.000999, "refTop1Margin": 0.5026, "serveSec": 312.0, "fed": 6067, "fedSrc": "prompt", "generating": false, "encPick": 806, "refPick": 806, "pickAgree": true}
{"tick": 0, "lane": 3, "encArgmax": 806, "refArgmax": 806, "top1": true, "relErrRms": 0.00071, "refTop1Margin": 0.992, "serveSec": 312.0, "fed": 510, "fedSrc": "prompt", "generating": false, "encPick": 806, "refPick": 806, "pickAgree": true}
{"tick": 0, "lane": 4, "encArgmax": 2345, "refArgmax": 2345, "top1": true, "relErrRms": 0.001955, "refTop1Margin": 0.1366, "serveSec": 312.0, "fed": 35, "fedSrc": "prompt", "generating": false, "encPick": 2345, "refPick": 2345, "pickAgree": true}
{"tick": 0, "lane": 5, "encArgmax": 15, "refArgmax": 15, "top1": true, "relErrRms": 0.001065, "refTop1Margin": 1.1036, "serveSec": 312.0, "fed": 34, "fedSrc": "prompt", "generating": false, "encPick": 15, "refPick": 15, "pickAgree": true}
{"tick": 0, "lane": 6, "encArgmax": 673, "refArgmax": 673, "top1": true, "relErrRms": 0.002074, "refTop1Margin": 0.2343, "serveSec": 312.0, "fed": 8267, "fedSrc": "prompt", "generating": false, "encPick": 673, "refPick": 673, "pickAgree": true}
{"tick": 0, "lane": 7, "encArgmax": 584, "refArgmax": 584, "top1": true, "relErrRms": 0.001744, "refTop1Margin": 0.6062, "serveSec": 312.0, "fed": 3594, "fedSrc": "prompt", "generating": false, "encPick": 584, "refPick": 584, "pickAgree": true}
{"tick": 0, "lane": 8, "encArgmax": 673, "refArgmax": 673, "top1": true, "relErrRms": 0.002826, "refTop1Margin": 0.2343, "serveSec": 312.0, "fed": 8267, "fedSrc": "prompt", "generating": false, "encPick": 673, "refPick": 673, "pickAgree": true}
{"tick": 0, "lane": 9, "encArgmax": 630, "refArgmax": 630, "top1": true, "relErrRms": 0.004572, "refTop1Margin": 0.0909, "serveSec": 312.0, "fed": 6052, "fedSrc": "prompt", "generating": false, "encPick": 630, "refPick": 630, "pickAgree": true}
{"tick": 0, "lane": 10, "encArgmax": 403, "refArgmax": 403, "top1": true, "relErrRms": 0.001944, "refTop1Margin": 0.2285, "serveSec": 312.0, "fed": 2512, "fedSrc": "prompt", "generating": false, "encPick": 403, "refPick": 403, "pickAgree": true}
{"tick": 0, "lane": 11, "encArgmax": 2943, "refArgmax": 2943, "top1": true, "relErrRms": 0.002265, "refTop1Margin": 1.5853, "serveSec": 312.0, "fed": 2946, "fedSrc": "prompt", "generating": false, "encPick": 2943, "refPick": 2943, "pickAgree": true}
{"tick": 0, "lane": 12, "encArgmax": 15, "refArgmax": 15, "top1": true, "relErrRms": 0.000406, "refTop1Margin": 1.1036, "serveSec": 312.0, "fed": 34, "fedSrc": "prompt", "generating": false, "encPick": 15, "refPick": 15, "pickAgree": true}
{"tick": 0, "lane": 13, "encArgmax": 4978, "refArgmax": 4978, "top1": true, "relErrRms": 0.001198, "refTop1Margin": 2.3195, "serveSec": 312.0, "fed": 47141, "fedSrc": "prompt", "generating": false, "encPick": 4978, "refPick": 4978, "pickAgree": true}
{"tick": 0, "lane": 14, "encArgmax": 15, "refArgmax": 15, "top1": true, "relErrRms": 0.008338, "refTop1Margin": 0.4699, "serveSec": 312.0, "fed": 56, "fedSrc": "prompt", "generating": false, "encPick": 15, "refPick": 15, "pickAgree": true}
{"tick": 0, "lane": 15, "encArgmax": 806, "refArgmax": 806, "top1": true, "relErrRms": 0.001637, "refTop1Margin": 0.992, "serveSec": 312.0, "fed": 510, "fedSrc": "prompt", "generating": false, "encPick": 806, "refPick": 806, "pickAgree": true}
{"tick": 0, "lane": 16, "encArgmax": 57, "refArgmax": 57, "top1": true, "relErrRms": 0.000606, "refTop1Margin": 0.0718, "serveSec": 312.0, "fed": 16929, "fedSrc": "prompt", "generating": false, "encPick": 57, "refPick": 57, "pickAgree": true}
{"tick": 0, "lane": 17, "encArgmax": 264, "refArgmax": 264, "top1": true, "relErrRms": 0.000288, "refTop1Margin": 0.5067, "serveSec": 312.0, "fed": 18658, "fedSrc": "prompt", "generating": false, "encPick": 264, "refPick": 264, "pickAgree": true}
{"tick": 0, "lane": 18, "encArgmax": 806, "refArgmax": 806, "top1": true, "relErrRms": 0.000339, "refTop1Margin": 0.992, "serveSec": 312.0, "fed": 510, "fedSrc": "prompt", "generating": false, "encPick": 806, "refPick": 806, "pickAgree": true}
{"tick": 0, "lane": 19, "encArgmax": 15, "refArgmax": 15, "top1": true, "relErrRms": 0.001151, "refTop1Margin": 1.1036, "serveSec": 312.0, "fed": 34, "fedSrc": "prompt", "generating": false, "encPick": 15, "refPick": 15, "pickAgree": true}
{"tick": 0, "lane": 20, "encArgmax": 15, "refArgmax": 15, "top1": true, "relErrRms": 0.00182, "refTop1Margin": 1.1036, "serveSec": 312.0, "fed": 34, "fedSrc": "prompt", "generating": false, "encPick": 15, "refPick": 15, "pickAgree": true}
{"tick": 0, "lane": 21, "encArgmax": 673, "refArgmax": 673, "top1": true, "relErrRms": 0.00112, "refTop1Margin": 0.2343, "serveSec": 312.0, "fed": 8267, "fedSrc": "prompt", "generating": false, "encPick": 673, "refPick": 673, "pickAgree": true}
{"tick": 0, "lane": 22, "encArgmax": 253, "refArgmax": 253, "top1": true, "relErrRms": 0.000306, "refTop1Margin": 1.277, "serveSec": 312.0, "fed": 688, "fedSrc": "prompt", "generating": false, "encPick": 253, "refPick": 253, "pickAgree": true}
{"tick": 0, "lane": 23, "encArgmax": 15, "refArgmax": 15, "top1": true, "relErrRms": 0.002557, "refTop1Margin": 0.5065, "serveSec": 312.0, "fed": 18, "fedSrc": "prompt", "generating": false, "encPick": 15, "refPick": 15, "pickAgree": true}
{"tick": 0, "lane": 24, "encArgmax": 13, "refArgmax": 13, "top1": true, "relErrRms": 0.001004, "refTop1Margin": 1.157, "serveSec": 312.0, "fed": 2598, "fedSrc": "prompt", "generating": false, "encPick": 13, "refPick": 13, "pickAgree": true}
{"tick": 0, "lane": 25, "encArgmax": 15, "refArgmax": 15, "top1": true, "relErrRms": 0.008773, "refTop1Margin": 0.6713, "serveSec": 312.0, "fed": 39, "fedSrc": "prompt", "generating": false, "encPick": 15, "refPick": 15, "pickAgree": true}
{"tick": 0, "lane": 26, "encArgmax": 253, "refArgmax": 253, "top1": true, "relErrRms": 0.000211, "refTop1Margin": 1.7525, "serveSec": 312.0, "fed": 7542, "fedSrc": "prompt", "generating": false, "encPick": 253, "refPick": 253, "pickAgree": true}
{"tick": 0, "lane": 27, "encArgmax": 5504, "refArgmax": 5504, "top1": true, "relErrRms": 0.001327, "refTop1Margin": 0.5879, "serveSec": 312.0, "fed": 10252, "fedSrc": "prompt", "generating": false, "encPick": 5504, "refPick": 5504, "pickAgree": true}
{"tick": 0, "lane": 28, "encArgmax": 806, "refArgmax": 806, "top1": true, "relErrRms": 0.000974, "refTop1Margin": 0.992, "serveSec": 312.0, "fed": 510, "fedSrc": "prompt", "generating": false, "encPick": 806, "refPick": 806, "pickAgree": true}
{"tick": 0, "lane": 29, "encArgmax": 7779, "refArgmax": 7779, "top1": true, "relErrRms": 0.000886, "refTop1Margin": 0.7351, "serveSec": 312.0, "fed": 46061, "fedSrc": "prompt", "generating": false, "encPick": 7779, "refPick": 7779, "pickAgree": true}
{"tick": 0, "lane": 30, "encArgmax": 806, "refArgmax": 806, "top1": true, "relErrRms": 0.001503, "refTop1Margin": 0.992, "serveSec": 312.0, "fed": 510, "fedSrc": "prompt", "generating": false, "encPick": 806, "refPick": 806, "pickAgree": true}
{"tick": 0, "lane": 31, "encArgmax": 806, "refArgmax": 806, "top1": true, "relErrRms": 0.00186, "refTop1Margin": 0.992, "serveSec": 312.0, "fed": 510, "fedSrc": "prompt", "generating": false, "encPick": 806, "refPick": 806, "pickAgree": true}
{"tick": 0, "lane": 32, "encArgmax": 27, "refArgmax": 27, "top1": true, "relErrRms": 0.000829, "refTop1Margin": 1.5562, "serveSec": 312.0, "fed": 24979, "fedSrc": "prompt", "generating": false, "encPick": 27, "refPick": 27, "pickAgree": true}
{"tick": 0, "lane": 33, "encArgmax": 253, "refArgmax": 253, "top1": true, "relErrRms": 0.000604, "refTop1Margin": 1.277, "serveSec": 312.0, "fed": 688, "fedSrc": "prompt", "generating": false, "encPick": 253, "refPick": 253, "pickAgree": true}
{"tick": 0, "lane": 34, "encArgmax": 665, "refArgmax": 665, "top1": true, "relErrRms": 0.000621, "refTop1Margin": 0.4661, "serveSec": 312.0, "fed": 8836, "fedSrc": "prompt", "generating": false, "encPick": 665, "refPick": 665, "pickAgree": true}
{"tick": 0, "lane": 35, "encArgmax": 806, "refArgmax": 806, "top1": true, "relErrRms": 0.00128, "refTop1Margin": 0.992, "serveSec": 312.0, "fed": 510, "fedSrc": "prompt", "generating": false, "encPick": 806, "refPick": 806, "pickAgree": true}
{"tick": 0, "lane": 36, "encArgmax": 253, "refArgmax": 253, "top1": true, "relErrRms": 0.001108, "refTop1Margin": 1.2921, "serveSec": 312.0, "fed": 3404, "fedSrc": "prompt", "generating": false, "encPick": 253, "refPick": 253, "pickAgree": true}
{"tick": 0, "lane": 37, "encArgmax": 806, "refArgmax": 806, "top1": true, "relErrRms": 0.000796, "refTop1Margin": 0.992, "serveSec": 312.0, "fed": 510, "fedSrc": "prompt", "generating": false, "encPick": 806, "refPick": 806, "pickAgree": true}
{"tick": 0, "lane": 38, "encArgmax": 253, "refArgmax": 253, "top1": true, "relErrRms": 0.000673, "refTop1Margin": 1.277, "serveSec": 312.0, "fed": 688, "fedSrc": "prompt", "generating": false, "encPick": 253, "refPick": 253, "pickAgree": true}
{"tick": 0, "lane": 39, "encArgmax": 806, "refArgmax": 806, "top1": true, "relErrRms": 0.000366, "refTop1Margin": 0.992, "serveSec": 312.0, "fed": 510, "fedSrc": "prompt", "generating": false, "encPick": 806, "refPick": 806, "pickAgree": true}
{"tick": 0, "lane": 40, "encArgmax": 15, "refArgmax": 15, "top1": true, "relErrRms": 0.001408, "refTop1Margin": 1.1036, "serveSec": 312.0, "fed": 34, "fedSrc": "prompt", "generating": false, "encPick": 15, "refPick": 15, "pickAgree": true}
{"tick": 0, "lane": 41, "encArgmax": 90, "refArgmax": 90, "top1": true, "relErrRms": 0.002512, "refTop1Margin": 1.5783, "serveSec": 312.0, "fed": 19895, "fedSrc": "prompt", "generating": false, "encPick": 90, "refPick": 90, "pickAgree": true}
{"tick": 0, "lane": 42, "encArgmax": 253, "refArgmax": 253, "top1": true, "relErrRms": 0.001341, "refTop1Margin": 1.277, "serveSec": 312.0, "fed": 688, "fedSrc": "prompt", "generating": false, "encPick": 253, "refPick": 253, "pickAgree": true}
{"tick": 0, "lane": 43, "encArgmax": 15, "refArgmax": 15, "top1": true, "relErrRms": 0.004494, "refTop1Margin": 1.5464, "serveSec": 312.0, "fed": 37, "fedSrc": "prompt", "generating": false, "encPick": 15, "refPick": 15, "pickAgree": true}
{"tick": 0, "lane": 44, "encArgmax": 310, "refArgmax": 310, "top1": true, "relErrRms": 0.004133, "refTop1Margin": 0.2337, "serveSec": 312.0, "fed": 26042, "fedSrc": "prompt", "generating": false, "encPick": 310, "refPick": 310, "pickAgree": true}
{"tick": 0, "lane": 45, "encArgmax": 2345, "refArgmax": 2345, "top1": true, "relErrRms": 0.002246, "refTop1Margin": 0.1366, "serveSec": 312.0, "fed": 35, "fedSrc": "prompt", "generating": false, "encPick": 2345, "refPick": 2345, "pickAgree": true}
{"tick": 0, "lane": 46, "encArgmax": 806, "refArgmax": 806, "top1": true, "relErrRms": 0.000516, "refTop1Margin": 0.992, "serveSec": 312.0, "fed": 510, "fedSrc": "prompt", "generating": false, "encPick": 806, "refPick": 806, "pickAgree": true}
{"tick": 0, "lane": 47, "encArgmax": 806, "refArgmax": 806, "top1": true, "relErrRms": 0.00037, "refTop1Margin": 0.992, "serveSec": 312.0, "fed": 510, "fedSrc": "prompt", "generating": false, "encPick": 806, "refPick": 806, "pickAgree": true}
{"tick": 0, "lane": 48, "encArgmax": 26639, "refArgmax": 26639, "top1": true, "relErrRms": 0.002014, "refTop1Margin": 0.3857, "serveSec": 312.0, "fed": 3351, "fedSrc": "prompt", "generating": false, "encPick": 26639, "refPick": 26639, "pickAgree": true}
{"tick": 0, "lane": 49, "encArgmax": 311, "refArgmax": 311, "top1": true, "relErrRms": 0.000578, "refTop1Margin": 0.5862, "serveSec": 312.0, "fed": 10859, "fedSrc": "prompt", "generating": false, "encPick": 311, "refPick": 311, "pickAgree": true}
{"tick": 0, "lane": 50, "encArgmax": 273, "refArgmax": 273, "top1": true, "relErrRms": 0.000553, "refTop1Margin": 0.5087, "serveSec": 312.0, "fed": 21958, "fedSrc": "prompt", "generating": false, "encPick": 273, "refPick": 273, "pickAgree": true}
{"tick": 0, "lane": 51, "encArgmax": 264, "refArgmax": 264, "top1": true, "relErrRms": 0.000695, "refTop1Margin": 0.4701, "serveSec": 312.0, "fed": 32915, "fedSrc": "prompt", "generating": false, "encPick": 264, "refPick": 264, "pickAgree": true}
{"tick": 0, "lane": 52, "encArgmax": 806, "refArgmax": 806, "top1": true, "relErrRms": 0.000414, "refTop1Margin": 0.992, "serveSec": 312.0, "fed": 510, "fedSrc": "prompt", "generating": false, "encPick": 806, "refPick": 806, "pickAgree": true}
{"tick": 0, "lane": 53, "encArgmax": 15, "refArgmax": 15, "top1": true, "relErrRms": 0.000608, "refTop1Margin": 1.1036, "serveSec": 312.0, "fed": 34, "fedSrc": "prompt", "generating": false, "encPick": 15, "refPick": 15, "pickAgree": true}
{"tick": 0, "lane": 54, "encArgmax": 273, "refArgmax": 273, "top1": true, "relErrRms": 0.003854, "refTop1Margin": 0.9507, "serveSec": 312.0, "fed": 10342, "fedSrc": "prompt", "generating": false, "encPick": 273, "refPick": 273, "pickAgree": true}
{"tick": 0, "lane": 55, "encArgmax": 806, "refArgmax": 806, "top1": true, "relErrRms": 0.00054, "refTop1Margin": 0.992, "serveSec": 312.0, "fed": 510, "fedSrc": "prompt", "generating": false, "encPick": 806, "refPick": 806, "pickAgree": true}
{"tick": 0, "lane": 56, "encArgmax": 254, "refArgmax": 254, "top1": true, "relErrRms": 0.001499, "refTop1Margin": 2.2788, "serveSec": 312.0, "fed": 32655, "fedSrc": "prompt", "generating": false, "encPick": 254, "refPick": 254, "pickAgree": true}
{"tick": 0, "lane": 57, "encArgmax": 273, "refArgmax": 273, "top1": true, "relErrRms": 0.001204, "refTop1Margin": 0.4724, "serveSec": 312.0, "fed": 18431, "fedSrc": "prompt", "generating": false, "encPick": 273, "refPick": 273, "pickAgree": true}
{"tick": 0, "lane": 58, "encArgmax": 15, "refArgmax": 15, "top1": true, "relErrRms": 0.003957, "refTop1Margin": 0.6023, "serveSec": 312.0, "fed": 45, "fedSrc": "prompt", "generating": false, "encPick": 15, "refPick": 15, "pickAgree": true}
{"tick": 0, "lane": 59, "encArgmax": 806, "refArgmax": 806, "top1": true, "relErrRms": 0.000583, "refTop1Margin": 0.992, "serveSec": 312.0, "fed": 510, "fedSrc": "prompt", "generating": false, "encPick": 806, "refPick": 806, "pickAgree": true}
{"tick": 0, "lane": 60, "encArgmax": 673, "refArgmax": 673, "top1": true, "relErrRms": 0.000468, "refTop1Margin": 0.2343, "serveSec": 312.0, "fed": 8267, "fedSrc": "prompt", "generating": false, "encPick": 673, "refPick": 673, "pickAgree": true}
{"tick": 0, "lane": 61, "encArgmax": 1037, "refArgmax": 1037, "top1": true, "relErrRms": 0.001488, "refTop1Margin": 1.0909, "serveSec": 312.0, "fed": 41331, "fedSrc": "prompt", "generating": false, "encPick": 1037, "refPick": 1037, "pickAgree": true}
{"tick": 0, "lane": 62, "encArgmax": 273, "refArgmax": 273, "top1": true, "relErrRms": 0.000441, "refTop1Margin": 1.2884, "serveSec": 312.0, "fed": 4041, "fedSrc": "prompt", "generating": false, "encPick": 273, "refPick": 273, "pickAgree": true}
{"tick": 0, "lane": 63, "encArgmax": 273, "refArgmax": 273, "top1": true, "relErrRms": 0.000784, "refTop1Margin": 0.8694, "serveSec": 312.0, "fed": 46570, "fedSrc": "prompt", "generating": false, "encPick": 273, "refPick": 273, "pickAgree": true}
    {"clientEnc":true,"file":"/root/demo/s37/serve_CTRL512/row_tail.f64.ct","count":1,"tokens":1,"packTokens":1,"lanes":64,"totalBytes":88088569,"encMs":396}
    {"clientDecDone":true,"logits":"/root/demo/s37/serve_CTRL512/serve/resp.1.logits.f64","tokens":1,"vocab":50277,"decMs":1574}
{"tick": 1, "lane": 0, "encArgmax": 3510, "refArgmax": 3510, "top1": true, "relErrRms": 0.00356, "refTop1Margin": 0.7857, "serveSec": 184.0, "fed": 1027, "fedSrc": "prompt", "generating": false, "encPick": 3510, "refPick": 3510, "pickAgree": true}
{"tick": 1, "lane": 1, "encArgmax": 27, "refArgmax": 27, "top1": true, "relErrRms": 0.001027, "refTop1Margin": 0.741, "serveSec": 184.0, "fed": 1644, "fedSrc": "prompt", "generating": false, "encPick": 27, "refPick": 27, "pickAgree": true}
{"tick": 1, "lane": 2, "encArgmax": 4155, "refArgmax": 4155, "top1": true, "relErrRms": 0.00069, "refTop1Margin": 4.6173, "serveSec": 184.0, "fed": 24771, "fedSrc": "prompt", "generating": false, "encPick": 4155, "refPick": 4155, "pickAgree": true}
{"tick": 1, "lane": 3, "encArgmax": 273, "refArgmax": 273, "top1": true, "relErrRms": 0.001437, "refTop1Margin": 0.2499, "serveSec": 184.0, "fed": 6253, "fedSrc": "prompt", "generating": false, "encPick": 273, "refPick": 273, "pickAgree": true}
{"tick": 1, "lane": 4, "encArgmax": 13, "refArgmax": 13, "top1": true, "relErrRms": 0.001119, "refTop1Margin": 0.0489, "serveSec": 184.0, "fed": 1088, "fedSrc": "prompt", "generating": false, "encPick": 13, "refPick": 13, "pickAgree": true}
{"tick": 1, "lane": 5, "encArgmax": 1981, "refArgmax": 1981, "top1": true, "relErrRms": 0.002455, "refTop1Margin": 1.0906, "serveSec": 184.0, "fed": 8357, "fedSrc": "prompt", "generating": false, "encPick": 1981, "refPick": 1981, "pickAgree": true}
{"tick": 1, "lane": 6, "encArgmax": 13, "refArgmax": 13, "top1": true, "relErrRms": 0.000615, "refTop1Margin": 0.1053, "serveSec": 184.0, "fed": 4131, "fedSrc": "prompt", "generating": false, "encPick": 13, "refPick": 13, "pickAgree": true}
{"tick": 1, "lane": 7, "encArgmax": 1373, "refArgmax": 1373, "top1": true, "relErrRms": 0.000601, "refTop1Margin": 0.0827, "serveSec": 184.0, "fed": 515, "fedSrc": "prompt", "generating": false, "encPick": 1373, "refPick": 1373, "pickAgree": true}
{"tick": 1, "lane": 8, "encArgmax": 6057, "refArgmax": 6057, "top1": true, "relErrRms": 0.001304, "refTop1Margin": 0.2571, "serveSec": 184.0, "fed": 2885, "fedSrc": "prompt", "generating": false, "encPick": 6057, "refPick": 6057, "pickAgree": true}
{"tick": 1, "lane": 9, "encArgmax": 1780, "refArgmax": 1780, "top1": true, "relErrRms": 0.000849, "refTop1Margin": 0.4498, "serveSec": 184.0, "fed": 41762, "fedSrc": "prompt", "generating": false, "encPick": 1780, "refPick": 1780, "pickAgree": true}
{"tick": 1, "lane": 10, "encArgmax": 642, "refArgmax": 642, "top1": true, "relErrRms": 0.001746, "refTop1Margin": 0.0127, "serveSec": 184.0, "fed": 310, "fedSrc": "prompt", "generating": false, "encPick": 642, "refPick": 642, "pickAgree": true}
{"tick": 1, "lane": 11, "encArgmax": 13, "refArgmax": 13, "top1": true, "relErrRms": 0.002019, "refTop1Margin": 0.0157, "serveSec": 184.0, "fed": 868, "fedSrc": "prompt", "generating": false, "encPick": 13, "refPick": 13, "pickAgree": true}
{"tick": 1, "lane": 12, "encArgmax": 17890, "refArgmax": 17890, "top1": true, "relErrRms": 0.001604, "refTop1Margin": 0.4628, "serveSec": 184.0, "fed": 14795, "fedSrc": "prompt", "generating": false, "encPick": 17890, "refPick": 17890, "pickAgree": true}
{"tick": 1, "lane": 13, "encArgmax": 327, "refArgmax": 327, "top1": true, "relErrRms": 0.002653, "refTop1Margin": 0.7099, "serveSec": 184.0, "fed": 48158, "fedSrc": "prompt", "generating": false, "encPick": 327, "refPick": 327, "pickAgree": true}
{"tick": 1, "lane": 14, "encArgmax": 71, "refArgmax": 71, "top1": true, "relErrRms": 0.004843, "refTop1Margin": 0.9411, "serveSec": 184.0, "fed": 1062, "fedSrc": "prompt", "generating": false, "encPick": 71, "refPick": 71, "pickAgree": true}
{"tick": 1, "lane": 15, "encArgmax": 273, "refArgmax": 273, "top1": true, "relErrRms": 0.00075, "refTop1Margin": 0.6365, "serveSec": 184.0, "fed": 4007, "fedSrc": "prompt", "generating": false, "encPick": 273, "refPick": 273, "pickAgree": true}
{"tick": 1, "lane": 16, "encArgmax": 681, "refArgmax": 681, "top1": true, "relErrRms": 0.002941, "refTop1Margin": 2.8238, "serveSec": 184.0, "fed": 15, "fedSrc": "prompt", "generating": false, "encPick": 681, "refPick": 681, "pickAgree": true}
{"tick": 1, "lane": 17, "encArgmax": 4385, "refArgmax": 4385, "top1": true, "relErrRms": 0.002158, "refTop1Margin": 1.0825, "serveSec": 184.0, "fed": 285, "fedSrc": "prompt", "generating": false, "encPick": 4385, "refPick": 4385, "pickAgree": true}
{"tick": 1, "lane": 18, "encArgmax": 1342, "refArgmax": 1342, "top1": true, "relErrRms": 0.000786, "refTop1Margin": 0.3132, "serveSec": 184.0, "fed": 444, "fedSrc": "prompt", "generating": false, "encPick": 1342, "refPick": 1342, "pickAgree": true}
{"tick": 1, "lane": 19, "encArgmax": 310, "refArgmax": 310, "top1": true, "relErrRms": 0.001925, "refTop1Margin": 1.5775, "serveSec": 184.0, "fed": 19037, "fedSrc": "prompt", "generating": false, "encPick": 310, "refPick": 310, "pickAgree": true}
{"tick": 1, "lane": 20, "encArgmax": 14, "refArgmax": 14, "top1": true, "relErrRms": 0.000976, "refTop1Margin": 0.8105, "serveSec": 184.0, "fed": 9313, "fedSrc": "prompt", "generating": false, "encPick": 14, "refPick": 14, "pickAgree": true}
{"tick": 1, "lane": 21, "encArgmax": 556, "refArgmax": 556, "top1": true, "relErrRms": 0.000962, "refTop1Margin": 0.9211, "serveSec": 184.0, "fed": 3448, "fedSrc": "prompt", "generating": false, "encPick": 556, "refPick": 556, "pickAgree": true}
{"tick": 1, "lane": 22, "encArgmax": 2069, "refArgmax": 2069, "top1": true, "relErrRms": 0.000726, "refTop1Margin": 0.5722, "serveSec": 184.0, "fed": 9129, "fedSrc": "prompt", "generating": false, "encPick": 2069, "refPick": 2069, "pickAgree": true}
{"tick": 1, "lane": 23, "encArgmax": 933, "refArgmax": 933, "top1": true, "relErrRms": 0.000952, "refTop1Margin": 1.1316, "serveSec": 184.0, "fed": 13, "fedSrc": "prompt", "generating": false, "encPick": 933, "refPick": 933, "pickAgree": true}
{"tick": 1, "lane": 24, "encArgmax": 347, "refArgmax": 347, "top1": true, "relErrRms": 0.000746, "refTop1Margin": 2.261, "serveSec": 184.0, "fed": 3517, "fedSrc": "prompt", "generating": false, "encPick": 347, "refPick": 347, "pickAgree": true}
{"tick": 1, "lane": 25, "encArgmax": 300, "refArgmax": 300, "top1": true, "relErrRms": 0.00175, "refTop1Margin": 1.2585, "serveSec": 184.0, "fed": 1730, "fedSrc": "prompt", "generating": false, "encPick": 300, "refPick": 300, "pickAgree": true}
{"tick": 1, "lane": 26, "encArgmax": 1818, "refArgmax": 1818, "top1": true, "relErrRms": 0.006133, "refTop1Margin": 3.1888, "serveSec": 184.0, "fed": 7952, "fedSrc": "prompt", "generating": false, "encPick": 1818, "refPick": 1818, "pickAgree": true}
{"tick": 1, "lane": 27, "encArgmax": 3168, "refArgmax": 3168, "top1": true, "relErrRms": 0.001496, "refTop1Margin": 0.0617, "serveSec": 184.0, "fed": 13, "fedSrc": "prompt", "generating": false, "encPick": 3168, "refPick": 3168, "pickAgree": true}
{"tick": 1, "lane": 28, "encArgmax": 273, "refArgmax": 273, "top1": true, "relErrRms": 0.000642, "refTop1Margin": 0.1361, "serveSec": 184.0, "fed": 2360, "fedSrc": "prompt", "generating": false, "encPick": 273, "refPick": 273, "pickAgree": true}
{"tick": 1, "lane": 29, "encArgmax": 644, "refArgmax": 644, "top1": true, "relErrRms": 0.004542, "refTop1Margin": 0.5183, "serveSec": 184.0, "fed": 556, "fedSrc": "prompt", "generating": false, "encPick": 644, "refPick": 644, "pickAgree": true}
{"tick": 1, "lane": 30, "encArgmax": 1921, "refArgmax": 1921, "top1": true, "relErrRms": 0.000612, "refTop1Margin": 0.8298, "serveSec": 184.0, "fed": 2022, "fedSrc": "prompt", "generating": false, "encPick": 1921, "refPick": 1921, "pickAgree": true}
{"tick": 1, "lane": 31, "encArgmax": 7121, "refArgmax": 7121, "top1": true, "relErrRms": 0.000414, "refTop1Margin": 0.3351, "serveSec": 184.0, "fed": 10550, "fedSrc": "prompt", "generating": false, "encPick": 7121, "refPick": 7121, "pickAgree": true}
{"tick": 1, "lane": 32, "encArgmax": 20585, "refArgmax": 20585, "top1": true, "relErrRms": 0.008714, "refTop1Margin": 3.0512, "serveSec": 184.0, "fed": 310, "fedSrc": "prompt", "generating": false, "encPick": 20585, "refPick": 20585, "pickAgree": true}
{"tick": 1, "lane": 33, "encArgmax": 13, "refArgmax": 13, "top1": true, "relErrRms": 0.001147, "refTop1Margin": 2.2287, "serveSec": 184.0, "fed": 18417, "fedSrc": "prompt", "generating": false, "encPick": 13, "refPick": 13, "pickAgree": true}
{"tick": 1, "lane": 34, "encArgmax": 644, "refArgmax": 644, "top1": true, "relErrRms": 0.002118, "refTop1Margin": 0.6008, "serveSec": 184.0, "fed": 452, "fedSrc": "prompt", "generating": false, "encPick": 644, "refPick": 644, "pickAgree": true}
{"tick": 1, "lane": 35, "encArgmax": 29490, "refArgmax": 29490, "top1": true, "relErrRms": 0.001112, "refTop1Margin": 0.6822, "serveSec": 184.0, "fed": 11553, "fedSrc": "prompt", "generating": false, "encPick": 29490, "refPick": 29490, "pickAgree": true}
{"tick": 1, "lane": 36, "encArgmax": 13, "refArgmax": 13, "top1": true, "relErrRms": 0.00195, "refTop1Margin": 0.57, "serveSec": 184.0, "fed": 20632, "fedSrc": "prompt", "generating": false, "encPick": 13, "refPick": 13, "pickAgree": true}
{"tick": 1, "lane": 37, "encArgmax": 13, "refArgmax": 13, "top1": true, "relErrRms": 0.00116, "refTop1Margin": 0.3348, "serveSec": 184.0, "fed": 27343, "fedSrc": "prompt", "generating": false, "encPick": 13, "refPick": 13, "pickAgree": true}
{"tick": 1, "lane": 38, "encArgmax": 1643, "refArgmax": 1643, "top1": true, "relErrRms": 0.000575, "refTop1Margin": 0.0923, "serveSec": 184.0, "fed": 247, "fedSrc": "prompt", "generating": false, "encPick": 1643, "refPick": 1643, "pickAgree": true}
{"tick": 1, "lane": 39, "encArgmax": 29490, "refArgmax": 29490, "top1": true, "relErrRms": 0.001194, "refTop1Margin": 0.6822, "serveSec": 184.0, "fed": 11553, "fedSrc": "prompt", "generating": false, "encPick": 29490, "refPick": 29490, "pickAgree": true}
{"tick": 1, "lane": 40, "encArgmax": 273, "refArgmax": 273, "top1": true, "relErrRms": 0.000677, "refTop1Margin": 5.7065, "serveSec": 184.0, "fed": 1180, "fedSrc": "prompt", "generating": false, "encPick": 273, "refPick": 273, "pickAgree": true}
{"tick": 1, "lane": 41, "encArgmax": 285, "refArgmax": 285, "top1": true, "relErrRms": 0.001306, "refTop1Margin": 0.3833, "serveSec": 184.0, "fed": 14892, "fedSrc": "prompt", "generating": false, "encPick": 285, "refPick": 285, "pickAgree": true}
{"tick": 1, "lane": 42, "encArgmax": 13, "refArgmax": 13, "top1": true, "relErrRms": 0.000196, "refTop1Margin": 1.5987, "serveSec": 184.0, "fed": 4223, "fedSrc": "prompt", "generating": false, "encPick": 13, "refPick": 13, "pickAgree": true}
{"tick": 1, "lane": 43, "encArgmax": 403, "refArgmax": 403, "top1": true, "relErrRms": 0.002095, "refTop1Margin": 0.0169, "serveSec": 184.0, "fed": 14175, "fedSrc": "prompt", "generating": false, "encPick": 403, "refPick": 403, "pickAgree": true}
{"tick": 1, "lane": 44, "encArgmax": 253, "refArgmax": 253, "top1": true, "relErrRms": 0.001884, "refTop1Margin": 1.8576, "serveSec": 184.0, "fed": 275, "fedSrc": "prompt", "generating": false, "encPick": 253, "refPick": 253, "pickAgree": true}
{"tick": 1, "lane": 45, "encArgmax": 273, "refArgmax": 273, "top1": true, "relErrRms": 0.002015, "refTop1Margin": 0.8583, "serveSec": 184.0, "fed": 2487, "fedSrc": "prompt", "generating": false, "encPick": 273, "refPick": 273, "pickAgree": true}
{"tick": 1, "lane": 46, "encArgmax": 1774, "refArgmax": 1774, "top1": true, "relErrRms": 0.000735, "refTop1Margin": 1.0184, "serveSec": 184.0, "fed": 954, "fedSrc": "prompt", "generating": false, "encPick": 1774, "refPick": 1774, "pickAgree": true}
{"tick": 1, "lane": 47, "encArgmax": 310, "refArgmax": 310, "top1": true, "relErrRms": 0.002586, "refTop1Margin": 0.9647, "serveSec": 184.0, "fed": 5101, "fedSrc": "prompt", "generating": false, "encPick": 310, "refPick": 310, "pickAgree": true}
{"tick": 1, "lane": 48, "encArgmax": 2767, "refArgmax": 2767, "top1": true, "relErrRms": 0.002808, "refTop1Margin": 1.1877, "serveSec": 184.0, "fed": 356, "fedSrc": "prompt", "generating": false, "encPick": 2767, "refPick": 2767, "pickAgree": true}
{"tick": 1, "lane": 49, "encArgmax": 571, "refArgmax": 571, "top1": true, "relErrRms": 0.003021, "refTop1Margin": 4.199, "serveSec": 184.0, "fed": 20224, "fedSrc": "prompt", "generating": false, "encPick": 571, "refPick": 571, "pickAgree": true}
{"tick": 1, "lane": 50, "encArgmax": 273, "refArgmax": 273, "top1": true, "relErrRms": 0.001247, "refTop1Margin": 0.8204, "serveSec": 184.0, "fed": 41635, "fedSrc": "prompt", "generating": false, "encPick": 273, "refPick": 273, "pickAgree": true}
{"tick": 1, "lane": 51, "encArgmax": 1120, "refArgmax": 1120, "top1": true, "relErrRms": 0.000954, "refTop1Margin": 5.8755, "serveSec": 184.0, "fed": 17363, "fedSrc": "prompt", "generating": false, "encPick": 1120, "refPick": 1120, "pickAgree": true}
{"tick": 1, "lane": 52, "encArgmax": 637, "refArgmax": 637, "top1": true, "relErrRms": 0.002102, "refTop1Margin": 1.6608, "serveSec": 184.0, "fed": 1711, "fedSrc": "prompt", "generating": false, "encPick": 637, "refPick": 637, "pickAgree": true}
{"tick": 1, "lane": 53, "encArgmax": 273, "refArgmax": 273, "top1": true, "relErrRms": 0.001436, "refTop1Margin": 0.2544, "serveSec": 184.0, "fed": 8281, "fedSrc": "prompt", "generating": false, "encPick": 273, "refPick": 273, "pickAgree": true}
{"tick": 1, "lane": 54, "encArgmax": 403, "refArgmax": 403, "top1": true, "relErrRms": 0.00236, "refTop1Margin": 0.3078, "serveSec": 184.0, "fed": 11260, "fedSrc": "prompt", "generating": false, "encPick": 403, "refPick": 403, "pickAgree": true}
{"tick": 1, "lane": 55, "encArgmax": 14, "refArgmax": 14, "top1": true, "relErrRms": 0.007461, "refTop1Margin": 0.3548, "serveSec": 184.0, "fed": 20088, "fedSrc": "prompt", "generating": false, "encPick": 14, "refPick": 14, "pickAgree": true}
{"tick": 1, "lane": 56, "encArgmax": 781, "refArgmax": 781, "top1": true, "relErrRms": 0.001462, "refTop1Margin": 5.1631, "serveSec": 184.0, "fed": 254, "fedSrc": "prompt", "generating": false, "encPick": 781, "refPick": 781, "pickAgree": true}
{"tick": 1, "lane": 57, "encArgmax": 14, "refArgmax": 14, "top1": true, "relErrRms": 0.003266, "refTop1Margin": 0.6928, "serveSec": 184.0, "fed": 2739, "fedSrc": "prompt", "generating": false, "encPick": 14, "refPick": 14, "pickAgree": true}
{"tick": 1, "lane": 58, "encArgmax": 383, "refArgmax": 383, "top1": true, "relErrRms": 0.002761, "refTop1Margin": 1.2854, "serveSec": 184.0, "fed": 1662, "fedSrc": "prompt", "generating": false, "encPick": 383, "refPick": 383, "pickAgree": true}
{"tick": 1, "lane": 59, "encArgmax": 310, "refArgmax": 310, "top1": true, "relErrRms": 0.002368, "refTop1Margin": 0.3432, "serveSec": 184.0, "fed": 29528, "fedSrc": "prompt", "generating": false, "encPick": 310, "refPick": 310, "pickAgree": true}
{"tick": 1, "lane": 60, "encArgmax": 13, "refArgmax": 13, "top1": true, "relErrRms": 0.001504, "refTop1Margin": 1.6976, "serveSec": 184.0, "fed": 25986, "fedSrc": "prompt", "generating": false, "encPick": 13, "refPick": 13, "pickAgree": true}
{"tick": 1, "lane": 61, "encArgmax": 310, "refArgmax": 310, "top1": true, "relErrRms": 0.001491, "refTop1Margin": 1.1992, "serveSec": 184.0, "fed": 20035, "fedSrc": "prompt", "generating": false, "encPick": 310, "refPick": 310, "pickAgree": true}
{"tick": 1, "lane": 62, "encArgmax": 253, "refArgmax": 253, "top1": true, "relErrRms": 0.000939, "refTop1Margin": 2.1373, "serveSec": 184.0, "fed": 273, "fedSrc": "prompt", "generating": false, "encPick": 253, "refPick": 253, "pickAgree": true}
{"tick": 1, "lane": 63, "encArgmax": 310, "refArgmax": 310, "top1": true, "relErrRms": 0.000489, "refTop1Margin": 1.2861, "serveSec": 184.0, "fed": 15001, "fedSrc": "prompt", "generating": false, "encPick": 310, "refPick": 310, "pickAgree": true}
    {"clientEnc":true,"file":"/root/demo/s37/serve_CTRL512/row_tail.f64.ct","count":1,"tokens":1,"packTokens":1,"lanes":64,"totalBytes":88088569,"encMs":397}
    {"clientDecDone":true,"logits":"/root/demo/s37/serve_CTRL512/serve/resp.2.logits.f64","tokens":1,"vocab":50277,"decMs":1596}
{"tick": 2, "lane": 0, "encArgmax": 273, "refArgmax": 273, "top1": true, "relErrRms": 0.002359, "refTop1Margin": 0.1547, "serveSec": 184.0, "fed": 6128, "fedSrc": "prompt", "generating": false, "encPick": 273, "refPick": 273, "pickAgree": true}
{"tick": 2, "lane": 1, "encArgmax": 253, "refArgmax": 253, "top1": true, "relErrRms": 0.000661, "refTop1Margin": 0.6702, "serveSec": 184.0, "fed": 323, "fedSrc": "prompt", "generating": false, "encPick": 253, "refPick": 253, "pickAgree": true}
{"tick": 2, "lane": 2, "encArgmax": 310, "refArgmax": 310, "top1": true, "relErrRms": 0.002838, "refTop1Margin": 0.2645, "serveSec": 184.0, "fed": 4155, "fedSrc": "prompt", "generating": false, "encPick": 310, "refPick": 310, "pickAgree": true}
{"tick": 2, "lane": 3, "encArgmax": 1666, "refArgmax": 1666, "top1": true, "relErrRms": 0.00307, "refTop1Margin": 0.0645, "serveSec": 184.0, "fed": 12927, "fedSrc": "prompt", "generating": true, "encPick": 1666, "refPick": 1666, "pickAgree": true}
{"tick": 2, "lane": 4, "encArgmax": 13, "refArgmax": 13, "top1": true, "relErrRms": 0.001164, "refTop1Margin": 0.0776, "serveSec": 184.0, "fed": 22844, "fedSrc": "prompt", "generating": false, "encPick": 13, "refPick": 13, "pickAgree": true}
{"tick": 2, "lane": 5, "encArgmax": 320, "refArgmax": 320, "top1": true, "relErrRms": 0.001383, "refTop1Margin": 1.6404, "serveSec": 184.0, "fed": 476, "fedSrc": "prompt", "generating": false, "encPick": 320, "refPick": 320, "pickAgree": true}
{"tick": 2, "lane": 6, "encArgmax": 12561, "refArgmax": 12561, "top1": true, "relErrRms": 0.002169, "refTop1Margin": 0.6818, "serveSec": 184.0, "fed": 1078, "fedSrc": "prompt", "generating": false, "encPick": 12561, "refPick": 12561, "pickAgree": true}
{"tick": 2, "lane": 7, "encArgmax": 247, "refArgmax": 247, "top1": true, "relErrRms": 0.001766, "refTop1Margin": 0.3086, "serveSec": 184.0, "fed": 310, "fedSrc": "prompt", "generating": true, "encPick": 247, "refPick": 247, "pickAgree": true}
{"tick": 2, "lane": 8, "encArgmax": 2028, "refArgmax": 2028, "top1": true, "relErrRms": 0.001284, "refTop1Margin": 0.6003, "serveSec": 184.0, "fed": 476, "fedSrc": "prompt", "generating": false, "encPick": 2028, "refPick": 2028, "pickAgree": true}
{"tick": 2, "lane": 9, "encArgmax": 2728, "refArgmax": 2728, "top1": true, "relErrRms": 0.005046, "refTop1Margin": 3.1588, "serveSec": 184.0, "fed": 18571, "fedSrc": "prompt", "generating": false, "encPick": 2728, "refPick": 2728, "pickAgree": true}
{"tick": 2, "lane": 10, "encArgmax": 1941, "refArgmax": 1941, "top1": true, "relErrRms": 0.00463, "refTop1Margin": 0.8737, "serveSec": 184.0, "fed": 5675, "fedSrc": "prompt", "generating": false, "encPick": 1941, "refPick": 1941, "pickAgree": true}
{"tick": 2, "lane": 11, "encArgmax": 247, "refArgmax": 247, "top1": true, "relErrRms": 0.004586, "refTop1Margin": 0.4164, "serveSec": 184.0, "fed": 403, "fedSrc": "prompt", "generating": true, "encPick": 247, "refPick": 247, "pickAgree": true}
{"tick": 2, "lane": 12, "encArgmax": 310, "refArgmax": 310, "top1": true, "relErrRms": 0.000998, "refTop1Margin": 0.5926, "serveSec": 184.0, "fed": 28700, "fedSrc": "prompt", "generating": false, "encPick": 310, "refPick": 310, "pickAgree": true}
{"tick": 2, "lane": 13, "encArgmax": 352, "refArgmax": 352, "top1": true, "relErrRms": 0.001303, "refTop1Margin": 1.2618, "serveSec": 184.0, "fed": 984, "fedSrc": "prompt", "generating": false, "encPick": 352, "refPick": 352, "pickAgree": true}
{"tick": 2, "lane": 14, "encArgmax": 253, "refArgmax": 253, "top1": true, "relErrRms": 0.002394, "refTop1Margin": 0.8232, "serveSec": 184.0, "fed": 11359, "fedSrc": "prompt", "generating": false, "encPick": 253, "refPick": 253, "pickAgree": true}
{"tick": 2, "lane": 15, "encArgmax": 253, "refArgmax": 253, "top1": true, "relErrRms": 0.000408, "refTop1Margin": 2.9744, "serveSec": 184.0, "fed": 273, "fedSrc": "prompt", "generating": false, "encPick": 253, "refPick": 253, "pickAgree": true}
{"tick": 2, "lane": 16, "encArgmax": 806, "refArgmax": 806, "top1": true, "relErrRms": 0.001449, "refTop1Margin": 0.8297, "serveSec": 184.0, "fed": 380, "fedSrc": "prompt", "generating": false, "encPick": 806, "refPick": 806, "pickAgree": true}
{"tick": 2, "lane": 17, "encArgmax": 15, "refArgmax": 15, "top1": true, "relErrRms": 0.001005, "refTop1Margin": 0.0512, "serveSec": 184.0, "fed": 1756, "fedSrc": "prompt", "generating": false, "encPick": 15, "refPick": 15, "pickAgree": true}
{"tick": 2, "lane": 18, "encArgmax": 26919, "refArgmax": 26919, "top1": true, "relErrRms": 0.013649, "refTop1Margin": 3.4858, "serveSec": 184.0, "fed": 1342, "fedSrc": "prompt", "generating": false, "encPick": 26919, "refPick": 26919, "pickAgree": true}
{"tick": 2, "lane": 19, "encArgmax": 1740, "refArgmax": 1740, "top1": true, "relErrRms": 0.001323, "refTop1Margin": 0.1003, "serveSec": 184.0, "fed": 556, "fedSrc": "prompt", "generating": true, "encPick": 1740, "refPick": 1740, "pickAgree": true}
{"tick": 2, "lane": 20, "encArgmax": 310, "refArgmax": 310, "top1": true, "relErrRms": 0.000998, "refTop1Margin": 0.5244, "serveSec": 184.0, "fed": 38250, "fedSrc": "prompt", "generating": false, "encPick": 310, "refPick": 310, "pickAgree": true}
{"tick": 2, "lane": 21, "encArgmax": 697, "refArgmax": 697, "top1": true, "relErrRms": 0.000761, "refTop1Margin": 1.3872, "serveSec": 184.0, "fed": 556, "fedSrc": "prompt", "generating": false, "encPick": 697, "refPick": 697, "pickAgree": true}
{"tick": 2, "lane": 22, "encArgmax": 13, "refArgmax": 13, "top1": true, "relErrRms": 0.000747, "refTop1Margin": 1.2615, "serveSec": 184.0, "fed": 2069, "fedSrc": "prompt", "generating": false, "encPick": 13, "refPick": 13, "pickAgree": true}
{"tick": 2, "lane": 23, "encArgmax": 13, "refArgmax": 13, "top1": true, "relErrRms": 0.000762, "refTop1Margin": 2.1825, "serveSec": 184.0, "fed": 374, "fedSrc": "prompt", "generating": false, "encPick": 13, "refPick": 13, "pickAgree": true}
{"tick": 2, "lane": 24, "encArgmax": 309, "refArgmax": 309, "top1": true, "relErrRms": 0.000215, "refTop1Margin": 0.0915, "serveSec": 184.0, "fed": 347, "fedSrc": "prompt", "generating": false, "encPick": 309, "refPick": 309, "pickAgree": true}
{"tick": 2, "lane": 25, "encArgmax": 273, "refArgmax": 273, "top1": true, "relErrRms": 0.001575, "refTop1Margin": 0.368, "serveSec": 184.0, "fed": 3683, "fedSrc": "prompt", "generating": false, "encPick": 273, "refPick": 273, "pickAgree": true}
{"tick": 2, "lane": 26, "encArgmax": 310, "refArgmax": 310, "top1": true, "relErrRms": 0.004537, "refTop1Margin": 2.1332, "serveSec": 184.0, "fed": 1818, "fedSrc": "prompt", "generating": false, "encPick": 310, "refPick": 310, "pickAgree": true}
{"tick": 2, "lane": 27, "encArgmax": 13, "refArgmax": 13, "top1": true, "relErrRms": 0.002396, "refTop1Margin": 2.1185, "serveSec": 184.0, "fed": 13735, "fedSrc": "prompt", "generating": false, "encPick": 285, "refPick": 285, "pickAgree": true}
{"tick": 2, "lane": 28, "encArgmax": 369, "refArgmax": 369, "top1": true, "relErrRms": 0.00401, "refTop1Margin": 0.6893, "serveSec": 184.0, "fed": 6194, "fedSrc": "prompt", "generating": false, "encPick": 369, "refPick": 369, "pickAgree": true}
{"tick": 2, "lane": 29, "encArgmax": 908, "refArgmax": 908, "top1": true, "relErrRms": 0.00152, "refTop1Margin": 0.6264, "serveSec": 184.0, "fed": 644, "fedSrc": "prompt", "generating": false, "encPick": 908, "refPick": 908, "pickAgree": true}
{"tick": 2, "lane": 30, "encArgmax": 875, "refArgmax": 875, "top1": true, "relErrRms": 0.001539, "refTop1Margin": 1.4376, "serveSec": 184.0, "fed": 3064, "fedSrc": "prompt", "generating": false, "encPick": 875, "refPick": 875, "pickAgree": true}
{"tick": 2, "lane": 31, "encArgmax": 253, "refArgmax": 253, "top1": true, "relErrRms": 0.001992, "refTop1Margin": 0.0733, "serveSec": 184.0, "fed": 310, "fedSrc": "prompt", "generating": false, "encPick": 253, "refPick": 253, "pickAgree": true}
{"tick": 2, "lane": 32, "encArgmax": 1677, "refArgmax": 1677, "top1": true, "relErrRms": 0.007467, "refTop1Margin": 5.342, "serveSec": 184.0, "fed": 20585, "fedSrc": "prompt", "generating": false, "encPick": 1677, "refPick": 1677, "pickAgree": true}
{"tick": 2, "lane": 33, "encArgmax": 8243, "refArgmax": 8243, "top1": true, "relErrRms": 0.000928, "refTop1Margin": 0.0251, "serveSec": 184.0, "fed": 1780, "fedSrc": "prompt", "generating": false, "encPick": 8243, "refPick": 8243, "pickAgree": true}
{"tick": 2, "lane": 34, "encArgmax": 253, "refArgmax": 253, "top1": true, "relErrRms": 0.001561, "refTop1Margin": 0.9885, "serveSec": 184.0, "fed": 908, "fedSrc": "prompt", "generating": false, "encPick": 253, "refPick": 253, "pickAgree": true}
{"tick": 2, "lane": 35, "encArgmax": 310, "refArgmax": 310, "top1": true, "relErrRms": 0.000577, "refTop1Margin": 1.2974, "serveSec": 184.0, "fed": 17323, "fedSrc": "prompt", "generating": false, "encPick": 310, "refPick": 310, "pickAgree": true}
{"tick": 2, "lane": 36, "encArgmax": 1735, "refArgmax": 1735, "top1": true, "relErrRms": 0.002928, "refTop1Margin": 3.3472, "serveSec": 184.0, "fed": 253, "fedSrc": "prompt", "generating": false, "encPick": 1735, "refPick": 1735, "pickAgree": true}
{"tick": 2, "lane": 37, "encArgmax": 253, "refArgmax": 253, "top1": true, "relErrRms": 0.001258, "refTop1Margin": 0.9969, "serveSec": 184.0, "fed": 6804, "fedSrc": "prompt", "generating": false, "encPick": 253, "refPick": 253, "pickAgree": true}
{"tick": 2, "lane": 38, "encArgmax": 1436, "refArgmax": 1436, "top1": true, "relErrRms": 0.000908, "refTop1Margin": 0.7521, "serveSec": 184.0, "fed": 5875, "fedSrc": "prompt", "generating": false, "encPick": 1436, "refPick": 1436, "pickAgree": true}
{"tick": 2, "lane": 39, "encArgmax": 310, "refArgmax": 310, "top1": true, "relErrRms": 0.000525, "refTop1Margin": 1.2974, "serveSec": 184.0, "fed": 17323, "fedSrc": "prompt", "generating": true, "encPick": 310, "refPick": 310, "pickAgree": true}
{"tick": 2, "lane": 40, "encArgmax": 2616, "refArgmax": 2616, "top1": true, "relErrRms": 0.001362, "refTop1Margin": 0.6459, "serveSec": 184.0, "fed": 273, "fedSrc": "prompt", "generating": false, "encPick": 2616, "refPick": 2616, "pickAgree": true}
{"tick": 2, "lane": 41, "encArgmax": 285, "refArgmax": 285, "top1": true, "relErrRms": 0.000633, "refTop1Margin": 0.0377, "serveSec": 184.0, "fed": 3646, "fedSrc": "prompt", "generating": false, "encPick": 285, "refPick": 285, "pickAgree": true}
{"tick": 2, "lane": 42, "encArgmax": 13, "refArgmax": 13, "top1": true, "relErrRms": 0.000799, "refTop1Margin": 2.7364, "serveSec": 184.0, "fed": 4059, "fedSrc": "prompt", "generating": false, "encPick": 13, "refPick": 13, "pickAgree": true}
{"tick": 2, "lane": 43, "encArgmax": 417, "refArgmax": 417, "top1": true, "relErrRms": 0.004528, "refTop1Margin": 0.3405, "serveSec": 184.0, "fed": 403, "fedSrc": "prompt", "generating": true, "encPick": 417, "refPick": 417, "pickAgree": true}
{"tick": 2, "lane": 44, "encArgmax": 8825, "refArgmax": 8825, "top1": true, "relErrRms": 0.000632, "refTop1Margin": 0.1097, "serveSec": 184.0, "fed": 253, "fedSrc": "prompt", "generating": false, "encPick": 8825, "refPick": 8825, "pickAgree": true}
{"tick": 2, "lane": 45, "encArgmax": 1160, "refArgmax": 1160, "top1": true, "relErrRms": 0.002348, "refTop1Margin": 0.2012, "serveSec": 184.0, "fed": 403, "fedSrc": "prompt", "generating": false, "encPick": 1160, "refPick": 1160, "pickAgree": true}
{"tick": 2, "lane": 46, "encArgmax": 2181, "refArgmax": 2181, "top1": true, "relErrRms": 0.002188, "refTop1Margin": 1.4722, "serveSec": 184.0, "fed": 1774, "fedSrc": "prompt", "generating": false, "encPick": 2181, "refPick": 2181, "pickAgree": true}
{"tick": 2, "lane": 47, "encArgmax": 253, "refArgmax": 253, "top1": true, "relErrRms": 0.000958, "refTop1Margin": 0.1123, "serveSec": 184.0, "fed": 310, "fedSrc": "prompt", "generating": true, "encPick": 253, "refPick": 253, "pickAgree": true}
{"tick": 2, "lane": 48, "encArgmax": 310, "refArgmax": 310, "top1": true, "relErrRms": 0.003618, "refTop1Margin": 0.37, "serveSec": 184.0, "fed": 1771, "fedSrc": "prompt", "generating": false, "encPick": 310, "refPick": 310, "pickAgree": true}
{"tick": 2, "lane": 49, "encArgmax": 310, "refArgmax": 310, "top1": true, "relErrRms": 0.001694, "refTop1Margin": 1.047, "serveSec": 184.0, "fed": 571, "fedSrc": "prompt", "generating": false, "encPick": 310, "refPick": 310, "pickAgree": true}
{"tick": 2, "lane": 50, "encArgmax": 4272, "refArgmax": 4272, "top1": true, "relErrRms": 0.000826, "refTop1Margin": 0.1438, "serveSec": 184.0, "fed": 403, "fedSrc": "prompt", "generating": false, "encPick": 4272, "refPick": 4272, "pickAgree": true}
{"tick": 2, "lane": 51, "encArgmax": 13, "refArgmax": 13, "top1": true, "relErrRms": 0.002104, "refTop1Margin": 0.0532, "serveSec": 184.0, "fed": 1120, "fedSrc": "prompt", "generating": false, "encPick": 13, "refPick": 13, "pickAgree": true}
{"tick": 2, "lane": 52, "encArgmax": 369, "refArgmax": 369, "top1": true, "relErrRms": 0.003636, "refTop1Margin": 0.1869, "serveSec": 184.0, "fed": 6335, "fedSrc": "prompt", "generating": false, "encPick": 369, "refPick": 369, "pickAgree": true}
{"tick": 2, "lane": 53, "encArgmax": 14221, "refArgmax": 14221, "top1": true, "relErrRms": 0.000859, "refTop1Margin": 0.3403, "serveSec": 184.0, "fed": 1900, "fedSrc": "prompt", "generating": false, "encPick": 14221, "refPick": 14221, "pickAgree": true}
{"tick": 2, "lane": 54, "encArgmax": 46590, "refArgmax": 46590, "top1": true, "relErrRms": 0.000711, "refTop1Margin": 1.0695, "serveSec": 184.0, "fed": 1973, "fedSrc": "prompt", "generating": false, "encPick": 46590, "refPick": 46590, "pickAgree": true}
{"tick": 2, "lane": 55, "encArgmax": 275, "refArgmax": 275, "top1": true, "relErrRms": 0.00123, "refTop1Margin": 2.0272, "serveSec": 184.0, "fed": 8281, "fedSrc": "prompt", "generating": true, "encPick": 275, "refPick": 275, "pickAgree": true}
{"tick": 2, "lane": 56, "encArgmax": 13, "refArgmax": 13, "top1": true, "relErrRms": 0.000453, "refTop1Margin": 0.0612, "serveSec": 184.0, "fed": 781, "fedSrc": "prompt", "generating": false, "encPick": 13, "refPick": 13, "pickAgree": true}
{"tick": 2, "lane": 57, "encArgmax": 403, "refArgmax": 403, "top1": true, "relErrRms": 0.000877, "refTop1Margin": 0.6192, "serveSec": 184.0, "fed": 4957, "fedSrc": "prompt", "generating": false, "encPick": 403, "refPick": 403, "pickAgree": true}
{"tick": 2, "lane": 58, "encArgmax": 984, "refArgmax": 984, "top1": true, "relErrRms": 0.000574, "refTop1Margin": 0.367, "serveSec": 184.0, "fed": 600, "fedSrc": "prompt", "generating": false, "encPick": 984, "refPick": 984, "pickAgree": true}
{"tick": 2, "lane": 59, "encArgmax": 247, "refArgmax": 247, "top1": true, "relErrRms": 0.000519, "refTop1Margin": 0.058, "serveSec": 184.0, "fed": 4950, "fedSrc": "prompt", "generating": false, "encPick": 247, "refPick": 247, "pickAgree": true}
{"tick": 2, "lane": 60, "encArgmax": 1533, "refArgmax": 1533, "top1": true, "relErrRms": 0.000427, "refTop1Margin": 0.1295, "serveSec": 184.0, "fed": 253, "fedSrc": "prompt", "generating": false, "encPick": 1533, "refPick": 1533, "pickAgree": true}
{"tick": 2, "lane": 61, "encArgmax": 4541, "refArgmax": 4541, "top1": true, "relErrRms": 0.000531, "refTop1Margin": 0.0702, "serveSec": 184.0, "fed": 84, "fedSrc": "prompt", "generating": false, "encPick": 4541, "refPick": 4541, "pickAgree": true}
{"tick": 2, "lane": 62, "encArgmax": 954, "refArgmax": 954, "top1": true, "relErrRms": 0.000721, "refTop1Margin": 1.5394, "serveSec": 184.0, "fed": 253, "fedSrc": "prompt", "generating": false, "encPick": 954, "refPick": 954, "pickAgree": true}
{"tick": 2, "lane": 63, "encArgmax": 253, "refArgmax": 253, "top1": true, "relErrRms": 0.000937, "refTop1Margin": 0.6261, "serveSec": 184.0, "fed": 310, "fedSrc": "prompt", "generating": false, "encPick": 253, "refPick": 253, "pickAgree": true}
    {"clientEnc":true,"file":"/root/demo/s37/serve_CTRL512/row_tail.f64.ct","count":1,"tokens":1,"packTokens":1,"lanes":64,"totalBytes":88088569,"encMs":383}
    {"clientDecDone":true,"logits":"/root/demo/s37/serve_CTRL512/serve/resp.3.logits.f64","tokens":1,"vocab":50277,"decMs":1589}
{"tick": 3, "lane": 0, "encArgmax": 253, "refArgmax": 253, "top1": true, "relErrRms": 0.000767, "refTop1Margin": 2.4607, "serveSec": 184.0, "fed": 273, "fedSrc": "prompt", "generating": false, "encPick": 253, "refPick": 253, "pickAgree": true}
{"tick": 3, "lane": 1, "encArgmax": 187, "refArgmax": 187, "top1": true, "relErrRms": 0.001212, "refTop1Margin": 0.7003, "serveSec": 184.0, "fed": 20727, "fedSrc": "prompt", "generating": false, "encPick": 187, "refPick": 187, "pickAgree": true}
{"tick": 3, "lane": 2, "encArgmax": 247, "refArgmax": 247, "top1": true, "relErrRms": 0.002291, "refTop1Margin": 0.5664, "serveSec": 184.0, "fed": 310, "fedSrc": "prompt", "generating": false, "encPick": 247, "refPick": 247, "pickAgree": true}
{"tick": 3, "lane": 3, "encArgmax": 968, "refArgmax": 968, "top1": true, "relErrRms": 0.005786, "refTop1Margin": 5.9148, "serveSec": 184.0, "fed": 1666, "fedSrc": "fhe", "generating": true, "encPick": 968, "refPick": 968, "pickAgree": true}
{"tick": 3, "lane": 4, "encArgmax": 352, "refArgmax": 352, "top1": true, "relErrRms": 0.000623, "refTop1Margin": 0.2434, "serveSec": 184.0, "fed": 984, "fedSrc": "prompt", "generating": false, "encPick": 352, "refPick": 352, "pickAgree": true}
{"tick": 3, "lane": 5, "encArgmax": 323, "refArgmax": 323, "top1": true, "relErrRms": 0.00218, "refTop1Margin": 0.9276, "serveSec": 184.0, "fed": 3343, "fedSrc": "prompt", "generating": false, "encPick": 323, "refPick": 323, "pickAgree": true}
{"tick": 3, "lane": 6, "encArgmax": 13, "refArgmax": 13, "top1": true, "relErrRms": 0.000489, "refTop1Margin": 0.4244, "serveSec": 184.0, "fed": 2143, "fedSrc": "prompt", "generating": false, "encPick": 13, "refPick": 13, "pickAgree": true}
{"tick": 3, "lane": 7, "encArgmax": 1175, "refArgmax": 1175, "top1": true, "relErrRms": 0.003302, "refTop1Margin": 0.7871, "serveSec": 184.0, "fed": 247, "fedSrc": "fhe", "generating": true, "encPick": 1175, "refPick": 1175, "pickAgree": true}
{"tick": 3, "lane": 8, "encArgmax": 253, "refArgmax": 253, "top1": true, "relErrRms": 0.000565, "refTop1Margin": 0.7945, "serveSec": 184.0, "fed": 897, "fedSrc": "prompt", "generating": false, "encPick": 253, "refPick": 253, "pickAgree": true}
{"tick": 3, "lane": 9, "encArgmax": 313, "refArgmax": 313, "top1": true, "relErrRms": 0.002028, "refTop1Margin": 1.0953, "serveSec": 184.0, "fed": 2728, "fedSrc": "prompt", "generating": false, "encPick": 313, "refPick": 313, "pickAgree": true}
{"tick": 3, "lane": 10, "encArgmax": 326, "refArgmax": 326, "top1": true, "relErrRms": 0.000437, "refTop1Margin": 0.3885, "serveSec": 184.0, "fed": 4468, "fedSrc": "prompt", "generating": false, "encPick": 326, "refPick": 326, "pickAgree": true}
{"tick": 3, "lane": 11, "encArgmax": 1175, "refArgmax": 1175, "top1": true, "relErrRms": 0.000812, "refTop1Margin": 1.1444, "serveSec": 184.0, "fed": 247, "fedSrc": "fhe", "generating": true, "encPick": 1175, "refPick": 1175, "pickAgree": true}
{"tick": 3, "lane": 12, "encArgmax": 320, "refArgmax": 320, "top1": true, "relErrRms": 0.005543, "refTop1Margin": 0.727, "serveSec": 184.0, "fed": 778, "fedSrc": "prompt", "generating": false, "encPick": 320, "refPick": 320, "pickAgree": true}
{"tick": 3, "lane": 13, "encArgmax": 310, "refArgmax": 310, "top1": true, "relErrRms": 0.002045, "refTop1Margin": 1.4811, "serveSec": 184.0, "fed": 352, "fedSrc": "prompt", "generating": false, "encPick": 310, "refPick": 310, "pickAgree": true}
{"tick": 3, "lane": 14, "encArgmax": 5890, "refArgmax": 5890, "top1": true, "relErrRms": 0.001448, "refTop1Margin": 2.5945, "serveSec": 184.0, "fed": 441, "fedSrc": "prompt", "generating": false, "encPick": 5890, "refPick": 5890, "pickAgree": true}
{"tick": 3, "lane": 15, "encArgmax": 1986, "refArgmax": 1986, "top1": true, "relErrRms": 0.000688, "refTop1Margin": 1.5341, "serveSec": 184.0, "fed": 253, "fedSrc": "prompt", "generating": false, "encPick": 1986, "refPick": 1986, "pickAgree": true}
{"tick": 3, "lane": 16, "encArgmax": 310, "refArgmax": 310, "top1": true, "relErrRms": 0.001596, "refTop1Margin": 1.1314, "serveSec": 184.0, "fed": 2144, "fedSrc": "prompt", "generating": false, "encPick": 310, "refPick": 310, "pickAgree": true}
{"tick": 3, "lane": 17, "encArgmax": 3640, "refArgmax": 3640, "top1": true, "relErrRms": 0.000817, "refTop1Margin": 0.754, "serveSec": 184.0, "fed": 634, "fedSrc": "prompt", "generating": false, "encPick": 3640, "refPick": 3640, "pickAgree": true}
{"tick": 3, "lane": 18, "encArgmax": 318, "refArgmax": 318, "top1": true, "relErrRms": 0.00486, "refTop1Margin": 5.0798, "serveSec": 184.0, "fed": 26919, "fedSrc": "prompt", "generating": false, "encPick": 318, "refPick": 318, "pickAgree": true}
{"tick": 3, "lane": 19, "encArgmax": 7123, "refArgmax": 7123, "top1": true, "relErrRms": 0.001775, "refTop1Margin": 1.4009, "serveSec": 184.0, "fed": 1740, "fedSrc": "fhe", "generating": true, "encPick": 7123, "refPick": 7123, "pickAgree": true}
{"tick": 3, "lane": 20, "encArgmax": 247, "refArgmax": 247, "top1": true, "relErrRms": 0.00155, "refTop1Margin": 1.581, "serveSec": 184.0, "fed": 310, "fedSrc": "prompt", "generating": false, "encPick": 247, "refPick": 247, "pickAgree": true}
{"tick": 3, "lane": 21, "encArgmax": 326, "refArgmax": 326, "top1": true, "relErrRms": 0.000734, "refTop1Margin": 1.5061, "serveSec": 184.0, "fed": 3000, "fedSrc": "prompt", "generating": false, "encPick": 326, "refPick": 326, "pickAgree": true}
{"tick": 3, "lane": 22, "encArgmax": 253, "refArgmax": 253, "top1": true, "relErrRms": 0.001973, "refTop1Margin": 1.546, "serveSec": 184.0, "fed": 13, "fedSrc": "prompt", "generating": false, "encPick": 253, "refPick": 253, "pickAgree": true}
{"tick": 3, "lane": 23, "encArgmax": 495, "refArgmax": 495, "top1": true, "relErrRms": 0.000739, "refTop1Margin": 1.7989, "serveSec": 184.0, "fed": 13, "fedSrc": "prompt", "generating": false, "encPick": 495, "refPick": 495, "pickAgree": true}
{"tick": 3, "lane": 24, "encArgmax": 80, "refArgmax": 80, "top1": true, "relErrRms": 0.003003, "refTop1Margin": 4.5732, "serveSec": 184.0, "fed": 46087, "fedSrc": "prompt", "generating": false, "encPick": 80, "refPick": 80, "pickAgree": true}
{"tick": 3, "lane": 25, "encArgmax": 896, "refArgmax": 896, "top1": true, "relErrRms": 0.0022, "refTop1Margin": 0.3865, "serveSec": 184.0, "fed": 13597, "fedSrc": "prompt", "generating": false, "encPick": 896, "refPick": 896, "pickAgree": true}
{"tick": 3, "lane": 26, "encArgmax": 253, "refArgmax": 253, "top1": true, "relErrRms": 0.001012, "refTop1Margin": 0.2268, "serveSec": 184.0, "fed": 11852, "fedSrc": "prompt", "generating": false, "encPick": 253, "refPick": 253, "pickAgree": true}
{"tick": 3, "lane": 27, "encArgmax": 8862, "refArgmax": 8862, "top1": true, "relErrRms": 0.002705, "refTop1Margin": 1.3912, "serveSec": 184.0, "fed": 13, "fedSrc": "prompt", "generating": true, "encPick": 8862, "refPick": 8862, "pickAgree": true}
{"tick": 3, "lane": 28, "encArgmax": 253, "refArgmax": 253, "top1": true, "relErrRms": 0.001935, "refTop1Margin": 1.3231, "serveSec": 184.0, "fed": 1669, "fedSrc": "prompt", "generating": false, "encPick": 253, "refPick": 253, "pickAgree": true}
{"tick": 3, "lane": 29, "encArgmax": 281, "refArgmax": 281, "top1": true, "relErrRms": 0.000513, "refTop1Margin": 0.4527, "serveSec": 184.0, "fed": 9865, "fedSrc": "prompt", "generating": false, "encPick": 281, "refPick": 281, "pickAgree": true}
{"tick": 3, "lane": 30, "encArgmax": 253, "refArgmax": 253, "top1": true, "relErrRms": 0.002368, "refTop1Margin": 0.9793, "serveSec": 184.0, "fed": 875, "fedSrc": "prompt", "generating": false, "encPick": 253, "refPick": 253, "pickAgree": true}
{"tick": 3, "lane": 31, "encArgmax": 6253, "refArgmax": 6253, "top1": true, "relErrRms": 0.002799, "refTop1Margin": 0.3538, "serveSec": 184.0, "fed": 253, "fedSrc": "prompt", "generating": false, "encPick": 6253, "refPick": 6253, "pickAgree": true}
{"tick": 3, "lane": 32, "encArgmax": 326, "refArgmax": 326, "top1": true, "relErrRms": 0.002417, "refTop1Margin": 0.1858, "serveSec": 184.0, "fed": 1677, "fedSrc": "prompt", "generating": false, "encPick": 326, "refPick": 326, "pickAgree": true}
{"tick": 3, "lane": 33, "encArgmax": 388, "refArgmax": 388, "top1": true, "relErrRms": 0.002811, "refTop1Margin": 0.2354, "serveSec": 184.0, "fed": 2369, "fedSrc": "prompt", "generating": false, "encPick": 388, "refPick": 388, "pickAgree": true}
{"tick": 3, "lane": 34, "encArgmax": 323, "refArgmax": 323, "top1": true, "relErrRms": 0.003262, "refTop1Margin": 0.5374, "serveSec": 184.0, "fed": 36941, "fedSrc": "prompt", "generating": false, "encPick": 323, "refPick": 323, "pickAgree": true}
{"tick": 3, "lane": 35, "encArgmax": 253, "refArgmax": 253, "top1": true, "relErrRms": 0.001014, "refTop1Margin": 0.4471, "serveSec": 184.0, "fed": 310, "fedSrc": "prompt", "generating": false, "encPick": 253, "refPick": 253, "pickAgree": true}
{"tick": 3, "lane": 36, "encArgmax": 369, "refArgmax": 369, "top1": true, "relErrRms": 0.002891, "refTop1Margin": 1.5325, "serveSec": 184.0, "fed": 22754, "fedSrc": "prompt", "generating": false, "encPick": 369, "refPick": 369, "pickAgree": true}
{"tick": 3, "lane": 37, "encArgmax": 1211, "refArgmax": 1211, "top1": true, "relErrRms": 0.003033, "refTop1Margin": 0.1528, "serveSec": 184.0, "fed": 617, "fedSrc": "prompt", "generating": false, "encPick": 1211, "refPick": 1211, "pickAgree": true}
{"tick": 3, "lane": 38, "encArgmax": 13, "refArgmax": 13, "top1": true, "relErrRms": 0.001109, "refTop1Margin": 2.2382, "serveSec": 184.0, "fed": 10329, "fedSrc": "prompt", "generating": false, "encPick": 13, "refPick": 13, "pickAgree": true}
{"tick": 3, "lane": 39, "encArgmax": 253, "refArgmax": 253, "top1": true, "relErrRms": 0.001147, "refTop1Margin": 0.4471, "serveSec": 184.0, "fed": 310, "fedSrc": "fhe", "generating": true, "encPick": 253, "refPick": 253, "pickAgree": true}
{"tick": 3, "lane": 40, "encArgmax": 2979, "refArgmax": 2979, "top1": true, "relErrRms": 0.001681, "refTop1Margin": 0.5943, "serveSec": 184.0, "fed": 269, "fedSrc": "prompt", "generating": false, "encPick": 2979, "refPick": 2979, "pickAgree": true}
{"tick": 3, "lane": 41, "encArgmax": 253, "refArgmax": 253, "top1": true, "relErrRms": 0.001631, "refTop1Margin": 1.1679, "serveSec": 184.0, "fed": 24772, "fedSrc": "prompt", "generating": false, "encPick": 253, "refPick": 253, "pickAgree": true}
{"tick": 3, "lane": 42, "encArgmax": 253, "refArgmax": 253, "top1": true, "relErrRms": 0.000472, "refTop1Margin": 1.5066, "serveSec": 184.0, "fed": 13, "fedSrc": "prompt", "generating": false, "encPick": 253, "refPick": 253, "pickAgree": true}
{"tick": 3, "lane": 43, "encArgmax": 253, "refArgmax": 253, "top1": true, "relErrRms": 0.004196, "refTop1Margin": 1.0939, "serveSec": 184.0, "fed": 417, "fedSrc": "fhe", "generating": true, "encPick": 253, "refPick": 253, "pickAgree": true}
{"tick": 3, "lane": 44, "encArgmax": 310, "refArgmax": 310, "top1": true, "relErrRms": 0.000669, "refTop1Margin": 0.6072, "serveSec": 184.0, "fed": 17836, "fedSrc": "prompt", "generating": false, "encPick": 310, "refPick": 310, "pickAgree": true}
{"tick": 3, "lane": 45, "encArgmax": 685, "refArgmax": 685, "top1": true, "relErrRms": 0.001712, "refTop1Margin": 1.9283, "serveSec": 184.0, "fed": 21259, "fedSrc": "prompt", "generating": false, "encPick": 685, "refPick": 685, "pickAgree": true}
{"tick": 3, "lane": 46, "encArgmax": 310, "refArgmax": 310, "top1": true, "relErrRms": 0.001352, "refTop1Margin": 0.5369, "serveSec": 184.0, "fed": 2181, "fedSrc": "prompt", "generating": false, "encPick": 310, "refPick": 310, "pickAgree": true}
{"tick": 3, "lane": 47, "encArgmax": 2603, "refArgmax": 2603, "top1": true, "relErrRms": 0.000685, "refTop1Margin": 0.3566, "serveSec": 184.0, "fed": 253, "fedSrc": "fhe", "generating": true, "encPick": 2603, "refPick": 2603, "pickAgree": true}
{"tick": 3, "lane": 48, "encArgmax": 247, "refArgmax": 247, "top1": true, "relErrRms": 0.000457, "refTop1Margin": 0.0929, "serveSec": 184.0, "fed": 310, "fedSrc": "prompt", "generating": false, "encPick": 247, "refPick": 247, "pickAgree": true}
{"tick": 3, "lane": 49, "encArgmax": 247, "refArgmax": 247, "top1": true, "relErrRms": 0.001562, "refTop1Margin": 1.4827, "serveSec": 184.0, "fed": 310, "fedSrc": "prompt", "generating": false, "encPick": 247, "refPick": 247, "pickAgree": true}
{"tick": 3, "lane": 50, "encArgmax": 954, "refArgmax": 954, "top1": true, "relErrRms": 0.000657, "refTop1Margin": 0.7999, "serveSec": 184.0, "fed": 253, "fedSrc": "prompt", "generating": false, "encPick": 954, "refPick": 954, "pickAgree": true}
{"tick": 3, "lane": 51, "encArgmax": 253, "refArgmax": 253, "top1": true, "relErrRms": 0.000498, "refTop1Margin": 0.8406, "serveSec": 184.0, "fed": 310, "fedSrc": "prompt", "generating": false, "encPick": 253, "refPick": 253, "pickAgree": true}
{"tick": 3, "lane": 52, "encArgmax": 644, "refArgmax": 644, "top1": true, "relErrRms": 0.001493, "refTop1Margin": 0.4362, "serveSec": 184.0, "fed": 574, "fedSrc": "prompt", "generating": false, "encPick": 644, "refPick": 644, "pickAgree": true}
{"tick": 3, "lane": 53, "encArgmax": 247, "refArgmax": 247, "top1": true, "relErrRms": 0.000883, "refTop1Margin": 0.0752, "serveSec": 184.0, "fed": 3936, "fedSrc": "prompt", "generating": false, "encPick": 247, "refPick": 247, "pickAgree": true}
{"tick": 3, "lane": 54, "encArgmax": 46590, "refArgmax": 46590, "top1": true, "relErrRms": 0.00927, "refTop1Margin": 2.6694, "serveSec": 184.0, "fed": 616, "fedSrc": "prompt", "generating": false, "encPick": 46590, "refPick": 46590, "pickAgree": true}
{"tick": 3, "lane": 55, "encArgmax": 253, "refArgmax": 253, "top1": true, "relErrRms": 0.00112, "refTop1Margin": 2.2127, "serveSec": 184.0, "fed": 275, "fedSrc": "fhe", "generating": true, "encPick": 253, "refPick": 253, "pickAgree": true}
{"tick": 3, "lane": 56, "encArgmax": 14407, "refArgmax": 14407, "top1": true, "relErrRms": 0.002469, "refTop1Margin": 6.321, "serveSec": 184.0, "fed": 12572, "fedSrc": "prompt", "generating": false, "encPick": 14407, "refPick": 14407, "pickAgree": true}
{"tick": 3, "lane": 57, "encArgmax": 1029, "refArgmax": 1029, "top1": true, "relErrRms": 0.001672, "refTop1Margin": 0.2944, "serveSec": 184.0, "fed": 403, "fedSrc": "prompt", "generating": false, "encPick": 1029, "refPick": 1029, "pickAgree": true}
{"tick": 3, "lane": 58, "encArgmax": 13, "refArgmax": 13, "top1": true, "relErrRms": 0.003969, "refTop1Margin": 1.8454, "serveSec": 184.0, "fed": 13438, "fedSrc": "prompt", "generating": false, "encPick": 13, "refPick": 13, "pickAgree": true}
{"tick": 3, "lane": 59, "encArgmax": 6114, "refArgmax": 6114, "top1": true, "relErrRms": 0.003943, "refTop1Margin": 0.7551, "serveSec": 184.0, "fed": 13392, "fedSrc": "prompt", "generating": false, "encPick": 6114, "refPick": 6114, "pickAgree": true}
{"tick": 3, "lane": 60, "encArgmax": 3248, "refArgmax": 3248, "top1": true, "relErrRms": 0.001437, "refTop1Margin": 4.4812, "serveSec": 184.0, "fed": 3471, "fedSrc": "prompt", "generating": false, "encPick": 3248, "refPick": 3248, "pickAgree": true}
{"tick": 3, "lane": 61, "encArgmax": 352, "refArgmax": 352, "top1": true, "relErrRms": 0.000789, "refTop1Margin": 0.5542, "serveSec": 184.0, "fed": 672, "fedSrc": "prompt", "generating": false, "encPick": 352, "refPick": 352, "pickAgree": true}
{"tick": 3, "lane": 62, "encArgmax": 4088, "refArgmax": 4088, "top1": true, "relErrRms": 0.003245, "refTop1Margin": 0.6749, "serveSec": 184.0, "fed": 22325, "fedSrc": "prompt", "generating": false, "encPick": 4088, "refPick": 4088, "pickAgree": true}
{"tick": 3, "lane": 63, "encArgmax": 1232, "refArgmax": 1232, "top1": true, "relErrRms": 0.002802, "refTop1Margin": 2.0524, "serveSec": 184.0, "fed": 253, "fedSrc": "prompt", "generating": false, "encPick": 1232, "refPick": 1232, "pickAgree": true}
    {"clientEnc":true,"file":"/root/demo/s37/serve_CTRL512/row_tail.f64.ct","count":1,"tokens":1,"packTokens":1,"lanes":64,"totalBytes":88088569,"encMs":391}
    {"clientDecDone":true,"logits":"/root/demo/s37/serve_CTRL512/serve/resp.4.logits.f64","tokens":1,"vocab":50277,"decMs":1594}
{"tick": 4, "lane": 0, "encArgmax": 767, "refArgmax": 767, "top1": true, "relErrRms": 0.001106, "refTop1Margin": 0.2447, "serveSec": 184.0, "fed": 253, "fedSrc": "prompt", "generating": false, "encPick": 767, "refPick": 767, "pickAgree": true}
{"tick": 4, "lane": 1, "encArgmax": 187, "refArgmax": 187, "top1": true, "relErrRms": 0.002152, "refTop1Margin": 3.2728, "serveSec": 184.0, "fed": 27, "fedSrc": "prompt", "generating": false, "encPick": 187, "refPick": 187, "pickAgree": true}
{"tick": 4, "lane": 2, "encArgmax": 581, "refArgmax": 581, "top1": true, "relErrRms": 0.003054, "refTop1Margin": 1.257, "serveSec": 184.0, "fed": 816, "fedSrc": "prompt", "generating": false, "encPick": 581, "refPick": 581, "pickAgree": true}
{"tick": 4, "lane": 3, "encArgmax": 403, "refArgmax": 403, "top1": true, "relErrRms": 0.000744, "refTop1Margin": 0.5836, "serveSec": 184.0, "fed": 968, "fedSrc": "fhe", "generating": true, "encPick": 403, "refPick": 403, "pickAgree": true}
{"tick": 4, "lane": 4, "encArgmax": 253, "refArgmax": 253, "top1": true, "relErrRms": 0.005363, "refTop1Margin": 1.2117, "serveSec": 184.0, "fed": 273, "fedSrc": "prompt", "generating": false, "encPick": 253, "refPick": 253, "pickAgree": true}
{"tick": 4, "lane": 5, "encArgmax": 247, "refArgmax": 247, "top1": true, "relErrRms": 0.001799, "refTop1Margin": 0.8979, "serveSec": 184.0, "fed": 323, "fedSrc": "prompt", "generating": false, "encPick": 247, "refPick": 247, "pickAgree": true}
{"tick": 4, "lane": 6, "encArgmax": 309, "refArgmax": 309, "top1": true, "relErrRms": 0.000693, "refTop1Margin": 0.5802, "serveSec": 184.0, "fed": 13, "fedSrc": "prompt", "generating": false, "encPick": 309, "refPick": 309, "pickAgree": true}
{"tick": 4, "lane": 7, "encArgmax": 4327, "refArgmax": 4327, "top1": true, "relErrRms": 0.004036, "refTop1Margin": 0.1408, "serveSec": 184.0, "fed": 1175, "fedSrc": "fhe", "generating": true, "encPick": 4327, "refPick": 4327, "pickAgree": true}
{"tick": 4, "lane": 8, "encArgmax": 1429, "refArgmax": 1429, "top1": true, "relErrRms": 0.002711, "refTop1Margin": 0.5398, "serveSec": 184.0, "fed": 247, "fedSrc": "prompt", "generating": false, "encPick": 1429, "refPick": 1429, "pickAgree": true}
{"tick": 4, "lane": 9, "encArgmax": 41420, "refArgmax": 41420, "top1": true, "relErrRms": 0.000966, "refTop1Margin": 5.4494, "serveSec": 184.0, "fed": 313, "fedSrc": "prompt", "generating": false, "encPick": 41420, "refPick": 41420, "pickAgree": true}
{"tick": 4, "lane": 10, "encArgmax": 253, "refArgmax": 253, "top1": true, "relErrRms": 0.001809, "refTop1Margin": 3.0482, "serveSec": 184.0, "fed": 670, "fedSrc": "prompt", "generating": false, "encPick": 253, "refPick": 253, "pickAgree": true}
{"tick": 4, "lane": 11, "encArgmax": 2603, "refArgmax": 2603, "top1": true, "relErrRms": 0.006251, "refTop1Margin": 2.2718, "serveSec": 184.0, "fed": 1175, "fedSrc": "fhe", "generating": true, "encPick": 2603, "refPick": 2603, "pickAgree": true}
{"tick": 4, "lane": 12, "encArgmax": 247, "refArgmax": 247, "top1": true, "relErrRms": 0.001353, "refTop1Margin": 0.5226, "serveSec": 184.0, "fed": 4143, "fedSrc": "prompt", "generating": false, "encPick": 247, "refPick": 247, "pickAgree": true}
{"tick": 4, "lane": 13, "encArgmax": 12006, "refArgmax": 12006, "top1": true, "relErrRms": 0.004118, "refTop1Margin": 0.4655, "serveSec": 184.0, "fed": 310, "fedSrc": "prompt", "generating": false, "encPick": 12006, "refPick": 12006, "pickAgree": true}
{"tick": 4, "lane": 14, "encArgmax": 13, "refArgmax": 13, "top1": true, "relErrRms": 0.000456, "refTop1Margin": 0.0225, "serveSec": 184.0, "fed": 5890, "fedSrc": "prompt", "generating": false, "encPick": 13, "refPick": 13, "pickAgree": true}
{"tick": 4, "lane": 15, "encArgmax": 2077, "refArgmax": 2077, "top1": true, "relErrRms": 0.001041, "refTop1Margin": 2.3382, "serveSec": 184.0, "fed": 1986, "fedSrc": "prompt", "generating": false, "encPick": 2077, "refPick": 2077, "pickAgree": true}
{"tick": 4, "lane": 16, "encArgmax": 310, "refArgmax": 310, "top1": true, "relErrRms": 0.003882, "refTop1Margin": 0.4475, "serveSec": 184.0, "fed": 3126, "fedSrc": "prompt", "generating": false, "encPick": 310, "refPick": 310, "pickAgree": true}
{"tick": 4, "lane": 17, "encArgmax": 457, "refArgmax": 457, "top1": true, "relErrRms": 0.002743, "refTop1Margin": 0.5585, "serveSec": 184.0, "fed": 3484, "fedSrc": "prompt", "generating": false, "encPick": 457, "refPick": 457, "pickAgree": true}
{"tick": 4, "lane": 18, "encArgmax": 1294, "refArgmax": 1294, "top1": true, "relErrRms": 0.000995, "refTop1Margin": 3.1282, "serveSec": 184.0, "fed": 318, "fedSrc": "prompt", "generating": false, "encPick": 1294, "refPick": 1294, "pickAgree": true}
{"tick": 4, "lane": 19, "encArgmax": 13, "refArgmax": 13, "top1": true, "relErrRms": 0.00216, "refTop1Margin": 0.3746, "serveSec": 184.0, "fed": 7123, "fedSrc": "fhe", "generating": true, "encPick": 13, "refPick": 13, "pickAgree": true}
{"tick": 4, "lane": 20, "encArgmax": 327, "refArgmax": 327, "top1": true, "relErrRms": 0.001102, "refTop1Margin": 0.0828, "serveSec": 184.0, "fed": 4270, "fedSrc": "prompt", "generating": false, "encPick": 327, "refPick": 327, "pickAgree": true}
{"tick": 4, "lane": 21, "encArgmax": 403, "refArgmax": 403, "top1": true, "relErrRms": 0.000637, "refTop1Margin": 0.3599, "serveSec": 184.0, "fed": 326, "fedSrc": "prompt", "generating": false, "encPick": 403, "refPick": 403, "pickAgree": true}
{"tick": 4, "lane": 22, "encArgmax": 497, "refArgmax": 497, "top1": true, "relErrRms": 0.000962, "refTop1Margin": 0.3202, "serveSec": 184.0, "fed": 31754, "fedSrc": "prompt", "generating": false, "encPick": 497, "refPick": 497, "pickAgree": true}
{"tick": 4, "lane": 23, "encArgmax": 13, "refArgmax": 13, "top1": true, "relErrRms": 0.00082, "refTop1Margin": 2.4084, "serveSec": 184.0, "fed": 495, "fedSrc": "prompt", "generating": false, "encPick": 13, "refPick": 13, "pickAgree": true}
{"tick": 4, "lane": 24, "encArgmax": 574, "refArgmax": 574, "top1": true, "relErrRms": 0.002834, "refTop1Margin": 0.0661, "serveSec": 184.0, "fed": 80, "fedSrc": "prompt", "generating": false, "encPick": 574, "refPick": 574, "pickAgree": true}
{"tick": 4, "lane": 25, "encArgmax": 253, "refArgmax": 253, "top1": true, "relErrRms": 0.000391, "refTop1Margin": 2.4148, "serveSec": 184.0, "fed": 432, "fedSrc": "prompt", "generating": false, "encPick": 253, "refPick": 253, "pickAgree": true}
{"tick": 4, "lane": 26, "encArgmax": 13, "refArgmax": 13, "top1": true, "relErrRms": 0.000531, "refTop1Margin": 2.5235, "serveSec": 184.0, "fed": 4130, "fedSrc": "prompt", "generating": false, "encPick": 13, "refPick": 13, "pickAgree": true}
{"tick": 4, "lane": 27, "encArgmax": 13, "refArgmax": 13, "top1": true, "relErrRms": 0.002431, "refTop1Margin": 2.187, "serveSec": 184.0, "fed": 8862, "fedSrc": "fhe", "generating": true, "encPick": 285, "refPick": 285, "pickAgree": true}
{"tick": 4, "lane": 28, "encArgmax": 4660, "refArgmax": 4660, "top1": true, "relErrRms": 0.001786, "refTop1Margin": 3.2067, "serveSec": 184.0, "fed": 253, "fedSrc": "prompt", "generating": false, "encPick": 4660, "refPick": 4660, "pickAgree": true}
{"tick": 4, "lane": 29, "encArgmax": 14020, "refArgmax": 14020, "top1": true, "relErrRms": 0.002077, "refTop1Margin": 0.9343, "serveSec": 184.0, "fed": 323, "fedSrc": "prompt", "generating": false, "encPick": 14020, "refPick": 14020, "pickAgree": true}
{"tick": 4, "lane": 30, "encArgmax": 285, "refArgmax": 285, "top1": true, "relErrRms": 0.002071, "refTop1Margin": 1.2751, "serveSec": 184.0, "fed": 8588, "fedSrc": "prompt", "generating": false, "encPick": 285, "refPick": 285, "pickAgree": true}
{"tick": 4, "lane": 31, "encArgmax": 8281, "refArgmax": 8281, "top1": true, "relErrRms": 0.002389, "refTop1Margin": 0.3232, "serveSec": 184.0, "fed": 6253, "fedSrc": "prompt", "generating": false, "encPick": 8281, "refPick": 8281, "pickAgree": true}
{"tick": 4, "lane": 32, "encArgmax": 417, "refArgmax": 417, "top1": true, "relErrRms": 0.00091, "refTop1Margin": 1.8687, "serveSec": 184.0, "fed": 326, "fedSrc": "prompt", "generating": false, "encPick": 417, "refPick": 417, "pickAgree": true}
{"tick": 4, "lane": 33, "encArgmax": 91, "refArgmax": 91, "top1": true, "relErrRms": 0.014331, "refTop1Margin": 3.028, "serveSec": 184.0, "fed": 7009, "fedSrc": "prompt", "generating": false, "encPick": 91, "refPick": 91, "pickAgree": true}
{"tick": 4, "lane": 34, "encArgmax": 6763, "refArgmax": 6763, "top1": true, "relErrRms": 0.000988, "refTop1Margin": 1.2629, "serveSec": 184.0, "fed": 323, "fedSrc": "prompt", "generating": false, "encPick": 6763, "refPick": 6763, "pickAgree": true}
{"tick": 4, "lane": 35, "encArgmax": 6253, "refArgmax": 6253, "top1": true, "relErrRms": 0.002136, "refTop1Margin": 1.1596, "serveSec": 184.0, "fed": 253, "fedSrc": "prompt", "generating": false, "encPick": 6253, "refPick": 6253, "pickAgree": true}
{"tick": 4, "lane": 36, "encArgmax": 2590, "refArgmax": 2590, "top1": true, "relErrRms": 0.001805, "refTop1Margin": 0.39, "serveSec": 184.0, "fed": 310, "fedSrc": "prompt", "generating": false, "encPick": 2590, "refPick": 2590, "pickAgree": true}
{"tick": 4, "lane": 37, "encArgmax": 13, "refArgmax": 13, "top1": true, "relErrRms": 0.000682, "refTop1Margin": 0.3619, "serveSec": 184.0, "fed": 9830, "fedSrc": "prompt", "generating": false, "encPick": 13, "refPick": 13, "pickAgree": true}
{"tick": 4, "lane": 38, "encArgmax": 253, "refArgmax": 253, "top1": true, "relErrRms": 0.001652, "refTop1Margin": 1.3892, "serveSec": 184.0, "fed": 13, "fedSrc": "prompt", "generating": false, "encPick": 253, "refPick": 253, "pickAgree": true}
{"tick": 4, "lane": 39, "encArgmax": 6253, "refArgmax": 6253, "top1": true, "relErrRms": 0.002645, "refTop1Margin": 1.1596, "serveSec": 184.0, "fed": 253, "fedSrc": "fhe", "generating": true, "encPick": 6253, "refPick": 6253, "pickAgree": true}
{"tick": 4, "lane": 40, "encArgmax": 3841, "refArgmax": 3841, "top1": true, "relErrRms": 0.011442, "refTop1Margin": 0.6875, "serveSec": 184.0, "fed": 22711, "fedSrc": "prompt", "generating": false, "encPick": 3841, "refPick": 3841, "pickAgree": true}
{"tick": 4, "lane": 41, "encArgmax": 1345, "refArgmax": 1345, "top1": true, "relErrRms": 0.002888, "refTop1Margin": 0.4359, "serveSec": 184.0, "fed": 11117, "fedSrc": "prompt", "generating": false, "encPick": 1345, "refPick": 1345, "pickAgree": true}
{"tick": 4, "lane": 42, "encArgmax": 3918, "refArgmax": 3918, "top1": true, "relErrRms": 0.000571, "refTop1Margin": 0.8858, "serveSec": 184.0, "fed": 1982, "fedSrc": "prompt", "generating": false, "encPick": 3918, "refPick": 3918, "pickAgree": true}
{"tick": 4, "lane": 43, "encArgmax": 760, "refArgmax": 760, "top1": true, "relErrRms": 0.00288, "refTop1Margin": 3.3041, "serveSec": 184.0, "fed": 253, "fedSrc": "fhe", "generating": true, "encPick": 760, "refPick": 760, "pickAgree": true}
{"tick": 4, "lane": 44, "encArgmax": 1077, "refArgmax": 1077, "top1": true, "relErrRms": 0.001678, "refTop1Margin": 0.523, "serveSec": 184.0, "fed": 310, "fedSrc": "prompt", "generating": false, "encPick": 1077, "refPick": 1077, "pickAgree": true}
{"tick": 4, "lane": 45, "encArgmax": 253, "refArgmax": 253, "top1": true, "relErrRms": 0.000848, "refTop1Margin": 0.4317, "serveSec": 184.0, "fed": 685, "fedSrc": "prompt", "generating": false, "encPick": 253, "refPick": 253, "pickAgree": true}
{"tick": 4, "lane": 46, "encArgmax": 4456, "refArgmax": 4456, "top1": true, "relErrRms": 0.004638, "refTop1Margin": 0.525, "serveSec": 184.0, "fed": 281, "fedSrc": "prompt", "generating": false, "encPick": 4456, "refPick": 4456, "pickAgree": true}
{"tick": 4, "lane": 47, "encArgmax": 273, "refArgmax": 273, "top1": true, "relErrRms": 0.000433, "refTop1Margin": 3.1528, "serveSec": 184.0, "fed": 2603, "fedSrc": "fhe", "generating": true, "encPick": 273, "refPick": 273, "pickAgree": true}
{"tick": 4, "lane": 48, "encArgmax": 13, "refArgmax": 13, "top1": true, "relErrRms": 0.000608, "refTop1Margin": 0.2654, "serveSec": 184.0, "fed": 3448, "fedSrc": "prompt", "generating": false, "encPick": 13, "refPick": 13, "pickAgree": true}
{"tick": 4, "lane": 49, "encArgmax": 6722, "refArgmax": 6722, "top1": true, "relErrRms": 0.001292, "refTop1Margin": 0.5883, "serveSec": 184.0, "fed": 247, "fedSrc": "prompt", "generating": false, "encPick": 6722, "refPick": 6722, "pickAgree": true}
{"tick": 4, "lane": 50, "encArgmax": 273, "refArgmax": 273, "top1": true, "relErrRms": 0.000643, "refTop1Margin": 0.1541, "serveSec": 184.0, "fed": 6253, "fedSrc": "prompt", "generating": false, "encPick": 273, "refPick": 273, "pickAgree": true}
{"tick": 4, "lane": 51, "encArgmax": 4585, "refArgmax": 4585, "top1": true, "relErrRms": 0.003511, "refTop1Margin": 1.5648, "serveSec": 184.0, "fed": 253, "fedSrc": "prompt", "generating": false, "encPick": 4585, "refPick": 4585, "pickAgree": true}
{"tick": 4, "lane": 52, "encArgmax": 6335, "refArgmax": 6335, "top1": true, "relErrRms": 0.005578, "refTop1Margin": 0.8929, "serveSec": 184.0, "fed": 247, "fedSrc": "prompt", "generating": false, "encPick": 1781, "refPick": 1781, "pickAgree": true}
{"tick": 4, "lane": 53, "encArgmax": 830, "refArgmax": 830, "top1": true, "relErrRms": 0.001044, "refTop1Margin": 0.3182, "serveSec": 184.0, "fed": 253, "fedSrc": "prompt", "generating": false, "encPick": 830, "refPick": 830, "pickAgree": true}
{"tick": 4, "lane": 54, "encArgmax": 275, "refArgmax": 275, "top1": true, "relErrRms": 0.001469, "refTop1Margin": 0.0124, "serveSec": 184.0, "fed": 46590, "fedSrc": "prompt", "generating": false, "encPick": 275, "refPick": 275, "pickAgree": true}
{"tick": 4, "lane": 55, "encArgmax": 1533, "refArgmax": 1533, "top1": true, "relErrRms": 0.000464, "refTop1Margin": 2.2695, "serveSec": 184.0, "fed": 253, "fedSrc": "fhe", "generating": true, "encPick": 1533, "refPick": 1533, "pickAgree": true}
{"tick": 4, "lane": 56, "encArgmax": 13, "refArgmax": 13, "top1": true, "relErrRms": 0.003004, "refTop1Margin": 0.4185, "serveSec": 184.0, "fed": 14407, "fedSrc": "prompt", "generating": false, "encPick": 13, "refPick": 13, "pickAgree": true}
{"tick": 4, "lane": 57, "encArgmax": 281, "refArgmax": 281, "top1": true, "relErrRms": 0.002263, "refTop1Margin": 3.8656, "serveSec": 184.0, "fed": 1869, "fedSrc": "prompt", "generating": false, "encPick": 281, "refPick": 281, "pickAgree": true}
{"tick": 4, "lane": 58, "encArgmax": 247, "refArgmax": 247, "top1": true, "relErrRms": 0.001965, "refTop1Margin": 0.452, "serveSec": 184.0, "fed": 342, "fedSrc": "prompt", "generating": false, "encPick": 247, "refPick": 247, "pickAgree": true}
{"tick": 4, "lane": 59, "encArgmax": 13, "refArgmax": 13, "top1": true, "relErrRms": 0.003486, "refTop1Margin": 1.0092, "serveSec": 184.0, "fed": 11123, "fedSrc": "prompt", "generating": false, "encPick": 13, "refPick": 13, "pickAgree": true}
{"tick": 4, "lane": 60, "encArgmax": 1091, "refArgmax": 1091, "top1": true, "relErrRms": 0.000859, "refTop1Margin": 0.3492, "serveSec": 184.0, "fed": 3248, "fedSrc": "prompt", "generating": false, "encPick": 1091, "refPick": 1091, "pickAgree": true}
{"tick": 4, "lane": 61, "encArgmax": 310, "refArgmax": 310, "top1": true, "relErrRms": 0.001631, "refTop1Margin": 0.1609, "serveSec": 184.0, "fed": 352, "fedSrc": "prompt", "generating": false, "encPick": 310, "refPick": 310, "pickAgree": true}
{"tick": 4, "lane": 62, "encArgmax": 281, "refArgmax": 281, "top1": true, "relErrRms": 0.00072, "refTop1Margin": 2.4123, "serveSec": 184.0, "fed": 4088, "fedSrc": "prompt", "generating": false, "encPick": 281, "refPick": 281, "pickAgree": true}
{"tick": 4, "lane": 63, "encArgmax": 407, "refArgmax": 407, "top1": true, "relErrRms": 0.000986, "refTop1Margin": 0.4797, "serveSec": 184.0, "fed": 1232, "fedSrc": "prompt", "generating": false, "encPick": 407, "refPick": 407, "pickAgree": true}
    {"clientEnc":true,"file":"/root/demo/s37/serve_CTRL512/row_tail.f64.ct","count":1,"tokens":1,"packTokens":1,"lanes":64,"totalBytes":88088569,"encMs":403}
    {"clientDecDone":true,"logits":"/root/demo/s37/serve_CTRL512/serve/resp.5.logits.f64","tokens":1,"vocab":50277,"decMs":1589}
{"tick": 5, "lane": 0, "encArgmax": 2390, "refArgmax": 2390, "top1": true, "relErrRms": 0.005552, "refTop1Margin": 0.6332, "serveSec": 184.0, "fed": 767, "fedSrc": "prompt", "generating": false, "encPick": 2390, "refPick": 2390, "pickAgree": true}
{"tick": 5, "lane": 1, "encArgmax": 15, "refArgmax": 15, "top1": true, "relErrRms": 0.001327, "refTop1Margin": 1.8794, "serveSec": 184.0, "fed": 337, "fedSrc": "prompt", "generating": false, "encPick": 15, "refPick": 15, "pickAgree": true}
{"tick": 5, "lane": 2, "encArgmax": 273, "refArgmax": 273, "top1": true, "relErrRms": 0.002355, "refTop1Margin": 2.1431, "serveSec": 184.0, "fed": 581, "fedSrc": "prompt", "generating": false, "encPick": 273, "refPick": 273, "pickAgree": true}
{"tick": 5, "lane": 3, "encArgmax": 253, "refArgmax": 253, "top1": true, "relErrRms": 0.0015, "refTop1Margin": 1.2547, "serveSec": 184.0, "fed": 403, "fedSrc": "fhe", "generating": true, "encPick": 253, "refPick": 253, "pickAgree": true}
{"tick": 5, "lane": 4, "encArgmax": 6054, "refArgmax": 6054, "top1": true, "relErrRms": 0.011084, "refTop1Margin": 1.6875, "serveSec": 184.0, "fed": 247, "fedSrc": "prompt", "generating": false, "encPick": 6054, "refPick": 6054, "pickAgree": true}
{"tick": 5, "lane": 5, "encArgmax": 281, "refArgmax": 281, "top1": true, "relErrRms": 0.00454, "refTop1Margin": 0.5027, "serveSec": 184.0, "fed": 1107, "fedSrc": "prompt", "generating": false, "encPick": 281, "refPick": 281, "pickAgree": true}
{"tick": 5, "lane": 6, "encArgmax": 3484, "refArgmax": 3484, "top1": true, "relErrRms": 0.000533, "refTop1Margin": 0.1309, "serveSec": 184.0, "fed": 253, "fedSrc": "prompt", "generating": false, "encPick": 3484, "refPick": 3484, "pickAgree": true}
{"tick": 5, "lane": 7, "encArgmax": 323, "refArgmax": 323, "top1": true, "relErrRms": 0.001098, "refTop1Margin": 1.4837, "serveSec": 184.0, "fed": 4327, "fedSrc": "fhe", "generating": true, "encPick": 323, "refPick": 323, "pickAgree": true}
{"tick": 5, "lane": 8, "encArgmax": 2372, "refArgmax": 2372, "top1": true, "relErrRms": 0.002523, "refTop1Margin": 0.4232, "serveSec": 184.0, "fed": 1652, "fedSrc": "prompt", "generating": false, "encPick": 2372, "refPick": 2372, "pickAgree": true}
{"tick": 5, "lane": 9, "encArgmax": 10, "refArgmax": 10, "top1": true, "relErrRms": 0.002257, "refTop1Margin": 0.8839, "serveSec": 184.0, "fed": 41420, "fedSrc": "prompt", "generating": false, "encPick": 10, "refPick": 10, "pickAgree": true}
{"tick": 5, "lane": 10, "encArgmax": 2442, "refArgmax": 2442, "top1": true, "relErrRms": 0.013348, "refTop1Margin": 0.1164, "serveSec": 184.0, "fed": 253, "fedSrc": "prompt", "generating": false, "encPick": 2442, "refPick": 2442, "pickAgree": true}
{"tick": 5, "lane": 11, "encArgmax": 273, "refArgmax": 273, "top1": true, "relErrRms": 0.000801, "refTop1Margin": 2.6205, "serveSec": 184.0, "fed": 2603, "fedSrc": "fhe", "generating": true, "encPick": 273, "refPick": 273, "pickAgree": true}
{"tick": 5, "lane": 12, "encArgmax": 273, "refArgmax": 273, "top1": true, "relErrRms": 0.001927, "refTop1Margin": 2.4162, "serveSec": 184.0, "fed": 8307, "fedSrc": "prompt", "generating": false, "encPick": 273, "refPick": 273, "pickAgree": true}
{"tick": 5, "lane": 13, "encArgmax": 685, "refArgmax": 685, "top1": true, "relErrRms": 0.000704, "refTop1Margin": 2.8926, "serveSec": 184.0, "fed": 21259, "fedSrc": "prompt", "generating": false, "encPick": 685, "refPick": 685, "pickAgree": true}
{"tick": 5, "lane": 14, "encArgmax": 8986, "refArgmax": 8986, "top1": true, "relErrRms": 0.00116, "refTop1Margin": 0.2375, "serveSec": 184.0, "fed": 275, "fedSrc": "prompt", "generating": false, "encPick": 8986, "refPick": 8986, "pickAgree": true}
{"tick": 5, "lane": 15, "encArgmax": 310, "refArgmax": 310, "top1": true, "relErrRms": 0.000974, "refTop1Margin": 0.4156, "serveSec": 184.0, "fed": 2077, "fedSrc": "prompt", "generating": false, "encPick": 310, "refPick": 310, "pickAgree": true}
{"tick": 5, "lane": 16, "encArgmax": 247, "refArgmax": 247, "top1": true, "relErrRms": 0.001539, "refTop1Margin": 0.0525, "serveSec": 184.0, "fed": 310, "fedSrc": "prompt", "generating": false, "encPick": 247, "refPick": 247, "pickAgree": true}
{"tick": 5, "lane": 17, "encArgmax": 4361, "refArgmax": 4361, "top1": true, "relErrRms": 0.001741, "refTop1Margin": 0.0898, "serveSec": 184.0, "fed": 8, "fedSrc": "prompt", "generating": false, "encPick": 4361, "refPick": 4361, "pickAgree": true}
{"tick": 5, "lane": 18, "encArgmax": 29174, "refArgmax": 29174, "top1": true, "relErrRms": 0.002982, "refTop1Margin": 8.3451, "serveSec": 184.0, "fed": 1294, "fedSrc": "prompt", "generating": false, "encPick": 29174, "refPick": 29174, "pickAgree": true}
{"tick": 5, "lane": 19, "encArgmax": 285, "refArgmax": 285, "top1": true, "relErrRms": 0.00215, "refTop1Margin": 1.1423, "serveSec": 184.0, "fed": 13, "fedSrc": "fhe", "generating": true, "encPick": 285, "refPick": 285, "pickAgree": true}
{"tick": 5, "lane": 20, "encArgmax": 253, "refArgmax": 253, "top1": true, "relErrRms": 0.006661, "refTop1Margin": 0.0474, "serveSec": 184.0, "fed": 275, "fedSrc": "prompt", "generating": false, "encPick": 253, "refPick": 253, "pickAgree": true}
{"tick": 5, "lane": 21, "encArgmax": 908, "refArgmax": 908, "top1": true, "relErrRms": 0.001835, "refTop1Margin": 0.9735, "serveSec": 184.0, "fed": 403, "fedSrc": "prompt", "generating": false, "encPick": 908, "refPick": 908, "pickAgree": true}
{"tick": 5, "lane": 22, "encArgmax": 326, "refArgmax": 326, "top1": true, "relErrRms": 0.002174, "refTop1Margin": 0.1693, "serveSec": 184.0, "fed": 1119, "fedSrc": "prompt", "generating": false, "encPick": 326, "refPick": 326, "pickAgree": true}
{"tick": 5, "lane": 23, "encArgmax": 577, "refArgmax": 577, "top1": true, "relErrRms": 0.001394, "refTop1Margin": 1.5704, "serveSec": 184.0, "fed": 13, "fedSrc": "prompt", "generating": true, "encPick": 577, "refPick": 577, "pickAgree": true}
{"tick": 5, "lane": 24, "encArgmax": 1160, "refArgmax": 1160, "top1": true, "relErrRms": 0.004836, "refTop1Margin": 0.1508, "serveSec": 184.0, "fed": 574, "fedSrc": "prompt", "generating": false, "encPick": 1160, "refPick": 1160, "pickAgree": true}
{"tick": 5, "lane": 25, "encArgmax": 253, "refArgmax": 253, "top1": true, "relErrRms": 0.000762, "refTop1Margin": 2.8501, "serveSec": 184.0, "fed": 1078, "fedSrc": "prompt", "generating": false, "encPick": 253, "refPick": 253, "pickAgree": true}
{"tick": 5, "lane": 26, "encArgmax": 253, "refArgmax": 253, "top1": true, "relErrRms": 0.001134, "refTop1Margin": 0.7806, "serveSec": 184.0, "fed": 327, "fedSrc": "prompt", "generating": false, "encPick": 253, "refPick": 253, "pickAgree": true}
{"tick": 5, "lane": 27, "encArgmax": 4759, "refArgmax": 4759, "top1": true, "relErrRms": 0.001691, "refTop1Margin": 1.1296, "serveSec": 184.0, "fed": 285, "fedSrc": "fhe", "generating": true, "encPick": 4759, "refPick": 4759, "pickAgree": true}
{"tick": 5, "lane": 28, "encArgmax": 387, "refArgmax": 387, "top1": true, "relErrRms": 0.003093, "refTop1Margin": 0.3271, "serveSec": 184.0, "fed": 2846, "fedSrc": "prompt", "generating": false, "encPick": 387, "refPick": 387, "pickAgree": true}
{"tick": 5, "lane": 29, "encArgmax": 273, "refArgmax": 273, "top1": true, "relErrRms": 0.003077, "refTop1Margin": 1.2147, "serveSec": 184.0, "fed": 954, "fedSrc": "prompt", "generating": false, "encPick": 273, "refPick": 273, "pickAgree": true}
{"tick": 5, "lane": 30, "encArgmax": 7952, "refArgmax": 7952, "top1": true, "relErrRms": 0.001234, "refTop1Margin": 3.3146, "serveSec": 184.0, "fed": 285, "fedSrc": "prompt", "generating": false, "encPick": 7952, "refPick": 7952, "pickAgree": true}
{"tick": 5, "lane": 31, "encArgmax": 275, "refArgmax": 275, "top1": true, "relErrRms": 0.001606, "refTop1Margin": 1.8189, "serveSec": 184.0, "fed": 8281, "fedSrc": "prompt", "generating": false, "encPick": 275, "refPick": 275, "pickAgree": true}
{"tick": 5, "lane": 32, "encArgmax": 512, "refArgmax": 512, "top1": true, "relErrRms": 0.007599, "refTop1Margin": 3.083, "serveSec": 184.0, "fed": 417, "fedSrc": "prompt", "generating": false, "encPick": 512, "refPick": 512, "pickAgree": true}
{"tick": 5, "lane": 33, "encArgmax": 6358, "refArgmax": 6358, "top1": true, "relErrRms": 0.002354, "refTop1Margin": 1.922, "serveSec": 184.0, "fed": 91, "fedSrc": "prompt", "generating": false, "encPick": 6358, "refPick": 6358, "pickAgree": true}
{"tick": 5, "lane": 34, "encArgmax": 273, "refArgmax": 273, "top1": true, "relErrRms": 0.000512, "refTop1Margin": 5.1505, "serveSec": 184.0, "fed": 6763, "fedSrc": "prompt", "generating": false, "encPick": 273, "refPick": 273, "pickAgree": true}
{"tick": 5, "lane": 35, "encArgmax": 12927, "refArgmax": 12927, "top1": true, "relErrRms": 0.006032, "refTop1Margin": 1.4873, "serveSec": 184.0, "fed": 6253, "fedSrc": "prompt", "generating": false, "encPick": 12927, "refPick": 12927, "pickAgree": true}
{"tick": 5, "lane": 36, "encArgmax": 6200, "refArgmax": 6200, "top1": true, "relErrRms": 0.001567, "refTop1Margin": 2.0825, "serveSec": 184.0, "fed": 253, "fedSrc": "prompt", "generating": false, "encPick": 6200, "refPick": 6200, "pickAgree": true}
{"tick": 5, "lane": 37, "encArgmax": 253, "refArgmax": 253, "top1": true, "relErrRms": 0.00232, "refTop1Margin": 0.2529, "serveSec": 184.0, "fed": 327, "fedSrc": "prompt", "generating": false, "encPick": 253, "refPick": 253, "pickAgree": true}
{"tick": 5, "lane": 38, "encArgmax": 8825, "refArgmax": 8825, "top1": true, "relErrRms": 0.001143, "refTop1Margin": 0.5217, "serveSec": 184.0, "fed": 253, "fedSrc": "prompt", "generating": false, "encPick": 8825, "refPick": 8825, "pickAgree": true}
{"tick": 5, "lane": 39, "encArgmax": 12927, "refArgmax": 12927, "top1": true, "relErrRms": 0.003652, "refTop1Margin": 1.4873, "serveSec": 184.0, "fed": 6253, "fedSrc": "fhe", "generating": true, "encPick": 12927, "refPick": 12927, "pickAgree": true}
{"tick": 5, "lane": 40, "encArgmax": 3678, "refArgmax": 3678, "top1": true, "relErrRms": 0.004816, "refTop1Margin": 0.4337, "serveSec": 184.0, "fed": 1306, "fedSrc": "prompt", "generating": false, "encPick": 3678, "refPick": 3678, "pickAgree": true}
{"tick": 5, "lane": 41, "encArgmax": 19767, "refArgmax": 19767, "top1": true, "relErrRms": 0.005211, "refTop1Margin": 0.2295, "serveSec": 184.0, "fed": 533, "fedSrc": "prompt", "generating": false, "encPick": 19767, "refPick": 19767, "pickAgree": true}
{"tick": 5, "lane": 42, "encArgmax": 497, "refArgmax": 497, "top1": true, "relErrRms": 0.001396, "refTop1Margin": 0.3265, "serveSec": 184.0, "fed": 3484, "fedSrc": "prompt", "generating": false, "encPick": 497, "refPick": 497, "pickAgree": true}
{"tick": 5, "lane": 43, "encArgmax": 4394, "refArgmax": 4394, "top1": true, "relErrRms": 0.004818, "refTop1Margin": 0.79, "serveSec": 184.0, "fed": 760, "fedSrc": "fhe", "generating": true, "encPick": 4394, "refPick": 4394, "pickAgree": true}
{"tick": 5, "lane": 44, "encArgmax": 275, "refArgmax": 275, "top1": true, "relErrRms": 0.006239, "refTop1Margin": 0.0225, "serveSec": 184.0, "fed": 1900, "fedSrc": "prompt", "generating": false, "encPick": 3515, "refPick": 3515, "pickAgree": true}
{"tick": 5, "lane": 45, "encArgmax": 403, "refArgmax": 403, "top1": true, "relErrRms": 0.001677, "refTop1Margin": 0.2277, "serveSec": 184.0, "fed": 597, "fedSrc": "prompt", "generating": false, "encPick": 497, "refPick": 497, "pickAgree": true}
{"tick": 5, "lane": 46, "encArgmax": 670, "refArgmax": 670, "top1": true, "relErrRms": 0.000559, "refTop1Margin": 0.808, "serveSec": 184.0, "fed": 871, "fedSrc": "prompt", "generating": false, "encPick": 670, "refPick": 670, "pickAgree": true}
{"tick": 5, "lane": 47, "encArgmax": 512, "refArgmax": 512, "top1": true, "relErrRms": 0.001493, "refTop1Margin": 0.925, "serveSec": 184.0, "fed": 273, "fedSrc": "fhe", "generating": true, "encPick": 512, "refPick": 512, "pickAgree": true}
{"tick": 5, "lane": 48, "encArgmax": 310, "refArgmax": 310, "top1": true, "relErrRms": 0.000577, "refTop1Margin": 1.0351, "serveSec": 184.0, "fed": 534, "fedSrc": "prompt", "generating": false, "encPick": 556, "refPick": 556, "pickAgree": true}
{"tick": 5, "lane": 49, "encArgmax": 6255, "refArgmax": 6255, "top1": true, "relErrRms": 0.001833, "refTop1Margin": 0.1393, "serveSec": 184.0, "fed": 5460, "fedSrc": "prompt", "generating": false, "encPick": 6255, "refPick": 6255, "pickAgree": true}
{"tick": 5, "lane": 50, "encArgmax": 273, "refArgmax": 273, "top1": true, "relErrRms": 0.00161, "refTop1Margin": 2.7904, "serveSec": 184.0, "fed": 2390, "fedSrc": "prompt", "generating": false, "encPick": 273, "refPick": 273, "pickAgree": true}
{"tick": 5, "lane": 51, "encArgmax": 11129, "refArgmax": 11129, "top1": true, "relErrRms": 0.002187, "refTop1Margin": 0.0569, "serveSec": 184.0, "fed": 4585, "fedSrc": "prompt", "generating": false, "encPick": 11129, "refPick": 11129, "pickAgree": true}
{"tick": 5, "lane": 52, "encArgmax": 273, "refArgmax": 273, "top1": true, "relErrRms": 0.004011, "refTop1Margin": 3.0229, "serveSec": 184.0, "fed": 13624, "fedSrc": "prompt", "generating": false, "encPick": 273, "refPick": 273, "pickAgree": true}
{"tick": 5, "lane": 53, "encArgmax": 1854, "refArgmax": 1854, "top1": true, "relErrRms": 0.002185, "refTop1Margin": 0.3526, "serveSec": 184.0, "fed": 24746, "fedSrc": "prompt", "generating": false, "encPick": 1854, "refPick": 1854, "pickAgree": true}
{"tick": 5, "lane": 54, "encArgmax": 7139, "refArgmax": 7139, "top1": true, "relErrRms": 0.001065, "refTop1Margin": 1.226, "serveSec": 184.0, "fed": 275, "fedSrc": "prompt", "generating": false, "encPick": 7139, "refPick": 7139, "pickAgree": true}
{"tick": 5, "lane": 55, "encArgmax": 13, "refArgmax": 13, "top1": true, "relErrRms": 0.001821, "refTop1Margin": 0.3724, "serveSec": 184.0, "fed": 1533, "fedSrc": "fhe", "generating": true, "encPick": 13, "refPick": 13, "pickAgree": true}
{"tick": 5, "lane": 56, "encArgmax": 1093, "refArgmax": 1093, "top1": true, "relErrRms": 0.002819, "refTop1Margin": 2.0606, "serveSec": 184.0, "fed": 313, "fedSrc": "prompt", "generating": false, "encPick": 1093, "refPick": 1093, "pickAgree": true}
{"tick": 5, "lane": 57, "encArgmax": 320, "refArgmax": 320, "top1": true, "relErrRms": 0.006327, "refTop1Margin": 0.494, "serveSec": 184.0, "fed": 281, "fedSrc": "prompt", "generating": false, "encPick": 320, "refPick": 320, "pickAgree": true}
{"tick": 5, "lane": 58, "encArgmax": 17485, "refArgmax": 17485, "top1": true, "relErrRms": 0.005158, "refTop1Margin": 1.3129, "serveSec": 184.0, "fed": 690, "fedSrc": "prompt", "generating": false, "encPick": 17485, "refPick": 17485, "pickAgree": true}
{"tick": 5, "lane": 59, "encArgmax": 1078, "refArgmax": 1078, "top1": true, "relErrRms": 0.003957, "refTop1Margin": 0.4425, "serveSec": 184.0, "fed": 1620, "fedSrc": "prompt", "generating": false, "encPick": 1078, "refPick": 1078, "pickAgree": true}
{"tick": 5, "lane": 60, "encArgmax": 253, "refArgmax": 253, "top1": true, "relErrRms": 0.000481, "refTop1Margin": 0.7801, "serveSec": 184.0, "fed": 3553, "fedSrc": "prompt", "generating": false, "encPick": 616, "refPick": 616, "pickAgree": true}
{"tick": 5, "lane": 61, "encArgmax": 7329, "refArgmax": 7329, "top1": true, "relErrRms": 0.003447, "refTop1Margin": 1.5927, "serveSec": 184.0, "fed": 310, "fedSrc": "prompt", "generating": false, "encPick": 7329, "refPick": 7329, "pickAgree": true}
{"tick": 5, "lane": 62, "encArgmax": 513, "refArgmax": 513, "top1": true, "relErrRms": 0.003163, "refTop1Margin": 0.0697, "serveSec": 184.0, "fed": 281, "fedSrc": "prompt", "generating": false, "encPick": 513, "refPick": 513, "pickAgree": true}
{"tick": 5, "lane": 63, "encArgmax": 534, "refArgmax": 534, "top1": true, "relErrRms": 0.001395, "refTop1Margin": 8.1564, "serveSec": 184.0, "fed": 407, "fedSrc": "prompt", "generating": false, "encPick": 534, "refPick": 534, "pickAgree": true}
    {"clientEnc":true,"file":"/root/demo/s37/serve_CTRL512/row_tail.f64.ct","count":1,"tokens":1,"packTokens":1,"lanes":64,"totalBytes":88088569,"encMs":389}
    {"clientDecDone":true,"logits":"/root/demo/s37/serve_CTRL512/serve/resp.6.logits.f64","tokens":1,"vocab":50277,"decMs":1613}
{"tick": 6, "lane": 0, "encArgmax": 281, "refArgmax": 281, "top1": true, "relErrRms": 0.001835, "refTop1Margin": 0.6297, "serveSec": 184.0, "fed": 3417, "fedSrc": "prompt", "generating": false, "encPick": 281, "refPick": 281, "pickAgree": true}
{"tick": 6, "lane": 1, "encArgmax": 1916, "refArgmax": 1916, "top1": true, "relErrRms": 0.002176, "refTop1Margin": 1.1521, "serveSec": 184.0, "fed": 15, "fedSrc": "prompt", "generating": false, "encPick": 1916, "refPick": 1916, "pickAgree": true}
{"tick": 6, "lane": 2, "encArgmax": 1142, "refArgmax": 1142, "top1": true, "relErrRms": 0.002282, "refTop1Margin": 1.3245, "serveSec": 184.0, "fed": 273, "fedSrc": "prompt", "generating": false, "encPick": 1142, "refPick": 1142, "pickAgree": true}
{"tick": 6, "lane": 3, "encArgmax": 14847, "refArgmax": 14847, "top1": true, "relErrRms": 0.001132, "refTop1Margin": 0.0702, "serveSec": 184.0, "fed": 253, "fedSrc": "fhe", "generating": true, "encPick": 14847, "refPick": 14847, "pickAgree": true}
{"tick": 6, "lane": 4, "encArgmax": 2408, "refArgmax": 2408, "top1": true, "relErrRms": 0.003101, "refTop1Margin": 0.8268, "serveSec": 184.0, "fed": 10058, "fedSrc": "prompt", "generating": false, "encPick": 2408, "refPick": 2408, "pickAgree": true}
{"tick": 6, "lane": 5, "encArgmax": 352, "refArgmax": 352, "top1": true, "relErrRms": 0.001862, "refTop1Margin": 2.0677, "serveSec": 184.0, "fed": 1919, "fedSrc": "prompt", "generating": false, "encPick": 352, "refPick": 352, "pickAgree": true}
{"tick": 6, "lane": 6, "encArgmax": 6838, "refArgmax": 6838, "top1": true, "relErrRms": 0.001256, "refTop1Margin": 0.5162, "serveSec": 184.0, "fed": 767, "fedSrc": "prompt", "generating": false, "encPick": 6838, "refPick": 6838, "pickAgree": true}
{"tick": 6, "lane": 7, "encArgmax": 247, "refArgmax": 247, "top1": true, "relErrRms": 0.002343, "refTop1Margin": 0.2935, "serveSec": 184.0, "fed": 323, "fedSrc": "fhe", "generating": true, "encPick": 253, "refPick": 253, "pickAgree": true}
{"tick": 6, "lane": 8, "encArgmax": 281, "refArgmax": 281, "top1": true, "relErrRms": 0.000608, "refTop1Margin": 0.5038, "serveSec": 184.0, "fed": 1361, "fedSrc": "prompt", "generating": false, "encPick": 281, "refPick": 281, "pickAgree": true}
{"tick": 6, "lane": 9, "encArgmax": 310, "refArgmax": 310, "top1": true, "relErrRms": 0.002881, "refTop1Margin": 1.8101, "serveSec": 184.0, "fed": 10, "fedSrc": "prompt", "generating": false, "encPick": 310, "refPick": 310, "pickAgree": true}
{"tick": 6, "lane": 10, "encArgmax": 281, "refArgmax": 281, "top1": true, "relErrRms": 0.001277, "refTop1Margin": 0.5008, "serveSec": 184.0, "fed": 14207, "fedSrc": "prompt", "generating": false, "encPick": 281, "refPick": 281, "pickAgree": true}
{"tick": 6, "lane": 11, "encArgmax": 14590, "refArgmax": 14590, "top1": true, "relErrRms": 0.001986, "refTop1Margin": 0.8278, "serveSec": 184.0, "fed": 273, "fedSrc": "fhe", "generating": true, "encPick": 14590, "refPick": 14590, "pickAgree": true}
{"tick": 6, "lane": 12, "encArgmax": 12405, "refArgmax": 12405, "top1": true, "relErrRms": 0.005132, "refTop1Margin": 2.8818, "serveSec": 184.0, "fed": 273, "fedSrc": "prompt", "generating": false, "encPick": 12405, "refPick": 12405, "pickAgree": true}
{"tick": 6, "lane": 13, "encArgmax": 253, "refArgmax": 253, "top1": true, "relErrRms": 0.002521, "refTop1Margin": 0.2652, "serveSec": 184.0, "fed": 685, "fedSrc": "prompt", "generating": false, "encPick": 253, "refPick": 253, "pickAgree": true}
{"tick": 6, "lane": 14, "encArgmax": 13, "refArgmax": 13, "top1": true, "relErrRms": 0.000663, "refTop1Margin": 0.9101, "serveSec": 184.0, "fed": 8986, "fedSrc": "prompt", "generating": false, "encPick": 13, "refPick": 13, "pickAgree": true}
{"tick": 6, "lane": 15, "encArgmax": 253, "refArgmax": 253, "top1": true, "relErrRms": 0.003731, "refTop1Margin": 0.8665, "serveSec": 184.0, "fed": 310, "fedSrc": "prompt", "generating": true, "encPick": 10544, "refPick": 10544, "pickAgree": true}
{"tick": 6, "lane": 16, "encArgmax": 2570, "refArgmax": 2570, "top1": true, "relErrRms": 0.002611, "refTop1Margin": 0.341, "serveSec": 184.0, "fed": 247, "fedSrc": "prompt", "generating": false, "encPick": 2570, "refPick": 2570, "pickAgree": true}
{"tick": 6, "lane": 17, "encArgmax": 273, "refArgmax": 273, "top1": true, "relErrRms": 0.001744, "refTop1Margin": 3.1831, "serveSec": 184.0, "fed": 4685, "fedSrc": "prompt", "generating": false, "encPick": 273, "refPick": 273, "pickAgree": true}
{"tick": 6, "lane": 18, "encArgmax": 369, "refArgmax": 369, "top1": true, "relErrRms": 0.004418, "refTop1Margin": 0.5868, "serveSec": 184.0, "fed": 29174, "fedSrc": "prompt", "generating": false, "encPick": 369, "refPick": 369, "pickAgree": true}
{"tick": 6, "lane": 19, "encArgmax": 253, "refArgmax": 253, "top1": true, "relErrRms": 0.002307, "refTop1Margin": 0.1632, "serveSec": 184.0, "fed": 285, "fedSrc": "fhe", "generating": true, "encPick": 253, "refPick": 253, "pickAgree": true}
{"tick": 6, "lane": 20, "encArgmax": 13, "refArgmax": 13, "top1": true, "relErrRms": 0.000438, "refTop1Margin": 0.2261, "serveSec": 184.0, "fed": 8090, "fedSrc": "prompt", "generating": false, "encPick": 13, "refPick": 13, "pickAgree": true}
{"tick": 6, "lane": 21, "encArgmax": 281, "refArgmax": 281, "top1": true, "relErrRms": 0.002519, "refTop1Margin": 1.883, "serveSec": 184.0, "fed": 1892, "fedSrc": "prompt", "generating": false, "encPick": 281, "refPick": 281, "pickAgree": true}
{"tick": 6, "lane": 22, "encArgmax": 1039, "refArgmax": 1039, "top1": true, "relErrRms": 0.00107, "refTop1Margin": 3.7121, "serveSec": 184.0, "fed": 616, "fedSrc": "prompt", "generating": false, "encPick": 1039, "refPick": 1039, "pickAgree": true}
{"tick": 6, "lane": 23, "encArgmax": 13, "refArgmax": 13, "top1": true, "relErrRms": 0.002749, "refTop1Margin": 2.6253, "serveSec": 184.0, "fed": 577, "fedSrc": "fhe", "generating": true, "encPick": 13, "refPick": 13, "pickAgree": true}
{"tick": 6, "lane": 24, "encArgmax": 521, "refArgmax": 521, "top1": true, "relErrRms": 0.001599, "refTop1Margin": 1.1843, "serveSec": 184.0, "fed": 6312, "fedSrc": "prompt", "generating": false, "encPick": 521, "refPick": 521, "pickAgree": true}
{"tick": 6, "lane": 25, "encArgmax": 5068, "refArgmax": 5068, "top1": true, "relErrRms": 0.001, "refTop1Margin": 0.0851, "serveSec": 184.0, "fed": 253, "fedSrc": "prompt", "generating": false, "encPick": 5068, "refPick": 5068, "pickAgree": true}
{"tick": 6, "lane": 26, "encArgmax": 13, "refArgmax": 13, "top1": true, "relErrRms": 0.002392, "refTop1Margin": 3.7167, "serveSec": 184.0, "fed": 7565, "fedSrc": "prompt", "generating": false, "encPick": 13, "refPick": 13, "pickAgree": true}
{"tick": 6, "lane": 27, "encArgmax": 15, "refArgmax": 15, "top1": true, "relErrRms": 0.004357, "refTop1Margin": 0.0521, "serveSec": 184.0, "fed": 4759, "fedSrc": "fhe", "generating": true, "encPick": 15, "refPick": 15, "pickAgree": true}
{"tick": 6, "lane": 28, "encArgmax": 1643, "refArgmax": 1643, "top1": true, "relErrRms": 0.001598, "refTop1Margin": 1.6401, "serveSec": 184.0, "fed": 247, "fedSrc": "prompt", "generating": false, "encPick": 1643, "refPick": 1643, "pickAgree": true}
{"tick": 6, "lane": 29, "encArgmax": 1966, "refArgmax": 1966, "top1": true, "relErrRms": 0.000734, "refTop1Margin": 0.0729, "serveSec": 184.0, "fed": 273, "fedSrc": "prompt", "generating": false, "encPick": 1966, "refPick": 1966, "pickAgree": true}
{"tick": 6, "lane": 30, "encArgmax": 310, "refArgmax": 310, "top1": true, "relErrRms": 0.000656, "refTop1Margin": 3.2611, "serveSec": 184.0, "fed": 7952, "fedSrc": "prompt", "generating": false, "encPick": 310, "refPick": 310, "pickAgree": true}
{"tick": 6, "lane": 31, "encArgmax": 253, "refArgmax": 253, "top1": true, "relErrRms": 0.000671, "refTop1Margin": 1.2208, "serveSec": 184.0, "fed": 275, "fedSrc": "prompt", "generating": true, "encPick": 3684, "refPick": 3684, "pickAgree": true}
{"tick": 6, "lane": 32, "encArgmax": 8049, "refArgmax": 8049, "top1": true, "relErrRms": 0.003814, "refTop1Margin": 3.1041, "serveSec": 184.0, "fed": 512, "fedSrc": "prompt", "generating": false, "encPick": 8049, "refPick": 8049, "pickAgree": true}
{"tick": 6, "lane": 33, "encArgmax": 13, "refArgmax": 13, "top1": true, "relErrRms": 0.001405, "refTop1Margin": 0.1827, "serveSec": 184.0, "fed": 6358, "fedSrc": "prompt", "generating": false, "encPick": 13, "refPick": 13, "pickAgree": true}
{"tick": 6, "lane": 34, "encArgmax": 1107, "refArgmax": 1107, "top1": true, "relErrRms": 0.003285, "refTop1Margin": 5.3396, "serveSec": 184.0, "fed": 273, "fedSrc": "prompt", "generating": false, "encPick": 1107, "refPick": 1107, "pickAgree": true}
{"tick": 6, "lane": 35, "encArgmax": 31567, "refArgmax": 31567, "top1": true, "relErrRms": 0.002592, "refTop1Margin": 0.0301, "serveSec": 184.0, "fed": 12927, "fedSrc": "prompt", "generating": true, "encPick": 31567, "refPick": 31567, "pickAgree": true}
{"tick": 6, "lane": 36, "encArgmax": 10558, "refArgmax": 10558, "top1": true, "relErrRms": 0.001942, "refTop1Margin": 5.7702, "serveSec": 184.0, "fed": 1685, "fedSrc": "prompt", "generating": false, "encPick": 10558, "refPick": 10558, "pickAgree": true}
{"tick": 6, "lane": 37, "encArgmax": 18857, "refArgmax": 18857, "top1": true, "relErrRms": 0.001748, "refTop1Margin": 1.5733, "serveSec": 184.0, "fed": 247, "fedSrc": "prompt", "generating": false, "encPick": 18857, "refPick": 18857, "pickAgree": true}
{"tick": 6, "lane": 38, "encArgmax": 310, "refArgmax": 310, "top1": true, "relErrRms": 0.005555, "refTop1Margin": 0.4894, "serveSec": 184.0, "fed": 8825, "fedSrc": "prompt", "generating": false, "encPick": 310, "refPick": 310, "pickAgree": true}
{"tick": 6, "lane": 39, "encArgmax": 31567, "refArgmax": 31567, "top1": true, "relErrRms": 0.003333, "refTop1Margin": 0.0301, "serveSec": 184.0, "fed": 12927, "fedSrc": "fhe", "generating": true, "encPick": 31567, "refPick": 31567, "pickAgree": true}
{"tick": 6, "lane": 40, "encArgmax": 452, "refArgmax": 452, "top1": true, "relErrRms": 0.003406, "refTop1Margin": 0.547, "serveSec": 184.0, "fed": 7888, "fedSrc": "prompt", "generating": false, "encPick": 452, "refPick": 452, "pickAgree": true}
{"tick": 6, "lane": 41, "encArgmax": 7274, "refArgmax": 7274, "top1": true, "relErrRms": 0.003037, "refTop1Margin": 0.5223, "serveSec": 184.0, "fed": 19767, "fedSrc": "prompt", "generating": false, "encPick": 7274, "refPick": 7274, "pickAgree": true}
{"tick": 6, "lane": 42, "encArgmax": 625, "refArgmax": 625, "top1": true, "relErrRms": 0.002746, "refTop1Margin": 0.5603, "serveSec": 184.0, "fed": 9262, "fedSrc": "prompt", "generating": false, "encPick": 625, "refPick": 625, "pickAgree": true}
{"tick": 6, "lane": 43, "encArgmax": 665, "refArgmax": 665, "top1": true, "relErrRms": 0.003614, "refTop1Margin": 0.5017, "serveSec": 184.0, "fed": 4394, "fedSrc": "fhe", "generating": true, "encPick": 665, "refPick": 665, "pickAgree": true}
{"tick": 6, "lane": 44, "encArgmax": 13, "refArgmax": 13, "top1": true, "relErrRms": 0.001453, "refTop1Margin": 0.3671, "serveSec": 184.0, "fed": 4886, "fedSrc": "prompt", "generating": false, "encPick": 13, "refPick": 13, "pickAgree": true}
{"tick": 6, "lane": 45, "encArgmax": 13, "refArgmax": 13, "top1": true, "relErrRms": 0.000653, "refTop1Margin": 0.3264, "serveSec": 184.0, "fed": 1007, "fedSrc": "prompt", "generating": false, "encPick": 13, "refPick": 13, "pickAgree": true}
{"tick": 6, "lane": 46, "encArgmax": 253, "refArgmax": 253, "top1": true, "relErrRms": 0.002131, "refTop1Margin": 0.9724, "serveSec": 184.0, "fed": 670, "fedSrc": "prompt", "generating": false, "encPick": 253, "refPick": 253, "pickAgree": true}
{"tick": 6, "lane": 47, "encArgmax": 1495, "refArgmax": 1495, "top1": true, "relErrRms": 0.003216, "refTop1Margin": 0.0673, "serveSec": 184.0, "fed": 512, "fedSrc": "fhe", "generating": true, "encPick": 1495, "refPick": 1495, "pickAgree": true}
{"tick": 6, "lane": 48, "encArgmax": 281, "refArgmax": 281, "top1": true, "relErrRms": 0.000712, "refTop1Margin": 3.6521, "serveSec": 184.0, "fed": 12527, "fedSrc": "prompt", "generating": false, "encPick": 281, "refPick": 281, "pickAgree": true}
{"tick": 6, "lane": 49, "encArgmax": 9749, "refArgmax": 9749, "top1": true, "relErrRms": 0.000957, "refTop1Margin": 0.8111, "serveSec": 184.0, "fed": 6255, "fedSrc": "prompt", "generating": false, "encPick": 9749, "refPick": 9749, "pickAgree": true}
{"tick": 6, "lane": 50, "encArgmax": 285, "refArgmax": 285, "top1": true, "relErrRms": 0.003606, "refTop1Margin": 0.4359, "serveSec": 184.0, "fed": 13, "fedSrc": "prompt", "generating": false, "encPick": 285, "refPick": 285, "pickAgree": true}
{"tick": 6, "lane": 51, "encArgmax": 275, "refArgmax": 275, "top1": true, "relErrRms": 0.001315, "refTop1Margin": 1.7447, "serveSec": 184.0, "fed": 11129, "fedSrc": "prompt", "generating": false, "encPick": 275, "refPick": 275, "pickAgree": true}
{"tick": 6, "lane": 52, "encArgmax": 16045, "refArgmax": 16045, "top1": true, "relErrRms": 0.005651, "refTop1Margin": 0.2124, "serveSec": 184.0, "fed": 273, "fedSrc": "prompt", "generating": false, "encPick": 16045, "refPick": 16045, "pickAgree": true}
{"tick": 6, "lane": 53, "encArgmax": 281, "refArgmax": 281, "top1": true, "relErrRms": 0.001302, "refTop1Margin": 0.8676, "serveSec": 184.0, "fed": 1039, "fedSrc": "prompt", "generating": false, "encPick": 281, "refPick": 281, "pickAgree": true}
{"tick": 6, "lane": 54, "encArgmax": 13, "refArgmax": 13, "top1": true, "relErrRms": 0.000799, "refTop1Margin": 1.2383, "serveSec": 184.0, "fed": 7203, "fedSrc": "prompt", "generating": false, "encPick": 13, "refPick": 13, "pickAgree": true}
{"tick": 6, "lane": 55, "encArgmax": 253, "refArgmax": 253, "top1": true, "relErrRms": 0.000482, "refTop1Margin": 2.6539, "serveSec": 184.0, "fed": 13, "fedSrc": "fhe", "generating": true, "encPick": 253, "refPick": 253, "pickAgree": true}
{"tick": 6, "lane": 56, "encArgmax": 275, "refArgmax": 275, "top1": true, "relErrRms": 0.001162, "refTop1Margin": 0.0546, "serveSec": 184.0, "fed": 6448, "fedSrc": "prompt", "generating": false, "encPick": 275, "refPick": 275, "pickAgree": true}
{"tick": 6, "lane": 57, "encArgmax": 3657, "refArgmax": 3657, "top1": true, "relErrRms": 0.00471, "refTop1Margin": 0.3349, "serveSec": 184.0, "fed": 1361, "fedSrc": "prompt", "generating": false, "encPick": 3657, "refPick": 3657, "pickAgree": true}
{"tick": 6, "lane": 58, "encArgmax": 17340, "refArgmax": 17340, "top1": true, "relErrRms": 0.00281, "refTop1Margin": 0.418, "serveSec": 184.0, "fed": 3710, "fedSrc": "prompt", "generating": false, "encPick": 17340, "refPick": 17340, "pickAgree": true}
{"tick": 6, "lane": 59, "encArgmax": 1078, "refArgmax": 1078, "top1": true, "relErrRms": 0.002292, "refTop1Margin": 3.8387, "serveSec": 184.0, "fed": 2326, "fedSrc": "prompt", "generating": true, "encPick": 1078, "refPick": 1078, "pickAgree": true}
{"tick": 6, "lane": 60, "encArgmax": 28169, "refArgmax": 28169, "top1": true, "relErrRms": 0.000898, "refTop1Margin": 0.0212, "serveSec": 184.0, "fed": 253, "fedSrc": "prompt", "generating": false, "encPick": 28169, "refPick": 28169, "pickAgree": true}
{"tick": 6, "lane": 61, "encArgmax": 275, "refArgmax": 275, "top1": true, "relErrRms": 0.000974, "refTop1Margin": 0.7759, "serveSec": 184.0, "fed": 1669, "fedSrc": "prompt", "generating": false, "encPick": 275, "refPick": 275, "pickAgree": true}
{"tick": 6, "lane": 62, "encArgmax": 2341, "refArgmax": 2341, "top1": true, "relErrRms": 0.002023, "refTop1Margin": 1.3543, "serveSec": 184.0, "fed": 5321, "fedSrc": "prompt", "generating": false, "encPick": 2341, "refPick": 2341, "pickAgree": true}
{"tick": 6, "lane": 63, "encArgmax": 6244, "refArgmax": 6244, "top1": true, "relErrRms": 0.002764, "refTop1Margin": 0.3738, "serveSec": 184.0, "fed": 534, "fedSrc": "prompt", "generating": false, "encPick": 6244, "refPick": 6244, "pickAgree": true}
    {"clientEnc":true,"file":"/root/demo/s37/serve_CTRL512/row_tail.f64.ct","count":1,"tokens":1,"packTokens":1,"lanes":64,"totalBytes":88088569,"encMs":385}
    {"clientDecDone":true,"logits":"/root/demo/s37/serve_CTRL512/serve/resp.7.logits.f64","tokens":1,"vocab":50277,"decMs":1527}
{"tick": 7, "lane": 0, "encArgmax": 4887, "refArgmax": 4887, "top1": true, "relErrRms": 0.002165, "refTop1Margin": 2.0011, "serveSec": 184.0, "fed": 3164, "fedSrc": "prompt", "generating": false, "encPick": 4887, "refPick": 4887, "pickAgree": true}
{"tick": 7, "lane": 1, "encArgmax": 19268, "refArgmax": 19268, "top1": true, "relErrRms": 0.003583, "refTop1Margin": 5.5577, "serveSec": 184.0, "fed": 3666, "fedSrc": "prompt", "generating": false, "encPick": 19268, "refPick": 19268, "pickAgree": true}
{"tick": 7, "lane": 2, "encArgmax": 273, "refArgmax": 273, "top1": true, "relErrRms": 0.001696, "refTop1Margin": 3.4277, "serveSec": 184.0, "fed": 8307, "fedSrc": "prompt", "generating": false, "encPick": 273, "refPick": 273, "pickAgree": true}
{"tick": 7, "lane": 3, "encArgmax": 17323, "refArgmax": 17323, "top1": true, "relErrRms": 0.000667, "refTop1Margin": 0.114, "serveSec": 184.0, "fed": 14847, "fedSrc": "fhe", "generating": true, "encPick": 17323, "refPick": 17323, "pickAgree": true}
{"tick": 7, "lane": 4, "encArgmax": 21339, "refArgmax": 21339, "top1": true, "relErrRms": 0.001805, "refTop1Margin": 0.4454, "serveSec": 184.0, "fed": 3811, "fedSrc": "prompt", "generating": false, "encPick": 21339, "refPick": 21339, "pickAgree": true}
{"tick": 7, "lane": 5, "encArgmax": 987, "refArgmax": 987, "top1": true, "relErrRms": 0.002837, "refTop1Margin": 1.6718, "serveSec": 184.0, "fed": 253, "fedSrc": "prompt", "generating": false, "encPick": 987, "refPick": 987, "pickAgree": true}
{"tick": 7, "lane": 6, "encArgmax": 651, "refArgmax": 651, "top1": true, "relErrRms": 0.000863, "refTop1Margin": 1.9761, "serveSec": 184.0, "fed": 13189, "fedSrc": "prompt", "generating": false, "encPick": 651, "refPick": 651, "pickAgree": true}
{"tick": 7, "lane": 7, "encArgmax": 806, "refArgmax": 806, "top1": true, "relErrRms": 0.002109, "refTop1Margin": 0.0506, "serveSec": 184.0, "fed": 253, "fedSrc": "fhe", "generating": true, "encPick": 806, "refPick": 806, "pickAgree": true}
{"tick": 7, "lane": 8, "encArgmax": 285, "refArgmax": 285, "top1": true, "relErrRms": 0.002525, "refTop1Margin": 4.2752, "serveSec": 184.0, "fed": 1024, "fedSrc": "prompt", "generating": false, "encPick": 285, "refPick": 285, "pickAgree": true}
{"tick": 7, "lane": 9, "encArgmax": 247, "refArgmax": 247, "top1": true, "relErrRms": 0.000823, "refTop1Margin": 1.0085, "serveSec": 184.0, "fed": 1969, "fedSrc": "prompt", "generating": false, "encPick": 247, "refPick": 247, "pickAgree": true}
{"tick": 7, "lane": 10, "encArgmax": 253, "refArgmax": 253, "top1": true, "relErrRms": 0.000552, "refTop1Margin": 1.8073, "serveSec": 184.0, "fed": 10268, "fedSrc": "prompt", "generating": false, "encPick": 253, "refPick": 253, "pickAgree": true}
{"tick": 7, "lane": 11, "encArgmax": 330, "refArgmax": 330, "top1": true, "relErrRms": 0.001505, "refTop1Margin": 1.7399, "serveSec": 184.0, "fed": 14590, "fedSrc": "fhe", "generating": true, "encPick": 330, "refPick": 330, "pickAgree": true}
{"tick": 7, "lane": 12, "encArgmax": 275, "refArgmax": 275, "top1": true, "relErrRms": 0.002024, "refTop1Margin": 0.2203, "serveSec": 184.0, "fed": 12405, "fedSrc": "prompt", "generating": false, "encPick": 275, "refPick": 275, "pickAgree": true}
{"tick": 7, "lane": 13, "encArgmax": 13, "refArgmax": 13, "top1": true, "relErrRms": 0.002736, "refTop1Margin": 0.4453, "serveSec": 184.0, "fed": 5558, "fedSrc": "prompt", "generating": false, "encPick": 13, "refPick": 13, "pickAgree": true}
{"tick": 7, "lane": 14, "encArgmax": 352, "refArgmax": 352, "top1": true, "relErrRms": 0.002425, "refTop1Margin": 1.8499, "serveSec": 184.0, "fed": 984, "fedSrc": "prompt", "generating": false, "encPick": 352, "refPick": 352, "pickAgree": true}
{"tick": 7, "lane": 15, "encArgmax": 407, "refArgmax": 407, "top1": true, "relErrRms": 0.000824, "refTop1Margin": 0.9859, "serveSec": 184.0, "fed": 10544, "fedSrc": "fhe", "generating": true, "encPick": 407, "refPick": 407, "pickAgree": true}
{"tick": 7, "lane": 16, "encArgmax": 14, "refArgmax": 14, "top1": true, "relErrRms": 0.00241, "refTop1Margin": 0.875, "serveSec": 184.0, "fed": 495, "fedSrc": "prompt", "generating": false, "encPick": 14, "refPick": 14, "pickAgree": true}
{"tick": 7, "lane": 17, "encArgmax": 253, "refArgmax": 253, "top1": true, "relErrRms": 0.001584, "refTop1Margin": 2.2923, "serveSec": 184.0, "fed": 273, "fedSrc": "prompt", "generating": false, "encPick": 253, "refPick": 253, "pickAgree": true}
{"tick": 7, "lane": 18, "encArgmax": 347, "refArgmax": 347, "top1": true, "relErrRms": 0.00262, "refTop1Margin": 1.0257, "serveSec": 184.0, "fed": 9572, "fedSrc": "prompt", "generating": false, "encPick": 347, "refPick": 347, "pickAgree": true}
{"tick": 7, "lane": 19, "encArgmax": 2020, "refArgmax": 2020, "top1": true, "relErrRms": 0.004705, "refTop1Margin": 0.2345, "serveSec": 184.0, "fed": 253, "fedSrc": "fhe", "generating": true, "encPick": 2020, "refPick": 2020, "pickAgree": true}
{"tick": 7, "lane": 20, "encArgmax": 285, "refArgmax": 285, "top1": true, "relErrRms": 0.002754, "refTop1Margin": 0.3147, "serveSec": 184.0, "fed": 13, "fedSrc": "prompt", "generating": false, "encPick": 285, "refPick": 285, "pickAgree": true}
{"tick": 7, "lane": 21, "encArgmax": 16497, "refArgmax": 16497, "top1": true, "relErrRms": 0.017044, "refTop1Margin": 1.2892, "serveSec": 184.0, "fed": 281, "fedSrc": "prompt", "generating": false, "encPick": 16497, "refPick": 16497, "pickAgree": true}
{"tick": 7, "lane": 22, "encArgmax": 281, "refArgmax": 281, "top1": true, "relErrRms": 0.000822, "refTop1Margin": 1.4517, "serveSec": 184.0, "fed": 1039, "fedSrc": "prompt", "generating": false, "encPick": 281, "refPick": 281, "pickAgree": true}
{"tick": 7, "lane": 23, "encArgmax": 608, "refArgmax": 608, "top1": true, "relErrRms": 0.001703, "refTop1Margin": 0.2404, "serveSec": 184.0, "fed": 13, "fedSrc": "fhe", "generating": true, "encPick": 608, "refPick": 608, "pickAgree": true}
{"tick": 7, "lane": 24, "encArgmax": 4679, "refArgmax": 4679, "top1": true, "relErrRms": 0.001768, "refTop1Margin": 0.0584, "serveSec": 184.0, "fed": 521, "fedSrc": "prompt", "generating": false, "encPick": 4679, "refPick": 4679, "pickAgree": true}
{"tick": 7, "lane": 25, "encArgmax": 382, "refArgmax": 382, "top1": true, "relErrRms": 0.001441, "refTop1Margin": 6.9217, "serveSec": 184.0, "fed": 21231, "fedSrc": "prompt", "generating": false, "encPick": 382, "refPick": 382, "pickAgree": true}
{"tick": 7, "lane": 26, "encArgmax": 352, "refArgmax": 352, "top1": true, "relErrRms": 0.001163, "refTop1Margin": 0.3117, "serveSec": 184.0, "fed": 13, "fedSrc": "prompt", "generating": false, "encPick": 352, "refPick": 352, "pickAgree": true}
{"tick": 7, "lane": 27, "encArgmax": 187, "refArgmax": 187, "top1": true, "relErrRms": 0.002115, "refTop1Margin": 1.1385, "serveSec": 184.0, "fed": 15, "fedSrc": "fhe", "generating": true, "encPick": 187, "refPick": 187, "pickAgree": true}
{"tick": 7, "lane": 28, "encArgmax": 3038, "refArgmax": 3038, "top1": true, "relErrRms": 0.001442, "refTop1Margin": 1.5938, "serveSec": 184.0, "fed": 1643, "fedSrc": "prompt", "generating": false, "encPick": 3038, "refPick": 3038, "pickAgree": true}
{"tick": 7, "lane": 29, "encArgmax": 2892, "refArgmax": 2892, "top1": true, "relErrRms": 0.003325, "refTop1Margin": 4.0026, "serveSec": 184.0, "fed": 1966, "fedSrc": "prompt", "generating": false, "encPick": 2892, "refPick": 2892, "pickAgree": true}
{"tick": 7, "lane": 30, "encArgmax": 326, "refArgmax": 326, "top1": true, "relErrRms": 0.001107, "refTop1Margin": 0.8152, "serveSec": 184.0, "fed": 310, "fedSrc": "prompt", "generating": false, "encPick": 326, "refPick": 326, "pickAgree": true}
{"tick": 7, "lane": 31, "encArgmax": 3968, "refArgmax": 3968, "top1": true, "relErrRms": 0.000984, "refTop1Margin": 5.0615, "serveSec": 184.0, "fed": 3684, "fedSrc": "fhe", "generating": true, "encPick": 3968, "refPick": 3968, "pickAgree": true}
{"tick": 7, "lane": 32, "encArgmax": 43504, "refArgmax": 43504, "top1": true, "relErrRms": 0.008566, "refTop1Margin": 2.1049, "serveSec": 184.0, "fed": 8049, "fedSrc": "prompt", "generating": false, "encPick": 43504, "refPick": 43504, "pickAgree": true}
{"tick": 7, "lane": 33, "encArgmax": 521, "refArgmax": 521, "top1": true, "relErrRms": 0.001074, "refTop1Margin": 0.905, "serveSec": 184.0, "fed": 285, "fedSrc": "prompt", "generating": false, "encPick": 521, "refPick": 521, "pickAgree": true}
{"tick": 7, "lane": 34, "encArgmax": 13, "refArgmax": 13, "top1": true, "relErrRms": 0.000552, "refTop1Margin": 0.6119, "serveSec": 184.0, "fed": 1107, "fedSrc": "prompt", "generating": false, "encPick": 13, "refPick": 13, "pickAgree": true}
{"tick": 7, "lane": 35, "encArgmax": 275, "refArgmax": 275, "top1": true, "relErrRms": 0.002765, "refTop1Margin": 0.2472, "serveSec": 184.0, "fed": 31567, "fedSrc": "fhe", "generating": true, "encPick": 275, "refPick": 275, "pickAgree": true}
{"tick": 7, "lane": 36, "encArgmax": 673, "refArgmax": 673, "top1": true, "relErrRms": 0.001739, "refTop1Margin": 1.0543, "serveSec": 184.0, "fed": 10558, "fedSrc": "prompt", "generating": false, "encPick": 673, "refPick": 673, "pickAgree": true}
{"tick": 7, "lane": 37, "encArgmax": 273, "refArgmax": 273, "top1": true, "relErrRms": 0.001663, "refTop1Margin": 5.8406, "serveSec": 184.0, "fed": 5313, "fedSrc": "prompt", "generating": false, "encPick": 273, "refPick": 273, "pickAgree": true}
{"tick": 7, "lane": 38, "encArgmax": 253, "refArgmax": 253, "top1": true, "relErrRms": 0.002155, "refTop1Margin": 0.2887, "serveSec": 184.0, "fed": 310, "fedSrc": "prompt", "generating": false, "encPick": 417, "refPick": 417, "pickAgree": true}
{"tick": 7, "lane": 39, "encArgmax": 275, "refArgmax": 275, "top1": true, "relErrRms": 0.000874, "refTop1Margin": 0.2472, "serveSec": 184.0, "fed": 31567, "fedSrc": "fhe", "generating": true, "encPick": 275, "refPick": 275, "pickAgree": true}
{"tick": 7, "lane": 40, "encArgmax": 275, "refArgmax": 275, "top1": true, "relErrRms": 0.002186, "refTop1Margin": 0.7021, "serveSec": 184.0, "fed": 2226, "fedSrc": "prompt", "generating": false, "encPick": 275, "refPick": 275, "pickAgree": true}
{"tick": 7, "lane": 41, "encArgmax": 281, "refArgmax": 281, "top1": true, "relErrRms": 0.002157, "refTop1Margin": 1.7521, "serveSec": 184.0, "fed": 7274, "fedSrc": "prompt", "generating": false, "encPick": 281, "refPick": 281, "pickAgree": true}
{"tick": 7, "lane": 42, "encArgmax": 323, "refArgmax": 323, "top1": true, "relErrRms": 0.002598, "refTop1Margin": 0.0253, "serveSec": 184.0, "fed": 18595, "fedSrc": "prompt", "generating": false, "encPick": 323, "refPick": 323, "pickAgree": true}
{"tick": 7, "lane": 43, "encArgmax": 476, "refArgmax": 476, "top1": true, "relErrRms": 0.00502, "refTop1Margin": 0.1515, "serveSec": 184.0, "fed": 665, "fedSrc": "fhe", "generating": true, "encPick": 476, "refPick": 476, "pickAgree": true}
{"tick": 7, "lane": 44, "encArgmax": 285, "refArgmax": 285, "top1": true, "relErrRms": 0.000842, "refTop1Margin": 0.3791, "serveSec": 184.0, "fed": 13, "fedSrc": "prompt", "generating": false, "encPick": 285, "refPick": 285, "pickAgree": true}
{"tick": 7, "lane": 45, "encArgmax": 285, "refArgmax": 285, "top1": true, "relErrRms": 0.001801, "refTop1Margin": 0.8145, "serveSec": 184.0, "fed": 13, "fedSrc": "prompt", "generating": false, "encPick": 285, "refPick": 285, "pickAgree": true}
{"tick": 7, "lane": 46, "encArgmax": 310, "refArgmax": 310, "top1": true, "relErrRms": 0.000536, "refTop1Margin": 1.5678, "serveSec": 184.0, "fed": 21646, "fedSrc": "prompt", "generating": false, "encPick": 310, "refPick": 310, "pickAgree": true}
{"tick": 7, "lane": 47, "encArgmax": 13, "refArgmax": 13, "top1": true, "relErrRms": 0.000538, "refTop1Margin": 0.2518, "serveSec": 184.0, "fed": 1495, "fedSrc": "fhe", "generating": true, "encPick": 13, "refPick": 13, "pickAgree": true}
{"tick": 7, "lane": 48, "encArgmax": 253, "refArgmax": 253, "top1": true, "relErrRms": 0.00201, "refTop1Margin": 2.2073, "serveSec": 184.0, "fed": 281, "fedSrc": "prompt", "generating": false, "encPick": 253, "refPick": 253, "pickAgree": true}
{"tick": 7, "lane": 49, "encArgmax": 326, "refArgmax": 326, "top1": true, "relErrRms": 0.000924, "refTop1Margin": 1.392, "serveSec": 184.0, "fed": 9749, "fedSrc": "prompt", "generating": false, "encPick": 326, "refPick": 326, "pickAgree": true}
{"tick": 7, "lane": 50, "encArgmax": 689, "refArgmax": 689, "top1": true, "relErrRms": 0.004096, "refTop1Margin": 0.3268, "serveSec": 184.0, "fed": 342, "fedSrc": "prompt", "generating": false, "encPick": 689, "refPick": 689, "pickAgree": true}
{"tick": 7, "lane": 51, "encArgmax": 253, "refArgmax": 253, "top1": true, "relErrRms": 0.001017, "refTop1Margin": 3.9337, "serveSec": 184.0, "fed": 275, "fedSrc": "prompt", "generating": false, "encPick": 253, "refPick": 253, "pickAgree": true}
{"tick": 7, "lane": 52, "encArgmax": 13, "refArgmax": 13, "top1": true, "relErrRms": 0.001296, "refTop1Margin": 0.3799, "serveSec": 184.0, "fed": 8660, "fedSrc": "prompt", "generating": false, "encPick": 13, "refPick": 13, "pickAgree": true}
{"tick": 7, "lane": 53, "encArgmax": 247, "refArgmax": 247, "top1": true, "relErrRms": 0.001163, "refTop1Margin": 0.5271, "serveSec": 184.0, "fed": 1066, "fedSrc": "prompt", "generating": false, "encPick": 247, "refPick": 247, "pickAgree": true}
{"tick": 7, "lane": 54, "encArgmax": 597, "refArgmax": 597, "top1": true, "relErrRms": 0.001229, "refTop1Margin": 0.5363, "serveSec": 184.0, "fed": 984, "fedSrc": "prompt", "generating": true, "encPick": 597, "refPick": 597, "pickAgree": true}
{"tick": 7, "lane": 55, "encArgmax": 43093, "refArgmax": 43093, "top1": true, "relErrRms": 0.001042, "refTop1Margin": 1.5276, "serveSec": 184.0, "fed": 253, "fedSrc": "fhe", "generating": true, "encPick": 43093, "refPick": 43093, "pickAgree": true}
{"tick": 7, "lane": 56, "encArgmax": 12572, "refArgmax": 12572, "top1": true, "relErrRms": 0.001048, "refTop1Margin": 3.1748, "serveSec": 184.0, "fed": 26485, "fedSrc": "prompt", "generating": false, "encPick": 12572, "refPick": 12572, "pickAgree": true}
{"tick": 7, "lane": 57, "encArgmax": 253, "refArgmax": 253, "top1": true, "relErrRms": 0.004029, "refTop1Margin": 1.3672, "serveSec": 184.0, "fed": 275, "fedSrc": "prompt", "generating": false, "encPick": 253, "refPick": 253, "pickAgree": true}
{"tick": 7, "lane": 58, "encArgmax": 323, "refArgmax": 323, "top1": true, "relErrRms": 0.000928, "refTop1Margin": 1.9368, "serveSec": 184.0, "fed": 2442, "fedSrc": "prompt", "generating": false, "encPick": 323, "refPick": 323, "pickAgree": true}
{"tick": 7, "lane": 59, "encArgmax": 13, "refArgmax": 13, "top1": true, "relErrRms": 0.003229, "refTop1Margin": 0.8365, "serveSec": 184.0, "fed": 1078, "fedSrc": "fhe", "generating": true, "encPick": 13, "refPick": 13, "pickAgree": true}
{"tick": 7, "lane": 60, "encArgmax": 2252, "refArgmax": 2252, "top1": true, "relErrRms": 0.002283, "refTop1Margin": 0.118, "serveSec": 184.0, "fed": 11186, "fedSrc": "prompt", "generating": false, "encPick": 2252, "refPick": 2252, "pickAgree": true}
{"tick": 7, "lane": 61, "encArgmax": 253, "refArgmax": 253, "top1": true, "relErrRms": 0.001668, "refTop1Margin": 0.0326, "serveSec": 184.0, "fed": 275, "fedSrc": "prompt", "generating": false, "encPick": 253, "refPick": 253, "pickAgree": true}
{"tick": 7, "lane": 62, "encArgmax": 310, "refArgmax": 310, "top1": true, "relErrRms": 0.002705, "refTop1Margin": 2.2659, "serveSec": 184.0, "fed": 1824, "fedSrc": "prompt", "generating": false, "encPick": 310, "refPick": 310, "pickAgree": true}
{"tick": 7, "lane": 63, "encArgmax": 6455, "refArgmax": 6455, "top1": true, "relErrRms": 0.003998, "refTop1Margin": 0.1395, "serveSec": 184.0, "fed": 6244, "fedSrc": "prompt", "generating": true, "encPick": 6455, "refPick": 6455, "pickAgree": true}
    {"clientEnc":true,"file":"/root/demo/s37/serve_CTRL512/row_tail.f64.ct","count":1,"tokens":1,"packTokens":1,"lanes":64,"totalBytes":88088569,"encMs":447}
fatal: server exited (code 0) while serving req 8
--- server log tail ---
{"bootRecord":true,"n":4276,"maxI":0,"rmsI":0,"coeffsOver512":0,"maxFrac":0.00083913,"nonCanon":0,"stage":"output.finalNorm.tok0","ms":6.23954}
{"bootRecord":true,"n":4277,"maxI":395,"rmsI":85.3743,"coeffsOver512":0,"maxFrac":0.00904174,"nonCanon":0,"stage":"output.finalNorm.tok0","ms":6.79978}
{"bootRecord":true,"n":4278,"maxI":388,"rmsI":85.3125,"coeffsOver512":0,"maxFrac":0.00390445,"nonCanon":0,"stage":"output.finalNorm.tok0","ms":6.77983}
{"bootRecord":true,"n":4279,"maxI":409,"rmsI":84.7623,"coeffsOver512":0,"maxFrac":0.00745095,"nonCanon":0,"stage":"output.finalNorm.tok0","ms":6.74346}
{"bootRecord":true,"n":4280,"maxI":406,"rmsI":85.2835,"coeffsOver512":0,"maxFrac":0.00746081,"nonCanon":0,"stage":"output.finalNorm.tok0","ms":6.73886}
{"serverOut":true,"replyPrescaleLog2":0,"finalRefresh":false,"file":"/root/demo/s37/serve_CTRL512/serve/resp.7","count":1,"tokensReal":1,"level":37,"totalBytes":10489656,"serializeMs":1216}
{"serve":"served","req":7,"failed":false,"tokens":1,"reqEvalMs":118433,"reqBootMs":79902,"reqEncPtMs":0,"reqBoots":529,"reqMsPerToken":198336,"reqNormBootMs":42969,"reqMsPerTokenExBoot":155367,"reqLayerLoopMs":172498,"reqLayerLoopUntimedMs":27497,"reqStageMs":{"shiftMix":14,"scan":20,"gate":35,"hidden":381,"residual":4},"reqHostPtEncodeMs":0,"reqHostPtEncodeCount":0,"peakVramGB":74.7451,"reqBootRecN":529,"reqBootMaxI":477,"reqBootOver512":0,"reqBootOver530":0,"reqBootOver537":0,"reqBootOver768":0,"reqBootRecMs":3585}
{"vramTrace":"serve.done.7","dev":0,"usedGB":74.7451,"freeGB":20.2252,"totalGB":94.9702,"poolOk":true,"poolReservedGB":73.0312,"poolReservedHighGB":73.0312,"poolUsedGB":73.0244,"poolUsedHighGB":73.0244,"poolSlackGB":0.00683594,"poolTransientGB":5.44637e-06}
{"vramTrace":"serve.done.7","dev":1,"usedGB":73.7271,"freeGB":21.2432,"totalGB":94.9702,"poolOk":true,"poolReservedGB":72.0312,"poolReservedHighGB":72.0312,"poolUsedGB":72.0244,"poolUsedHighGB":72.0244,"poolSlackGB":0.00683594,"poolTransientGB":5.44637e-06}
{"serve":"waiting","req":8,"dir":"/root/demo/s37/serve_CTRL512/serve","timeoutSec":7200,"served":8}
{"serve":"exit","reason":"stop","served":8}
{"bootRecordSummary":true,"recorded":4280,"boots":4280,"skipped":0,"runMaxI":483,"over512":0,"over530":0,"over537":0,"over768":0,"runMaxFrac":0.0157906,"recMs":29748}
{"vramTrace":"final","dev":0,"usedGB":74.7451,"freeGB":20.2252,"totalGB":94.9702,"poolOk":true,"poolReservedGB":73.0312,"poolReservedHighGB":73.0312,"poolUsedGB":73.0244,"poolUsedHighGB":73.0244,"poolSlackGB":0.00683594,"poolTransientGB":0}
{"vramTrace":"final","dev":1,"usedGB":73.7271,"freeGB":21.2432,"totalGB":94.9702,"poolOk":true,"poolReservedGB":72.0312,"poolReservedHighGB":72.0312,"poolUsedGB":72.0244,"poolUsedHighGB":72.0244,"poolSlackGB":0.00683594,"poolTransientGB":0}
{"summary":true,"realModel":true,"arch":"native","tag":"pbd430a","tokens":1,"packTokens":1,"layers":24,"secure":true,"boots":4280,"bootsPerToken":4280,"clientEncryptMs":16069,"gpuEvalMs":951637,"gpuBootstrapMs":641066,"decryptMs":0,"gpuMsPerToken":1.5927e+06,"encPtMs":0,"encPtCount":0,"encPtFracOfEval":0,"encThreads":24,"band":-1,"ringMix":false,"bootFloor":3,"deferredScan":0,"deferredFolds":0,"deferredTermsKept":0,"uDropLevel":0,"uDrops":0,"uDropBoots":0,"branchOutBoot":false,"branchOutBoots":0,"branchOutSkipped":0,"pipeline":false,"pipeMs":0,"staticNorm":false,"normEps":1e-05,"periodicEncodeOn":true,"periodicVerifyEvery":0,"serialCarry":true,"finalRefresh":false,"equalizeBlocks":false,"scaleBits":59,"passes":1,"cacheDiags":false,"cacheEntries":0,"cacheHits":0,"ptCache":true,"ptScalar":false,"ptCacheVerify":true,"ptCacheMaxGb":28,"ptCalls":22800,"ptCacheEntries":1144,"ptCacheHits":21656,"ptCacheMisses":1144,"ptCacheMissMs":26830,"ptCacheDenseFallback":0,"ptCacheDenseMiss":0,"ptCacheSkipped":0,"ptCacheLimbs":20695,"ptCacheResidentGB":20.21,"ptCacheVerified":1144,"ptCacheVerifyFail":0,"ptScalarOps":0,"ptScalarMul":0,"ptScalarAdd":0,"ptScalarDeg2Fallback":0,"ptScalarClasses":0,"ptScalarClassesRejected":0,"ptScalarRejectedOps":0,"msPerToken":1.5927e+06,"tokPerSec":0.000627863,"totalWallMs":1652142,"setupMs":43128,"unaccountedMs":240,"wallMsPerToken":1.60901e+06,"peakVramGB":74.7451,"procPeakVramGB":-1,"poolHighRun":[{"dev":0,"usedHighGB":73.024420,"reservedHighGB":73.031250},{"dev":1,"usedHighGB":72.024420,"reservedHighGB":72.031250}],"syncTimersOn":false,"syncSplit":{"babyRotMs":0,"ctPtApplyMs":0,"giantMs":0,"rescaleMs":0,"bootMs":0},"normBootMs":343317,"gpuEvalMsExBoot":608319,"msPerTokenExBoot":1.24939e+06,"stageTimersOn":true,"layerLoopMs":1405431,"layerLoopUntimedMs":245145,"stageMs":{"shiftMix":1266,"scan":4978,"gate":3913,"hidden":36555,"residual":34},"layerLoopResidualMs":198396,"hostPtEncodeMs":0,"hostPtEncodeCount":0,"hostPtEncodeStageMs":0,"hostPtEncodeStageCount":0,"unaccountedMsExBoot":343558,"unaccountedMsAfterStages":296809,"storeOn":true,"storeHits":5505024,"storeMisses":0,"storeDead":0,"storeUncompressible":0,"reqEntryBoots":0,"reqFolds":0,"reqSeeded":0,"reqLevel":0,"prescaleLog2":0,"reqClientEncryptMs":-1,"replyLimbs":0,"replyLimbsOut":0,"replyConjAdd":false,"replyScaleLog2":0,"dropLevels":{"wv":7,"wkr":4,"wout":7,"win":4},"dropsApplied":1152,"dropsSettled":0,"dropsSkippedDeeper":0,"dropsAtTarget":1536,"rsqrtSidecar":"","rsqrtItersSum":170,"periodicEncodeCount":120,"periodicVerifyCount":0,"periodicVerifyOk":0,"periodicFallbackCount":0,"storeFetchMs":243517,"storeBytes":68417617920,"storeFile":"/root/demo/store_pbd430a_r17_xd12_lanesblock_canon_nr0112.bin","storeLoaded":true,"storeSaved":false,"storeVerifyOk":240,"storeVerifyBad":0,"storeVerifyMs":47,"storeAppends":0,"storeJournalEntries":0,"failed":false,"worstLogitErr":-1,"logRing":17,"ringDim":131072,"slots":65536,"dpad":1024,"rep":64,"levelBudget":[3,3],"depth":41,"extraDepth":12,"matvecMargin":4,"schedule":"stock","pfEntry":"loop","shareBabies":false,"newtonDepth2":false,"poolLevels":2,"blockType":"sequential","pfBoots":0,"babyShared":0,"babyComputed":2688,"poolBuilds":2,"poolBuildMs":886,"canonicalCarry":true,"newtonRobustFrac":0.1,"newtonRobustIters":12,"carryPrescaleLog2":0,"carryPrescaleSkipped":0,"canonBoots":432,"canonMaxGap":38,"canonLevel":19,"interleave":false,"fidelity":{"logitCheckTokens":0,"top1Agree":-1,"relLogitErrRmsMean":-1,"relLogitErrRmsMax":-1,"worstLogitErrIsMaxClass":true},"quality":{"nativeTestPpl":null,"weightsSha256":null,"source":null},"harnessFile":"gpu_real_model_x.cu","harnessSha256":"2c5f26a4b758755c","harnessCommit":"73f57fcab936","harnessDirty":true,"buildUtc":"2026-09-19T13:32:57Z","cmdline":"/root/fhe-main-demo/build-demo/gpu_real_model_x --tag pbd430a --bundle-dir /root/src/ml-eval/artifacts --device 0 --log-ring 17 --secure --level-budget 3 3 --ms-norm 5.5 --enc-threads 24 --boot-floor 3 --matvec-margin 4 --extra-depth 12 --canonical-carry --periodic-encode --drop-wv 7 --drop-wkr 4 --drop-wout 7 --drop-win 4 --newton-robust 0.1 12 --pt-cache --pt-cache-verify --pt-cache-max-gb 28 --boot-record --boot-record-secret /root/demo/keys_pod_r17/secret.key --pack-tokens 1 --lanes-block --compressed-store --devices 0,1 --store-multi-gpu --store-file /root/demo/store_pbd430a_r17_xd12_lanesblock_canon_nr0112.bin --vram-trace --keys-dir /root/demo/keys_pod_r17 --keys-load --serve /root/demo/s37/serve_CTRL512/serve --serve-timeout 7200 --stateful"}
RC=1 WALL_S=1665
=== VERDICT ===
served lines: 8  reqMsPerToken: 203941 198499 198967 198832 198020 198142 197968 198336 
reqEncPtMs per tick (level-drift encodes): 0 0 0 0 0 0 0 0 
{"storeLoad":true,"path":"/root/demo/store_pbd430a_r17_xd12_lanesblock_canon_nr0112.bin","entries":688128,"dead":336,"dataBytes":68417617920,"ms":35972,"verifySamplesPerPrefix":2}
STORE GROWTH (host RAM, never evicted): storeBytes 68.42 GB after 8 ticks; +1.08 GB/tick vs the 60.85 GB single-token record -> 64-tick upper bound 129 GB (growth stops when every (diag,level) is seen; 2^15 reached 0 new encodes by tick 9)
server peakVramGB 74.7451 procPeakVramGB -1 harness 2c5f26a4b758755c
=== SERVER VRAM TRACE ===
  stage                             dev     usedGB     freeGB
  keysHost                            0   0.602478    94.3677
  keysHost                            1   0.584473    94.3857
  loadContext                         0     38.454    56.5162
  loadContext                         1     38.436    56.5342
  serve.req.0                         0     38.454    56.5162
  serve.req.0                         1     38.436    56.5342
  pass.0                              0     38.454    56.5162
  pass.0                              1     38.436    56.5342
  poolBuild.lvl37                     0    51.7372     43.233
  poolBuild.lvl37                     1    50.7192     44.251
  poolBuild.lvl34                     0    53.7451    41.2252
  poolBuild.lvl34                     1    53.7271    41.2432
  serve.done.0                        0    68.7451    26.2252
  serve.done.0                        1    67.7271    27.2432
  serve.req.1                         0    68.7451    26.2252
  serve.req.1                         1    67.7271    27.2432
  pass.0                              0    68.7451    26.2252
  pass.0                              1    67.7271    27.2432
  serve.done.1                        0    74.7451    20.2252
  serve.done.1                        1    73.7271    21.2432
  serve.req.2                         0    74.7451    20.2252
  serve.req.2                         1    73.7271    21.2432
  pass.0                              0    74.7451    20.2252
  pass.0                              1    73.7271    21.2432
  serve.done.2                        0    74.7451    20.2252
  serve.done.2                        1    73.7271    21.2432
  serve.req.3                         0    74.7451    20.2252
  serve.req.3                         1    73.7271    21.2432
  pass.0                              0    74.7451    20.2252
  pass.0                              1    73.7271    21.2432
  serve.done.3                        0    74.7451    20.2252
  serve.done.3                        1    73.7271    21.2432
  serve.req.4                         0    74.7451    20.2252
  serve.req.4                         1    73.7271    21.2432
  pass.0                              0    74.7451    20.2252
  pass.0                              1    73.7271    21.2432
  serve.done.4                        0    74.7451    20.2252
  serve.done.4                        1    73.7271    21.2432
  serve.req.5                         0    74.7451    20.2252
  serve.req.5                         1    73.7271    21.2432
  pass.0                              0    74.7451    20.2252
  pass.0                              1    73.7271    21.2432
  serve.done.5                        0    74.7451    20.2252
  serve.done.5                        1    73.7271    21.2432
  serve.req.6                         0    74.7451    20.2252
  serve.req.6                         1    73.7271    21.2432
  pass.0                              0    74.7451    20.2252
  pass.0                              1    73.7271    21.2432
  serve.done.6                        0    74.7451    20.2252
  serve.done.6                        1    73.7271    21.2432
  serve.req.7                         0    74.7451    20.2252
  serve.req.7                         1    73.7271    21.2432
  pass.0                              0    74.7451    20.2252
  pass.0                              1    73.7271    21.2432
  serve.done.7                        0    74.7451    20.2252
  serve.done.7                        1    73.7271    21.2432
  final                               0    74.7451    20.2252
  final                               1    73.7271    21.2432
  peak usedGB over the trace: 74.745
