timestamp, index, power.draw [W], utilization.gpu [%], temperature.gpu, clocks.current.sm [MHz], memory.used [MiB]
2026/09/19 23:33:37.430, 0, 59.94, 0, 53, 180, 58441
2026/09/19 23:33:37.437, 1, 31.30, 0, 54, 180, 58423
2026/09/19 23:33:38.443, 0, 59.94, 0, 53, 180, 58441
2026/09/19 23:33:38.443, 1, 31.30, 0, 53, 180, 58423
2026/09/19 23:33:39.443, 0, 41.70, 91, 52, 180, 39
2026/09/19 23:33:39.561, 1, 20.74, 0, 53, 180, 21
2026/09/19 23:33:40.563, 0, 121.73, 0, 54, 2850, 39
2026/09/19 23:33:40.564, 1, 73.84, 0, 54, 2857, 21
2026/09/19 23:33:41.564, 0, 116.53, 0, 53, 1987, 39
2026/09/19 23:33:41.564, 1, 109.52, 0, 54, 2865, 21
2026/09/19 23:33:42.564, 0, 75.30, 0, 52, 382, 39
2026/09/19 23:33:42.564, 1, 103.01, 0, 54, 2865, 21
2026/09/19 23:33:43.564, 0, 74.25, 0, 52, 382, 39
2026/09/19 23:33:43.564, 1, 57.06, 0, 53, 412, 21
2026/09/19 23:33:44.565, 0, 58.92, 0, 51, 180, 39
2026/09/19 23:33:44.565, 1, 56.76, 0, 53, 262, 21
2026/09/19 23:33:45.565, 0, 48.44, 0, 51, 180, 39
2026/09/19 23:33:45.565, 1, 52.16, 0, 52, 180, 21
2026/09/19 23:33:46.565, 0, 37.35, 0, 51, 180, 39
2026/09/19 23:33:46.565, 1, 36.24, 0, 52, 180, 21
2026/09/19 23:33:47.566, 0, 74.10, 0, 52, 2610, 1193
2026/09/19 23:33:47.566, 1, 25.81, 3, 53, 180, 1174
2026/09/19 23:33:48.566, 0, 101.46, 0, 52, 2610, 1193
2026/09/19 23:33:48.566, 1, 85.87, 0, 53, 2610, 1174
2026/09/19 23:33:49.566, 0, 99.80, 0, 52, 2610, 1193
2026/09/19 23:33:49.566, 1, 84.92, 0, 53, 2610, 1174
2026/09/19 23:33:50.570, 0, 100.53, 0, 51, 2610, 617
2026/09/19 23:33:50.570, 1, 85.88, 0, 53, 2610, 599
2026/09/19 23:33:51.570, 0, 100.63, 0, 51, 2610, 617
2026/09/19 23:33:51.570, 1, 85.77, 0, 53, 2610, 599
2026/09/19 23:33:52.570, 0, 99.55, 0, 51, 2610, 617
2026/09/19 23:33:52.570, 1, 84.32, 0, 52, 2610, 599
2026/09/19 23:33:53.570, 0, 99.46, 0, 51, 2610, 617
2026/09/19 23:33:53.570, 1, 83.91, 0, 52, 2610, 599
2026/09/19 23:33:54.570, 0, 99.32, 0, 51, 2610, 617
2026/09/19 23:33:54.571, 1, 83.75, 0, 52, 2610, 599
2026/09/19 23:33:55.571, 0, 99.24, 0, 51, 2610, 617
2026/09/19 23:33:55.571, 1, 83.46, 0, 52, 2610, 599
2026/09/19 23:33:56.571, 0, 99.19, 0, 51, 2610, 617
2026/09/19 23:33:56.571, 1, 83.41, 0, 52, 2610, 599
2026/09/19 23:33:57.571, 0, 99.23, 0, 51, 2610, 617
2026/09/19 23:33:57.571, 1, 83.50, 0, 52, 2610, 599
2026/09/19 23:33:58.571, 0, 99.16, 0, 51, 2610, 617
2026/09/19 23:33:58.571, 1, 83.44, 0, 52, 2610, 599
2026/09/19 23:33:59.572, 0, 99.11, 0, 51, 2610, 617
2026/09/19 23:33:59.572, 1, 83.24, 0, 52, 2610, 599
2026/09/19 23:34:00.572, 0, 99.13, 0, 51, 2610, 617
2026/09/19 23:34:00.572, 1, 83.36, 0, 52, 2610, 599
2026/09/19 23:34:01.572, 0, 99.93, 0, 51, 2610, 617
2026/09/19 23:34:01.572, 1, 83.07, 0, 52, 2610, 599
2026/09/19 23:34:02.572, 0, 99.08, 0, 51, 2610, 617
2026/09/19 23:34:02.573, 1, 83.19, 0, 52, 2610, 599
2026/09/19 23:34:03.573, 0, 99.09, 0, 51, 2610, 617
2026/09/19 23:34:03.573, 1, 83.39, 0, 52, 2610, 599
2026/09/19 23:34:04.573, 0, 99.01, 0, 50, 2610, 617
2026/09/19 23:34:04.573, 1, 83.27, 0, 52, 2610, 599
2026/09/19 23:34:05.573, 0, 90.34, 0, 50, 457, 617
2026/09/19 23:34:05.573, 1, 59.11, 0, 51, 390, 599
2026/09/19 23:34:06.573, 0, 69.57, 0, 49, 285, 617
2026/09/19 23:34:06.574, 1, 54.23, 0, 51, 240, 599
2026/09/19 23:34:07.574, 0, 60.39, 0, 49, 195, 617
2026/09/19 23:34:07.574, 1, 42.48, 0, 50, 180, 599
2026/09/19 23:34:08.574, 0, 48.77, 0, 49, 180, 617
2026/09/19 23:34:08.574, 1, 18.04, 0, 50, 180, 599
2026/09/19 23:34:09.574, 0, 36.82, 0, 49, 180, 627
2026/09/19 23:34:09.576, 1, 17.36, 0, 50, 180, 599
2026/09/19 23:34:10.576, 0, 75.93, 3, 50, 2617, 2513
2026/09/19 23:34:10.576, 1, 42.23, 0, 51, 180, 2495
2026/09/19 23:34:11.576, 0, 100.36, 3, 50, 2617, 4561
2026/09/19 23:34:11.576, 1, 84.74, 3, 51, 2617, 4543
2026/09/19 23:34:12.576, 0, 100.26, 3, 50, 2617, 5585
2026/09/19 23:34:12.576, 1, 85.17, 3, 51, 2617, 5567
2026/09/19 23:34:13.576, 0, 100.32, 4, 50, 2617, 7633
2026/09/19 23:34:13.577, 1, 85.12, 3, 51, 2617, 7615
2026/09/19 23:34:14.577, 0, 100.17, 3, 50, 2617, 9681
2026/09/19 23:34:14.577, 1, 85.12, 3, 51, 2617, 9663
2026/09/19 23:34:15.577, 0, 100.10, 3, 50, 2617, 10705
2026/09/19 23:34:15.577, 1, 84.83, 3, 51, 2617, 10687
2026/09/19 23:34:16.577, 0, 100.19, 3, 50, 2617, 12753
2026/09/19 23:34:16.577, 1, 84.95, 3, 51, 2617, 12735
2026/09/19 23:34:17.577, 0, 100.05, 3, 50, 2617, 13777
2026/09/19 23:34:17.578, 1, 84.69, 3, 51, 2617, 13759
2026/09/19 23:34:18.578, 0, 102.00, 4, 50, 2640, 16849
2026/09/19 23:34:18.578, 1, 85.78, 4, 51, 2640, 16831
2026/09/19 23:34:19.578, 0, 102.49, 4, 50, 2640, 18897
2026/09/19 23:34:19.578, 1, 87.42, 4, 51, 2640, 18879
2026/09/19 23:34:20.578, 0, 102.35, 4, 50, 2640, 20945
2026/09/19 23:34:20.578, 1, 86.96, 4, 51, 2640, 20927
2026/09/19 23:34:21.579, 0, 102.57, 5, 50, 2647, 22993
2026/09/19 23:34:21.579, 1, 86.91, 4, 51, 2640, 22975
2026/09/19 23:34:22.579, 0, 103.67, 5, 50, 2655, 26065
2026/09/19 23:34:22.579, 1, 88.11, 4, 51, 2655, 25023
2026/09/19 23:34:23.579, 0, 103.65, 3, 50, 2662, 28113
2026/09/19 23:34:23.579, 1, 87.91, 5, 51, 2655, 28095
2026/09/19 23:34:24.579, 0, 100.30, 3, 50, 2617, 29137
2026/09/19 23:34:24.579, 1, 85.24, 3, 50, 2617, 29119
2026/09/19 23:34:25.579, 0, 99.98, 3, 50, 2617, 31185
2026/09/19 23:34:25.580, 1, 84.05, 3, 50, 2617, 31167
2026/09/19 23:34:26.580, 0, 100.08, 3, 50, 2617, 33233
2026/09/19 23:34:26.580, 1, 84.40, 3, 50, 2617, 32191
2026/09/19 23:34:27.580, 0, 99.97, 3, 49, 2617, 34257
2026/09/19 23:34:27.580, 1, 84.43, 3, 50, 2617, 34239
2026/09/19 23:34:28.580, 0, 100.21, 3, 50, 2617, 36305
2026/09/19 23:34:28.580, 1, 84.12, 3, 50, 2617, 35263
2026/09/19 23:34:29.580, 0, 100.04, 3, 50, 2617, 37329
2026/09/19 23:34:29.581, 1, 84.36, 3, 50, 2617, 37311
2026/09/19 23:34:30.581, 0, 99.99, 3, 49, 2617, 39377
2026/09/19 23:34:30.581, 1, 84.38, 3, 50, 2617, 39359
2026/09/19 23:34:31.581, 0, 99.42, 0, 49, 2610, 39377
2026/09/19 23:34:31.581, 1, 83.41, 0, 50, 2610, 39359
2026/09/19 23:34:32.581, 0, 99.26, 0, 49, 2610, 39377
2026/09/19 23:34:32.581, 1, 82.54, 0, 50, 2610, 39359
2026/09/19 23:34:33.581, 0, 98.77, 0, 49, 2610, 39377
2026/09/19 23:34:33.582, 1, 81.52, 0, 50, 2610, 39359
2026/09/19 23:34:34.582, 0, 98.67, 0, 49, 2610, 39377
2026/09/19 23:34:34.582, 1, 81.40, 0, 50, 2610, 39359
2026/09/19 23:34:35.582, 0, 98.65, 0, 49, 2610, 39377
2026/09/19 23:34:35.582, 1, 81.61, 0, 50, 2610, 39359
2026/09/19 23:34:36.582, 0, 98.62, 0, 49, 2610, 39377
2026/09/19 23:34:36.582, 1, 81.68, 0, 50, 2610, 39359
2026/09/19 23:34:37.582, 0, 98.62, 0, 49, 2610, 39377
2026/09/19 23:34:37.583, 1, 81.95, 0, 50, 2610, 39359
2026/09/19 23:34:38.583, 0, 98.36, 0, 49, 2610, 39377
2026/09/19 23:34:38.583, 1, 81.82, 0, 50, 2610, 39359
2026/09/19 23:34:39.583, 0, 98.36, 0, 49, 2610, 39377
2026/09/19 23:34:39.583, 1, 82.06, 0, 50, 2610, 39359
2026/09/19 23:34:40.583, 0, 98.39, 0, 49, 2610, 39377
2026/09/19 23:34:40.583, 1, 82.28, 0, 50, 2610, 39359
2026/09/19 23:34:41.583, 0, 98.53, 0, 49, 2610, 39377
2026/09/19 23:34:41.584, 1, 82.07, 0, 50, 2610, 39359
2026/09/19 23:34:42.584, 0, 98.42, 0, 49, 2610, 39377
2026/09/19 23:34:42.584, 1, 81.71, 0, 50, 2610, 39359
2026/09/19 23:34:43.584, 0, 98.35, 0, 49, 2610, 39377
2026/09/19 23:34:43.584, 1, 81.71, 0, 50, 2610, 39359
2026/09/19 23:34:44.584, 0, 98.32, 0, 49, 2610, 39377
2026/09/19 23:34:44.584, 1, 81.68, 0, 50, 2610, 39359
2026/09/19 23:34:45.585, 0, 98.35, 0, 49, 2610, 39377
2026/09/19 23:34:45.585, 1, 81.81, 0, 50, 2610, 39359
2026/09/19 23:34:46.585, 0, 98.48, 0, 49, 2610, 39377
2026/09/19 23:34:46.585, 1, 81.82, 0, 50, 2610, 39359
2026/09/19 23:34:47.585, 0, 98.37, 0, 49, 2610, 39377
2026/09/19 23:34:47.585, 1, 81.81, 0, 50, 2610, 39359
2026/09/19 23:34:48.585, 0, 95.12, 0, 48, 502, 39377
2026/09/19 23:34:48.585, 1, 81.48, 0, 50, 2610, 39359
2026/09/19 23:34:49.585, 0, 68.78, 0, 48, 322, 39377
2026/09/19 23:34:49.586, 1, 61.03, 0, 49, 435, 39359
2026/09/19 23:34:50.586, 0, 68.10, 0, 48, 202, 39377
2026/09/19 23:34:50.586, 1, 53.38, 0, 49, 277, 39359
2026/09/19 23:34:51.586, 0, 39.53, 0, 47, 180, 39377
2026/09/19 23:34:51.586, 1, 43.95, 0, 48, 187, 39359
2026/09/19 23:34:52.586, 0, 38.71, 0, 47, 180, 39377
2026/09/19 23:34:52.586, 1, 16.14, 0, 48, 180, 39359
2026/09/19 23:34:53.586, 0, 36.68, 0, 47, 180, 39377
2026/09/19 23:34:53.587, 1, 17.56, 0, 48, 180, 39359
2026/09/19 23:34:54.587, 0, 34.07, 0, 47, 180, 39377
2026/09/19 23:34:54.587, 1, 15.75, 0, 48, 180, 39359
2026/09/19 23:34:55.587, 0, 34.02, 0, 47, 180, 39377
2026/09/19 23:34:55.587, 1, 16.60, 0, 48, 172, 39359
2026/09/19 23:34:56.587, 0, 33.96, 0, 47, 180, 39377
2026/09/19 23:34:56.587, 1, 16.64, 0, 47, 180, 39359
2026/09/19 23:34:57.587, 0, 34.81, 0, 47, 180, 39377
2026/09/19 23:34:57.587, 1, 17.64, 0, 47, 180, 39359
2026/09/19 23:34:58.587, 0, 34.92, 0, 46, 180, 39377
2026/09/19 23:34:58.588, 1, 17.52, 0, 47, 180, 39359
2026/09/19 23:34:59.588, 0, 34.14, 0, 46, 180, 39377
2026/09/19 23:34:59.588, 1, 16.64, 0, 47, 180, 39359
2026/09/19 23:35:00.588, 0, 35.60, 0, 46, 180, 39377
2026/09/19 23:35:00.588, 1, 15.84, 0, 47, 180, 39359
2026/09/19 23:35:01.588, 0, 37.48, 0, 46, 180, 39377
2026/09/19 23:35:01.588, 1, 15.83, 0, 47, 180, 39359
2026/09/19 23:35:02.588, 0, 35.36, 0, 46, 180, 39377
2026/09/19 23:35:02.589, 1, 15.83, 0, 47, 180, 39359
2026/09/19 23:35:03.589, 0, 35.27, 0, 46, 180, 39377
2026/09/19 23:35:03.589, 1, 19.09, 0, 47, 180, 39359
2026/09/19 23:35:04.589, 0, 33.91, 0, 46, 180, 39377
2026/09/19 23:35:04.589, 1, 15.78, 0, 47, 180, 39359
2026/09/19 23:35:05.589, 0, 34.40, 0, 46, 180, 39377
2026/09/19 23:35:05.589, 1, 15.89, 0, 47, 180, 39359
2026/09/19 23:35:06.590, 0, 35.02, 0, 46, 180, 39377
2026/09/19 23:35:06.590, 1, 17.40, 0, 47, 180, 39359
2026/09/19 23:35:07.590, 0, 34.38, 0, 46, 180, 39377
2026/09/19 23:35:07.590, 1, 16.59, 0, 46, 180, 39359
2026/09/19 23:35:08.590, 0, 39.39, 0, 46, 450, 39377
2026/09/19 23:35:08.590, 1, 17.46, 0, 46, 180, 39359
2026/09/19 23:35:09.590, 0, 98.38, 0, 47, 2617, 40401
2026/09/19 23:35:09.590, 1, 51.33, 1, 47, 2610, 39359
2026/09/19 23:35:10.590, 0, 98.12, 0, 47, 2617, 40401
2026/09/19 23:35:10.591, 1, 82.82, 1, 48, 2610, 39359
2026/09/19 23:35:11.591, 0, 98.40, 0, 47, 2617, 40401
2026/09/19 23:35:11.591, 1, 82.69, 1, 48, 2610, 40383
2026/09/19 23:35:12.591, 0, 98.23, 0, 47, 2617, 40401
2026/09/19 23:35:12.591, 1, 82.57, 1, 48, 2610, 40383
2026/09/19 23:35:13.591, 0, 98.51, 0, 47, 2617, 40401
2026/09/19 23:35:13.591, 1, 82.63, 0, 48, 2610, 40383
2026/09/19 23:35:14.591, 0, 98.37, 0, 47, 2617, 41425
2026/09/19 23:35:14.592, 1, 82.48, 1, 48, 2610, 40383
2026/09/19 23:35:15.592, 0, 98.21, 0, 47, 2617, 41425
2026/09/19 23:35:15.592, 1, 82.38, 0, 48, 2610, 41407
2026/09/19 23:35:16.592, 0, 99.85, 1, 47, 2625, 41567
2026/09/19 23:35:16.592, 1, 82.28, 2, 48, 2610, 41549
2026/09/19 23:35:17.592, 0, 101.88, 1, 47, 2632, 47851
2026/09/19 23:35:17.592, 1, 85.14, 1, 48, 2625, 47833
2026/09/19 23:35:18.592, 0, 274.66, 93, 53, 2737, 47851
2026/09/19 23:35:18.593, 1, 164.89, 61, 52, 2872, 47833
2026/09/19 23:35:19.593, 0, 286.74, 92, 54, 2790, 48875
2026/09/19 23:35:19.593, 1, 299.60, 40, 52, 2775, 47833
2026/09/19 23:35:20.593, 0, 300.20, 79, 54, 2797, 48875
2026/09/19 23:35:20.593, 1, 287.98, 93, 55, 2812, 47833
2026/09/19 23:35:21.593, 0, 313.69, 8, 51, 2737, 48875
2026/09/19 23:35:21.593, 1, 279.17, 99, 55, 2842, 48857
2026/09/19 23:35:22.594, 0, 298.10, 99, 55, 2752, 48875
2026/09/19 23:35:22.594, 1, 290.61, 0, 51, 2782, 48857
2026/09/19 23:35:23.594, 0, 291.78, 99, 55, 2820, 49899
2026/09/19 23:35:23.594, 1, 296.52, 99, 56, 2782, 48857
2026/09/19 23:35:24.594, 0, 301.89, 9, 51, 2767, 49899
2026/09/19 23:35:24.594, 1, 289.27, 91, 57, 2842, 48857
2026/09/19 23:35:25.594, 0, 332.58, 80, 56, 2730, 49899
2026/09/19 23:35:25.595, 1, 290.04, 73, 56, 2805, 49881
2026/09/19 23:35:26.595, 0, 302.48, 92, 56, 2767, 49899
2026/09/19 23:35:26.595, 1, 303.22, 13, 54, 2775, 49881
2026/09/19 23:35:27.595, 0, 291.00, 92, 56, 2812, 50923
2026/09/19 23:35:27.595, 1, 290.46, 99, 58, 2797, 49881
2026/09/19 23:35:28.595, 0, 315.81, 0, 53, 2745, 50923
2026/09/19 23:35:28.595, 1, 287.58, 99, 57, 2835, 49881
2026/09/19 23:35:29.596, 0, 321.50, 99, 57, 2745, 50923
2026/09/19 23:35:29.596, 1, 282.51, 9, 53, 2790, 49881
2026/09/19 23:35:30.596, 0, 301.28, 99, 57, 2805, 50923
2026/09/19 23:35:30.596, 1, 321.57, 80, 58, 2782, 50905
2026/09/19 23:35:31.596, 0, 293.45, 30, 54, 2767, 50923
2026/09/19 23:35:31.596, 1, 286.25, 91, 58, 2827, 50905
2026/09/19 23:35:32.596, 0, 188.38, 10, 52, 2842, 52971
2026/09/19 23:35:32.597, 1, 231.53, 7, 53, 2857, 51929
2026/09/19 23:35:33.597, 0, 235.52, 66, 54, 2850, 55027
2026/09/19 23:35:33.597, 1, 224.27, 1, 53, 2797, 53985
2026/09/19 23:35:34.597, 0, 191.11, 1, 52, 2850, 56059
2026/09/19 23:35:34.597, 1, 184.90, 30, 54, 2857, 55017
2026/09/19 23:35:35.597, 0, 292.56, 99, 58, 2737, 56059
2026/09/19 23:35:35.597, 1, 202.40, 92, 58, 2835, 55017
2026/09/19 23:35:36.597, 0, 312.98, 62, 56, 2805, 56059
2026/09/19 23:35:36.598, 1, 332.27, 60, 56, 2790, 56041
2026/09/19 23:35:37.598, 0, 270.70, 73, 56, 2805, 56059
2026/09/19 23:35:37.598, 1, 219.01, 54, 56, 2842, 56041
2026/09/19 23:35:38.598, 0, 285.71, 70, 57, 2812, 57083
2026/09/19 23:35:38.598, 1, 263.65, 3, 54, 2790, 56041
2026/09/19 23:35:39.598, 0, 309.66, 99, 58, 2790, 57083
2026/09/19 23:35:39.598, 1, 261.35, 51, 55, 2812, 57065
2026/09/19 23:35:40.599, 0, 307.77, 99, 59, 2752, 57083
2026/09/19 23:35:40.599, 1, 274.52, 69, 58, 2857, 57065
2026/09/19 23:35:41.599, 0, 292.55, 92, 58, 2745, 58107
2026/09/19 23:35:41.599, 1, 287.78, 99, 58, 2842, 57065
2026/09/19 23:35:42.599, 0, 349.69, 68, 57, 2752, 59131
2026/09/19 23:35:42.599, 1, 350.50, 44, 57, 2775, 58089
2026/09/19 23:35:43.599, 0, 287.81, 92, 59, 2790, 59131
2026/09/19 23:35:43.600, 1, 266.60, 67, 58, 2857, 58089
2026/09/19 23:35:44.600, 0, 357.93, 65, 58, 2752, 59131
2026/09/19 23:35:44.600, 1, 346.43, 92, 60, 2775, 58089
2026/09/19 23:35:45.600, 0, 272.46, 61, 58, 2805, 59131
2026/09/19 23:35:45.600, 1, 242.94, 67, 57, 2850, 58089
2026/09/19 23:35:46.600, 0, 298.47, 3, 55, 2752, 59131
2026/09/19 23:35:46.600, 1, 250.38, 98, 59, 2842, 58089
2026/09/19 23:35:47.600, 0, 261.13, 55, 56, 2812, 59131
2026/09/19 23:35:47.601, 1, 302.21, 99, 60, 2797, 58089
2026/09/19 23:35:48.601, 0, 286.64, 69, 58, 2820, 59131
2026/09/19 23:35:48.601, 1, 281.54, 14, 57, 2775, 59113
2026/09/19 23:35:49.601, 0, 297.36, 96, 59, 2805, 60155
2026/09/19 23:35:49.601, 1, 258.96, 16, 55, 2797, 59113
2026/09/19 23:35:50.601, 0, 364.83, 48, 58, 2730, 60155
2026/09/19 23:35:50.601, 1, 318.82, 99, 61, 2782, 59113
2026/09/19 23:35:51.602, 0, 290.51, 69, 59, 2820, 60155
2026/09/19 23:35:51.602, 1, 315.84, 33, 58, 2820, 59113
2026/09/19 23:35:52.602, 0, 364.02, 92, 61, 2737, 60155
2026/09/19 23:35:52.602, 1, 293.40, 99, 61, 2790, 59113
2026/09/19 23:35:53.602, 0, 303.42, 79, 59, 2797, 60155
2026/09/19 23:35:53.602, 1, 303.27, 89, 59, 2835, 59113
2026/09/19 23:35:54.602, 0, 313.29, 65, 60, 2730, 60155
2026/09/19 23:35:54.603, 1, 240.28, 86, 60, 2850, 59113
2026/09/19 23:35:55.603, 0, 275.74, 5, 56, 2760, 60155
2026/09/19 23:35:55.603, 1, 300.29, 92, 60, 2827, 59113
2026/09/19 23:35:56.603, 0, 294.12, 69, 59, 2820, 60155
2026/09/19 23:35:56.603, 1, 306.24, 64, 60, 2782, 59113
2026/09/19 23:35:57.603, 0, 302.52, 73, 60, 2805, 60155
2026/09/19 23:35:57.603, 1, 263.29, 3, 57, 2790, 59113
2026/09/19 23:35:58.603, 0, 368.67, 77, 62, 2730, 60155
2026/09/19 23:35:58.604, 1, 331.49, 92, 62, 2775, 59113
2026/09/19 23:35:59.604, 0, 298.75, 83, 60, 2820, 60155
2026/09/19 23:35:59.604, 1, 326.78, 67, 62, 2827, 59113
2026/09/19 23:36:00.604, 0, 367.70, 92, 62, 2737, 60155
2026/09/19 23:36:00.604, 1, 299.13, 99, 62, 2790, 60137
2026/09/19 23:36:01.604, 0, 288.33, 82, 59, 2805, 60155
2026/09/19 23:36:01.604, 1, 291.14, 67, 59, 2842, 60137
2026/09/19 23:36:02.604, 0, 303.21, 92, 61, 2767, 60155
2026/09/19 23:36:02.605, 1, 224.41, 79, 59, 2850, 60137
2026/09/19 23:36:03.605, 0, 313.20, 99, 61, 2730, 60155
2026/09/19 23:36:03.605, 1, 282.77, 76, 61, 2850, 60137
2026/09/19 23:36:04.605, 0, 286.51, 4, 57, 2752, 60155
2026/09/19 23:36:04.605, 1, 304.61, 92, 63, 2835, 60137
2026/09/19 23:36:05.605, 0, 287.67, 86, 59, 2820, 60155
2026/09/19 23:36:05.605, 1, 302.21, 99, 63, 2790, 60137
2026/09/19 23:36:06.605, 0, 355.71, 99, 62, 2730, 61179
2026/09/19 23:36:06.606, 1, 292.11, 92, 63, 2790, 60137
2026/09/19 23:36:07.606, 0, 318.07, 3, 57, 2752, 61179
2026/09/19 23:36:07.606, 1, 335.05, 70, 61, 2790, 60137
2026/09/19 23:36:08.606, 0, 322.87, 92, 63, 2737, 61179
2026/09/19 23:36:08.606, 1, 291.67, 99, 63, 2820, 60137
2026/09/19 23:36:09.606, 0, 335.12, 87, 61, 2797, 61179
2026/09/19 23:36:09.606, 1, 340.63, 82, 61, 2812, 60137
2026/09/19 23:36:10.607, 0, 336.79, 99, 62, 2737, 61179
2026/09/19 23:36:10.607, 1, 256.46, 73, 61, 2842, 60137
2026/09/19 23:36:11.607, 0, 282.57, 3, 57, 2752, 61179
2026/09/19 23:36:11.607, 1, 304.41, 92, 64, 2835, 60137
2026/09/19 23:36:12.607, 0, 288.16, 84, 59, 2820, 61179
2026/09/19 23:36:12.607, 1, 307.66, 99, 64, 2790, 60137
2026/09/19 23:36:13.607, 0, 297.49, 59, 60, 2812, 61179
2026/09/19 23:36:13.607, 1, 273.07, 3, 59, 2767, 60137
2026/09/19 23:36:14.608, 0, 370.32, 99, 62, 2737, 61179
2026/09/19 23:36:14.608, 1, 301.30, 92, 63, 2775, 60137
2026/09/19 23:36:15.608, 0, 288.51, 82, 59, 2812, 61179
2026/09/19 23:36:15.608, 1, 335.21, 99, 63, 2835, 60137
2026/09/19 23:36:16.608, 0, 355.29, 99, 63, 2730, 61179
2026/09/19 23:36:16.608, 1, 297.84, 92, 64, 2782, 60137
2026/09/19 23:36:17.608, 0, 308.49, 82, 60, 2805, 61179
2026/09/19 23:36:17.608, 1, 326.01, 87, 62, 2842, 60137
2026/09/19 23:36:18.608, 0, 303.38, 92, 61, 2767, 61179
2026/09/19 23:36:18.609, 1, 223.97, 79, 61, 2850, 60137
2026/09/19 23:36:19.609, 0, 320.11, 99, 62, 2730, 61179
2026/09/19 23:36:19.609, 1, 282.40, 72, 62, 2850, 61161
2026/09/19 23:36:20.609, 0, 290.74, 5, 58, 2752, 61179
2026/09/19 23:36:20.609, 1, 302.42, 99, 63, 2835, 61161
2026/09/19 23:36:21.609, 0, 280.64, 61, 58, 2805, 61179
2026/09/19 23:36:21.610, 1, 309.96, 99, 64, 2790, 61161
2026/09/19 23:36:22.610, 0, 361.29, 99, 62, 2737, 61179
2026/09/19 23:36:22.610, 1, 283.98, 92, 62, 2797, 61161
2026/09/19 23:36:23.610, 0, 329.32, 3, 58, 2752, 62203
2026/09/19 23:36:23.610, 1, 340.88, 78, 62, 2790, 61161
2026/09/19 23:36:24.610, 0, 314.58, 92, 62, 2730, 62203
2026/09/19 23:36:24.610, 1, 287.91, 99, 64, 2820, 61161
2026/09/19 23:36:25.610, 0, 322.20, 83, 60, 2805, 62203
2026/09/19 23:36:25.611, 1, 338.38, 88, 62, 2797, 61161
2026/09/19 23:36:26.611, 0, 281.36, 63, 60, 2805, 62203
2026/09/19 23:36:26.611, 1, 225.98, 79, 61, 2850, 61161
2026/09/19 23:36:27.611, 0, 312.63, 99, 62, 2790, 62203
2026/09/19 23:36:27.611, 1, 259.58, 45, 60, 2812, 61161
2026/09/19 23:36:28.611, 0, 320.65, 99, 62, 2752, 62203
2026/09/19 23:36:28.611, 1, 289.13, 69, 62, 2857, 61161
2026/09/19 23:36:29.611, 0, 305.75, 16, 59, 2737, 62203
2026/09/19 23:36:29.612, 1, 303.52, 99, 63, 2842, 61161
2026/09/19 23:36:30.612, 0, 305.14, 99, 62, 2730, 62203
2026/09/19 23:36:30.612, 1, 295.61, 92, 64, 2835, 61161
2026/09/19 23:36:31.612, 0, 349.21, 80, 63, 2790, 62203
2026/09/19 23:36:31.612, 1, 358.48, 99, 64, 2782, 61161
2026/09/19 23:36:32.612, 0, 299.51, 99, 62, 2767, 62203
2026/09/19 23:36:32.612, 1, 257.29, 65, 60, 2842, 61161
2026/09/19 23:36:33.612, 0, 351.26, 59, 60, 2797, 62203
2026/09/19 23:36:33.612, 1, 356.45, 99, 64, 2775, 61161
2026/09/19 23:36:34.613, 0, 280.49, 70, 61, 2805, 62203
2026/09/19 23:36:34.613, 1, 246.82, 54, 61, 2842, 61161
2026/09/19 23:36:35.613, 0, 290.66, 79, 59, 2820, 62203
2026/09/19 23:36:35.613, 1, 280.33, 99, 64, 2790, 61161
2026/09/19 23:36:36.613, 0, 303.95, 74, 60, 2812, 62203
2026/09/19 23:36:36.613, 1, 272.76, 6, 60, 2760, 61161
2026/09/19 23:36:37.613, 0, 319.51, 99, 62, 2782, 62203
2026/09/19 23:36:37.613, 1, 269.40, 61, 60, 2812, 62185
2026/09/19 23:36:38.614, 0, 301.83, 99, 62, 2790, 62203
2026/09/19 23:36:38.614, 1, 283.39, 67, 63, 2850, 62185
2026/09/19 23:36:39.614, 0, 372.54, 87, 63, 2752, 62203
2026/09/19 23:36:39.614, 1, 357.84, 99, 64, 2767, 62185
2026/09/19 23:36:40.614, 0, 282.58, 99, 62, 2805, 62203
2026/09/19 23:36:40.614, 1, 272.04, 27, 59, 2797, 62185
2026/09/19 23:36:41.614, 0, 375.04, 92, 61, 2737, 62203
2026/09/19 23:36:41.615, 1, 327.50, 99, 65, 2775, 62185
2026/09/19 23:36:42.615, 0, 286.45, 82, 61, 2805, 62203
2026/09/19 23:36:42.615, 1, 278.89, 74, 61, 2850, 62185
2026/09/19 23:36:43.615, 0, 324.03, 65, 61, 2730, 63227
2026/09/19 23:36:43.615, 1, 239.83, 86, 63, 2850, 62185
2026/09/19 23:36:44.615, 0, 272.18, 3, 58, 2775, 63227
2026/09/19 23:36:44.615, 1, 311.98, 92, 65, 2805, 62185
2026/09/19 23:36:45.616, 0, 283.06, 72, 61, 2820, 63227
2026/09/19 23:36:45.616, 1, 296.18, 78, 65, 2775, 62185
2026/09/19 23:36:46.616, 0, 301.67, 66, 59, 2812, 63227
2026/09/19 23:36:46.616, 1, 270.89, 3, 60, 2775, 62185
2026/09/19 23:36:47.616, 0, 381.49, 99, 63, 2722, 63227
2026/09/19 23:36:47.616, 1, 326.94, 91, 65, 2767, 62185
2026/09/19 23:36:48.616, 0, 288.89, 79, 61, 2820, 63227
2026/09/19 23:36:48.616, 1, 335.83, 99, 64, 2842, 62185
2026/09/19 23:36:49.617, 0, 358.61, 91, 63, 2730, 63227
2026/09/19 23:36:49.617, 1, 291.66, 92, 65, 2775, 62185
2026/09/19 23:36:50.618, 0, 310.58, 62, 61, 2805, 63227
2026/09/19 23:36:50.618, 1, 306.75, 80, 62, 2835, 62185
2026/09/19 23:36:51.618, 0, 300.50, 99, 63, 2797, 63227
2026/09/19 23:36:51.618, 1, 228.55, 66, 62, 2842, 62185
2026/09/19 23:36:52.618, 0, 320.75, 99, 63, 2752, 63227
2026/09/19 23:36:52.618, 1, 274.89, 67, 63, 2857, 62185
2026/09/19 23:36:53.619, 0, 299.79, 25, 60, 2722, 63227
2026/09/19 23:36:53.619, 1, 304.64, 99, 64, 2842, 62185
2026/09/19 23:36:54.619, 0, 273.27, 57, 59, 2797, 63227
2026/09/19 23:36:54.619, 1, 313.12, 99, 65, 2782, 62185
2026/09/19 23:36:55.619, 0, 348.15, 99, 64, 2737, 63227
2026/09/19 23:36:55.619, 1, 289.64, 91, 63, 2790, 62185
2026/09/19 23:36:56.619, 0, 331.80, 19, 60, 2752, 63227
2026/09/19 23:36:56.619, 1, 341.06, 65, 63, 2790, 63209
2026/09/19 23:36:57.620, 0, 312.84, 99, 63, 2722, 63227
2026/09/19 23:36:57.620, 1, 282.81, 92, 65, 2827, 63209
2026/09/19 23:36:58.620, 0, 334.43, 64, 62, 2797, 63227
2026/09/19 23:36:58.620, 1, 346.68, 64, 62, 2782, 63209
2026/09/19 23:36:59.620, 0, 286.23, 67, 62, 2805, 63227
2026/09/19 23:36:59.620, 1, 232.21, 56, 62, 2842, 63209
2026/09/19 23:37:00.620, 0, 309.79, 92, 63, 2805, 63227
2026/09/19 23:37:00.620, 1, 267.19, 3, 60, 2782, 63209
2026/09/19 23:37:01.620, 0, 314.05, 92, 63, 2760, 64251
2026/09/19 23:37:01.620, 1, 280.18, 83, 62, 2842, 63209
2026/09/19 23:37:02.621, 0, 323.95, 89, 64, 2715, 64251
2026/09/19 23:37:02.621, 1, 300.58, 80, 64, 2850, 63209
2026/09/19 23:37:03.621, 0, 307.60, 99, 63, 2737, 64251
2026/09/19 23:37:03.621, 1, 294.86, 99, 64, 2835, 63209
2026/09/19 23:37:04.621, 0, 350.40, 63, 62, 2752, 64251
2026/09/19 23:37:04.621, 1, 362.41, 66, 65, 2767, 63209
2026/09/19 23:37:05.621, 0, 302.56, 99, 63, 2790, 64251
2026/09/19 23:37:05.621, 1, 272.78, 70, 64, 2850, 63209
2026/09/19 23:37:06.622, 0, 360.57, 74, 61, 2775, 64251
2026/09/19 23:37:06.622, 1, 360.91, 99, 65, 2775, 63209
2026/09/19 23:37:07.622, 0, 281.92, 83, 61, 2805, 64251
2026/09/19 23:37:07.622, 1, 259.55, 63, 62, 2842, 63209
2026/09/19 23:37:08.622, 0, 296.02, 54, 60, 2797, 64251
2026/09/19 23:37:08.622, 1, 278.73, 99, 65, 2797, 63209
2026/09/19 23:37:09.622, 0, 297.80, 66, 62, 2812, 64251
2026/09/19 23:37:09.622, 1, 294.93, 14, 61, 2760, 63209
2026/09/19 23:37:10.623, 0, 320.82, 99, 63, 2790, 64251
2026/09/19 23:37:10.623, 1, 268.87, 42, 60, 2797, 63209
2026/09/19 23:37:11.623, 0, 308.04, 92, 63, 2790, 64251
2026/09/19 23:37:11.623, 1, 281.26, 68, 63, 2857, 63209
2026/09/19 23:37:12.623, 0, 375.24, 99, 63, 2745, 64251
2026/09/19 23:37:12.623, 1, 357.49, 92, 66, 2767, 63209
2026/09/19 23:37:13.623, 0, 280.32, 73, 62, 2805, 64251
2026/09/19 23:37:13.623, 1, 279.70, 3, 60, 2790, 63209
2026/09/19 23:37:14.624, 0, 373.88, 99, 64, 2722, 64251
2026/09/19 23:37:14.624, 1, 319.39, 92, 65, 2767, 63209
2026/09/19 23:37:15.624, 0, 293.32, 74, 62, 2805, 64251
2026/09/19 23:37:15.624, 1, 281.68, 79, 62, 2842, 63209
2026/09/19 23:37:16.624, 0, 327.76, 83, 64, 2722, 64251
2026/09/19 23:37:16.624, 1, 239.40, 76, 64, 2850, 64233
2026/09/19 23:37:17.624, 0, 277.49, 3, 59, 2745, 64251
2026/09/19 23:37:17.624, 1, 300.36, 92, 65, 2827, 64233
2026/09/19 23:37:18.625, 0, 286.30, 71, 60, 2812, 65275
2026/09/19 23:37:18.625, 1, 309.23, 99, 65, 2782, 64233
2026/09/19 23:37:19.625, 0, 298.70, 68, 61, 2812, 65275
2026/09/19 23:37:19.625, 1, 278.49, 5, 61, 2760, 64233
2026/09/19 23:37:20.625, 0, 373.72, 99, 64, 2722, 65275
2026/09/19 23:37:20.625, 1, 360.25, 91, 63, 2767, 64233
2026/09/19 23:37:21.625, 0, 289.72, 77, 60, 2812, 65275
2026/09/19 23:37:21.626, 1, 274.23, 74, 64, 2850, 64233
2026/09/19 23:37:22.626, 0, 357.62, 99, 64, 2722, 65275
2026/09/19 23:37:22.626, 1, 364.22, 92, 65, 2775, 64233
2026/09/19 23:37:23.626, 0, 317.47, 74, 62, 2805, 65275
2026/09/19 23:37:23.626, 1, 258.83, 57, 62, 2842, 64233
2026/09/19 23:37:24.626, 0, 307.86, 92, 64, 2775, 65275
2026/09/19 23:37:24.626, 1, 285.32, 99, 65, 2790, 64233
2026/09/19 23:37:25.626, 0, 323.93, 99, 64, 2730, 65275
2026/09/19 23:37:25.626, 1, 276.44, 5, 61, 2767, 64233
2026/09/19 23:37:26.626, 0, 294.97, 3, 59, 2737, 65275
2026/09/19 23:37:26.627, 1, 261.34, 68, 61, 2812, 64233
2026/09/19 23:37:27.627, 0, 289.05, 82, 61, 2812, 65275
2026/09/19 23:37:27.627, 1, 288.80, 69, 64, 2850, 64233
2026/09/19 23:37:28.627, 0, 358.60, 99, 64, 2722, 65275
2026/09/19 23:37:28.627, 1, 364.97, 99, 65, 2775, 64233
2026/09/19 23:37:29.627, 0, 322.63, 4, 60, 2745, 65275
2026/09/19 23:37:29.628, 1, 271.46, 67, 61, 2805, 64233
2026/09/19 23:37:30.628, 0, 335.51, 92, 62, 2722, 65275
2026/09/19 23:37:30.628, 1, 340.28, 99, 65, 2775, 64233
2026/09/19 23:37:31.628, 0, 330.75, 82, 62, 2805, 65275
2026/09/19 23:37:31.628, 1, 269.81, 57, 62, 2842, 64233
2026/09/19 23:37:32.628, 0, 287.02, 63, 62, 2805, 65275
2026/09/19 23:37:32.628, 1, 251.58, 99, 64, 2850, 64233
2026/09/19 23:37:33.628, 0, 313.58, 99, 64, 2790, 65275
2026/09/19 23:37:33.629, 1, 309.27, 99, 65, 2790, 64233
2026/09/19 23:37:34.629, 0, 323.58, 99, 64, 2745, 65275
2026/09/19 23:37:34.629, 1, 288.13, 30, 62, 2767, 65257
2026/09/19 23:37:35.629, 0, 298.12, 20, 60, 2722, 66299
2026/09/19 23:37:35.629, 1, 261.91, 11, 60, 2790, 65257
2026/09/19 23:37:36.629, 0, 311.21, 99, 64, 2722, 66299
2026/09/19 23:37:36.629, 1, 325.95, 99, 65, 2775, 65257
2026/09/19 23:37:37.630, 0, 360.14, 99, 64, 2790, 66299
2026/09/19 23:37:37.630, 1, 323.18, 20, 61, 2805, 65257
2026/09/19 23:37:38.630, 0, 307.69, 92, 63, 2745, 66299
2026/09/19 23:37:38.630, 1, 295.77, 99, 65, 2782, 65257
2026/09/19 23:37:39.630, 0, 353.30, 87, 62, 2797, 66299
2026/09/19 23:37:39.630, 1, 309.70, 81, 63, 2835, 65257
2026/09/19 23:37:40.630, 0, 309.31, 71, 63, 2797, 66299
2026/09/19 23:37:40.630, 1, 279.51, 99, 64, 2835, 65257
2026/09/19 23:37:41.630, 0, 316.64, 97, 64, 2782, 66299
2026/09/19 23:37:41.631, 1, 311.30, 99, 65, 2782, 65257
2026/09/19 23:37:42.631, 0, 317.59, 99, 64, 2737, 66299
2026/09/19 23:37:42.631, 1, 279.25, 5, 61, 2760, 65257
2026/09/19 23:37:43.631, 0, 298.55, 5, 60, 2730, 66299
2026/09/19 23:37:43.631, 1, 268.43, 34, 60, 2797, 65257
2026/09/19 23:37:44.631, 0, 327.32, 99, 64, 2722, 66299
2026/09/19 23:37:44.632, 1, 331.75, 99, 65, 2775, 65257
2026/09/19 23:37:45.632, 0, 353.96, 95, 64, 2797, 66299
2026/09/19 23:37:45.632, 1, 316.99, 46, 62, 2827, 65257
2026/09/19 23:37:46.632, 0, 302.98, 92, 64, 2745, 66299
2026/09/19 23:37:46.632, 1, 304.87, 100, 65, 2775, 65257
2026/09/19 23:37:47.632, 0, 352.35, 65, 62, 2797, 66299
2026/09/19 23:37:47.632, 1, 307.98, 53, 62, 2835, 65257
2026/09/19 23:37:48.632, 0, 285.26, 62, 63, 2805, 66299
2026/09/19 23:37:48.632, 1, 230.22, 66, 62, 2850, 65257
2026/09/19 23:37:49.632, 0, 295.49, 71, 62, 2820, 66299
2026/09/19 23:37:49.633, 1, 291.35, 84, 65, 2850, 65257
2026/09/19 23:37:50.633, 0, 311.67, 86, 64, 2805, 66299
2026/09/19 23:37:50.633, 1, 304.15, 92, 65, 2827, 65257
2026/09/19 23:37:51.633, 0, 319.00, 92, 64, 2760, 66299
2026/09/19 23:37:51.633, 1, 313.11, 99, 65, 2782, 65257
2026/09/19 23:37:52.633, 0, 300.96, 99, 63, 2782, 66299
2026/09/19 23:37:52.634, 1, 288.80, 92, 65, 2775, 65257
2026/09/19 23:37:53.634, 0, 364.85, 77, 62, 2745, 67323
2026/09/19 23:37:53.634, 1, 334.49, 56, 62, 2782, 66281
2026/09/19 23:37:54.634, 0, 289.09, 100, 64, 2805, 67323
2026/09/19 23:37:54.634, 1, 288.82, 99, 65, 2820, 66281
2026/09/19 23:37:55.634, 0, 376.08, 92, 63, 2730, 67323
2026/09/19 23:37:55.634, 1, 342.31, 80, 63, 2782, 66281
2026/09/19 23:37:56.634, 0, 285.17, 75, 62, 2805, 67323
2026/09/19 23:37:56.635, 1, 227.58, 79, 62, 2850, 66281
2026/09/19 23:37:57.635, 0, 315.57, 12, 59, 2722, 67323
2026/09/19 23:37:57.635, 1, 263.99, 9, 60, 2790, 66281
2026/09/19 23:37:58.635, 0, 277.28, 14, 62, 2767, 67323
2026/09/19 23:37:58.635, 1, 291.42, 68, 63, 2850, 66281
2026/09/19 23:37:59.635, 0, 289.66, 72, 63, 2820, 67323
2026/09/19 23:37:59.635, 1, 305.39, 99, 65, 2842, 66281
2026/09/19 23:38:00.636, 0, 308.06, 99, 63, 2805, 67323
2026/09/19 23:38:00.636, 1, 296.77, 92, 66, 2827, 66281
2026/09/19 23:38:01.636, 0, 371.08, 44, 64, 2722, 67323
2026/09/19 23:38:01.636, 1, 363.13, 99, 65, 2790, 66281
2026/09/19 23:38:02.636, 0, 301.35, 69, 63, 2812, 67323
2026/09/19 23:38:02.654, 1, 287.28, 99, 64, 2835, 66281
2026/09/19 23:38:03.654, 0, 385.22, 99, 63, 2730, 67323
2026/09/19 23:38:03.654, 1, 359.06, 87, 64, 2767, 66281
2026/09/19 23:38:04.654, 0, 297.40, 60, 62, 2805, 67323
2026/09/19 23:38:04.654, 1, 228.19, 79, 62, 2850, 66281
2026/09/19 23:38:05.654, 0, 319.78, 99, 65, 2745, 67323
2026/09/19 23:38:05.654, 1, 281.98, 27, 62, 2760, 66281
2026/09/19 23:38:06.655, 0, 302.63, 5, 59, 2737, 67323
2026/09/19 23:38:06.655, 1, 263.94, 34, 60, 2805, 66281
2026/09/19 23:38:07.655, 0, 283.17, 79, 63, 2812, 67323
2026/09/19 23:38:07.655, 1, 293.18, 86, 64, 2850, 66281
2026/09/19 23:38:08.655, 0, 313.04, 75, 63, 2805, 67323
2026/09/19 23:38:08.655, 1, 298.26, 92, 64, 2835, 66281
2026/09/19 23:38:09.656, 0, 372.22, 76, 64, 2722, 67323
2026/09/19 23:38:09.656, 1, 363.18, 99, 65, 2775, 66281
2026/09/19 23:38:10.656, 0, 304.46, 90, 63, 2820, 68347
2026/09/19 23:38:10.656, 1, 291.65, 99, 64, 2842, 66281
2026/09/19 23:38:11.656, 0, 373.81, 99, 65, 2730, 68347
2026/09/19 23:38:11.656, 1, 364.14, 92, 64, 2767, 66281
2026/09/19 23:38:12.656, 0, 301.81, 82, 62, 2805, 68347
2026/09/19 23:38:12.656, 1, 235.90, 69, 62, 2842, 66281
2026/09/19 23:38:13.657, 0, 312.28, 92, 64, 2760, 68347
2026/09/19 23:38:13.657, 1, 289.14, 93, 65, 2782, 67305
2026/09/19 23:38:14.657, 0, 321.60, 92, 60, 2715, 68347
2026/09/19 23:38:14.657, 1, 266.56, 4, 60, 2775, 67305
2026/09/19 23:38:15.657, 0, 276.96, 3, 60, 2745, 68347
2026/09/19 23:38:15.657, 1, 278.02, 80, 62, 2820, 67305
2026/09/19 23:38:16.657, 0, 275.85, 86, 63, 2820, 68347
2026/09/19 23:38:16.658, 1, 289.80, 66, 63, 2850, 67305
2026/09/19 23:38:17.658, 0, 357.99, 99, 64, 2722, 68347
2026/09/19 23:38:17.658, 1, 364.89, 99, 65, 2775, 67305
2026/09/19 23:38:18.658, 0, 325.81, 4, 60, 2745, 68347
2026/09/19 23:38:18.658, 1, 287.67, 86, 62, 2820, 67305
2026/09/19 23:38:19.658, 0, 348.30, 92, 64, 2730, 68347
2026/09/19 23:38:19.658, 1, 350.36, 92, 64, 2767, 67305
2026/09/19 23:38:20.658, 0, 338.51, 91, 62, 2797, 68347
2026/09/19 23:38:20.659, 1, 284.93, 56, 62, 2835, 67305
2026/09/19 23:38:21.659, 0, 304.98, 92, 65, 2775, 68347
2026/09/19 23:38:21.659, 1, 282.40, 99, 65, 2790, 67305
2026/09/19 23:38:22.659, 0, 316.25, 99, 62, 2730, 68347
2026/09/19 23:38:22.659, 1, 277.37, 5, 61, 2760, 67305
2026/09/19 23:38:23.659, 0, 288.92, 5, 60, 2730, 68347
2026/09/19 23:38:23.659, 1, 269.90, 39, 60, 2797, 67305
2026/09/19 23:38:24.659, 0, 281.47, 46, 62, 2790, 68347
2026/09/19 23:38:24.660, 1, 282.45, 69, 63, 2850, 67305
2026/09/19 23:38:25.660, 0, 345.98, 99, 64, 2730, 68347
2026/09/19 23:38:25.660, 1, 359.60, 92, 65, 2767, 67305
2026/09/19 23:38:26.660, 0, 336.89, 33, 60, 2752, 68347
2026/09/19 23:38:26.660, 1, 277.82, 9, 60, 2790, 67305
2026/09/19 23:38:27.660, 0, 318.34, 99, 64, 2722, 68347
2026/09/19 23:38:27.660, 1, 323.34, 99, 65, 2767, 67305
2026/09/19 23:38:28.660, 0, 336.90, 67, 63, 2797, 68347
2026/09/19 23:38:28.661, 1, 287.92, 80, 62, 2842, 67305
2026/09/19 23:38:29.661, 0, 286.57, 72, 63, 2805, 68347
2026/09/19 23:38:29.661, 1, 240.57, 77, 65, 2850, 67305
2026/09/19 23:38:30.661, 0, 308.00, 82, 64, 2812, 69371
2026/09/19 23:38:30.661, 1, 304.07, 92, 65, 2827, 67305
2026/09/19 23:38:31.661, 0, 319.61, 92, 65, 2767, 69371
2026/09/19 23:38:31.661, 1, 305.41, 99, 65, 2782, 68329
2026/09/19 23:38:32.662, 0, 323.55, 99, 62, 2722, 69371
2026/09/19 23:38:32.662, 1, 276.39, 6, 61, 2767, 68329
2026/09/19 23:38:33.662, 0, 308.67, 92, 65, 2730, 69371
2026/09/19 23:38:33.662, 1, 298.88, 98, 66, 2775, 68329
2026/09/19 23:38:34.662, 0, 360.99, 80, 65, 2745, 69371
2026/09/19 23:38:34.662, 1, 341.16, 99, 65, 2820, 68329
2026/09/19 23:38:35.662, 0, 304.79, 99, 65, 2782, 69371
2026/09/19 23:38:35.663, 1, 290.37, 92, 65, 2782, 68329
2026/09/19 23:38:36.663, 0, 363.04, 81, 63, 2767, 69371
2026/09/19 23:38:36.663, 1, 320.23, 62, 62, 2835, 68329
2026/09/19 23:38:37.663, 0, 289.08, 76, 63, 2805, 69371
2026/09/19 23:38:37.663, 1, 230.27, 56, 62, 2842, 68329
2026/09/19 23:38:38.663, 0, 296.54, 3, 61, 2760, 69371
2026/09/19 23:38:38.663, 1, 271.84, 71, 62, 2850, 68329
2026/09/19 23:38:39.663, 0, 285.42, 73, 64, 2820, 69371
2026/09/19 23:38:39.664, 1, 300.28, 84, 64, 2850, 68329
2026/09/19 23:38:40.664, 0, 314.04, 86, 65, 2805, 69371
2026/09/19 23:38:40.664, 1, 303.31, 92, 65, 2820, 68329
2026/09/19 23:38:41.664, 0, 309.98, 99, 64, 2797, 69371
2026/09/19 23:38:41.664, 1, 291.04, 99, 64, 2812, 68329
2026/09/19 23:38:42.664, 0, 376.52, 89, 65, 2737, 69371
2026/09/19 23:38:42.664, 1, 353.98, 77, 63, 2790, 68329
2026/09/19 23:38:43.665, 0, 291.43, 72, 64, 2812, 69371
2026/09/19 23:38:43.665, 1, 274.75, 99, 64, 2835, 68329
2026/09/19 23:38:44.665, 0, 375.85, 99, 63, 2715, 69371
2026/09/19 23:38:44.665, 1, 355.36, 62, 63, 2767, 68329
2026/09/19 23:38:45.665, 0, 289.11, 63, 62, 2805, 69371
2026/09/19 23:38:45.665, 1, 231.41, 70, 62, 2842, 68329
2026/09/19 23:38:46.665, 0, 327.15, 99, 62, 2722, 69371
2026/09/19 23:38:46.665, 1, 279.54, 5, 61, 2767, 68329
2026/09/19 23:38:47.666, 0, 288.43, 3, 60, 2737, 70395
2026/09/19 23:38:47.666, 1, 271.39, 60, 61, 2805, 68329
2026/09/19 23:38:48.666, 0, 287.02, 72, 63, 2805, 70395
2026/09/19 23:38:48.666, 1, 287.59, 65, 63, 2850, 68329
2026/09/19 23:38:49.666, 0, 311.80, 72, 64, 2812, 70395
2026/09/19 23:38:49.666, 1, 308.22, 99, 65, 2835, 68329
2026/09/19 23:38:50.666, 0, 390.89, 92, 65, 2715, 70395
2026/09/19 23:38:50.667, 1, 381.87, 99, 65, 2775, 69353
2026/09/19 23:38:51.667, 0, 395.45, 92, 65, 2707, 70395
2026/09/19 23:38:51.667, 1, 381.71, 97, 65, 2775, 69353
2026/09/19 23:38:52.667, 0, 396.10, 92, 65, 2715, 70395
2026/09/19 23:38:52.667, 1, 380.79, 92, 65, 2775, 69353
2026/09/19 23:38:53.667, 0, 396.39, 92, 65, 2715, 70395
2026/09/19 23:38:53.667, 1, 384.57, 92, 66, 2767, 69353
2026/09/19 23:38:54.667, 0, 395.19, 92, 65, 2715, 70395
2026/09/19 23:38:54.668, 1, 383.87, 92, 65, 2767, 69353
2026/09/19 23:38:55.668, 0, 396.29, 92, 65, 2722, 70395
2026/09/19 23:38:55.668, 1, 383.78, 92, 66, 2767, 69353
2026/09/19 23:38:56.668, 0, 396.82, 99, 65, 2722, 70395
2026/09/19 23:38:56.668, 1, 384.25, 92, 66, 2760, 69353
2026/09/19 23:38:57.668, 0, 397.57, 99, 65, 2730, 70395
2026/09/19 23:38:57.668, 1, 383.54, 92, 66, 2760, 69353
2026/09/19 23:38:58.668, 0, 396.01, 99, 65, 2730, 70395
2026/09/19 23:38:58.669, 1, 384.93, 92, 67, 2760, 69353
2026/09/19 23:38:59.669, 0, 380.08, 92, 66, 2730, 70395
2026/09/19 23:38:59.669, 1, 364.92, 92, 67, 2767, 69353
2026/09/19 23:39:00.670, 0, 276.23, 0, 60, 2835, 70395
2026/09/19 23:39:00.670, 1, 227.90, 0, 60, 2865, 69353
2026/09/19 23:39:01.670, 0, 168.26, 0, 59, 2835, 70395
2026/09/19 23:39:01.671, 1, 146.25, 0, 59, 2865, 69353
2026/09/19 23:39:02.671, 0, 119.54, 0, 58, 2610, 70971
2026/09/19 23:39:02.671, 1, 108.11, 0, 58, 2610, 69928
2026/09/19 23:39:03.671, 0, 107.29, 0, 57, 2610, 70971
2026/09/19 23:39:03.671, 1, 94.89, 0, 58, 2610, 69928
2026/09/19 23:39:04.671, 0, 104.34, 0, 57, 2610, 70971
2026/09/19 23:39:04.671, 1, 92.91, 0, 57, 2610, 69928
2026/09/19 23:39:05.671, 0, 104.25, 0, 57, 2610, 70971
2026/09/19 23:39:05.672, 1, 92.33, 0, 56, 2610, 69928
2026/09/19 23:39:06.672, 0, 105.78, 0, 56, 2610, 70971
2026/09/19 23:39:06.672, 1, 93.20, 0, 56, 2610, 69928
2026/09/19 23:39:07.672, 0, 105.83, 0, 56, 2610, 70971
2026/09/19 23:39:07.672, 1, 93.05, 0, 56, 2610, 69928
2026/09/19 23:39:08.672, 0, 103.76, 0, 56, 2610, 70971
2026/09/19 23:39:08.673, 1, 90.77, 0, 56, 2610, 69928
2026/09/19 23:39:09.673, 0, 187.66, 99, 63, 2737, 70395
2026/09/19 23:39:09.673, 1, 182.96, 78, 60, 2775, 69353
2026/09/19 23:39:10.673, 0, 325.78, 92, 62, 2797, 70395
2026/09/19 23:39:10.673, 1, 316.27, 99, 63, 2820, 69353
2026/09/19 23:39:11.673, 0, 366.53, 62, 61, 2745, 70395
2026/09/19 23:39:11.673, 1, 329.57, 71, 60, 2820, 69353
2026/09/19 23:39:12.674, 0, 280.34, 64, 61, 2805, 70395
2026/09/19 23:39:12.674, 1, 227.35, 79, 60, 2850, 69353
2026/09/19 23:39:13.674, 0, 325.50, 81, 62, 2745, 70395
2026/09/19 23:39:13.674, 1, 301.01, 76, 62, 2805, 69353
2026/09/19 23:39:14.674, 0, 356.15, 92, 63, 2760, 70395
2026/09/19 23:39:14.674, 1, 355.67, 99, 63, 2782, 69353
2026/09/19 23:39:15.674, 0, 352.46, 68, 62, 2737, 70395
2026/09/19 23:39:15.674, 1, 327.08, 93, 63, 2820, 69353
2026/09/19 23:39:16.674, 0, 371.58, 92, 64, 2730, 70395
2026/09/19 23:39:16.675, 1, 366.40, 92, 63, 2767, 69353
2026/09/19 23:39:17.675, 0, 339.61, 73, 63, 2767, 70395
2026/09/19 23:39:17.675, 1, 318.04, 99, 63, 2835, 69353
2026/09/19 23:39:18.675, 0, 381.44, 99, 63, 2730, 70395
2026/09/19 23:39:18.675, 1, 357.38, 76, 62, 2767, 69353
2026/09/19 23:39:19.675, 0, 296.86, 63, 62, 2805, 70395
2026/09/19 23:39:19.675, 1, 227.64, 77, 61, 2850, 69353
2026/09/19 23:39:20.675, 0, 314.38, 99, 63, 2745, 70395
2026/09/19 23:39:20.676, 1, 287.44, 78, 62, 2767, 69353
2026/09/19 23:39:21.676, 0, 344.59, 69, 64, 2767, 70395
2026/09/19 23:39:21.676, 1, 336.35, 99, 64, 2835, 69353
2026/09/19 23:39:22.676, 0, 368.58, 99, 62, 2722, 70395
2026/09/19 23:39:22.676, 1, 340.12, 85, 62, 2767, 69353
2026/09/19 23:39:23.676, 0, 358.36, 92, 64, 2730, 70395
2026/09/19 23:39:23.676, 1, 347.22, 92, 64, 2767, 69353
2026/09/19 23:39:24.676, 0, 359.65, 79, 62, 2760, 70395
2026/09/19 23:39:24.677, 1, 326.14, 68, 63, 2790, 69353
2026/09/19 23:39:25.677, 0, 364.68, 99, 64, 2730, 70395
2026/09/19 23:39:25.677, 1, 358.90, 92, 65, 2767, 69353
2026/09/19 23:39:26.677, 0, 317.40, 71, 63, 2805, 70395
2026/09/19 23:39:26.677, 1, 258.65, 80, 61, 2850, 69353
2026/09/19 23:39:27.677, 0, 293.58, 86, 64, 2805, 70395
2026/09/19 23:39:27.677, 1, 261.97, 92, 63, 2835, 69353
2026/09/19 23:39:28.677, 0, 363.40, 79, 63, 2715, 70395
2026/09/19 23:39:28.677, 1, 339.78, 70, 63, 2782, 69353
2026/09/19 23:39:29.677, 0, 352.42, 99, 65, 2790, 70395
2026/09/19 23:39:29.678, 1, 353.92, 99, 65, 2790, 69353
2026/09/19 23:39:30.678, 0, 363.07, 92, 65, 2730, 71419
2026/09/19 23:39:30.678, 1, 343.99, 92, 65, 2767, 69353
2026/09/19 23:39:31.678, 0, 364.25, 70, 65, 2767, 71419
2026/09/19 23:39:31.678, 1, 345.40, 99, 64, 2842, 69353
2026/09/19 23:39:32.678, 0, 363.26, 99, 64, 2722, 71419
2026/09/19 23:39:32.678, 1, 347.40, 92, 65, 2767, 69353
2026/09/19 23:39:33.679, 0, 339.67, 73, 63, 2790, 71419
2026/09/19 23:39:33.679, 1, 287.10, 79, 62, 2842, 69353
2026/09/19 23:39:34.679, 0, 289.74, 79, 63, 2805, 71419
2026/09/19 23:39:34.679, 1, 239.39, 72, 62, 2850, 69353
2026/09/19 23:39:35.679, 0, 355.73, 92, 65, 2745, 71419
2026/09/19 23:39:35.679, 1, 352.90, 96, 65, 2775, 69353
2026/09/19 23:39:36.679, 0, 355.81, 71, 65, 2737, 71419
2026/09/19 23:39:36.679, 1, 335.86, 99, 65, 2820, 70377
2026/09/19 23:39:37.679, 0, 362.36, 99, 64, 2775, 71419
2026/09/19 23:39:37.679, 1, 351.99, 92, 64, 2790, 70377
2026/09/19 23:39:38.680, 0, 381.47, 77, 63, 2715, 71419
2026/09/19 23:39:38.680, 1, 345.05, 56, 62, 2782, 70377
2026/09/19 23:39:39.680, 0, 342.83, 99, 64, 2760, 71419
2026/09/19 23:39:39.680, 1, 345.70, 99, 65, 2775, 70377
2026/09/19 23:39:40.680, 0, 358.50, 76, 63, 2782, 71419
2026/09/19 23:39:40.680, 1, 307.58, 80, 62, 2842, 70377
2026/09/19 23:39:41.680, 0, 289.83, 81, 63, 2805, 71419
2026/09/19 23:39:41.680, 1, 231.83, 76, 62, 2850, 70377
2026/09/19 23:39:42.681, 0, 336.49, 80, 65, 2775, 71419
2026/09/19 23:39:42.681, 1, 334.95, 93, 65, 2827, 70377
2026/09/19 23:39:43.681, 0, 371.20, 96, 63, 2707, 71419
2026/09/19 23:39:43.681, 1, 341.15, 77, 64, 2767, 70377
2026/09/19 23:39:44.681, 0, 350.19, 98, 64, 2797, 71419
2026/09/19 23:39:44.681, 1, 346.29, 92, 64, 2820, 70377
2026/09/19 23:39:45.681, 0, 389.70, 92, 65, 2715, 71419
2026/09/19 23:39:45.681, 1, 375.66, 87, 65, 2775, 70377
2026/09/19 23:39:46.682, 0, 342.57, 99, 65, 2790, 71419
2026/09/19 23:39:46.682, 1, 319.11, 99, 65, 2812, 70377
2026/09/19 23:39:47.682, 0, 378.28, 70, 63, 2730, 71419
2026/09/19 23:39:47.682, 1, 336.47, 80, 62, 2797, 70377
2026/09/19 23:39:48.682, 0, 288.02, 76, 63, 2805, 71419
2026/09/19 23:39:48.682, 1, 231.70, 77, 62, 2850, 70377
2026/09/19 23:39:49.682, 0, 323.69, 77, 63, 2722, 71419
2026/09/19 23:39:49.682, 1, 302.59, 68, 64, 2782, 70377
2026/09/19 23:39:50.682, 0, 361.76, 99, 65, 2782, 71419
2026/09/19 23:39:50.683, 1, 354.34, 99, 65, 2782, 70377
2026/09/19 23:39:51.683, 0, 357.55, 81, 64, 2730, 71419
2026/09/19 23:39:51.683, 1, 329.14, 76, 64, 2797, 70377
2026/09/19 23:39:52.683, 0, 367.88, 92, 65, 2715, 71419
2026/09/19 23:39:52.683, 1, 364.80, 99, 65, 2775, 70377
2026/09/19 23:39:53.683, 0, 347.74, 68, 63, 2737, 71419
2026/09/19 23:39:53.683, 1, 322.10, 93, 64, 2820, 70377
2026/09/19 23:39:54.684, 0, 375.92, 92, 65, 2730, 71419
2026/09/19 23:39:54.684, 1, 367.50, 99, 65, 2767, 70377
2026/09/19 23:39:55.684, 0, 306.78, 83, 63, 2805, 71419
2026/09/19 23:39:55.684, 1, 241.94, 73, 62, 2842, 70377
2026/09/19 23:39:56.684, 0, 318.24, 92, 64, 2745, 71419
2026/09/19 23:39:56.684, 1, 290.31, 80, 66, 2775, 70377
2026/09/19 23:39:57.684, 0, 355.18, 68, 65, 2752, 72443
2026/09/19 23:39:57.684, 1, 338.89, 99, 65, 2827, 70377
2026/09/19 23:39:58.685, 0, 372.19, 99, 65, 2737, 72443
2026/09/19 23:39:58.685, 1, 346.53, 78, 63, 2760, 70377
2026/09/19 23:39:59.685, 0, 360.30, 92, 65, 2715, 72443
2026/09/19 23:39:59.685, 1, 348.36, 99, 65, 2775, 70377
2026/09/19 23:40:00.685, 0, 365.21, 99, 62, 2782, 72443
2026/09/19 23:40:00.685, 1, 326.11, 80, 64, 2790, 70377
2026/09/19 23:40:01.685, 0, 363.05, 92, 64, 2730, 72443
2026/09/19 23:40:01.685, 1, 352.95, 92, 65, 2767, 70377
2026/09/19 23:40:02.686, 0, 319.21, 82, 63, 2805, 72443
2026/09/19 23:40:02.686, 1, 267.73, 62, 62, 2842, 70377
2026/09/19 23:40:03.686, 0, 290.90, 70, 64, 2805, 72443
2026/09/19 23:40:03.686, 1, 256.52, 99, 64, 2842, 70377
2026/09/19 23:40:04.686, 0, 368.60, 99, 62, 2715, 72443
2026/09/19 23:40:04.686, 1, 346.27, 80, 64, 2767, 71401
2026/09/19 23:40:05.686, 0, 353.83, 94, 64, 2790, 72443
2026/09/19 23:40:05.686, 1, 352.79, 92, 64, 2812, 71401
2026/09/19 23:40:06.686, 0, 360.07, 92, 64, 2737, 72443
2026/09/19 23:40:06.687, 1, 350.30, 99, 65, 2775, 71401
2026/09/19 23:40:07.687, 0, 368.30, 61, 63, 2737, 72443
2026/09/19 23:40:07.687, 1, 341.55, 99, 65, 2820, 71401
2026/09/19 23:40:08.687, 0, 351.90, 92, 65, 2730, 72443
2026/09/19 23:40:08.687, 1, 348.76, 92, 66, 2767, 71401
2026/09/19 23:40:09.687, 0, 345.18, 81, 63, 2790, 72443
2026/09/19 23:40:09.687, 1, 292.90, 56, 63, 2842, 71401
2026/09/19 23:40:10.687, 0, 286.24, 67, 62, 2805, 72443
2026/09/19 23:40:10.688, 1, 230.65, 58, 62, 2842, 71401
2026/09/19 23:40:11.688, 0, 351.64, 99, 64, 2790, 72443
2026/09/19 23:40:11.688, 1, 342.05, 99, 65, 2782, 71401
2026/09/19 23:40:12.688, 0, 357.01, 84, 63, 2730, 72443
2026/09/19 23:40:12.688, 1, 335.77, 72, 64, 2790, 71401
2026/09/19 23:40:13.688, 0, 348.74, 92, 64, 2782, 72443
2026/09/19 23:40:13.688, 1, 349.10, 99, 65, 2812, 71401
2026/09/19 23:40:14.689, 0, 388.43, 99, 62, 2722, 72443
2026/09/19 23:40:14.689, 1, 359.28, 78, 63, 2767, 71401
2026/09/19 23:40:15.689, 0, 340.73, 92, 65, 2775, 72443
2026/09/19 23:40:15.689, 1, 331.44, 92, 66, 2790, 71401
2026/09/19 23:40:16.689, 0, 363.78, 75, 63, 2760, 72443
2026/09/19 23:40:16.689, 1, 322.99, 55, 63, 2827, 71401
2026/09/19 23:40:17.689, 0, 287.00, 63, 62, 2805, 72443
2026/09/19 23:40:17.689, 1, 232.23, 55, 62, 2850, 71401
2026/09/19 23:40:18.689, 0, 332.50, 71, 62, 2737, 72443
2026/09/19 23:40:18.689, 1, 322.62, 98, 65, 2812, 71401
2026/09/19 23:40:19.690, 0, 368.02, 99, 64, 2745, 72443
2026/09/19 23:40:19.690, 1, 350.20, 78, 64, 2760, 71401
2026/09/19 23:40:20.690, 0, 352.98, 72, 64, 2767, 72443
2026/09/19 23:40:20.690, 1, 335.00, 99, 65, 2827, 71401
2026/09/19 23:40:21.690, 0, 384.03, 99, 63, 2730, 72443
2026/09/19 23:40:21.690, 1, 372.55, 97, 66, 2767, 71401
2026/09/19 23:40:22.690, 0, 345.18, 90, 64, 2797, 72443
2026/09/19 23:40:22.690, 1, 312.69, 92, 65, 2827, 71401
2026/09/19 23:40:23.691, 0, 383.36, 99, 63, 2715, 72443
2026/09/19 23:40:23.691, 1, 354.00, 57, 63, 2775, 71401
2026/09/19 23:40:24.691, 0, 297.77, 68, 62, 2805, 72443
2026/09/19 23:40:24.691, 1, 234.61, 57, 62, 2835, 71401
2026/09/19 23:40:25.691, 0, 333.27, 97, 62, 2715, 72443
2026/09/19 23:40:25.691, 1, 298.59, 74, 63, 2767, 71401
2026/09/19 23:40:26.691, 0, 354.34, 99, 64, 2797, 73467
2026/09/19 23:40:26.691, 1, 351.63, 92, 66, 2797, 72425
2026/09/19 23:40:27.691, 0, 359.87, 78, 63, 2722, 73467
2026/09/19 23:40:27.691, 1, 344.15, 69, 65, 2782, 72425
2026/09/19 23:40:28.691, 0, 363.11, 99, 64, 2715, 73467
2026/09/19 23:40:28.692, 1, 367.97, 99, 66, 2775, 72425
2026/09/19 23:40:29.692, 0, 349.36, 78, 63, 2737, 73467
2026/09/19 23:40:29.692, 1, 318.95, 78, 64, 2797, 72425
2026/09/19 23:40:30.692, 0, 368.16, 92, 64, 2715, 73467
2026/09/19 23:40:30.692, 1, 366.81, 99, 66, 2775, 72425
2026/09/19 23:40:31.692, 0, 314.10, 77, 63, 2805, 73467
2026/09/19 23:40:31.692, 1, 250.97, 57, 63, 2835, 72425
2026/09/19 23:40:32.692, 0, 315.21, 92, 64, 2760, 73467
2026/09/19 23:40:32.692, 1, 286.04, 99, 65, 2782, 72425
2026/09/19 23:40:33.692, 0, 356.86, 70, 64, 2730, 73467
2026/09/19 23:40:33.692, 1, 339.11, 91, 66, 2812, 72425
2026/09/19 23:40:34.692, 0, 371.19, 99, 64, 2737, 73467
2026/09/19 23:40:34.693, 1, 355.41, 79, 64, 2760, 72425
2026/09/19 23:40:35.693, 0, 358.91, 92, 64, 2715, 73467
2026/09/19 23:40:35.693, 1, 350.84, 99, 66, 2775, 72425
2026/09/19 23:40:36.693, 0, 367.47, 99, 62, 2790, 73467
2026/09/19 23:40:36.693, 1, 330.17, 85, 64, 2790, 72425
2026/09/19 23:40:37.693, 0, 362.53, 92, 65, 2730, 73467
2026/09/19 23:40:37.693, 1, 359.76, 92, 66, 2767, 72425
2026/09/19 23:40:38.693, 0, 320.62, 78, 62, 2805, 73467
2026/09/19 23:40:38.693, 1, 269.77, 55, 63, 2835, 72425
2026/09/19 23:40:39.694, 0, 287.89, 60, 64, 2805, 73467
2026/09/19 23:40:39.694, 1, 252.76, 99, 65, 2850, 72425
2026/09/19 23:40:40.694, 0, 373.90, 99, 62, 2722, 73467
2026/09/19 23:40:40.694, 1, 345.38, 82, 64, 2760, 72425
2026/09/19 23:40:41.694, 0, 353.35, 88, 64, 2797, 73467
2026/09/19 23:40:41.694, 1, 351.51, 92, 66, 2812, 72425
2026/09/19 23:40:42.694, 0, 361.22, 92, 64, 2745, 73467
2026/09/19 23:40:42.695, 1, 353.16, 99, 66, 2775, 72425
2026/09/19 23:40:43.695, 0, 370.80, 60, 63, 2737, 73467
2026/09/19 23:40:43.695, 1, 343.60, 91, 65, 2812, 72425
2026/09/19 23:40:44.695, 0, 357.76, 92, 64, 2730, 73467
2026/09/19 23:40:44.695, 1, 350.34, 95, 65, 2775, 72425
2026/09/19 23:40:45.695, 0, 349.10, 75, 62, 2797, 73467
2026/09/19 23:40:45.695, 1, 301.03, 56, 63, 2827, 72425
2026/09/19 23:40:46.695, 0, 287.80, 63, 62, 2805, 73467
2026/09/19 23:40:46.695, 1, 231.65, 57, 62, 2850, 72425
2026/09/19 23:40:47.695, 0, 344.65, 99, 64, 2797, 73467
2026/09/19 23:40:47.696, 1, 349.45, 92, 66, 2797, 72425
2026/09/19 23:40:48.696, 0, 357.69, 75, 63, 2722, 73467
2026/09/19 23:40:48.696, 1, 341.82, 67, 65, 2782, 72425
2026/09/19 23:40:49.696, 0, 344.64, 99, 65, 2797, 74491
2026/09/19 23:40:49.696, 1, 346.96, 99, 66, 2812, 72425
2026/09/19 23:40:50.696, 0, 388.02, 99, 64, 2730, 74491
2026/09/19 23:40:50.696, 1, 364.08, 75, 64, 2760, 72425
2026/09/19 23:40:51.697, 0, 336.49, 92, 64, 2782, 74491
2026/09/19 23:40:51.697, 1, 321.74, 99, 66, 2805, 72425
2026/09/19 23:40:52.697, 0, 370.09, 64, 62, 2737, 74491
2026/09/19 23:40:52.697, 1, 327.50, 60, 63, 2820, 72425
2026/09/19 23:40:53.697, 0, 289.02, 64, 62, 2805, 74491
2026/09/19 23:40:53.697, 1, 235.33, 66, 63, 2850, 72425
2026/09/19 23:40:54.697, 0, 330.11, 70, 63, 2737, 74491
2026/09/19 23:40:54.697, 1, 317.04, 86, 65, 2805, 72425
2026/09/19 23:40:55.697, 0, 367.53, 92, 64, 2745, 74491
2026/09/19 23:40:55.698, 1, 355.14, 79, 66, 2767, 73449
2026/09/19 23:40:56.698, 0, 354.52, 68, 63, 2752, 74491
2026/09/19 23:40:56.698, 1, 335.42, 99, 65, 2820, 73449
2026/09/19 23:40:57.698, 0, 378.18, 99, 65, 2730, 74491
2026/09/19 23:40:57.698, 1, 376.10, 92, 66, 2767, 73449
2026/09/19 23:40:58.698, 0, 344.51, 83, 64, 2782, 74491
2026/09/19 23:40:58.698, 1, 323.89, 99, 65, 2827, 73449
2026/09/19 23:40:59.699, 0, 382.61, 99, 63, 2715, 74491
2026/09/19 23:40:59.699, 1, 355.62, 58, 64, 2775, 73449
2026/09/19 23:41:00.699, 0, 290.92, 65, 62, 2805, 74491
2026/09/19 23:41:00.699, 1, 235.46, 59, 63, 2835, 73449
2026/09/19 23:41:01.699, 0, 328.12, 99, 62, 2715, 74491
2026/09/19 23:41:01.699, 1, 291.27, 80, 64, 2767, 73449
2026/09/19 23:41:02.699, 0, 349.53, 92, 64, 2797, 74491
2026/09/19 23:41:02.700, 1, 353.62, 92, 65, 2812, 73449
2026/09/19 23:41:03.700, 0, 363.14, 79, 63, 2715, 74491
2026/09/19 23:41:03.700, 1, 344.16, 68, 65, 2775, 73449
2026/09/19 23:41:04.700, 0, 369.33, 99, 64, 2722, 74491
2026/09/19 23:41:04.700, 1, 366.61, 92, 66, 2767, 73449
2026/09/19 23:41:05.700, 0, 355.19, 79, 63, 2737, 74491
2026/09/19 23:41:05.700, 1, 325.27, 73, 65, 2782, 73449
2026/09/19 23:41:06.700, 0, 374.51, 97, 65, 2722, 74491
2026/09/19 23:41:06.700, 1, 365.41, 99, 66, 2775, 73449
2026/09/19 23:41:07.701, 0, 308.28, 61, 62, 2805, 74491
2026/09/19 23:41:07.701, 1, 240.63, 67, 63, 2835, 73449
2026/09/19 23:41:08.701, 0, 303.87, 99, 63, 2797, 74491
2026/09/19 23:41:08.701, 1, 278.15, 99, 65, 2797, 73449
2026/09/19 23:41:09.701, 0, 360.56, 76, 63, 2722, 74491
2026/09/19 23:41:09.701, 1, 341.07, 69, 65, 2782, 73449
2026/09/19 23:41:10.701, 0, 355.18, 92, 64, 2767, 74491
2026/09/19 23:41:10.701, 1, 357.83, 99, 66, 2782, 73449
2026/09/19 23:41:11.702, 0, 363.21, 99, 64, 2730, 74491
2026/09/19 23:41:11.702, 1, 348.83, 92, 67, 2767, 73449
2026/09/19 23:41:12.702, 0, 366.90, 89, 64, 2797, 74491
2026/09/19 23:41:12.702, 1, 340.44, 79, 66, 2820, 73449
2026/09/19 23:41:13.702, 0, 360.84, 96, 64, 2722, 74491
2026/09/19 23:41:13.702, 1, 351.80, 99, 66, 2775, 73449
2026/09/19 23:41:14.702, 0, 329.74, 63, 62, 2805, 74491
2026/09/19 23:41:14.702, 1, 271.06, 70, 63, 2835, 73449
2026/09/19 23:41:15.702, 0, 287.03, 62, 62, 2797, 74491
2026/09/19 23:41:15.702, 1, 245.79, 92, 65, 2842, 73449
2026/09/19 23:41:16.703, 0, 365.48, 99, 64, 2737, 74491
2026/09/19 23:41:16.703, 1, 351.24, 79, 66, 2767, 73449
2026/09/19 23:41:17.703, 0, 351.11, 66, 64, 2767, 75515
2026/09/19 23:41:17.703, 1, 340.81, 99, 66, 2827, 73449
2026/09/19 23:41:18.703, 0, 360.49, 99, 64, 2782, 75515
2026/09/19 23:41:18.703, 1, 348.90, 92, 66, 2775, 73449
2026/09/19 23:41:19.703, 0, 375.46, 71, 63, 2722, 75515
2026/09/19 23:41:19.703, 1, 343.51, 58, 63, 2782, 73449
2026/09/19 23:41:20.704, 0, 349.67, 99, 64, 2745, 75515
2026/09/19 23:41:20.704, 1, 349.94, 99, 66, 2775, 73449
2026/09/19 23:41:21.704, 0, 354.26, 65, 62, 2790, 75515
2026/09/19 23:41:21.704, 1, 303.07, 74, 63, 2835, 73449
2026/09/19 23:41:22.704, 0, 290.05, 66, 62, 2797, 75515
2026/09/19 23:41:22.704, 1, 234.75, 79, 63, 2835, 73449
2026/09/19 23:41:23.704, 0, 342.33, 99, 64, 2797, 75515
2026/09/19 23:41:23.704, 1, 345.24, 92, 66, 2805, 74473
2026/09/19 23:41:24.705, 0, 361.98, 79, 63, 2715, 75515
2026/09/19 23:41:24.705, 1, 343.52, 65, 65, 2775, 74473
2026/09/19 23:41:25.705, 0, 351.75, 99, 64, 2790, 75515
2026/09/19 23:41:25.705, 1, 348.64, 99, 66, 2812, 74473
2026/09/19 23:41:26.705, 0, 385.95, 99, 64, 2730, 75515
2026/09/19 23:41:26.705, 1, 369.56, 77, 64, 2760, 74473
2026/09/19 23:41:27.705, 0, 331.99, 92, 65, 2797, 75515
2026/09/19 23:41:27.705, 1, 317.64, 99, 66, 2812, 74473
2026/09/19 23:41:28.706, 0, 371.45, 62, 63, 2730, 75515
2026/09/19 23:41:28.706, 1, 331.09, 78, 63, 2805, 74473
2026/09/19 23:41:29.706, 0, 284.61, 74, 63, 2805, 75515
2026/09/19 23:41:29.706, 1, 231.17, 78, 63, 2850, 74473
2026/09/19 23:41:30.706, 0, 322.35, 75, 63, 2722, 75515
2026/09/19 23:41:30.706, 1, 304.40, 67, 65, 2775, 74473
2026/09/19 23:41:31.706, 0, 362.97, 95, 65, 2775, 75515
2026/09/19 23:41:31.707, 1, 355.10, 99, 66, 2782, 74473
2026/09/19 23:41:32.707, 0, 357.94, 78, 64, 2730, 75515
2026/09/19 23:41:32.707, 1, 337.57, 83, 64, 2797, 74473
2026/09/19 23:41:33.707, 0, 377.75, 92, 65, 2715, 75515
2026/09/19 23:41:33.707, 1, 367.67, 99, 66, 2775, 74473
2026/09/19 23:41:34.707, 0, 351.06, 71, 64, 2745, 75515
2026/09/19 23:41:34.707, 1, 317.84, 99, 65, 2820, 74473
2026/09/19 23:41:35.707, 0, 381.42, 99, 64, 2730, 75515
2026/09/19 23:41:35.708, 1, 365.66, 93, 65, 2767, 74473
2026/09/19 23:41:36.708, 0, 304.83, 82, 63, 2805, 75515
2026/09/19 23:41:36.708, 1, 231.20, 73, 63, 2835, 74473
2026/09/19 23:41:37.708, 0, 316.59, 92, 65, 2745, 75515
2026/09/19 23:41:37.708, 1, 286.64, 79, 66, 2767, 74473
2026/09/19 23:41:38.708, 0, 349.47, 71, 65, 2752, 75515
2026/09/19 23:41:38.708, 1, 341.90, 99, 66, 2820, 74473
2026/09/19 23:41:39.708, 0, 369.36, 99, 65, 2730, 75515
2026/09/19 23:41:39.709, 1, 345.19, 71, 64, 2760, 74473
2026/09/19 23:41:40.709, 0, 362.18, 92, 65, 2722, 75515
2026/09/19 23:41:40.709, 1, 348.74, 99, 66, 2775, 74473
2026/09/19 23:41:41.709, 0, 364.35, 79, 63, 2767, 75515
2026/09/19 23:41:41.709, 1, 330.08, 68, 65, 2782, 74473
2026/09/19 23:41:42.709, 0, 362.68, 99, 65, 2730, 75515
2026/09/19 23:41:42.709, 1, 363.72, 91, 66, 2767, 74473
2026/09/19 23:41:43.710, 0, 312.82, 81, 63, 2797, 75515
2026/09/19 23:41:43.710, 1, 263.05, 64, 63, 2835, 74473
2026/09/19 23:41:44.710, 0, 292.31, 72, 64, 2805, 75515
2026/09/19 23:41:44.710, 1, 260.84, 99, 65, 2835, 74473
2026/09/19 23:41:45.710, 0, 367.24, 99, 63, 2715, 76539
2026/09/19 23:41:45.710, 1, 344.20, 79, 64, 2767, 74473
2026/09/19 23:41:46.710, 0, 350.04, 89, 65, 2797, 76539
2026/09/19 23:41:46.710, 1, 344.56, 92, 67, 2812, 75497
2026/09/19 23:41:47.711, 0, 359.67, 91, 65, 2737, 76539
2026/09/19 23:41:47.711, 1, 348.37, 99, 66, 2775, 75497
2026/09/19 23:41:48.711, 0, 369.79, 61, 63, 2737, 76539
2026/09/19 23:41:48.711, 1, 342.42, 89, 65, 2812, 75497
2026/09/19 23:41:49.711, 0, 354.80, 91, 65, 2730, 76539
2026/09/19 23:41:49.711, 1, 348.42, 99, 66, 2775, 75497
2026/09/19 23:41:50.711, 0, 349.75, 70, 62, 2790, 76539
2026/09/19 23:41:50.711, 1, 294.05, 55, 63, 2835, 75497
2026/09/19 23:41:51.712, 0, 287.22, 60, 62, 2805, 76539
2026/09/19 23:41:51.712, 1, 231.61, 68, 63, 2850, 75497
2026/09/19 23:41:52.712, 0, 344.49, 99, 64, 2797, 76539
2026/09/19 23:41:52.712, 1, 345.49, 92, 67, 2805, 75497
2026/09/19 23:41:53.712, 0, 365.69, 78, 63, 2715, 76539
2026/09/19 23:41:53.712, 1, 341.45, 65, 65, 2775, 75497
2026/09/19 23:41:54.712, 0, 345.14, 99, 64, 2805, 76539
2026/09/19 23:41:54.712, 1, 345.51, 92, 66, 2812, 75497
2026/09/19 23:41:55.713, 0, 388.57, 92, 65, 2722, 76539
2026/09/19 23:41:55.713, 1, 369.51, 77, 66, 2767, 75497
2026/09/19 23:41:56.713, 0, 338.93, 99, 65, 2797, 76539
2026/09/19 23:41:56.713, 1, 318.23, 99, 66, 2812, 75497
2026/09/19 23:41:57.713, 0, 373.62, 64, 63, 2730, 76539
2026/09/19 23:41:57.713, 1, 333.83, 79, 64, 2797, 75497
2026/09/19 23:41:58.713, 0, 283.71, 82, 63, 2805, 76539
2026/09/19 23:41:58.713, 1, 230.48, 69, 63, 2842, 75497
2026/09/19 23:41:59.714, 0, 325.18, 78, 63, 2715, 76539
2026/09/19 23:41:59.714, 1, 294.15, 68, 65, 2775, 75497
2026/09/19 23:42:00.714, 0, 351.07, 99, 65, 2790, 76539
2026/09/19 23:42:00.714, 1, 353.85, 99, 66, 2782, 75497
2026/09/19 23:42:01.714, 0, 357.26, 75, 63, 2730, 76539
2026/09/19 23:42:01.714, 1, 332.47, 62, 65, 2782, 75497
2026/09/19 23:42:02.714, 0, 372.80, 92, 64, 2715, 76539
2026/09/19 23:42:02.715, 1, 382.33, 92, 66, 2775, 75497
2026/09/19 23:42:03.715, 0, 394.82, 92, 65, 2715, 76539
2026/09/19 23:42:03.715, 1, 382.86, 92, 67, 2767, 75497
2026/09/19 23:42:04.715, 0, 396.51, 92, 65, 2715, 76539
2026/09/19 23:42:04.715, 1, 384.15, 92, 67, 2767, 75497
2026/09/19 23:42:05.715, 0, 395.60, 92, 65, 2722, 76539
2026/09/19 23:42:05.715, 1, 384.91, 92, 67, 2767, 75497
2026/09/19 23:42:06.715, 0, 395.92, 97, 65, 2722, 76539
2026/09/19 23:42:06.716, 1, 384.49, 92, 65, 2760, 75497
2026/09/19 23:42:07.716, 0, 395.79, 99, 65, 2730, 76539
2026/09/19 23:42:07.716, 1, 383.92, 92, 68, 2760, 75497
2026/09/19 23:42:08.716, 0, 397.47, 99, 66, 2730, 76539
2026/09/19 23:42:08.716, 1, 384.96, 92, 67, 2760, 75497
2026/09/19 23:42:09.716, 0, 395.57, 99, 65, 2730, 76539
2026/09/19 23:42:09.716, 1, 384.07, 92, 68, 2760, 75497
2026/09/19 23:42:10.716, 0, 396.92, 99, 65, 2730, 76539
2026/09/19 23:42:10.717, 1, 385.41, 92, 67, 2760, 75497
2026/09/19 23:42:11.717, 0, 384.69, 99, 65, 2767, 76539
2026/09/19 23:42:11.717, 1, 373.10, 92, 67, 2782, 75497
2026/09/19 23:42:12.717, 0, 296.75, 0, 59, 2797, 76539
2026/09/19 23:42:12.717, 1, 278.96, 0, 61, 2865, 75497
2026/09/19 23:42:13.717, 0, 131.43, 0, 58, 2835, 77115
2026/09/19 23:42:13.717, 1, 120.29, 0, 60, 2865, 76072
2026/09/19 23:42:14.717, 0, 130.29, 0, 58, 2835, 77115
2026/09/19 23:42:14.718, 1, 120.14, 0, 60, 2865, 76072
2026/09/19 23:42:15.718, 0, 111.85, 0, 57, 2610, 77115
2026/09/19 23:42:15.718, 1, 94.75, 0, 59, 2610, 76072
2026/09/19 23:42:16.718, 0, 109.25, 0, 57, 2610, 77115
2026/09/19 23:42:16.718, 1, 94.31, 0, 58, 2610, 76072
2026/09/19 23:42:17.718, 0, 107.86, 0, 56, 2625, 77115
2026/09/19 23:42:17.718, 1, 94.94, 0, 58, 2625, 76072
2026/09/19 23:42:18.718, 0, 107.28, 0, 56, 2610, 77115
2026/09/19 23:42:18.719, 1, 95.17, 0, 57, 2610, 76072
2026/09/19 23:42:19.719, 0, 105.77, 0, 55, 2610, 77115
2026/09/19 23:42:19.719, 1, 92.95, 0, 57, 2610, 76072
2026/09/19 23:42:20.719, 0, 176.67, 99, 62, 2692, 76539
2026/09/19 23:42:20.719, 1, 174.61, 99, 63, 2767, 75497
2026/09/19 23:42:21.719, 0, 332.81, 86, 61, 2797, 76539
2026/09/19 23:42:21.719, 1, 312.95, 92, 63, 2835, 75497
2026/09/19 23:42:22.719, 0, 373.59, 99, 61, 2730, 76539
2026/09/19 23:42:22.720, 1, 351.25, 53, 62, 2775, 75497
2026/09/19 23:42:23.720, 0, 279.51, 61, 60, 2805, 76539
2026/09/19 23:42:23.720, 1, 226.70, 67, 61, 2850, 75497
2026/09/19 23:42:24.720, 0, 323.93, 99, 62, 2745, 76539
2026/09/19 23:42:24.720, 1, 287.62, 78, 62, 2767, 75497
2026/09/19 23:42:25.720, 0, 347.70, 70, 63, 2782, 76539
2026/09/19 23:42:25.720, 1, 336.91, 99, 64, 2827, 75497
2026/09/19 23:42:26.720, 0, 360.65, 99, 61, 2737, 76539
2026/09/19 23:42:26.720, 1, 342.61, 86, 62, 2767, 75497
2026/09/19 23:42:27.720, 0, 369.08, 92, 63, 2737, 76539
2026/09/19 23:42:27.721, 1, 349.86, 91, 65, 2767, 75497
2026/09/19 23:42:28.721, 0, 350.77, 79, 61, 2760, 76539
2026/09/19 23:42:28.721, 1, 328.97, 66, 64, 2782, 75497
2026/09/19 23:42:29.721, 0, 372.33, 99, 63, 2730, 76539
2026/09/19 23:42:29.721, 1, 363.74, 92, 65, 2767, 75497
2026/09/19 23:42:30.721, 0, 307.57, 79, 61, 2805, 76539
2026/09/19 23:42:30.721, 1, 259.21, 76, 61, 2850, 75497
2026/09/19 23:42:31.721, 0, 298.84, 77, 63, 2805, 76539
2026/09/19 23:42:31.721, 1, 258.16, 92, 64, 2842, 75497
2026/09/19 23:42:32.721, 0, 358.09, 91, 61, 2722, 76539
2026/09/19 23:42:32.721, 1, 341.18, 76, 64, 2775, 75497
2026/09/19 23:42:33.722, 0, 361.84, 99, 64, 2805, 76539
2026/09/19 23:42:33.722, 1, 349.08, 92, 65, 2805, 75497
2026/09/19 23:42:34.722, 0, 361.35, 92, 63, 2745, 76539
2026/09/19 23:42:34.722, 1, 344.26, 99, 65, 2775, 75497
2026/09/19 23:42:35.722, 0, 362.53, 61, 63, 2745, 76539
2026/09/19 23:42:35.722, 1, 343.93, 99, 64, 2827, 75497
2026/09/19 23:42:36.722, 0, 358.41, 92, 63, 2737, 76539
2026/09/19 23:42:36.722, 1, 349.14, 91, 65, 2767, 75497
2026/09/19 23:42:37.722, 0, 327.95, 79, 62, 2805, 76539
2026/09/19 23:42:37.723, 1, 290.32, 55, 62, 2842, 75497
2026/09/19 23:42:38.723, 0, 283.86, 62, 61, 2805, 76539
2026/09/19 23:42:38.723, 1, 230.48, 56, 62, 2850, 75497
2026/09/19 23:42:39.723, 0, 357.48, 99, 63, 2797, 76539
2026/09/19 23:42:39.723, 1, 336.72, 92, 65, 2797, 75497
2026/09/19 23:42:40.723, 0, 354.73, 74, 63, 2722, 76539
2026/09/19 23:42:40.723, 1, 336.27, 67, 64, 2782, 75497
2026/09/19 23:42:41.723, 0, 356.65, 99, 63, 2797, 76539
2026/09/19 23:42:41.723, 1, 347.94, 99, 65, 2812, 75497
2026/09/19 23:42:42.724, 0, 381.39, 99, 64, 2730, 76539
2026/09/19 23:42:42.724, 1, 364.49, 72, 63, 2760, 75497
2026/09/19 23:42:43.724, 0, 342.69, 92, 64, 2790, 76539
2026/09/19 23:42:43.724, 1, 329.60, 99, 65, 2805, 75497
2026/09/19 23:42:44.724, 0, 357.46, 65, 62, 2745, 76539
2026/09/19 23:42:44.724, 1, 325.32, 57, 62, 2820, 75497
2026/09/19 23:42:45.724, 0, 284.40, 61, 61, 2805, 76539
2026/09/19 23:42:45.724, 1, 233.60, 61, 62, 2850, 75497
2026/09/19 23:42:46.724, 0, 332.62, 69, 62, 2737, 76539
2026/09/19 23:42:46.724, 1, 308.68, 85, 65, 2812, 75497
2026/09/19 23:42:47.724, 0, 371.24, 92, 64, 2745, 76539
2026/09/19 23:42:47.724, 1, 353.98, 78, 66, 2767, 75497
2026/09/19 23:42:48.725, 0, 346.58, 70, 63, 2760, 76539
2026/09/19 23:42:48.725, 1, 335.22, 99, 64, 2827, 75497
2026/09/19 23:42:49.725, 0, 383.04, 99, 64, 2730, 76539
2026/09/19 23:42:49.725, 1, 374.89, 92, 66, 2767, 75497
2026/09/19 23:42:50.725, 0, 351.98, 99, 63, 2797, 76539
2026/09/19 23:42:50.725, 1, 338.17, 92, 65, 2820, 75497
2026/09/19 23:42:51.725, 0, 367.35, 91, 62, 2722, 76539
2026/09/19 23:42:51.726, 1, 341.48, 57, 63, 2782, 75497
2026/09/19 23:42:52.726, 0, 283.62, 73, 62, 2805, 76539
2026/09/19 23:42:52.726, 1, 232.26, 55, 62, 2842, 75497
2026/09/19 23:42:53.726, 0, 321.85, 94, 62, 2722, 76539
2026/09/19 23:42:53.726, 1, 291.04, 74, 64, 2775, 75497
2026/09/19 23:42:54.726, 0, 358.88, 99, 63, 2805, 76539
2026/09/19 23:42:54.726, 1, 352.75, 92, 66, 2805, 75497
2026/09/19 23:42:55.726, 0, 354.85, 78, 62, 2715, 76539
2026/09/19 23:42:55.726, 1, 343.57, 69, 64, 2775, 75497
2026/09/19 23:42:56.727, 0, 376.17, 99, 63, 2722, 76539
2026/09/19 23:42:56.727, 1, 365.83, 98, 65, 2767, 75497
2026/09/19 23:42:57.727, 0, 349.61, 84, 63, 2745, 76539
2026/09/19 23:42:57.727, 1, 319.48, 75, 65, 2790, 75497
2026/09/19 23:42:58.727, 0, 376.17, 92, 64, 2715, 76539
2026/09/19 23:42:58.727, 1, 365.34, 99, 66, 2775, 75497
2026/09/19 23:42:59.727, 0, 291.05, 61, 61, 2805, 76539
2026/09/19 23:42:59.727, 1, 248.54, 55, 62, 2850, 75497
2026/09/19 23:43:00.728, 0, 313.89, 99, 63, 2797, 76539
2026/09/19 23:43:00.728, 1, 275.47, 100, 65, 2797, 75497
2026/09/19 23:43:01.728, 0, 354.27, 78, 63, 2730, 76539
2026/09/19 23:43:01.728, 1, 335.83, 68, 65, 2782, 75497
2026/09/19 23:43:02.728, 0, 368.83, 92, 64, 2767, 76539
2026/09/19 23:43:02.728, 1, 356.40, 99, 66, 2782, 75497
2026/09/19 23:43:03.728, 0, 359.19, 99, 64, 2730, 76539
2026/09/19 23:43:03.729, 1, 349.47, 92, 66, 2767, 75497
2026/09/19 23:43:04.729, 0, 387.11, 87, 64, 2797, 76539
2026/09/19 23:43:04.729, 1, 315.88, 79, 66, 2827, 75497
2026/09/19 23:43:05.729, 0, 359.76, 99, 64, 2715, 76539
2026/09/19 23:43:05.729, 1, 353.06, 99, 66, 2775, 75497
2026/09/19 23:43:06.729, 0, 323.42, 60, 62, 2805, 76539
2026/09/19 23:43:06.729, 1, 271.82, 80, 63, 2835, 75497
2026/09/19 23:43:07.729, 0, 286.31, 74, 62, 2805, 76539
2026/09/19 23:43:07.729, 1, 239.07, 73, 62, 2850, 75497
2026/09/19 23:43:08.730, 0, 370.97, 92, 64, 2752, 76539
2026/09/19 23:43:08.730, 1, 353.15, 95, 65, 2775, 75497
2026/09/19 23:43:09.730, 0, 348.30, 68, 64, 2737, 76539
2026/09/19 23:43:09.730, 1, 335.88, 99, 65, 2820, 75497
2026/09/19 23:43:10.730, 0, 360.74, 92, 64, 2775, 76539
2026/09/19 23:43:10.730, 1, 346.08, 91, 66, 2790, 75497
2026/09/19 23:43:11.730, 0, 370.96, 77, 63, 2707, 76539
2026/09/19 23:43:11.731, 1, 349.79, 56, 63, 2782, 75497
2026/09/19 23:43:12.731, 0, 346.34, 99, 64, 2767, 76539
2026/09/19 23:43:12.731, 1, 332.70, 92, 66, 2775, 75497
2026/09/19 23:43:13.731, 0, 346.60, 82, 63, 2790, 76539
2026/09/19 23:43:13.731, 1, 309.99, 71, 63, 2835, 75497
2026/09/19 23:43:14.731, 0, 286.06, 82, 62, 2805, 76539
2026/09/19 23:43:14.731, 1, 230.17, 53, 62, 2842, 75497
2026/09/19 23:43:15.731, 0, 338.08, 68, 64, 2752, 76539
2026/09/19 23:43:15.731, 1, 316.75, 99, 65, 2827, 75497
2026/09/19 23:43:16.731, 0, 363.53, 99, 64, 2737, 76539
2026/09/19 23:43:16.732, 1, 345.02, 76, 64, 2760, 75497
2026/09/19 23:43:17.732, 0, 344.17, 75, 64, 2782, 76539
2026/09/19 23:43:17.732, 1, 330.43, 99, 65, 2827, 75497
2026/09/19 23:43:18.732, 0, 388.18, 99, 65, 2722, 76539
2026/09/19 23:43:18.732, 1, 377.62, 99, 66, 2767, 75497
2026/09/19 23:43:19.732, 0, 340.64, 99, 64, 2797, 76539
2026/09/19 23:43:19.732, 1, 311.86, 92, 65, 2827, 75497
2026/09/19 23:43:20.732, 0, 372.43, 68, 63, 2722, 76539
2026/09/19 23:43:20.733, 1, 351.34, 57, 63, 2775, 75497
2026/09/19 23:43:21.733, 0, 284.13, 82, 62, 2805, 76539
2026/09/19 23:43:21.733, 1, 231.02, 58, 63, 2850, 75497
2026/09/19 23:43:22.733, 0, 327.52, 78, 62, 2722, 76539
2026/09/19 23:43:22.733, 1, 293.05, 84, 63, 2767, 75497
2026/09/19 23:43:23.733, 0, 351.60, 99, 65, 2797, 76539
2026/09/19 23:43:23.733, 1, 341.02, 92, 66, 2820, 75497
2026/09/19 23:43:24.733, 0, 356.53, 82, 63, 2715, 76539
2026/09/19 23:43:24.734, 1, 341.48, 66, 65, 2775, 75497
2026/09/19 23:43:25.734, 0, 365.23, 92, 65, 2730, 76539
2026/09/19 23:43:25.734, 1, 360.55, 91, 66, 2767, 75497
2026/09/19 23:43:26.734, 0, 350.22, 67, 63, 2745, 76539
2026/09/19 23:43:26.734, 1, 327.61, 67, 65, 2782, 75497
2026/09/19 23:43:27.734, 0, 375.08, 92, 65, 2715, 76539
2026/09/19 23:43:27.734, 1, 367.84, 99, 66, 2775, 75497
2026/09/19 23:43:28.735, 0, 307.24, 83, 63, 2797, 76539
2026/09/19 23:43:28.735, 1, 257.81, 74, 63, 2835, 75497
2026/09/19 23:43:29.735, 0, 314.10, 92, 65, 2797, 76539
2026/09/19 23:43:29.735, 1, 271.21, 92, 66, 2812, 75497
2026/09/19 23:43:30.735, 0, 356.44, 69, 64, 2722, 76539
2026/09/19 23:43:30.735, 1, 337.49, 68, 65, 2775, 75497
2026/09/19 23:43:31.735, 0, 369.87, 97, 65, 2767, 76539
2026/09/19 23:43:31.735, 1, 356.77, 99, 66, 2782, 75497
2026/09/19 23:43:32.736, 0, 363.82, 92, 65, 2730, 76539
2026/09/19 23:43:32.736, 1, 347.73, 92, 64, 2767, 75497
2026/09/19 23:43:33.736, 0, 368.10, 99, 65, 2782, 76539
2026/09/19 23:43:33.736, 1, 346.57, 89, 65, 2827, 75497
2026/09/19 23:43:34.736, 0, 362.62, 92, 65, 2715, 76539
2026/09/19 23:43:34.736, 1, 350.71, 99, 66, 2767, 75497
2026/09/19 23:43:35.736, 0, 323.16, 80, 63, 2790, 76539
2026/09/19 23:43:35.736, 1, 275.98, 79, 63, 2835, 75497
2026/09/19 23:43:36.737, 0, 290.28, 63, 63, 2797, 76539
2026/09/19 23:43:36.737, 1, 241.98, 80, 64, 2850, 75497
2026/09/19 23:43:37.737, 0, 371.78, 99, 65, 2737, 76539
2026/09/19 23:43:37.737, 1, 352.91, 81, 66, 2767, 75497
2026/09/19 23:43:38.737, 0, 349.33, 85, 65, 2745, 76539
2026/09/19 23:43:38.737, 1, 340.26, 99, 66, 2820, 75497
2026/09/19 23:43:39.737, 0, 363.80, 99, 64, 2782, 76539
2026/09/19 23:43:39.737, 1, 352.19, 92, 65, 2782, 75497
2026/09/19 23:43:40.738, 0, 370.14, 65, 63, 2715, 76539
2026/09/19 23:43:40.738, 1, 345.15, 54, 63, 2782, 75497
2026/09/19 23:43:41.738, 0, 354.41, 92, 63, 2760, 76539
2026/09/19 23:43:41.738, 1, 344.79, 97, 66, 2775, 75497
2026/09/19 23:43:42.738, 0, 350.26, 70, 63, 2782, 76539
2026/09/19 23:43:42.738, 1, 309.74, 80, 63, 2835, 75497
2026/09/19 23:43:43.738, 0, 286.81, 62, 63, 2805, 76539
2026/09/19 23:43:43.738, 1, 231.68, 69, 63, 2842, 75497
2026/09/19 23:43:44.739, 0, 341.98, 99, 64, 2775, 76539
2026/09/19 23:43:44.739, 1, 330.86, 99, 66, 2827, 75497
2026/09/19 23:43:45.739, 0, 358.94, 78, 62, 2722, 76539
2026/09/19 23:43:45.739, 1, 342.26, 82, 65, 2767, 75497
2026/09/19 23:43:46.739, 0, 343.91, 99, 64, 2797, 76539
2026/09/19 23:43:46.739, 1, 340.32, 92, 66, 2827, 75497
2026/09/19 23:43:47.739, 0, 386.29, 99, 65, 2715, 76539
2026/09/19 23:43:47.739, 1, 379.61, 99, 64, 2775, 75497
2026/09/19 23:43:48.739, 0, 334.48, 92, 64, 2805, 76539
2026/09/19 23:43:48.739, 1, 320.43, 92, 66, 2820, 75497
2026/09/19 23:43:49.740, 0, 370.07, 62, 63, 2722, 76539
2026/09/19 23:43:49.740, 1, 346.71, 63, 63, 2782, 75497
2026/09/19 23:43:50.740, 0, 283.67, 70, 62, 2805, 76539
2026/09/19 23:43:50.740, 1, 229.76, 54, 63, 2842, 75497
2026/09/19 23:43:51.740, 0, 325.74, 72, 62, 2715, 76539
2026/09/19 23:43:51.740, 1, 288.94, 77, 65, 2775, 75497
2026/09/19 23:43:52.740, 0, 351.28, 92, 64, 2797, 76539
2026/09/19 23:43:52.741, 1, 353.91, 92, 66, 2805, 75497
2026/09/19 23:43:53.741, 0, 356.25, 76, 63, 2715, 76539
2026/09/19 23:43:53.741, 1, 342.90, 68, 64, 2775, 75497
2026/09/19 23:43:54.741, 0, 376.23, 92, 64, 2722, 76539
2026/09/19 23:43:54.741, 1, 362.46, 92, 66, 2767, 75497
2026/09/19 23:43:55.741, 0, 344.76, 68, 64, 2730, 76539
2026/09/19 23:43:55.741, 1, 320.01, 73, 66, 2782, 75497
2026/09/19 23:43:56.741, 0, 379.08, 92, 65, 2715, 76539
2026/09/19 23:43:56.742, 1, 369.57, 99, 66, 2775, 75497
2026/09/19 23:43:57.742, 0, 302.56, 82, 63, 2797, 76539
2026/09/19 23:43:57.742, 1, 252.63, 76, 63, 2835, 75497
2026/09/19 23:43:58.742, 0, 308.51, 92, 64, 2805, 76539
2026/09/19 23:43:58.742, 1, 270.02, 92, 66, 2820, 75497
2026/09/19 23:43:59.742, 0, 356.29, 72, 64, 2715, 76539
2026/09/19 23:43:59.742, 1, 344.68, 69, 66, 2775, 75497
2026/09/19 23:44:00.743, 0, 364.27, 92, 65, 2775, 76539
2026/09/19 23:44:00.743, 1, 356.99, 99, 67, 2782, 75497
2026/09/19 23:44:01.743, 0, 361.63, 99, 65, 2730, 76539
2026/09/19 23:44:01.743, 1, 347.77, 91, 66, 2767, 75497
2026/09/19 23:44:02.743, 0, 367.99, 99, 65, 2775, 76539
2026/09/19 23:44:02.743, 1, 346.72, 99, 64, 2827, 75497
2026/09/19 23:44:03.743, 0, 363.38, 91, 63, 2722, 76539
2026/09/19 23:44:03.743, 1, 347.41, 95, 66, 2767, 75497
2026/09/19 23:44:04.744, 0, 325.60, 70, 63, 2797, 76539
2026/09/19 23:44:04.744, 1, 279.20, 79, 63, 2835, 75497
2026/09/19 23:44:05.744, 0, 287.92, 61, 63, 2805, 76539
2026/09/19 23:44:05.744, 1, 235.72, 63, 65, 2842, 75497
2026/09/19 23:44:06.744, 0, 364.15, 99, 65, 2752, 76539
2026/09/19 23:44:06.744, 1, 352.12, 99, 64, 2782, 75497
2026/09/19 23:44:07.744, 0, 348.56, 75, 64, 2737, 76539
2026/09/19 23:44:07.744, 1, 335.52, 90, 66, 2812, 75497
2026/09/19 23:44:08.745, 0, 363.23, 99, 65, 2775, 76539
2026/09/19 23:44:08.745, 1, 350.15, 92, 66, 2797, 75497
2026/09/19 23:44:09.745, 0, 374.90, 80, 63, 2715, 76539
2026/09/19 23:44:09.745, 1, 353.35, 56, 63, 2782, 75497
2026/09/19 23:44:10.745, 0, 351.79, 92, 65, 2767, 76539
2026/09/19 23:44:10.745, 1, 342.46, 92, 66, 2775, 75497
2026/09/19 23:44:11.745, 0, 349.11, 63, 63, 2775, 76539
2026/09/19 23:44:11.745, 1, 318.68, 66, 63, 2827, 75497
2026/09/19 23:44:12.746, 0, 288.50, 67, 63, 2805, 76539
2026/09/19 23:44:12.746, 1, 233.20, 55, 63, 2842, 75497
2026/09/19 23:44:13.746, 0, 342.72, 85, 65, 2752, 76539
2026/09/19 23:44:13.746, 1, 323.94, 99, 66, 2820, 75497
2026/09/19 23:44:14.746, 0, 368.10, 78, 66, 2730, 76539
2026/09/19 23:44:14.746, 1, 351.93, 78, 65, 2760, 75497
2026/09/19 23:44:15.746, 0, 348.15, 99, 64, 2775, 76539
2026/09/19 23:44:15.746, 1, 341.08, 100, 66, 2827, 75497
2026/09/19 23:44:16.747, 0, 390.30, 92, 66, 2722, 76539
2026/09/19 23:44:16.747, 1, 375.04, 99, 67, 2767, 75497
2026/09/19 23:44:17.747, 0, 336.34, 99, 65, 2790, 76539
2026/09/19 23:44:17.747, 1, 316.15, 92, 66, 2820, 75497
2026/09/19 23:44:18.747, 0, 374.40, 68, 64, 2715, 76539
2026/09/19 23:44:18.747, 1, 352.34, 55, 64, 2775, 75497
2026/09/19 23:44:19.747, 0, 289.31, 72, 63, 2805, 76539
2026/09/19 23:44:19.748, 1, 235.66, 56, 63, 2835, 75497
2026/09/19 23:44:20.748, 0, 329.53, 77, 63, 2715, 76539
2026/09/19 23:44:20.748, 1, 294.26, 76, 65, 2775, 75497
2026/09/19 23:44:21.748, 0, 353.09, 92, 66, 2790, 76539
2026/09/19 23:44:21.748, 1, 355.70, 92, 66, 2805, 75497
2026/09/19 23:44:22.748, 0, 353.87, 71, 64, 2715, 76539
2026/09/19 23:44:22.748, 1, 338.79, 69, 66, 2775, 75497
2026/09/19 23:44:23.749, 0, 373.88, 92, 66, 2722, 76539
2026/09/19 23:44:23.749, 1, 364.60, 99, 66, 2767, 75497
2026/09/19 23:44:24.749, 0, 347.37, 71, 64, 2737, 76539
2026/09/19 23:44:24.749, 1, 322.43, 78, 66, 2797, 75497
2026/09/19 23:44:25.749, 0, 381.98, 99, 65, 2715, 76539
2026/09/19 23:44:25.749, 1, 367.51, 99, 65, 2775, 75497
2026/09/19 23:44:26.749, 0, 295.11, 79, 63, 2805, 76539
2026/09/19 23:44:26.749, 1, 238.31, 56, 63, 2835, 75497
2026/09/19 23:44:27.749, 0, 315.33, 92, 65, 2782, 76539
2026/09/19 23:44:27.750, 1, 282.56, 99, 67, 2790, 75497
2026/09/19 23:44:28.750, 0, 351.29, 70, 64, 2730, 76539
2026/09/19 23:44:28.750, 1, 343.82, 76, 66, 2790, 75497
2026/09/19 23:44:29.750, 0, 370.09, 99, 65, 2745, 76539
2026/09/19 23:44:29.750, 1, 359.93, 99, 64, 2775, 75497
2026/09/19 23:44:30.750, 0, 362.12, 92, 64, 2722, 76539
2026/09/19 23:44:30.750, 1, 349.95, 99, 66, 2767, 75497
2026/09/19 23:44:31.751, 0, 368.23, 86, 64, 2797, 76539
2026/09/19 23:44:31.751, 1, 340.24, 79, 65, 2805, 75497
2026/09/19 23:44:32.751, 0, 363.10, 99, 65, 2715, 76539
2026/09/19 23:44:32.751, 1, 351.44, 99, 66, 2775, 75497
2026/09/19 23:44:33.751, 0, 325.39, 83, 62, 2790, 76539
2026/09/19 23:44:33.751, 1, 270.88, 58, 63, 2835, 75497
2026/09/19 23:44:34.751, 0, 299.24, 86, 65, 2805, 76539
2026/09/19 23:44:34.751, 1, 251.99, 99, 66, 2850, 75497
2026/09/19 23:44:35.752, 0, 365.34, 78, 65, 2737, 76539
2026/09/19 23:44:35.752, 1, 346.19, 78, 65, 2760, 75497
2026/09/19 23:44:36.752, 0, 352.27, 99, 65, 2775, 76539
2026/09/19 23:44:36.752, 1, 341.46, 99, 67, 2827, 75497
2026/09/19 23:44:37.752, 0, 366.43, 92, 64, 2760, 76539
2026/09/19 23:44:37.752, 1, 351.21, 99, 66, 2775, 75497
2026/09/19 23:44:38.752, 0, 364.29, 61, 63, 2730, 76539
2026/09/19 23:44:38.752, 1, 342.82, 67, 66, 2790, 75497
2026/09/19 23:44:39.753, 0, 354.89, 99, 65, 2737, 76539
2026/09/19 23:44:39.753, 1, 343.09, 99, 65, 2775, 75497
2026/09/19 23:44:40.753, 0, 340.46, 83, 63, 2790, 76539
2026/09/19 23:44:40.753, 1, 309.55, 68, 63, 2835, 75497
2026/09/19 23:44:41.753, 0, 288.07, 82, 63, 2805, 76539
2026/09/19 23:44:41.753, 1, 233.00, 78, 63, 2842, 75497
2026/09/19 23:44:42.753, 0, 357.70, 92, 64, 2797, 76539
2026/09/19 23:44:42.754, 1, 344.77, 92, 66, 2805, 75497
2026/09/19 23:44:43.754, 0, 356.09, 76, 64, 2707, 76539
2026/09/19 23:44:43.754, 1, 344.93, 70, 66, 2775, 75497
2026/09/19 23:44:44.754, 0, 356.65, 92, 65, 2790, 76539
2026/09/19 23:44:44.754, 1, 349.29, 99, 66, 2812, 75497
2026/09/19 23:44:45.754, 0, 389.52, 84, 65, 2730, 76539
2026/09/19 23:44:45.754, 1, 367.51, 77, 64, 2760, 75497
2026/09/19 23:44:46.754, 0, 341.22, 99, 65, 2782, 76539
2026/09/19 23:44:46.755, 1, 320.02, 99, 65, 2805, 75497
2026/09/19 23:44:47.755, 0, 362.10, 84, 63, 2730, 76539
2026/09/19 23:44:47.755, 1, 332.93, 69, 63, 2812, 75497
2026/09/19 23:44:48.755, 0, 289.22, 82, 63, 2797, 76539
2026/09/19 23:44:48.755, 1, 234.92, 76, 63, 2850, 75497
2026/09/19 23:44:49.755, 0, 330.70, 71, 64, 2730, 76539
2026/09/19 23:44:49.755, 1, 313.89, 77, 66, 2797, 75497
2026/09/19 23:44:50.755, 0, 368.57, 99, 65, 2745, 76539
2026/09/19 23:44:50.756, 1, 357.74, 99, 64, 2775, 75497
2026/09/19 23:44:51.756, 0, 345.08, 79, 64, 2737, 76539
2026/09/19 23:44:51.756, 1, 336.62, 93, 66, 2812, 75497
2026/09/19 23:44:52.756, 0, 385.71, 99, 65, 2722, 76539
2026/09/19 23:44:52.756, 1, 373.81, 92, 67, 2767, 75497
2026/09/19 23:44:53.756, 0, 342.41, 94, 64, 2767, 76539
2026/09/19 23:44:53.756, 1, 323.46, 99, 65, 2827, 75497
2026/09/19 23:44:54.757, 0, 381.53, 99, 64, 2722, 76539
2026/09/19 23:44:54.757, 1, 362.09, 77, 64, 2760, 75497
2026/09/19 23:44:55.757, 0, 292.85, 69, 63, 2805, 76539
2026/09/19 23:44:55.757, 1, 232.71, 79, 63, 2842, 75497
2026/09/19 23:44:56.757, 0, 327.67, 99, 65, 2745, 76539
2026/09/19 23:44:56.758, 1, 290.57, 78, 64, 2767, 75497
2026/09/19 23:44:57.758, 0, 349.91, 96, 65, 2760, 76539
2026/09/19 23:44:57.758, 1, 340.49, 99, 65, 2820, 75497
2026/09/19 23:44:58.758, 0, 366.84, 78, 65, 2730, 76539
2026/09/19 23:44:58.758, 1, 343.89, 73, 66, 2760, 75497
2026/09/19 23:44:59.758, 0, 370.52, 99, 65, 2722, 76539
2026/09/19 23:44:59.758, 1, 350.61, 99, 67, 2775, 75497
2026/09/19 23:45:00.758, 0, 356.47, 78, 63, 2775, 76539
2026/09/19 23:45:00.759, 1, 327.51, 74, 66, 2782, 75497
2026/09/19 23:45:01.759, 0, 364.29, 97, 66, 2730, 76539
2026/09/19 23:45:01.759, 1, 358.10, 92, 67, 2767, 75497
2026/09/19 23:45:02.759, 0, 311.85, 64, 64, 2805, 76539
2026/09/19 23:45:02.759, 1, 267.48, 75, 63, 2835, 75497
2026/09/19 23:45:03.759, 0, 306.30, 99, 65, 2805, 76539
2026/09/19 23:45:03.759, 1, 260.69, 92, 66, 2835, 75497
2026/09/19 23:45:04.760, 0, 357.69, 84, 63, 2715, 76539
2026/09/19 23:45:04.760, 1, 345.46, 73, 66, 2775, 75497
2026/09/19 23:45:05.760, 0, 357.69, 92, 65, 2782, 76539
2026/09/19 23:45:05.760, 1, 354.03, 92, 67, 2797, 75497
2026/09/19 23:45:06.760, 0, 365.61, 100, 65, 2730, 76539
2026/09/19 23:45:06.760, 1, 352.45, 99, 67, 2775, 75497
2026/09/19 23:45:07.760, 0, 367.06, 92, 65, 2752, 76539
2026/09/19 23:45:07.761, 1, 343.81, 99, 66, 2827, 75497
2026/09/19 23:45:08.761, 0, 363.61, 91, 66, 2730, 76539
2026/09/19 23:45:08.761, 1, 349.89, 91, 67, 2767, 75497
2026/09/19 23:45:09.761, 0, 336.33, 63, 64, 2790, 76539
2026/09/19 23:45:09.761, 1, 294.97, 71, 64, 2835, 75497
2026/09/19 23:45:10.761, 0, 288.80, 63, 64, 2790, 76539
2026/09/19 23:45:10.761, 1, 233.37, 55, 65, 2842, 75497
2026/09/19 23:45:11.761, 0, 363.65, 99, 65, 2760, 76539
2026/09/19 23:45:11.762, 1, 360.87, 99, 64, 2782, 75497
2026/09/19 23:45:12.762, 0, 349.81, 70, 65, 2730, 76539
2026/09/19 23:45:12.762, 1, 339.20, 85, 66, 2805, 75497
2026/09/19 23:45:13.762, 0, 372.46, 99, 66, 2737, 76539
2026/09/19 23:45:13.762, 1, 362.21, 92, 67, 2767, 75497
2026/09/19 23:45:14.762, 0, 398.61, 99, 65, 2722, 76539
2026/09/19 23:45:14.762, 1, 385.34, 92, 67, 2767, 75497
2026/09/19 23:45:15.763, 0, 397.42, 92, 65, 2722, 76539
2026/09/19 23:45:15.763, 1, 385.52, 92, 67, 2760, 75497
2026/09/19 23:45:16.763, 0, 396.73, 92, 65, 2722, 76539
2026/09/19 23:45:16.763, 1, 385.63, 92, 67, 2760, 75497
2026/09/19 23:45:17.763, 0, 399.14, 92, 66, 2730, 76539
2026/09/19 23:45:17.763, 1, 384.67, 92, 67, 2760, 75497
2026/09/19 23:45:18.763, 0, 398.92, 92, 66, 2730, 76539
2026/09/19 23:45:18.763, 1, 386.23, 92, 67, 2760, 75497
2026/09/19 23:45:19.763, 0, 399.05, 92, 65, 2730, 76539
2026/09/19 23:45:19.764, 1, 385.54, 92, 67, 2760, 75497
2026/09/19 23:45:20.764, 0, 398.64, 92, 65, 2730, 76539
2026/09/19 23:45:20.764, 1, 385.10, 99, 67, 2760, 75497
2026/09/19 23:45:21.764, 0, 398.51, 92, 66, 2722, 76539
2026/09/19 23:45:21.764, 1, 385.49, 99, 67, 2760, 75497
2026/09/19 23:45:22.764, 0, 398.81, 92, 67, 2722, 76539
2026/09/19 23:45:22.764, 1, 384.96, 99, 67, 2760, 75497
2026/09/19 23:45:23.765, 0, 385.26, 92, 66, 2730, 76539
2026/09/19 23:45:23.765, 1, 373.11, 92, 67, 2767, 75497
2026/09/19 23:45:24.765, 0, 186.56, 0, 59, 2835, 77115
2026/09/19 23:45:24.765, 1, 158.72, 0, 61, 2865, 76072
2026/09/19 23:45:25.766, 0, 130.87, 0, 59, 2835, 77115
2026/09/19 23:45:25.766, 1, 120.17, 0, 60, 2865, 76072
2026/09/19 23:45:26.766, 0, 121.70, 0, 58, 2662, 77115
2026/09/19 23:45:26.766, 1, 103.73, 0, 59, 2610, 76072
2026/09/19 23:45:27.766, 0, 114.06, 0, 57, 2610, 77115
2026/09/19 23:45:27.766, 1, 98.76, 0, 59, 2610, 76072
2026/09/19 23:45:28.766, 0, 108.83, 0, 57, 2610, 77115
2026/09/19 23:45:28.766, 1, 95.39, 0, 58, 2625, 76072
2026/09/19 23:45:29.767, 0, 107.80, 0, 56, 2610, 77115
2026/09/19 23:45:29.767, 1, 94.87, 0, 58, 2610, 76072
2026/09/19 23:45:30.767, 0, 105.31, 0, 56, 2610, 77115
2026/09/19 23:45:30.767, 1, 92.95, 0, 57, 2610, 76072
2026/09/19 23:45:31.767, 0, 150.93, 99, 61, 2617, 76539
2026/09/19 23:45:31.767, 1, 149.12, 99, 62, 2677, 75497
2026/09/19 23:45:32.767, 0, 335.90, 76, 61, 2745, 76539
2026/09/19 23:45:32.768, 1, 321.50, 90, 63, 2812, 75497
2026/09/19 23:45:33.768, 0, 382.22, 99, 63, 2737, 76539
2026/09/19 23:45:33.768, 1, 368.20, 99, 63, 2767, 75497
2026/09/19 23:45:34.768, 0, 293.25, 67, 61, 2805, 76539
2026/09/19 23:45:34.768, 1, 240.18, 55, 61, 2842, 75497
2026/09/19 23:45:35.768, 0, 319.02, 99, 63, 2775, 76539
2026/09/19 23:45:35.768, 1, 282.80, 99, 62, 2790, 75497
2026/09/19 23:45:36.768, 0, 346.58, 73, 62, 2737, 76539
2026/09/19 23:45:36.769, 1, 338.39, 87, 65, 2812, 75497
2026/09/19 23:45:37.769, 0, 367.49, 99, 63, 2745, 76539
2026/09/19 23:45:37.769, 1, 353.18, 78, 63, 2767, 75497
2026/09/19 23:45:38.769, 0, 362.48, 92, 64, 2722, 76539
2026/09/19 23:45:38.769, 1, 349.21, 99, 65, 2775, 75497
2026/09/19 23:45:39.769, 0, 355.64, 79, 63, 2797, 76539
2026/09/19 23:45:39.769, 1, 327.58, 71, 64, 2805, 75497
2026/09/19 23:45:40.770, 0, 361.18, 99, 64, 2730, 76539
2026/09/19 23:45:40.770, 1, 359.18, 99, 66, 2775, 75497
2026/09/19 23:45:41.770, 0, 310.76, 77, 62, 2805, 76539
2026/09/19 23:45:41.770, 1, 271.97, 54, 62, 2850, 75497
2026/09/19 23:45:42.770, 0, 294.87, 86, 64, 2805, 76539
2026/09/19 23:45:42.770, 1, 249.26, 99, 65, 2850, 75497
2026/09/19 23:45:43.770, 0, 364.07, 78, 64, 2737, 76539
2026/09/19 23:45:43.771, 1, 348.83, 77, 64, 2760, 75497
2026/09/19 23:45:44.771, 0, 349.73, 99, 64, 2782, 76539
2026/09/19 23:45:44.771, 1, 345.83, 99, 66, 2827, 75497
2026/09/19 23:45:45.771, 0, 360.35, 92, 64, 2760, 76539
2026/09/19 23:45:45.771, 1, 349.48, 99, 65, 2775, 75497
2026/09/19 23:45:46.771, 0, 363.01, 62, 63, 2737, 76539
2026/09/19 23:45:46.771, 1, 340.21, 69, 65, 2790, 75497
2026/09/19 23:45:47.771, 0, 354.44, 99, 64, 2745, 76539
2026/09/19 23:45:47.772, 1, 341.81, 99, 64, 2775, 75497
2026/09/19 23:45:48.772, 0, 342.99, 82, 62, 2797, 76539
2026/09/19 23:45:48.772, 1, 305.39, 67, 63, 2842, 75497
2026/09/19 23:45:49.772, 0, 285.82, 77, 62, 2805, 76539
2026/09/19 23:45:49.772, 1, 230.41, 77, 62, 2850, 75497
2026/09/19 23:45:50.772, 0, 353.36, 99, 64, 2797, 76539
2026/09/19 23:45:50.772, 1, 331.17, 92, 66, 2812, 75497
2026/09/19 23:45:51.772, 0, 358.27, 77, 63, 2715, 76539
2026/09/19 23:45:51.773, 1, 340.04, 68, 66, 2775, 75497
2026/09/19 23:45:52.773, 0, 356.77, 92, 62, 2805, 76539
2026/09/19 23:45:52.773, 1, 347.08, 92, 66, 2812, 75497
2026/09/19 23:45:53.773, 0, 389.16, 99, 64, 2730, 76539
2026/09/19 23:45:53.773, 1, 369.14, 76, 63, 2767, 75497
2026/09/19 23:45:54.773, 0, 335.44, 98, 64, 2797, 76539
2026/09/19 23:45:54.773, 1, 318.74, 99, 65, 2812, 75497
2026/09/19 23:45:55.773, 0, 364.44, 81, 63, 2737, 76539
2026/09/19 23:45:55.774, 1, 336.39, 80, 63, 2805, 75497
2026/09/19 23:45:56.774, 0, 288.54, 71, 63, 2805, 76539
2026/09/19 23:45:56.774, 1, 233.44, 79, 63, 2850, 75497
2026/09/19 23:45:57.774, 0, 329.61, 68, 63, 2730, 76539
2026/09/19 23:45:57.774, 1, 306.76, 66, 66, 2782, 75497
2026/09/19 23:45:58.774, 0, 369.51, 99, 65, 2767, 76539
2026/09/19 23:45:58.774, 1, 355.88, 99, 64, 2782, 75497
2026/09/19 23:45:59.774, 0, 351.68, 73, 64, 2730, 76539
2026/09/19 23:45:59.775, 1, 335.18, 87, 65, 2805, 75497
2026/09/19 23:46:00.775, 0, 385.56, 99, 65, 2722, 76539
2026/09/19 23:46:00.775, 1, 366.73, 91, 66, 2767, 75497
2026/09/19 23:46:01.775, 0, 341.73, 90, 64, 2752, 76539
2026/09/19 23:46:01.775, 1, 323.21, 99, 65, 2820, 75497
2026/09/19 23:46:02.775, 0, 380.56, 99, 65, 2730, 76539
2026/09/19 23:46:02.775, 1, 365.32, 91, 64, 2767, 75497
2026/09/19 23:46:03.776, 0, 298.90, 70, 63, 2805, 76539
2026/09/19 23:46:03.776, 1, 240.15, 81, 63, 2835, 75497
2026/09/19 23:46:04.776, 0, 331.24, 94, 64, 2745, 76539
2026/09/19 23:46:04.776, 1, 292.30, 78, 65, 2760, 75497
2026/09/19 23:46:05.776, 0, 354.09, 99, 64, 2767, 76539
2026/09/19 23:46:05.776, 1, 346.46, 99, 66, 2827, 75497
2026/09/19 23:46:06.776, 0, 365.50, 78, 62, 2722, 76539
2026/09/19 23:46:06.776, 1, 347.02, 83, 65, 2767, 75497
2026/09/19 23:46:07.777, 0, 371.07, 99, 65, 2730, 76539
2026/09/19 23:46:07.777, 1, 351.93, 91, 66, 2767, 75497
2026/09/19 23:46:08.777, 0, 353.66, 84, 62, 2760, 76539
2026/09/19 23:46:08.777, 1, 327.63, 68, 65, 2782, 75497
2026/09/19 23:46:09.777, 0, 373.03, 91, 65, 2730, 76539
2026/09/19 23:46:09.777, 1, 360.41, 91, 66, 2767, 75497
2026/09/19 23:46:10.777, 0, 312.58, 62, 63, 2805, 76539
2026/09/19 23:46:10.778, 1, 263.93, 72, 63, 2842, 75497
2026/09/19 23:46:11.778, 0, 304.58, 99, 64, 2805, 76539
2026/09/19 23:46:11.778, 1, 266.88, 91, 66, 2835, 75497
2026/09/19 23:46:12.778, 0, 357.48, 84, 62, 2715, 76539
2026/09/19 23:46:12.778, 1, 342.75, 69, 65, 2775, 75497
2026/09/19 23:46:13.778, 0, 358.76, 92, 64, 2797, 76539
2026/09/19 23:46:13.778, 1, 353.18, 92, 66, 2790, 75497
2026/09/19 23:46:14.779, 0, 361.02, 99, 64, 2730, 76539
2026/09/19 23:46:14.779, 1, 348.31, 99, 66, 2775, 75497
2026/09/19 23:46:15.779, 0, 366.97, 92, 64, 2752, 76539
2026/09/19 23:46:15.779, 1, 345.36, 99, 66, 2835, 75497
2026/09/19 23:46:16.779, 0, 359.63, 91, 64, 2730, 76539
2026/09/19 23:46:16.779, 1, 349.34, 91, 66, 2767, 75497
2026/09/19 23:46:17.779, 0, 329.20, 61, 62, 2805, 76539
2026/09/19 23:46:17.779, 1, 293.12, 64, 63, 2835, 75497
2026/09/19 23:46:18.780, 0, 287.96, 66, 62, 2805, 76539
2026/09/19 23:46:18.780, 1, 232.13, 55, 65, 2842, 75497
2026/09/19 23:46:19.780, 0, 363.96, 92, 65, 2782, 76539
2026/09/19 23:46:19.780, 1, 356.01, 99, 66, 2782, 75497
2026/09/19 23:46:20.780, 0, 353.73, 69, 63, 2730, 76539
2026/09/19 23:46:20.780, 1, 340.86, 76, 66, 2797, 75497
2026/09/19 23:46:21.780, 0, 362.55, 99, 64, 2782, 76539
2026/09/19 23:46:21.781, 1, 349.67, 99, 66, 2805, 75497
2026/09/19 23:46:22.781, 0, 377.07, 76, 62, 2722, 76539
2026/09/19 23:46:22.781, 1, 358.39, 76, 63, 2760, 75497
2026/09/19 23:46:23.781, 0, 341.28, 99, 64, 2782, 76539
2026/09/19 23:46:23.781, 1, 332.16, 92, 66, 2790, 75497
2026/09/19 23:46:24.781, 0, 352.70, 70, 63, 2752, 76539
2026/09/19 23:46:24.781, 1, 325.57, 55, 63, 2827, 75497
2026/09/19 23:46:25.781, 0, 287.45, 82, 62, 2805, 76539
2026/09/19 23:46:25.782, 1, 232.38, 58, 63, 2842, 75497
2026/09/19 23:46:26.782, 0, 332.54, 75, 63, 2737, 76539
2026/09/19 23:46:26.782, 1, 310.53, 89, 66, 2812, 75497
2026/09/19 23:46:27.782, 0, 369.86, 99, 64, 2745, 76539
2026/09/19 23:46:27.782, 1, 351.98, 78, 64, 2767, 75497
2026/09/19 23:46:28.782, 0, 345.13, 92, 64, 2760, 76539
2026/09/19 23:46:28.782, 1, 336.55, 99, 66, 2820, 75497
2026/09/19 23:46:29.782, 0, 383.67, 92, 65, 2730, 76539
2026/09/19 23:46:29.783, 1, 376.30, 92, 66, 2767, 75497
2026/09/19 23:46:30.783, 0, 335.46, 100, 64, 2782, 76539
2026/09/19 23:46:30.783, 1, 319.60, 99, 66, 2827, 75497
2026/09/19 23:46:31.783, 0, 376.15, 85, 63, 2715, 76539
2026/09/19 23:46:31.783, 1, 357.53, 62, 64, 2775, 75497
2026/09/19 23:46:32.783, 0, 286.65, 82, 62, 2805, 76539
2026/09/19 23:46:32.783, 1, 233.80, 67, 63, 2842, 75497
2026/09/19 23:46:33.783, 0, 323.56, 78, 63, 2730, 76539
2026/09/19 23:46:33.784, 1, 286.12, 72, 65, 2760, 75497
2026/09/19 23:46:34.784, 0, 352.38, 99, 65, 2790, 76539
2026/09/19 23:46:34.784, 1, 350.19, 92, 66, 2820, 75497
2026/09/19 23:46:35.784, 0, 356.86, 75, 63, 2715, 76539
2026/09/19 23:46:35.784, 1, 343.12, 74, 65, 2767, 75497
2026/09/19 23:46:36.784, 0, 363.08, 99, 64, 2730, 76539
2026/09/19 23:46:36.784, 1, 358.14, 91, 66, 2767, 75497
2026/09/19 23:46:37.785, 0, 349.48, 73, 64, 2745, 76539
2026/09/19 23:46:37.785, 1, 329.91, 68, 64, 2775, 75497
2026/09/19 23:46:38.785, 0, 379.10, 91, 64, 2722, 76539
2026/09/19 23:46:38.785, 1, 364.33, 96, 66, 2767, 75497
2026/09/19 23:46:39.785, 0, 311.04, 76, 63, 2805, 76539
2026/09/19 23:46:39.785, 1, 260.62, 79, 63, 2835, 75497
2026/09/19 23:46:40.785, 0, 307.99, 95, 64, 2805, 76539
2026/09/19 23:46:40.786, 1, 269.48, 92, 66, 2827, 75497
2026/09/19 23:46:41.786, 0, 355.07, 77, 63, 2715, 76539
2026/09/19 23:46:41.786, 1, 343.25, 67, 64, 2782, 75497
2026/09/19 23:46:42.786, 0, 367.27, 92, 65, 2790, 76539
2026/09/19 23:46:42.786, 1, 354.88, 99, 66, 2790, 75497
2026/09/19 23:46:43.786, 0, 364.40, 99, 65, 2730, 76539
2026/09/19 23:46:43.786, 1, 351.49, 91, 66, 2767, 75497
2026/09/19 23:46:44.787, 0, 369.08, 99, 65, 2760, 76539
2026/09/19 23:46:44.787, 1, 349.09, 99, 64, 2827, 75497
2026/09/19 23:46:45.787, 0, 364.51, 92, 65, 2730, 76539
2026/09/19 23:46:45.787, 1, 349.82, 92, 67, 2767, 75497
2026/09/19 23:46:46.787, 0, 326.49, 61, 63, 2790, 76539
2026/09/19 23:46:46.787, 1, 288.35, 73, 63, 2835, 75497
2026/09/19 23:46:47.787, 0, 288.84, 61, 63, 2805, 76539
2026/09/19 23:46:47.787, 1, 233.15, 52, 65, 2842, 75497
2026/09/19 23:46:48.788, 0, 362.32, 99, 65, 2767, 76539
2026/09/19 23:46:48.788, 1, 348.40, 99, 64, 2782, 75497
2026/09/19 23:46:49.788, 0, 348.47, 71, 64, 2730, 76539
2026/09/19 23:46:49.788, 1, 339.49, 85, 66, 2797, 75497
2026/09/19 23:46:50.788, 0, 364.92, 99, 65, 2775, 76539
2026/09/19 23:46:50.788, 1, 353.03, 99, 66, 2805, 75497
2026/09/19 23:46:51.788, 0, 375.00, 78, 63, 2715, 76539
2026/09/19 23:46:51.789, 1, 354.54, 61, 64, 2775, 75497
2026/09/19 23:46:52.789, 0, 341.39, 92, 65, 2767, 76539
2026/09/19 23:46:52.789, 1, 331.11, 92, 66, 2782, 75497
2026/09/19 23:46:53.789, 0, 352.10, 62, 63, 2767, 76539
2026/09/19 23:46:53.789, 1, 314.73, 63, 63, 2827, 75497
2026/09/19 23:46:54.789, 0, 288.74, 67, 63, 2805, 76539
2026/09/19 23:46:54.789, 1, 232.43, 55, 63, 2842, 75497
2026/09/19 23:46:55.790, 0, 339.57, 88, 65, 2745, 76539
2026/09/19 23:46:55.790, 1, 325.84, 99, 67, 2820, 75497
2026/09/19 23:46:56.790, 0, 366.36, 78, 65, 2730, 76539
2026/09/19 23:46:56.790, 1, 348.29, 76, 65, 2760, 75497
2026/09/19 23:46:57.790, 0, 347.50, 99, 64, 2775, 76539
2026/09/19 23:46:57.790, 1, 334.55, 99, 66, 2827, 75497
2026/09/19 23:46:58.790, 0, 387.48, 92, 65, 2715, 76539
2026/09/19 23:46:58.790, 1, 378.31, 99, 67, 2767, 75497
2026/09/19 23:46:59.791, 0, 336.49, 97, 64, 2797, 76539
2026/09/19 23:46:59.791, 1, 316.26, 92, 66, 2820, 75497
2026/09/19 23:47:00.791, 0, 372.31, 60, 63, 2715, 76539
2026/09/19 23:47:00.791, 1, 349.52, 55, 63, 2775, 75497
2026/09/19 23:47:01.791, 0, 288.13, 76, 63, 2805, 76539
2026/09/19 23:47:01.791, 1, 233.70, 57, 63, 2835, 75497
2026/09/19 23:47:02.791, 0, 329.89, 76, 62, 2715, 76539
2026/09/19 23:47:02.791, 1, 293.80, 74, 65, 2767, 75497
2026/09/19 23:47:03.792, 0, 363.76, 92, 65, 2797, 76539
2026/09/19 23:47:03.792, 1, 351.95, 92, 66, 2805, 75497
2026/09/19 23:47:04.792, 0, 354.77, 73, 64, 2715, 76539
2026/09/19 23:47:04.792, 1, 339.69, 70, 65, 2775, 75497
2026/09/19 23:47:05.792, 0, 373.10, 91, 65, 2715, 76539
2026/09/19 23:47:05.792, 1, 364.11, 99, 66, 2767, 75497
2026/09/19 23:47:06.792, 0, 344.62, 70, 64, 2737, 76539
2026/09/19 23:47:06.793, 1, 318.16, 75, 65, 2790, 75497
2026/09/19 23:47:07.793, 0, 376.96, 99, 65, 2715, 76539
2026/09/19 23:47:07.793, 1, 365.18, 99, 65, 2775, 75497
2026/09/19 23:47:08.793, 0, 305.82, 82, 62, 2805, 76539
2026/09/19 23:47:08.793, 1, 238.54, 61, 63, 2835, 75497
2026/09/19 23:47:09.793, 0, 316.08, 92, 65, 2797, 76539
2026/09/19 23:47:09.793, 1, 277.19, 99, 65, 2797, 75497
2026/09/19 23:47:10.794, 0, 351.53, 71, 64, 2730, 76539
2026/09/19 23:47:10.794, 1, 338.87, 71, 66, 2782, 75497
2026/09/19 23:47:11.794, 0, 368.42, 99, 65, 2760, 76539
2026/09/19 23:47:11.794, 1, 358.83, 99, 64, 2782, 75497
2026/09/19 23:47:12.794, 0, 359.08, 92, 64, 2730, 76539
2026/09/19 23:47:12.794, 1, 350.50, 92, 66, 2767, 75497
2026/09/19 23:47:13.794, 0, 365.82, 99, 65, 2797, 76539
2026/09/19 23:47:13.794, 1, 336.67, 79, 64, 2820, 75497
2026/09/19 23:47:14.795, 0, 360.70, 92, 65, 2722, 76539
2026/09/19 23:47:14.795, 1, 350.35, 99, 66, 2775, 75497
2026/09/19 23:47:15.795, 0, 324.16, 83, 63, 2797, 76539
2026/09/19 23:47:15.795, 1, 281.30, 77, 63, 2835, 75497
2026/09/19 23:47:16.795, 0, 289.58, 66, 63, 2805, 76539
2026/09/19 23:47:16.795, 1, 243.04, 82, 65, 2850, 75497
2026/09/19 23:47:17.795, 0, 370.68, 99, 65, 2737, 76539
2026/09/19 23:47:17.795, 1, 353.04, 78, 64, 2767, 75497
2026/09/19 23:47:18.795, 0, 352.70, 89, 65, 2752, 76539
2026/09/19 23:47:18.796, 1, 342.17, 99, 66, 2820, 75497
2026/09/19 23:47:19.796, 0, 363.30, 91, 65, 2775, 76539
2026/09/19 23:47:19.796, 1, 348.18, 91, 66, 2782, 75497
2026/09/19 23:47:20.796, 0, 370.90, 64, 63, 2715, 76539
2026/09/19 23:47:20.796, 1, 347.08, 55, 66, 2782, 75497
2026/09/19 23:47:21.796, 0, 355.20, 92, 65, 2760, 76539
2026/09/19 23:47:21.796, 1, 335.93, 99, 66, 2775, 75497
2026/09/19 23:47:22.796, 0, 348.83, 63, 63, 2790, 76539
2026/09/19 23:47:22.797, 1, 307.12, 80, 63, 2835, 75497
2026/09/19 23:47:23.797, 0, 287.00, 61, 63, 2805, 76539
2026/09/19 23:47:23.797, 1, 230.71, 58, 63, 2842, 75497
2026/09/19 23:47:24.797, 0, 342.07, 90, 65, 2760, 76539
2026/09/19 23:47:24.797, 1, 316.81, 99, 65, 2820, 75497
2026/09/19 23:47:25.797, 0, 364.39, 78, 65, 2730, 76539
2026/09/19 23:47:25.797, 1, 345.43, 75, 65, 2760, 75497
2026/09/19 23:47:26.797, 0, 348.19, 99, 64, 2782, 76539
2026/09/19 23:47:26.797, 1, 343.76, 99, 67, 2827, 75497
2026/09/19 23:47:27.798, 0, 389.96, 92, 66, 2715, 76539
2026/09/19 23:47:27.798, 1, 375.18, 99, 67, 2767, 75497
2026/09/19 23:47:28.798, 0, 340.56, 98, 64, 2797, 76539
2026/09/19 23:47:28.798, 1, 313.11, 92, 66, 2820, 75497
2026/09/19 23:47:29.798, 0, 374.22, 66, 64, 2715, 76539
2026/09/19 23:47:29.798, 1, 351.07, 56, 64, 2775, 75497
2026/09/19 23:47:30.798, 0, 289.65, 74, 63, 2790, 76539
2026/09/19 23:47:30.798, 1, 233.35, 57, 63, 2835, 75497
2026/09/19 23:47:31.799, 0, 326.73, 74, 63, 2715, 76539
2026/09/19 23:47:31.799, 1, 298.40, 76, 66, 2775, 75497
2026/09/19 23:47:32.799, 0, 352.83, 92, 65, 2797, 76539
2026/09/19 23:47:32.799, 1, 350.76, 92, 66, 2805, 75497
2026/09/19 23:47:33.799, 0, 356.53, 74, 64, 2715, 76539
2026/09/19 23:47:33.799, 1, 339.52, 68, 64, 2775, 75497
2026/09/19 23:47:34.799, 0, 373.39, 92, 64, 2722, 76539
2026/09/19 23:47:34.799, 1, 364.46, 98, 66, 2767, 75497
2026/09/19 23:47:35.799, 0, 351.05, 69, 65, 2730, 76539
2026/09/19 23:47:35.800, 1, 325.05, 72, 66, 2790, 75497
2026/09/19 23:47:36.800, 0, 378.75, 99, 65, 2715, 76539
2026/09/19 23:47:36.800, 1, 373.54, 99, 65, 2775, 75497
2026/09/19 23:47:37.800, 0, 308.48, 82, 63, 2790, 76539
2026/09/19 23:47:37.800, 1, 251.92, 58, 63, 2835, 75497
2026/09/19 23:47:38.800, 0, 318.10, 92, 66, 2797, 76539
2026/09/19 23:47:38.800, 1, 278.40, 99, 66, 2790, 75497
2026/09/19 23:47:39.800, 0, 351.90, 67, 64, 2722, 76539
2026/09/19 23:47:39.801, 1, 341.08, 64, 66, 2782, 75497
2026/09/19 23:47:40.801, 0, 367.37, 99, 65, 2760, 76539
2026/09/19 23:47:40.801, 1, 349.33, 99, 64, 2782, 75497
2026/09/19 23:47:41.801, 0, 358.88, 92, 65, 2730, 76539
2026/09/19 23:47:41.801, 1, 350.51, 92, 67, 2767, 75497
2026/09/19 23:47:42.801, 0, 367.30, 99, 65, 2790, 76539
2026/09/19 23:47:42.801, 1, 329.28, 84, 64, 2827, 75497
2026/09/19 23:47:43.801, 0, 363.12, 92, 66, 2715, 76539
2026/09/19 23:47:43.802, 1, 351.45, 99, 67, 2775, 75497
2026/09/19 23:47:44.802, 0, 329.37, 83, 63, 2797, 76539
2026/09/19 23:47:44.802, 1, 272.90, 78, 63, 2835, 75497
2026/09/19 23:47:45.802, 0, 293.50, 69, 63, 2805, 76539
2026/09/19 23:47:45.802, 1, 260.14, 86, 66, 2835, 75497
2026/09/19 23:47:46.802, 0, 372.26, 99, 65, 2737, 76539
2026/09/19 23:47:46.802, 1, 342.15, 78, 64, 2767, 75497
2026/09/19 23:47:47.802, 0, 352.28, 87, 65, 2745, 76539
2026/09/19 23:47:47.802, 1, 344.48, 99, 67, 2820, 75497
2026/09/19 23:47:48.803, 0, 362.95, 95, 66, 2775, 76539
2026/09/19 23:47:48.803, 1, 349.48, 91, 66, 2782, 75497
2026/09/19 23:47:49.803, 0, 371.20, 61, 63, 2715, 76539
2026/09/19 23:47:49.803, 1, 340.33, 54, 67, 2782, 75497
2026/09/19 23:47:50.803, 0, 355.10, 92, 63, 2760, 76539
2026/09/19 23:47:50.803, 1, 348.31, 92, 66, 2775, 75497
2026/09/19 23:47:51.803, 0, 352.89, 67, 63, 2782, 76539
2026/09/19 23:47:51.803, 1, 297.24, 80, 64, 2835, 75497
2026/09/19 23:47:52.803, 0, 288.27, 61, 63, 2805, 76539
2026/09/19 23:47:52.804, 1, 231.59, 63, 63, 2842, 75497
2026/09/19 23:47:53.804, 0, 342.41, 99, 65, 2760, 76539
2026/09/19 23:47:53.804, 1, 333.73, 99, 67, 2827, 75497
2026/09/19 23:47:54.804, 0, 362.20, 78, 63, 2730, 76539
2026/09/19 23:47:54.804, 1, 337.59, 75, 65, 2760, 75497
2026/09/19 23:47:55.804, 0, 353.10, 99, 64, 2790, 76539
2026/09/19 23:47:55.804, 1, 349.40, 93, 66, 2827, 75497
2026/09/19 23:47:56.804, 0, 390.28, 95, 65, 2715, 76539
2026/09/19 23:47:56.804, 1, 369.38, 99, 65, 2775, 75497
2026/09/19 23:47:57.804, 0, 338.89, 92, 64, 2790, 76539
2026/09/19 23:47:57.804, 1, 322.70, 92, 66, 2820, 75497
2026/09/19 23:47:58.805, 0, 373.09, 64, 63, 2715, 76539
2026/09/19 23:47:58.805, 1, 333.67, 63, 64, 2782, 75497
2026/09/19 23:47:59.805, 0, 288.66, 68, 63, 2805, 76539
2026/09/19 23:47:59.805, 1, 234.90, 57, 63, 2842, 75497
2026/09/19 23:48:00.805, 0, 330.49, 82, 63, 2715, 76539
2026/09/19 23:48:00.805, 1, 315.30, 69, 64, 2775, 75497
2026/09/19 23:48:01.805, 0, 362.71, 92, 65, 2790, 76539
2026/09/19 23:48:01.806, 1, 360.18, 99, 66, 2790, 75497
2026/09/19 23:48:02.806, 0, 356.94, 68, 63, 2722, 76539
2026/09/19 23:48:02.806, 1, 336.88, 71, 65, 2782, 75497
2026/09/19 23:48:03.806, 0, 381.26, 100, 65, 2715, 76539
2026/09/19 23:48:03.806, 1, 375.92, 99, 66, 2775, 75497
2026/09/19 23:48:04.806, 0, 341.88, 75, 64, 2737, 76539
2026/09/19 23:48:04.806, 1, 322.34, 91, 66, 2805, 75497
2026/09/19 23:48:05.806, 0, 380.20, 99, 65, 2722, 76539
2026/09/19 23:48:05.807, 1, 359.49, 99, 64, 2767, 75497
2026/09/19 23:48:06.807, 0, 295.17, 63, 63, 2805, 76539
2026/09/19 23:48:06.807, 1, 234.15, 62, 63, 2835, 75497
2026/09/19 23:48:07.807, 0, 325.41, 99, 64, 2752, 76539
2026/09/19 23:48:07.807, 1, 287.38, 99, 64, 2782, 75497
2026/09/19 23:48:08.807, 0, 355.95, 81, 65, 2737, 76539
2026/09/19 23:48:08.807, 1, 352.46, 99, 66, 2820, 75497
2026/09/19 23:48:09.807, 0, 371.21, 86, 65, 2737, 76539
2026/09/19 23:48:09.807, 1, 346.79, 79, 65, 2760, 75497
2026/09/19 23:48:10.808, 0, 364.67, 99, 65, 2715, 76539
2026/09/19 23:48:10.808, 1, 366.27, 99, 67, 2775, 75497
2026/09/19 23:48:11.808, 0, 359.76, 77, 63, 2782, 76539
2026/09/19 23:48:11.808, 1, 331.33, 80, 65, 2782, 75497
2026/09/19 23:48:12.808, 0, 374.92, 99, 65, 2730, 76539
2026/09/19 23:48:12.808, 1, 364.67, 92, 67, 2767, 75497
2026/09/19 23:48:13.808, 0, 320.53, 64, 63, 2805, 76539
2026/09/19 23:48:13.808, 1, 260.21, 69, 63, 2835, 75497
2026/09/19 23:48:14.809, 0, 303.89, 99, 64, 2805, 76539
2026/09/19 23:48:14.809, 1, 278.45, 94, 66, 2842, 75497
2026/09/19 23:48:15.809, 0, 358.75, 73, 63, 2715, 76539
2026/09/19 23:48:15.809, 1, 340.70, 62, 65, 2827, 75497
2026/09/19 23:48:16.809, 0, 363.43, 92, 65, 2797, 76539
2026/09/19 23:48:16.809, 1, 362.09, 99, 66, 2760, 75497
2026/09/19 23:48:17.809, 0, 365.10, 99, 65, 2730, 76539
2026/09/19 23:48:17.809, 1, 348.63, 92, 67, 2767, 75497
2026/09/19 23:48:18.810, 0, 366.23, 85, 66, 2745, 76539
2026/09/19 23:48:18.810, 1, 343.51, 79, 66, 2782, 75497
2026/09/19 23:48:19.810, 0, 363.45, 99, 65, 2730, 76539
2026/09/19 23:48:19.810, 1, 354.08, 99, 67, 2767, 75497
2026/09/19 23:48:20.810, 0, 331.23, 62, 63, 2790, 76539
2026/09/19 23:48:20.810, 1, 273.94, 75, 63, 2835, 75497
2026/09/19 23:48:21.810, 0, 290.05, 68, 63, 2805, 76539
2026/09/19 23:48:21.810, 1, 242.86, 83, 66, 2820, 75497
2026/09/19 23:48:22.811, 0, 366.69, 92, 65, 2782, 76539
2026/09/19 23:48:22.811, 1, 354.48, 79, 66, 2775, 75497
2026/09/19 23:48:23.811, 0, 356.15, 68, 64, 2730, 76539
2026/09/19 23:48:23.811, 1, 341.36, 99, 66, 2797, 75497
2026/09/19 23:48:24.811, 0, 374.47, 99, 65, 2745, 76539
2026/09/19 23:48:24.811, 1, 362.88, 99, 67, 2760, 75497
2026/09/19 23:48:25.811, 0, 395.84, 99, 65, 2707, 76539
2026/09/19 23:48:25.811, 1, 384.54, 99, 67, 2760, 75497
2026/09/19 23:48:26.812, 0, 397.16, 99, 65, 2715, 76539
2026/09/19 23:48:26.812, 1, 386.58, 99, 67, 2760, 75497
2026/09/19 23:48:27.812, 0, 397.10, 99, 65, 2715, 76539
2026/09/19 23:48:27.812, 1, 385.47, 99, 67, 2760, 75497
2026/09/19 23:48:28.812, 0, 398.97, 95, 65, 2722, 76539
2026/09/19 23:48:28.812, 1, 385.07, 99, 67, 2760, 75497
2026/09/19 23:48:29.812, 0, 395.87, 92, 65, 2722, 76539
2026/09/19 23:48:29.813, 1, 384.46, 99, 67, 2760, 75497
2026/09/19 23:48:30.813, 0, 399.58, 92, 65, 2730, 76539
2026/09/19 23:48:30.813, 1, 383.68, 99, 67, 2760, 75497
2026/09/19 23:48:31.813, 0, 398.41, 92, 66, 2730, 76539
2026/09/19 23:48:31.813, 1, 385.73, 99, 67, 2767, 75497
2026/09/19 23:48:32.813, 0, 398.34, 92, 64, 2722, 76539
2026/09/19 23:48:32.813, 1, 386.59, 96, 67, 2767, 75497
2026/09/19 23:48:33.813, 0, 398.43, 92, 66, 2730, 76539
2026/09/19 23:48:33.814, 1, 383.81, 99, 67, 2775, 75497
2026/09/19 23:48:34.814, 0, 386.24, 99, 65, 2722, 76539
2026/09/19 23:48:34.814, 1, 371.99, 99, 67, 2767, 75497
2026/09/19 23:48:35.814, 0, 187.77, 0, 59, 2835, 77115
2026/09/19 23:48:35.815, 1, 158.43, 0, 61, 2865, 76072
2026/09/19 23:48:36.815, 0, 130.33, 0, 59, 2835, 77115
2026/09/19 23:48:36.815, 1, 119.42, 0, 60, 2865, 76072
2026/09/19 23:48:37.815, 0, 117.17, 0, 58, 2610, 77115
2026/09/19 23:48:37.815, 1, 99.08, 0, 59, 2610, 76072
2026/09/19 23:48:38.815, 0, 106.40, 0, 57, 2610, 77115
2026/09/19 23:48:38.815, 1, 93.46, 0, 58, 2610, 76072
2026/09/19 23:48:39.815, 0, 108.32, 1, 57, 2617, 77115
2026/09/19 23:48:39.815, 1, 94.96, 1, 58, 2625, 76072
2026/09/19 23:48:40.816, 0, 107.49, 0, 56, 2610, 77115
2026/09/19 23:48:40.816, 1, 93.84, 0, 58, 2610, 76072
2026/09/19 23:48:41.816, 0, 105.82, 0, 56, 2610, 77115
2026/09/19 23:48:41.816, 1, 92.41, 0, 57, 2610, 76072
2026/09/19 23:48:42.816, 0, 106.62, 11, 56, 2617, 76539
2026/09/19 23:48:42.816, 1, 129.41, 92, 62, 2715, 75497
2026/09/19 23:48:43.816, 0, 325.49, 79, 60, 2790, 76539
2026/09/19 23:48:43.816, 1, 324.37, 68, 63, 2827, 75497
2026/09/19 23:48:44.817, 0, 368.60, 99, 63, 2737, 76539
2026/09/19 23:48:44.817, 1, 365.63, 99, 64, 2767, 75497
2026/09/19 23:48:45.817, 0, 307.88, 61, 61, 2805, 76539
2026/09/19 23:48:45.817, 1, 256.58, 77, 61, 2850, 75497
2026/09/19 23:48:46.817, 0, 298.56, 99, 62, 2805, 76539
2026/09/19 23:48:46.817, 1, 271.72, 92, 65, 2775, 75497
2026/09/19 23:48:47.817, 0, 358.66, 77, 61, 2730, 76539
2026/09/19 23:48:47.817, 1, 340.93, 68, 63, 2827, 75497
2026/09/19 23:48:48.818, 0, 360.26, 97, 63, 2797, 76539
2026/09/19 23:48:48.818, 1, 357.47, 99, 65, 2760, 75497
2026/09/19 23:48:49.818, 0, 362.69, 99, 63, 2745, 76539
2026/09/19 23:48:49.818, 1, 346.08, 92, 63, 2775, 75497
2026/09/19 23:48:50.818, 0, 364.25, 80, 63, 2745, 76539
2026/09/19 23:48:50.818, 1, 345.72, 88, 64, 2790, 75497
2026/09/19 23:48:51.818, 0, 360.56, 99, 63, 2745, 76539
2026/09/19 23:48:51.819, 1, 350.75, 99, 65, 2767, 75497
2026/09/19 23:48:52.819, 0, 330.28, 63, 61, 2805, 76539
2026/09/19 23:48:52.819, 1, 284.97, 79, 62, 2850, 75497
2026/09/19 23:48:53.819, 0, 286.36, 72, 61, 2805, 76539
2026/09/19 23:48:53.819, 1, 241.96, 82, 64, 2835, 75497
2026/09/19 23:48:54.819, 0, 356.60, 92, 64, 2782, 76539
2026/09/19 23:48:54.819, 1, 353.67, 79, 65, 2775, 75497
2026/09/19 23:48:55.819, 0, 347.04, 68, 62, 2745, 76539
2026/09/19 23:48:55.820, 1, 340.79, 99, 65, 2790, 75497
2026/09/19 23:48:56.820, 0, 360.31, 99, 63, 2790, 76539
2026/09/19 23:48:56.820, 1, 350.36, 92, 66, 2767, 75497
2026/09/19 23:48:57.820, 0, 375.05, 70, 61, 2715, 76539
2026/09/19 23:48:57.820, 1, 344.06, 59, 63, 2842, 75497
2026/09/19 23:48:58.820, 0, 349.96, 97, 64, 2782, 76539
2026/09/19 23:48:58.820, 1, 341.96, 99, 65, 2767, 75497
2026/09/19 23:48:59.821, 0, 353.32, 65, 62, 2775, 76539
2026/09/19 23:48:59.821, 1, 308.95, 73, 62, 2850, 75497
2026/09/19 23:49:00.821, 0, 287.57, 68, 62, 2805, 76539
2026/09/19 23:49:00.821, 1, 231.12, 79, 62, 2842, 75497
2026/09/19 23:49:01.821, 0, 342.22, 86, 65, 2752, 76539
2026/09/19 23:49:01.821, 1, 338.65, 92, 65, 2782, 75497
2026/09/19 23:49:02.821, 0, 366.69, 79, 64, 2737, 76539
2026/09/19 23:49:02.822, 1, 345.41, 69, 64, 2812, 75497
2026/09/19 23:49:03.822, 0, 346.81, 99, 63, 2782, 76539
2026/09/19 23:49:03.822, 1, 348.58, 92, 66, 2790, 75497
2026/09/19 23:49:04.822, 0, 388.40, 92, 65, 2715, 76539
2026/09/19 23:49:04.822, 1, 369.08, 77, 66, 2782, 75497
2026/09/19 23:49:05.822, 0, 334.50, 92, 63, 2797, 76539
2026/09/19 23:49:05.822, 1, 320.54, 99, 65, 2775, 75497
2026/09/19 23:49:06.822, 0, 371.62, 63, 63, 2715, 76539
2026/09/19 23:49:06.822, 1, 332.11, 76, 63, 2835, 75497
2026/09/19 23:49:07.823, 0, 285.53, 70, 62, 2805, 76539
2026/09/19 23:49:07.823, 1, 232.62, 79, 62, 2842, 75497
2026/09/19 23:49:08.823, 0, 326.84, 79, 62, 2715, 76539
2026/09/19 23:49:08.823, 1, 306.39, 67, 64, 2827, 75497
2026/09/19 23:49:09.823, 0, 362.73, 92, 64, 2797, 76539
2026/09/19 23:49:09.823, 1, 360.15, 99, 66, 2767, 75497
2026/09/19 23:49:10.823, 0, 358.17, 71, 63, 2722, 76539
2026/09/19 23:49:10.824, 1, 339.23, 91, 65, 2827, 75497
2026/09/19 23:49:11.824, 0, 378.38, 92, 65, 2715, 76539
2026/09/19 23:49:11.824, 1, 368.55, 92, 66, 2775, 75497
2026/09/19 23:49:12.824, 0, 348.40, 77, 63, 2737, 76539
2026/09/19 23:49:12.824, 1, 320.31, 99, 65, 2812, 75497
2026/09/19 23:49:13.824, 0, 378.89, 99, 64, 2722, 76539
2026/09/19 23:49:13.824, 1, 361.58, 77, 64, 2782, 75497
2026/09/19 23:49:14.824, 0, 292.46, 68, 63, 2805, 76539
2026/09/19 23:49:14.825, 1, 234.81, 80, 63, 2835, 75497
2026/09/19 23:49:15.825, 0, 325.46, 99, 64, 2760, 76539
2026/09/19 23:49:15.825, 1, 287.30, 76, 64, 2775, 75497
2026/09/19 23:49:16.825, 0, 355.19, 81, 64, 2737, 76539
2026/09/19 23:49:16.825, 1, 351.98, 92, 65, 2782, 75497
2026/09/19 23:49:17.825, 0, 369.02, 79, 65, 2737, 76539
2026/09/19 23:49:17.825, 1, 347.80, 72, 65, 2805, 75497
2026/09/19 23:49:18.826, 0, 364.35, 99, 65, 2715, 76539
2026/09/19 23:49:18.826, 1, 366.61, 92, 66, 2767, 75497
2026/09/19 23:49:19.826, 0, 355.38, 73, 63, 2775, 76539
2026/09/19 23:49:19.826, 1, 327.91, 71, 65, 2827, 75497
2026/09/19 23:49:20.826, 0, 374.04, 99, 64, 2730, 76539
2026/09/19 23:49:20.826, 1, 365.59, 99, 66, 2760, 75497
2026/09/19 23:49:21.826, 0, 316.02, 62, 63, 2797, 76539
2026/09/19 23:49:21.826, 1, 242.54, 70, 63, 2842, 75497
2026/09/19 23:49:22.827, 0, 301.80, 99, 64, 2805, 76539
2026/09/19 23:49:22.827, 1, 275.43, 92, 66, 2767, 75497
2026/09/19 23:49:23.827, 0, 357.19, 75, 63, 2715, 76539
2026/09/19 23:49:23.827, 1, 341.35, 67, 65, 2820, 75497
2026/09/19 23:49:24.827, 0, 352.83, 92, 64, 2790, 76539
2026/09/19 23:49:24.827, 1, 360.95, 99, 66, 2760, 75497
2026/09/19 23:49:25.827, 0, 362.82, 99, 65, 2730, 76539
2026/09/19 23:49:25.827, 1, 350.63, 92, 66, 2775, 75497
2026/09/19 23:49:26.828, 0, 365.07, 80, 64, 2737, 76539
2026/09/19 23:49:26.828, 1, 344.02, 85, 66, 2782, 75497
2026/09/19 23:49:27.828, 0, 361.06, 99, 65, 2737, 76539
2026/09/19 23:49:27.828, 1, 350.35, 99, 66, 2767, 75497
2026/09/19 23:49:28.828, 0, 337.72, 62, 63, 2797, 76539
2026/09/19 23:49:28.828, 1, 286.66, 79, 63, 2835, 75497
2026/09/19 23:49:29.828, 0, 287.75, 69, 63, 2805, 76539
2026/09/19 23:49:29.829, 1, 245.31, 83, 65, 2835, 75497
2026/09/19 23:49:30.829, 0, 357.24, 92, 65, 2782, 76539
2026/09/19 23:49:30.829, 1, 353.38, 79, 67, 2775, 75497
2026/09/19 23:49:31.829, 0, 349.94, 71, 64, 2730, 76539
2026/09/19 23:49:31.829, 1, 341.35, 99, 66, 2790, 75497
2026/09/19 23:49:32.829, 0, 361.69, 99, 65, 2782, 76539
2026/09/19 23:49:32.829, 1, 352.64, 92, 66, 2775, 75497
2026/09/19 23:49:33.829, 0, 378.41, 76, 63, 2722, 76539
2026/09/19 23:49:33.830, 1, 346.08, 54, 64, 2835, 75497
2026/09/19 23:49:34.830, 0, 350.33, 99, 65, 2775, 76539
2026/09/19 23:49:34.830, 1, 348.89, 99, 66, 2767, 75497
2026/09/19 23:49:35.830, 0, 354.38, 67, 63, 2752, 76539
2026/09/19 23:49:35.830, 1, 313.27, 79, 63, 2835, 75497
2026/09/19 23:49:36.830, 0, 291.42, 77, 63, 2805, 76539
2026/09/19 23:49:36.830, 1, 233.81, 80, 63, 2842, 75497
2026/09/19 23:49:37.830, 0, 337.37, 82, 64, 2737, 76539
2026/09/19 23:49:37.830, 1, 335.79, 92, 65, 2782, 75497
2026/09/19 23:49:38.831, 0, 370.04, 90, 65, 2737, 76539
2026/09/19 23:49:38.831, 1, 343.33, 75, 65, 2805, 75497
2026/09/19 23:49:39.831, 0, 349.95, 99, 64, 2775, 76539
2026/09/19 23:49:39.831, 1, 348.18, 92, 66, 2797, 75497
2026/09/19 23:49:40.831, 0, 389.58, 92, 65, 2722, 76539
2026/09/19 23:49:40.831, 1, 375.23, 83, 66, 2775, 75497
2026/09/19 23:49:41.831, 0, 343.68, 99, 64, 2790, 76539
2026/09/19 23:49:41.831, 1, 317.95, 99, 66, 2782, 75497
2026/09/19 23:49:42.832, 0, 377.40, 71, 63, 2715, 76539
2026/09/19 23:49:42.832, 1, 336.48, 80, 63, 2827, 75497
2026/09/19 23:49:43.832, 0, 291.43, 68, 63, 2805, 76539
2026/09/19 23:49:43.832, 1, 235.56, 80, 63, 2842, 75497
2026/09/19 23:49:44.832, 0, 333.14, 84, 63, 2715, 76539
2026/09/19 23:49:44.832, 1, 315.01, 75, 65, 2820, 75497
2026/09/19 23:49:45.832, 0, 369.69, 92, 65, 2782, 76539
2026/09/19 23:49:45.832, 1, 360.98, 99, 66, 2775, 75497
2026/09/19 23:49:46.833, 0, 356.47, 69, 64, 2722, 76539
2026/09/19 23:49:46.833, 1, 336.64, 93, 65, 2820, 75497
2026/09/19 23:49:47.833, 0, 380.87, 95, 65, 2722, 76539
2026/09/19 23:49:47.833, 1, 375.21, 92, 65, 2775, 75497
2026/09/19 23:49:48.833, 0, 344.23, 78, 64, 2737, 76539
2026/09/19 23:49:48.833, 1, 322.19, 99, 65, 2812, 75497
2026/09/19 23:49:49.833, 0, 380.75, 99, 65, 2730, 76539
2026/09/19 23:49:49.833, 1, 360.27, 68, 64, 2790, 75497
2026/09/19 23:49:50.834, 0, 298.58, 63, 63, 2805, 76539
2026/09/19 23:49:50.834, 1, 231.17, 79, 63, 2835, 75497
2026/09/19 23:49:51.834, 0, 324.51, 99, 65, 2767, 76539
2026/09/19 23:49:51.834, 1, 286.02, 79, 64, 2775, 75497
2026/09/19 23:49:52.834, 0, 354.25, 74, 64, 2730, 76539
2026/09/19 23:49:52.834, 1, 341.90, 99, 66, 2782, 75497
2026/09/19 23:49:53.834, 0, 374.24, 99, 65, 2737, 76539
2026/09/19 23:49:53.834, 1, 344.23, 77, 65, 2797, 75497
2026/09/19 23:49:54.835, 0, 364.16, 95, 65, 2715, 76539
2026/09/19 23:49:54.835, 1, 363.35, 92, 66, 2775, 75497
2026/09/19 23:49:55.835, 0, 357.64, 79, 62, 2782, 76539
2026/09/19 23:49:55.835, 1, 327.00, 69, 65, 2820, 75497
2026/09/19 23:49:56.835, 0, 364.20, 99, 65, 2730, 76539
2026/09/19 23:49:56.835, 1, 364.02, 99, 66, 2767, 75497
2026/09/19 23:49:57.835, 0, 319.61, 65, 63, 2805, 76539
2026/09/19 23:49:57.835, 1, 261.26, 80, 63, 2835, 75497
2026/09/19 23:49:58.836, 0, 302.16, 99, 64, 2805, 76539
2026/09/19 23:49:58.836, 1, 274.56, 92, 67, 2767, 75497
2026/09/19 23:49:59.836, 0, 364.40, 79, 63, 2722, 76539
2026/09/19 23:49:59.836, 1, 345.45, 71, 66, 2820, 75497
2026/09/19 23:50:00.836, 0, 363.80, 96, 65, 2790, 76539
2026/09/19 23:50:00.836, 1, 360.27, 99, 66, 2760, 75497
2026/09/19 23:50:01.836, 0, 362.55, 99, 65, 2737, 76539
2026/09/19 23:50:01.837, 1, 348.57, 92, 66, 2775, 75497
2026/09/19 23:50:02.837, 0, 369.19, 80, 64, 2737, 76539
2026/09/19 23:50:02.837, 1, 345.90, 90, 66, 2782, 75497
2026/09/19 23:50:03.837, 0, 362.02, 99, 65, 2730, 76539
2026/09/19 23:50:03.837, 1, 349.68, 99, 66, 2767, 75497
2026/09/19 23:50:04.837, 0, 334.60, 63, 63, 2797, 76539
2026/09/19 23:50:04.837, 1, 287.40, 79, 63, 2835, 75497
2026/09/19 23:50:05.837, 0, 290.81, 67, 63, 2805, 76539
2026/09/19 23:50:05.838, 1, 246.93, 85, 65, 2827, 75497
2026/09/19 23:50:06.838, 0, 367.59, 92, 65, 2775, 76539
2026/09/19 23:50:06.838, 1, 353.64, 79, 66, 2775, 75497
2026/09/19 23:50:07.838, 0, 354.03, 66, 64, 2730, 76539
2026/09/19 23:50:07.838, 1, 341.13, 99, 66, 2790, 75497
2026/09/19 23:50:08.838, 0, 362.91, 99, 65, 2775, 76539
2026/09/19 23:50:08.838, 1, 348.64, 92, 67, 2767, 75497
2026/09/19 23:50:09.838, 0, 378.91, 71, 63, 2715, 76539
2026/09/19 23:50:09.839, 1, 345.12, 58, 64, 2835, 75497
2026/09/19 23:50:10.839, 0, 352.72, 99, 65, 2775, 76539
2026/09/19 23:50:10.839, 1, 352.95, 99, 66, 2767, 75497
2026/09/19 23:50:11.839, 0, 355.83, 62, 63, 2760, 76539
2026/09/19 23:50:11.839, 1, 310.27, 79, 63, 2835, 75497
2026/09/19 23:50:12.839, 0, 289.20, 69, 63, 2805, 76539
2026/09/19 23:50:12.839, 1, 234.37, 80, 63, 2835, 75497
2026/09/19 23:50:13.840, 0, 342.49, 86, 66, 2745, 76539
2026/09/19 23:50:13.840, 1, 339.01, 92, 66, 2782, 75497
2026/09/19 23:50:14.840, 0, 366.77, 79, 65, 2730, 76539
2026/09/19 23:50:14.840, 1, 343.88, 66, 65, 2805, 75497
2026/09/19 23:50:15.840, 0, 347.99, 99, 64, 2775, 76539
2026/09/19 23:50:15.840, 1, 349.05, 92, 67, 2797, 75497
2026/09/19 23:50:16.840, 0, 389.83, 92, 66, 2722, 76539
2026/09/19 23:50:16.840, 1, 371.21, 77, 67, 2782, 75497
2026/09/19 23:50:17.841, 0, 343.80, 99, 64, 2797, 76539
2026/09/19 23:50:17.841, 1, 322.57, 99, 66, 2775, 75497
2026/09/19 23:50:18.841, 0, 375.32, 66, 63, 2715, 76539
2026/09/19 23:50:18.841, 1, 338.49, 80, 64, 2827, 75497
2026/09/19 23:50:19.841, 0, 289.03, 68, 63, 2805, 76539
2026/09/19 23:50:19.841, 1, 233.98, 78, 63, 2842, 75497
2026/09/19 23:50:20.841, 0, 325.25, 85, 63, 2707, 76539
2026/09/19 23:50:20.842, 1, 311.09, 71, 65, 2820, 75497
2026/09/19 23:50:21.842, 0, 356.89, 92, 65, 2790, 76539
2026/09/19 23:50:21.842, 1, 358.40, 99, 66, 2767, 75497
2026/09/19 23:50:22.842, 0, 353.75, 71, 64, 2722, 76539
2026/09/19 23:50:22.842, 1, 338.83, 93, 66, 2820, 75497
2026/09/19 23:50:23.842, 0, 375.85, 92, 65, 2715, 76539
2026/09/19 23:50:23.842, 1, 374.00, 92, 67, 2775, 75497
2026/09/19 23:50:24.842, 0, 343.36, 73, 64, 2737, 76539
2026/09/19 23:50:24.843, 1, 321.90, 99, 66, 2812, 75497
2026/09/19 23:50:25.843, 0, 383.42, 99, 65, 2715, 76539
2026/09/19 23:50:25.843, 1, 363.75, 81, 65, 2782, 75497
2026/09/19 23:50:26.843, 0, 291.92, 74, 63, 2805, 76539
2026/09/19 23:50:26.843, 1, 233.77, 79, 63, 2835, 75497
2026/09/19 23:50:27.843, 0, 316.19, 92, 65, 2782, 76539
2026/09/19 23:50:27.843, 1, 290.94, 79, 66, 2775, 75497
2026/09/19 23:50:28.843, 0, 354.33, 70, 64, 2730, 76539
2026/09/19 23:50:28.843, 1, 341.56, 99, 66, 2790, 75497
2026/09/19 23:50:29.844, 0, 373.56, 99, 65, 2745, 76539
2026/09/19 23:50:29.844, 1, 350.16, 72, 64, 2782, 75497
2026/09/19 23:50:30.844, 0, 363.68, 92, 65, 2722, 76539
2026/09/19 23:50:30.844, 1, 362.32, 99, 66, 2775, 75497
2026/09/19 23:50:31.844, 0, 367.99, 88, 65, 2805, 76539
2026/09/19 23:50:31.844, 1, 331.58, 71, 65, 2805, 75497
2026/09/19 23:50:32.844, 0, 362.83, 99, 65, 2715, 76539
2026/09/19 23:50:32.844, 1, 360.15, 92, 66, 2775, 75497
2026/09/19 23:50:33.845, 0, 324.65, 82, 63, 2805, 76539
2026/09/19 23:50:33.845, 1, 253.59, 66, 63, 2842, 75497
2026/09/19 23:50:34.845, 0, 296.89, 76, 63, 2805, 76539
2026/09/19 23:50:34.845, 1, 263.45, 93, 65, 2790, 75497
2026/09/19 23:50:35.845, 0, 373.21, 97, 65, 2737, 76539
2026/09/19 23:50:35.845, 1, 345.16, 75, 65, 2797, 75497
2026/09/19 23:50:36.845, 0, 356.04, 99, 65, 2767, 76539
2026/09/19 23:50:36.845, 1, 356.65, 92, 67, 2767, 75497
2026/09/19 23:50:37.845, 0, 364.54, 92, 63, 2767, 76539
2026/09/19 23:50:37.846, 1, 349.39, 99, 66, 2775, 75497
2026/09/19 23:50:38.846, 0, 369.98, 64, 64, 2730, 76539
2026/09/19 23:50:38.846, 1, 346.99, 99, 66, 2797, 75497
2026/09/19 23:50:39.846, 0, 357.57, 99, 65, 2737, 76539
2026/09/19 23:50:39.846, 1, 349.70, 92, 65, 2775, 75497
2026/09/19 23:50:40.846, 0, 341.83, 83, 63, 2790, 76539
2026/09/19 23:50:40.846, 1, 297.67, 73, 64, 2835, 75497
2026/09/19 23:50:41.846, 0, 288.26, 80, 63, 2805, 76539
2026/09/19 23:50:41.847, 1, 237.64, 63, 63, 2842, 75497
2026/09/19 23:50:42.847, 0, 354.28, 92, 65, 2797, 76539
2026/09/19 23:50:42.847, 1, 352.77, 99, 66, 2767, 75497
2026/09/19 23:50:43.847, 0, 354.40, 71, 64, 2722, 76539
2026/09/19 23:50:43.847, 1, 340.53, 96, 66, 2805, 75497
2026/09/19 23:50:44.847, 0, 361.24, 92, 65, 2782, 76539
2026/09/19 23:50:44.847, 1, 350.28, 92, 66, 2775, 75497
2026/09/19 23:50:45.848, 0, 382.61, 77, 64, 2730, 76539
2026/09/19 23:50:45.848, 1, 349.86, 56, 64, 2820, 75497
2026/09/19 23:50:46.848, 0, 346.45, 99, 65, 2775, 76539
2026/09/19 23:50:46.848, 1, 346.83, 94, 67, 2767, 75497
2026/09/19 23:50:47.848, 0, 360.24, 77, 63, 2745, 76539
2026/09/19 23:50:47.848, 1, 316.87, 79, 63, 2827, 75497
2026/09/19 23:50:48.848, 0, 288.11, 83, 63, 2805, 76539
2026/09/19 23:50:48.848, 1, 232.39, 71, 63, 2842, 75497
2026/09/19 23:50:49.848, 0, 340.65, 75, 64, 2730, 76539
2026/09/19 23:50:49.849, 1, 324.79, 99, 66, 2782, 75497
2026/09/19 23:50:50.849, 0, 373.73, 99, 65, 2737, 76539
2026/09/19 23:50:50.849, 1, 344.51, 80, 65, 2797, 75497
2026/09/19 23:50:51.849, 0, 350.46, 93, 64, 2760, 76539
2026/09/19 23:50:51.849, 1, 346.67, 92, 65, 2805, 75497
2026/09/19 23:50:52.849, 0, 388.04, 92, 64, 2722, 76539
2026/09/19 23:50:52.849, 1, 376.96, 99, 66, 2767, 75497
2026/09/19 23:50:53.850, 0, 344.46, 99, 64, 2790, 76539
2026/09/19 23:50:53.850, 1, 321.83, 99, 66, 2782, 75497
2026/09/19 23:50:54.850, 0, 375.53, 77, 64, 2715, 76539
2026/09/19 23:50:54.850, 1, 338.99, 80, 64, 2827, 75497
2026/09/19 23:50:55.850, 0, 288.51, 83, 63, 2805, 76539
2026/09/19 23:50:55.850, 1, 232.95, 70, 63, 2835, 75497
2026/09/19 23:50:56.850, 0, 327.95, 78, 63, 2722, 76539
2026/09/19 23:50:56.850, 1, 303.26, 67, 65, 2820, 75497
2026/09/19 23:50:57.851, 0, 353.67, 99, 65, 2790, 76539
2026/09/19 23:50:57.851, 1, 358.83, 99, 67, 2760, 75497
2026/09/19 23:50:58.851, 0, 358.29, 81, 64, 2707, 76539
2026/09/19 23:50:58.851, 1, 335.20, 78, 65, 2827, 75497
2026/09/19 23:50:59.851, 0, 368.76, 92, 65, 2730, 76539
2026/09/19 23:50:59.851, 1, 366.66, 99, 67, 2767, 75497
2026/09/19 23:51:00.851, 0, 349.96, 68, 64, 2737, 76539
2026/09/19 23:51:00.852, 1, 324.48, 93, 66, 2820, 75497
2026/09/19 23:51:01.852, 0, 376.57, 92, 65, 2715, 76539
2026/09/19 23:51:01.852, 1, 367.92, 99, 66, 2775, 75497
2026/09/19 23:51:02.852, 0, 302.52, 83, 63, 2805, 76539
2026/09/19 23:51:02.852, 1, 242.79, 72, 63, 2835, 75497
2026/09/19 23:51:03.852, 0, 319.24, 92, 65, 2782, 76539
2026/09/19 23:51:03.852, 1, 292.27, 79, 66, 2775, 75497
2026/09/19 23:51:04.852, 0, 351.81, 68, 64, 2730, 76539
2026/09/19 23:51:04.852, 1, 342.82, 99, 66, 2790, 75497
2026/09/19 23:51:05.853, 0, 369.94, 99, 65, 2745, 76539
2026/09/19 23:51:05.853, 1, 344.93, 72, 64, 2782, 75497
2026/09/19 23:51:06.853, 0, 362.23, 92, 65, 2722, 76539
2026/09/19 23:51:06.853, 1, 361.70, 99, 66, 2775, 75497
2026/09/19 23:51:07.853, 0, 367.48, 83, 65, 2797, 76539
2026/09/19 23:51:07.853, 1, 332.31, 72, 65, 2805, 75497
2026/09/19 23:51:08.853, 0, 363.93, 99, 65, 2715, 76539
2026/09/19 23:51:08.853, 1, 360.40, 92, 67, 2775, 75497
2026/09/19 23:51:09.854, 0, 316.29, 81, 63, 2797, 76539
2026/09/19 23:51:09.854, 1, 265.38, 80, 64, 2835, 75497
2026/09/19 23:51:10.854, 0, 299.10, 87, 65, 2790, 76539
2026/09/19 23:51:10.854, 1, 267.09, 92, 67, 2782, 75497
2026/09/19 23:51:11.854, 0, 366.95, 79, 65, 2730, 76539
2026/09/19 23:51:11.854, 1, 345.32, 68, 65, 2812, 75497
2026/09/19 23:51:12.854, 0, 353.99, 99, 65, 2782, 76539
2026/09/19 23:51:12.855, 1, 355.20, 99, 67, 2760, 75497
2026/09/19 23:51:13.855, 0, 363.65, 92, 65, 2752, 76539
2026/09/19 23:51:13.855, 1, 346.88, 92, 68, 2775, 75497
2026/09/19 23:51:14.855, 0, 365.53, 64, 64, 2730, 76539
2026/09/19 23:51:14.855, 1, 348.08, 99, 67, 2790, 75497
2026/09/19 23:51:15.855, 0, 366.03, 99, 65, 2730, 76539
2026/09/19 23:51:15.855, 1, 351.25, 92, 67, 2767, 75497
2026/09/19 23:51:16.855, 0, 342.37, 78, 63, 2790, 76539
2026/09/19 23:51:16.855, 1, 290.78, 80, 64, 2835, 75497
2026/09/19 23:51:17.856, 0, 289.55, 83, 63, 2805, 76539
2026/09/19 23:51:17.856, 1, 239.61, 66, 63, 2835, 75497
2026/09/19 23:51:18.856, 0, 363.55, 92, 64, 2790, 76539
2026/09/19 23:51:18.856, 1, 354.34, 99, 66, 2767, 75497
2026/09/19 23:51:19.856, 0, 353.89, 72, 64, 2722, 76539
2026/09/19 23:51:19.856, 1, 343.54, 99, 66, 2805, 75497
2026/09/19 23:51:20.856, 0, 362.20, 99, 65, 2782, 76539
2026/09/19 23:51:20.857, 1, 351.65, 92, 66, 2775, 75497
2026/09/19 23:51:21.857, 0, 381.96, 77, 63, 2730, 76539
2026/09/19 23:51:21.857, 1, 349.91, 58, 64, 2827, 75497
2026/09/19 23:51:22.857, 0, 348.09, 99, 65, 2775, 76539
2026/09/19 23:51:22.857, 1, 347.23, 99, 67, 2767, 75497
2026/09/19 23:51:23.857, 0, 356.50, 74, 63, 2745, 76539
2026/09/19 23:51:23.857, 1, 317.98, 80, 64, 2827, 75497
2026/09/19 23:51:24.857, 0, 289.84, 80, 63, 2805, 76539
2026/09/19 23:51:24.857, 1, 235.16, 79, 63, 2835, 75497
2026/09/19 23:51:25.858, 0, 340.71, 78, 63, 2737, 76539
2026/09/19 23:51:25.858, 1, 335.10, 97, 66, 2782, 75497
2026/09/19 23:51:26.858, 0, 372.97, 99, 65, 2737, 76539
2026/09/19 23:51:26.858, 1, 343.05, 77, 65, 2797, 75497
2026/09/19 23:51:27.858, 0, 350.38, 93, 64, 2767, 76539
2026/09/19 23:51:27.858, 1, 346.26, 92, 65, 2805, 75497
2026/09/19 23:51:28.858, 0, 388.46, 92, 64, 2730, 76539
2026/09/19 23:51:28.859, 1, 377.22, 99, 67, 2767, 75497
2026/09/19 23:51:29.859, 0, 343.48, 99, 64, 2790, 76539
2026/09/19 23:51:29.859, 1, 321.82, 99, 66, 2782, 75497
2026/09/19 23:51:30.859, 0, 378.37, 76, 64, 2715, 76539
2026/09/19 23:51:30.859, 1, 338.94, 79, 64, 2827, 75497
2026/09/19 23:51:31.859, 0, 287.46, 82, 63, 2805, 76539
2026/09/19 23:51:31.859, 1, 233.97, 72, 63, 2835, 75497
2026/09/19 23:51:32.859, 0, 330.10, 79, 63, 2722, 76539
2026/09/19 23:51:32.860, 1, 298.68, 67, 65, 2820, 75497
2026/09/19 23:51:33.860, 0, 356.54, 99, 65, 2782, 76539
2026/09/19 23:51:33.860, 1, 358.08, 99, 67, 2760, 75497
2026/09/19 23:51:34.860, 0, 357.48, 80, 64, 2707, 76539
2026/09/19 23:51:34.860, 1, 340.51, 79, 66, 2820, 75497
2026/09/19 23:51:35.860, 0, 383.81, 99, 65, 2707, 76539
2026/09/19 23:51:35.860, 1, 383.12, 92, 67, 2775, 75497
2026/09/19 23:51:36.861, 0, 397.40, 99, 66, 2707, 76539
2026/09/19 23:51:36.861, 1, 384.44, 92, 68, 2767, 75497
2026/09/19 23:51:37.861, 0, 398.69, 99, 65, 2707, 76539
2026/09/19 23:51:37.861, 1, 386.37, 92, 67, 2767, 75497
2026/09/19 23:51:38.861, 0, 398.23, 99, 65, 2707, 76539
2026/09/19 23:51:38.861, 1, 386.10, 97, 67, 2760, 75497
2026/09/19 23:51:39.861, 0, 397.43, 99, 66, 2707, 76539
2026/09/19 23:51:39.861, 1, 385.29, 99, 67, 2760, 75497
2026/09/19 23:51:40.862, 0, 398.10, 99, 66, 2707, 76539
2026/09/19 23:51:40.862, 1, 385.15, 99, 67, 2760, 75497
2026/09/19 23:51:41.862, 0, 399.00, 99, 66, 2715, 76539
2026/09/19 23:51:41.862, 1, 386.43, 99, 67, 2760, 75497
2026/09/19 23:51:42.862, 0, 398.25, 94, 66, 2722, 76539
2026/09/19 23:51:42.862, 1, 385.36, 99, 68, 2760, 75497
2026/09/19 23:51:43.862, 0, 396.75, 92, 66, 2722, 76539
2026/09/19 23:51:43.862, 1, 385.38, 99, 68, 2760, 75497
2026/09/19 23:51:44.863, 0, 390.34, 99, 65, 2767, 76539
2026/09/19 23:51:44.863, 1, 374.74, 99, 67, 2767, 75497
2026/09/19 23:51:45.863, 0, 309.16, 0, 60, 2782, 76539
2026/09/19 23:51:45.863, 1, 260.58, 0, 61, 2865, 75497
2026/09/19 23:51:46.863, 0, 131.84, 0, 59, 2835, 77115
2026/09/19 23:51:46.864, 1, 120.07, 0, 60, 2865, 76072
2026/09/19 23:51:47.864, 0, 124.06, 0, 58, 2610, 77115
2026/09/19 23:51:47.864, 1, 113.64, 0, 59, 2610, 76072
2026/09/19 23:51:48.864, 0, 107.72, 0, 57, 2610, 77115
2026/09/19 23:51:48.864, 1, 93.43, 0, 59, 2610, 76072
2026/09/19 23:51:49.864, 0, 107.60, 0, 57, 2610, 77115
2026/09/19 23:51:49.864, 1, 93.06, 0, 58, 2610, 76072
2026/09/19 23:51:50.865, 0, 106.99, 1, 57, 2610, 77115
2026/09/19 23:51:50.865, 1, 92.84, 0, 58, 2610, 76072
2026/09/19 23:51:51.865, 0, 108.08, 0, 56, 2610, 77115
2026/09/19 23:51:51.865, 1, 93.67, 0, 58, 2610, 76072
2026/09/19 23:51:52.865, 0, 106.48, 0, 56, 2610, 77115
2026/09/19 23:51:52.865, 1, 93.51, 0, 58, 2610, 76072
2026/09/19 23:51:53.865, 0, 105.68, 1, 56, 2610, 76539
2026/09/19 23:51:53.866, 1, 91.63, 0, 57, 2610, 75497
2026/09/19 23:51:54.866, 0, 271.50, 68, 61, 2745, 76539
2026/09/19 23:51:54.866, 1, 290.00, 99, 64, 2790, 75497
2026/09/19 23:51:55.866, 0, 359.61, 99, 63, 2745, 76539
2026/09/19 23:51:55.866, 1, 346.58, 92, 65, 2767, 75497
2026/09/19 23:51:56.866, 0, 336.55, 76, 61, 2805, 76539
2026/09/19 23:51:56.866, 1, 285.90, 80, 61, 2842, 75497
2026/09/19 23:51:57.866, 0, 283.26, 82, 60, 2805, 76539
2026/09/19 23:51:57.867, 1, 236.15, 68, 61, 2842, 75497
2026/09/19 23:51:58.867, 0, 358.45, 92, 62, 2797, 76539
2026/09/19 23:51:58.867, 1, 350.41, 99, 64, 2775, 75497
2026/09/19 23:51:59.867, 0, 349.01, 69, 62, 2737, 76539
2026/09/19 23:51:59.867, 1, 338.70, 99, 65, 2805, 75497
2026/09/19 23:52:00.867, 0, 355.73, 97, 63, 2797, 76539
2026/09/19 23:52:00.867, 1, 347.03, 92, 64, 2775, 75497
2026/09/19 23:52:01.868, 0, 378.30, 78, 61, 2737, 76539
2026/09/19 23:52:01.868, 1, 346.67, 56, 62, 2835, 75497
2026/09/19 23:52:02.868, 0, 337.87, 99, 63, 2782, 76539
2026/09/19 23:52:02.868, 1, 343.30, 98, 65, 2767, 75497
2026/09/19 23:52:03.868, 0, 354.19, 77, 62, 2752, 76539
2026/09/19 23:52:03.868, 1, 314.54, 80, 62, 2835, 75497
2026/09/19 23:52:04.868, 0, 284.86, 79, 61, 2805, 76539
2026/09/19 23:52:04.868, 1, 232.77, 81, 62, 2842, 75497
2026/09/19 23:52:05.869, 0, 338.84, 80, 64, 2745, 76539
2026/09/19 23:52:05.869, 1, 324.36, 92, 65, 2782, 75497
2026/09/19 23:52:06.869, 0, 369.02, 90, 65, 2737, 76539
2026/09/19 23:52:06.869, 1, 341.76, 73, 64, 2805, 75497
2026/09/19 23:52:07.869, 0, 346.65, 99, 63, 2775, 76539
2026/09/19 23:52:07.869, 1, 344.49, 92, 66, 2805, 75497
2026/09/19 23:52:08.869, 0, 384.19, 92, 65, 2730, 76539
2026/09/19 23:52:08.869, 1, 373.78, 90, 65, 2775, 75497
2026/09/19 23:52:09.870, 0, 333.98, 99, 63, 2797, 76539
2026/09/19 23:52:09.870, 1, 320.50, 99, 65, 2782, 75497
2026/09/19 23:52:10.870, 0, 375.23, 75, 63, 2722, 76539
2026/09/19 23:52:10.870, 1, 335.71, 79, 63, 2835, 75497
2026/09/19 23:52:11.870, 0, 283.55, 82, 62, 2805, 76539
2026/09/19 23:52:11.870, 1, 230.37, 70, 62, 2842, 75497
2026/09/19 23:52:12.870, 0, 322.01, 78, 62, 2722, 76539
2026/09/19 23:52:12.871, 1, 303.94, 70, 65, 2827, 75497
2026/09/19 23:52:13.871, 0, 359.49, 99, 64, 2797, 76539
2026/09/19 23:52:13.871, 1, 358.45, 99, 66, 2760, 75497
2026/09/19 23:52:14.871, 0, 358.23, 80, 63, 2715, 76539
2026/09/19 23:52:14.871, 1, 336.44, 81, 64, 2827, 75497
2026/09/19 23:52:15.871, 0, 376.93, 92, 63, 2722, 76539
2026/09/19 23:52:15.871, 1, 368.05, 99, 66, 2767, 75497
2026/09/19 23:52:16.872, 0, 349.35, 69, 63, 2737, 76539
2026/09/19 23:52:16.872, 1, 324.05, 99, 65, 2820, 75497
2026/09/19 23:52:17.872, 0, 376.75, 99, 64, 2715, 76539
2026/09/19 23:52:17.872, 1, 365.76, 93, 65, 2782, 75497
2026/09/19 23:52:18.872, 0, 306.88, 81, 62, 2805, 76539
2026/09/19 23:52:18.872, 1, 238.59, 75, 63, 2835, 75497
2026/09/19 23:52:19.872, 0, 318.58, 92, 64, 2790, 76539
2026/09/19 23:52:19.872, 1, 289.97, 79, 66, 2775, 75497
2026/09/19 23:52:20.873, 0, 354.55, 71, 63, 2730, 76539
2026/09/19 23:52:20.873, 1, 340.93, 99, 66, 2797, 75497
2026/09/19 23:52:21.873, 0, 371.86, 99, 64, 2752, 76539
2026/09/19 23:52:21.873, 1, 345.75, 75, 64, 2782, 75497
2026/09/19 23:52:22.873, 0, 361.85, 92, 63, 2730, 76539
2026/09/19 23:52:22.873, 1, 348.84, 99, 66, 2775, 75497
2026/09/19 23:52:23.873, 0, 366.88, 91, 64, 2797, 76539
2026/09/19 23:52:23.874, 1, 327.59, 72, 65, 2805, 75497
2026/09/19 23:52:24.874, 0, 363.31, 99, 65, 2715, 76539
2026/09/19 23:52:24.874, 1, 358.56, 92, 65, 2775, 75497
2026/09/19 23:52:25.874, 0, 318.30, 84, 62, 2805, 76539
2026/09/19 23:52:25.874, 1, 267.48, 78, 63, 2835, 75497
2026/09/19 23:52:26.874, 0, 300.50, 89, 64, 2805, 76539
2026/09/19 23:52:26.874, 1, 270.32, 92, 65, 2782, 75497
2026/09/19 23:52:27.874, 0, 365.83, 79, 64, 2737, 76539
2026/09/19 23:52:27.874, 1, 342.71, 67, 65, 2812, 75497
2026/09/19 23:52:28.875, 0, 353.65, 99, 64, 2782, 76539
2026/09/19 23:52:28.875, 1, 358.60, 99, 66, 2760, 75497
2026/09/19 23:52:29.875, 0, 362.05, 92, 65, 2752, 76539
2026/09/19 23:52:29.875, 1, 345.57, 91, 66, 2775, 75497
2026/09/19 23:52:30.875, 0, 364.26, 66, 63, 2737, 76539
2026/09/19 23:52:30.875, 1, 347.00, 99, 66, 2782, 75497
2026/09/19 23:52:31.875, 0, 357.67, 99, 65, 2737, 76539
2026/09/19 23:52:31.875, 1, 349.29, 92, 66, 2767, 75497
2026/09/19 23:52:32.876, 0, 337.17, 79, 63, 2790, 76539
2026/09/19 23:52:32.876, 1, 292.33, 80, 63, 2835, 75497
2026/09/19 23:52:33.876, 0, 289.18, 80, 62, 2805, 76539
2026/09/19 23:52:33.876, 1, 242.54, 71, 62, 2842, 75497
2026/09/19 23:52:34.876, 0, 364.73, 92, 65, 2790, 76539
2026/09/19 23:52:34.876, 1, 355.43, 93, 66, 2775, 75497
2026/09/19 23:52:35.876, 0, 357.28, 71, 64, 2730, 76539
2026/09/19 23:52:35.877, 1, 344.37, 99, 66, 2797, 75497
2026/09/19 23:52:36.877, 0, 361.65, 99, 65, 2782, 76539
2026/09/19 23:52:36.877, 1, 351.28, 92, 66, 2775, 75497
2026/09/19 23:52:37.877, 0, 378.69, 76, 63, 2722, 76539
2026/09/19 23:52:37.877, 1, 347.77, 54, 64, 2827, 75497
2026/09/19 23:52:38.877, 0, 349.85, 99, 64, 2775, 76539
2026/09/19 23:52:38.877, 1, 340.04, 99, 66, 2767, 75497
2026/09/19 23:52:39.877, 0, 355.66, 68, 63, 2760, 76539
2026/09/19 23:52:39.878, 1, 303.95, 80, 63, 2835, 75497
2026/09/19 23:52:40.878, 0, 289.35, 77, 63, 2805, 76539
2026/09/19 23:52:40.878, 1, 233.41, 80, 63, 2842, 75497
2026/09/19 23:52:41.878, 0, 341.78, 78, 64, 2737, 76539
2026/09/19 23:52:41.878, 1, 335.85, 93, 66, 2782, 75497
2026/09/19 23:52:42.878, 0, 372.60, 96, 64, 2737, 76539
2026/09/19 23:52:42.878, 1, 343.07, 75, 65, 2797, 75497
2026/09/19 23:52:43.879, 0, 344.15, 93, 64, 2767, 76539
2026/09/19 23:52:43.879, 1, 342.05, 92, 65, 2805, 75497
2026/09/19 23:52:44.879, 0, 388.98, 92, 64, 2730, 76539
2026/09/19 23:52:44.879, 1, 377.63, 95, 66, 2775, 75497
2026/09/19 23:52:45.879, 0, 342.57, 99, 64, 2797, 76539
2026/09/19 23:52:45.879, 1, 314.84, 99, 66, 2782, 75497
2026/09/19 23:52:46.879, 0, 378.35, 75, 63, 2715, 76539
2026/09/19 23:52:46.880, 1, 344.57, 79, 63, 2827, 75497
2026/09/19 23:52:47.880, 0, 286.68, 83, 62, 2805, 76539
2026/09/19 23:52:47.880, 1, 233.25, 72, 63, 2835, 75497
2026/09/19 23:52:48.880, 0, 324.63, 79, 62, 2722, 76539
2026/09/19 23:52:48.880, 1, 297.58, 69, 65, 2820, 75497
2026/09/19 23:52:49.880, 0, 355.58, 99, 64, 2797, 76539
2026/09/19 23:52:49.880, 1, 358.80, 99, 66, 2760, 75497
2026/09/19 23:52:50.881, 0, 355.93, 83, 63, 2715, 76539
2026/09/19 23:52:50.881, 1, 333.54, 78, 65, 2827, 75497
2026/09/19 23:52:51.881, 0, 368.23, 92, 64, 2730, 76539
2026/09/19 23:52:51.881, 1, 367.16, 99, 66, 2767, 75497
2026/09/19 23:52:52.881, 0, 353.24, 71, 64, 2737, 76539
2026/09/19 23:52:52.881, 1, 321.79, 94, 65, 2820, 75497
2026/09/19 23:52:53.881, 0, 381.64, 96, 65, 2715, 76539
2026/09/19 23:52:53.881, 1, 365.97, 99, 65, 2782, 75497
2026/09/19 23:52:54.882, 0, 296.40, 82, 62, 2805, 76539
2026/09/19 23:52:54.882, 1, 238.92, 64, 63, 2842, 75497
2026/09/19 23:52:55.882, 0, 316.40, 92, 65, 2797, 76539
2026/09/19 23:52:55.882, 1, 287.15, 99, 66, 2775, 75497
2026/09/19 23:52:56.882, 0, 356.67, 71, 64, 2722, 76539
2026/09/19 23:52:56.882, 1, 339.72, 99, 66, 2797, 75497
2026/09/19 23:52:57.882, 0, 369.43, 99, 65, 2767, 76539
2026/09/19 23:52:57.882, 1, 352.16, 79, 64, 2775, 75497
2026/09/19 23:52:58.883, 0, 359.72, 92, 65, 2730, 76539
2026/09/19 23:52:58.883, 1, 357.42, 99, 66, 2767, 75497
2026/09/19 23:52:59.883, 0, 366.39, 99, 65, 2797, 76539
2026/09/19 23:52:59.883, 1, 328.58, 85, 65, 2790, 75497
2026/09/19 23:53:00.883, 0, 363.63, 92, 65, 2715, 76539
2026/09/19 23:53:00.883, 1, 362.17, 92, 66, 2775, 75497
2026/09/19 23:53:01.883, 0, 325.23, 83, 63, 2797, 76539
2026/09/19 23:53:01.883, 1, 269.15, 58, 63, 2835, 75497
2026/09/19 23:53:02.884, 0, 294.62, 69, 63, 2805, 76539
2026/09/19 23:53:02.884, 1, 258.53, 99, 65, 2790, 75497
2026/09/19 23:53:03.884, 0, 374.18, 99, 65, 2737, 76539
2026/09/19 23:53:03.884, 1, 347.51, 80, 65, 2797, 75497
2026/09/19 23:53:04.884, 0, 354.48, 99, 65, 2752, 76539
2026/09/19 23:53:04.884, 1, 355.71, 92, 66, 2775, 75497
2026/09/19 23:53:05.884, 0, 362.64, 92, 64, 2767, 76539
2026/09/19 23:53:05.884, 1, 349.72, 99, 66, 2775, 75497
2026/09/19 23:53:06.885, 0, 370.08, 63, 63, 2722, 76539
2026/09/19 23:53:06.885, 1, 346.93, 99, 66, 2805, 75497
2026/09/19 23:53:07.885, 0, 355.29, 96, 65, 2745, 76539
2026/09/19 23:53:07.885, 1, 348.13, 92, 66, 2775, 75497
2026/09/19 23:53:08.885, 0, 292.18, 82, 63, 2790, 76539
2026/09/19 23:53:08.885, 1, 233.73, 61, 63, 2835, 75497
2026/09/19 23:53:09.885, 0, 289.20, 80, 63, 2797, 76539
2026/09/19 23:53:09.886, 1, 234.07, 56, 63, 2850, 75497
2026/09/19 23:53:10.886, 0, 355.37, 99, 65, 2790, 76539
2026/09/19 23:53:10.886, 1, 347.10, 99, 66, 2760, 75497
2026/09/19 23:53:11.886, 0, 360.71, 78, 64, 2715, 76539
2026/09/19 23:53:11.886, 1, 340.92, 83, 66, 2820, 75497
2026/09/19 23:53:12.886, 0, 361.37, 92, 65, 2790, 76539
2026/09/19 23:53:12.886, 1, 352.96, 99, 66, 2775, 75497
2026/09/19 23:53:13.887, 0, 390.72, 87, 65, 2730, 76539
2026/09/19 23:53:13.887, 1, 353.28, 62, 64, 2805, 75497
2026/09/19 23:53:14.887, 0, 338.45, 99, 65, 2782, 76539
2026/09/19 23:53:14.887, 1, 328.91, 92, 67, 2775, 75497
2026/09/19 23:53:15.887, 0, 360.16, 82, 63, 2737, 76539
2026/09/19 23:53:15.887, 1, 315.12, 60, 64, 2835, 75497
2026/09/19 23:53:16.887, 0, 288.06, 75, 63, 2805, 76539
2026/09/19 23:53:16.887, 1, 232.10, 55, 63, 2850, 75497
2026/09/19 23:53:17.888, 0, 330.67, 68, 64, 2730, 76539
2026/09/19 23:53:17.888, 1, 325.14, 99, 66, 2797, 75497
2026/09/19 23:53:18.888, 0, 371.69, 99, 65, 2715, 76539
2026/09/19 23:53:18.888, 1, 347.82, 79, 64, 2782, 75497
2026/09/19 23:53:19.888, 0, 352.30, 79, 64, 2790, 76539
2026/09/19 23:53:19.888, 1, 335.29, 99, 66, 2805, 75497
2026/09/19 23:53:20.888, 0, 387.16, 99, 65, 2730, 76539
2026/09/19 23:53:20.889, 1, 377.91, 99, 67, 2760, 75497
2026/09/19 23:53:21.889, 0, 341.09, 93, 64, 2775, 76539
2026/09/19 23:53:21.889, 1, 321.28, 92, 65, 2805, 75497
2026/09/19 23:53:22.889, 0, 380.51, 99, 64, 2737, 76539
2026/09/19 23:53:22.889, 1, 348.04, 55, 64, 2820, 75497
2026/09/19 23:53:23.889, 0, 291.87, 68, 63, 2790, 76539
2026/09/19 23:53:23.889, 1, 231.39, 55, 63, 2835, 75497
2026/09/19 23:53:24.890, 0, 329.31, 99, 65, 2730, 76539
2026/09/19 23:53:24.890, 1, 289.80, 80, 65, 2797, 75497
2026/09/19 23:53:25.890, 0, 349.79, 96, 65, 2745, 76539
2026/09/19 23:53:25.890, 1, 354.89, 92, 67, 2775, 75497
2026/09/19 23:53:26.890, 0, 366.67, 79, 63, 2737, 76539
2026/09/19 23:53:26.890, 1, 344.30, 68, 66, 2820, 75497
2026/09/19 23:53:27.890, 0, 370.12, 99, 65, 2722, 76539
2026/09/19 23:53:27.890, 1, 367.61, 93, 67, 2767, 75497
2026/09/19 23:53:28.891, 0, 356.40, 85, 63, 2767, 76539
2026/09/19 23:53:28.891, 1, 321.92, 76, 66, 2827, 75497
2026/09/19 23:53:29.891, 0, 375.83, 92, 65, 2722, 76539
2026/09/19 23:53:29.891, 1, 366.23, 99, 67, 2767, 75497
2026/09/19 23:53:30.891, 0, 314.46, 65, 63, 2797, 76539
2026/09/19 23:53:30.891, 1, 238.13, 52, 63, 2835, 75497
2026/09/19 23:53:31.891, 0, 305.52, 99, 65, 2737, 76539
2026/09/19 23:53:31.891, 1, 281.80, 99, 66, 2760, 75497
2026/09/19 23:53:32.892, 0, 357.23, 82, 64, 2775, 76539
2026/09/19 23:53:32.892, 1, 338.72, 78, 64, 2820, 75497
2026/09/19 23:53:33.892, 0, 360.08, 92, 64, 2715, 76539
2026/09/19 23:53:33.892, 1, 358.24, 99, 66, 2775, 75497
2026/09/19 23:53:34.892, 0, 365.20, 99, 65, 2730, 76539
2026/09/19 23:53:34.892, 1, 349.76, 99, 67, 2767, 75497
2026/09/19 23:53:35.892, 0, 365.33, 99, 65, 2745, 76539
2026/09/19 23:53:35.892, 1, 339.70, 79, 64, 2782, 75497
2026/09/19 23:53:36.893, 0, 362.71, 92, 65, 2722, 76539
2026/09/19 23:53:36.893, 1, 357.40, 99, 67, 2767, 75497
2026/09/19 23:53:37.893, 0, 331.11, 62, 63, 2790, 76539
2026/09/19 23:53:37.893, 1, 279.73, 64, 63, 2835, 75497
2026/09/19 23:53:38.893, 0, 289.11, 62, 63, 2805, 76539
2026/09/19 23:53:38.893, 1, 248.03, 97, 65, 2812, 75497
2026/09/19 23:53:39.893, 0, 366.65, 99, 65, 2715, 76539
2026/09/19 23:53:39.894, 1, 353.09, 79, 64, 2775, 75497
2026/09/19 23:53:40.894, 0, 350.17, 72, 65, 2775, 76539
2026/09/19 23:53:40.894, 1, 343.41, 99, 67, 2782, 75497
2026/09/19 23:53:41.894, 0, 363.23, 99, 65, 2730, 76539
2026/09/19 23:53:41.894, 1, 354.48, 98, 67, 2767, 75497
2026/09/19 23:53:42.894, 0, 375.74, 82, 63, 2775, 76539
2026/09/19 23:53:42.894, 1, 345.26, 71, 64, 2827, 75497
2026/09/19 23:53:43.895, 0, 345.84, 92, 65, 2715, 76539
2026/09/19 23:53:43.895, 1, 351.48, 99, 67, 2767, 75497
2026/09/19 23:53:44.895, 0, 353.44, 63, 64, 2790, 76539
2026/09/19 23:53:44.895, 1, 306.65, 59, 64, 2835, 75497
2026/09/19 23:53:45.895, 0, 288.83, 62, 64, 2805, 76539
2026/09/19 23:53:45.895, 1, 233.11, 73, 63, 2835, 75497
2026/09/19 23:53:46.895, 0, 347.30, 99, 65, 2737, 76539
2026/09/19 23:53:46.895, 1, 346.65, 92, 66, 2775, 75497
2026/09/19 23:53:47.896, 0, 367.26, 78, 63, 2745, 76539
2026/09/19 23:53:47.896, 1, 345.75, 69, 66, 2820, 75497
2026/09/19 23:53:48.896, 0, 347.60, 99, 65, 2775, 76539
2026/09/19 23:53:48.896, 1, 350.40, 99, 67, 2782, 75497
2026/09/19 23:53:49.896, 0, 391.89, 99, 66, 2715, 76539
2026/09/19 23:53:49.896, 1, 369.08, 77, 65, 2782, 75497
2026/09/19 23:53:50.896, 0, 344.74, 92, 65, 2752, 76539
2026/09/19 23:53:50.897, 1, 322.80, 99, 67, 2775, 75497
2026/09/19 23:53:51.897, 0, 373.15, 64, 64, 2782, 76539
2026/09/19 23:53:51.897, 1, 329.83, 63, 64, 2835, 75497
2026/09/19 23:53:52.897, 0, 290.54, 62, 64, 2790, 76539
2026/09/19 23:53:52.897, 1, 235.02, 70, 63, 2835, 75497
2026/09/19 23:53:53.897, 0, 329.34, 76, 64, 2782, 76539
2026/09/19 23:53:53.897, 1, 316.29, 81, 66, 2820, 75497
2026/09/19 23:53:54.897, 0, 366.37, 92, 66, 2715, 76539
2026/09/19 23:53:54.898, 1, 358.34, 96, 66, 2775, 75497
2026/09/19 23:53:55.898, 0, 357.41, 71, 65, 2790, 76539
2026/09/19 23:53:55.898, 1, 338.19, 99, 66, 2820, 75497
2026/09/19 23:53:56.898, 0, 381.95, 99, 66, 2715, 76539
2026/09/19 23:53:56.898, 1, 375.52, 92, 68, 2775, 75497
2026/09/19 23:53:57.898, 0, 357.29, 91, 66, 2782, 76539
2026/09/19 23:53:57.898, 1, 327.55, 92, 66, 2805, 75497
2026/09/19 23:53:58.898, 0, 381.49, 99, 66, 2730, 76539
2026/09/19 23:53:58.899, 1, 353.82, 56, 64, 2812, 75497
2026/09/19 23:53:59.899, 0, 290.37, 64, 64, 2790, 76539
2026/09/19 23:53:59.899, 1, 233.99, 54, 63, 2835, 75497
2026/09/19 23:54:00.899, 0, 328.08, 99, 66, 2730, 76539
2026/09/19 23:54:00.899, 1, 295.02, 81, 64, 2790, 75497
2026/09/19 23:54:01.899, 0, 356.08, 91, 66, 2745, 76539
2026/09/19 23:54:01.899, 1, 356.57, 92, 65, 2775, 75497
2026/09/19 23:54:02.900, 0, 368.77, 79, 64, 2737, 76539
2026/09/19 23:54:02.900, 1, 346.87, 70, 66, 2812, 75497
2026/09/19 23:54:03.900, 0, 370.39, 99, 66, 2722, 76539
2026/09/19 23:54:03.900, 1, 367.79, 92, 67, 2767, 75497
2026/09/19 23:54:04.900, 0, 352.87, 83, 64, 2760, 76539
2026/09/19 23:54:04.900, 1, 325.64, 70, 66, 2827, 75497
2026/09/19 23:54:05.900, 0, 375.36, 92, 66, 2722, 76539
2026/09/19 23:54:05.901, 1, 372.09, 99, 67, 2760, 75497
2026/09/19 23:54:06.901, 0, 317.19, 62, 64, 2790, 76539
2026/09/19 23:54:06.901, 1, 241.05, 61, 64, 2835, 75497
2026/09/19 23:54:07.901, 0, 305.78, 99, 65, 2737, 76539
2026/09/19 23:54:07.901, 1, 275.15, 99, 66, 2760, 75497
2026/09/19 23:54:08.901, 0, 358.74, 80, 63, 2760, 76539
2026/09/19 23:54:08.901, 1, 342.57, 68, 66, 2827, 75497
2026/09/19 23:54:09.902, 0, 356.07, 92, 66, 2722, 76539
2026/09/19 23:54:09.902, 1, 362.64, 99, 67, 2767, 75497
2026/09/19 23:54:10.902, 0, 362.65, 99, 66, 2730, 76539
2026/09/19 23:54:10.902, 1, 351.24, 92, 67, 2767, 75497
2026/09/19 23:54:11.902, 0, 368.17, 89, 66, 2752, 76539
2026/09/19 23:54:11.902, 1, 338.03, 79, 67, 2782, 75497
2026/09/19 23:54:12.902, 0, 364.85, 98, 66, 2722, 76539
2026/09/19 23:54:12.902, 1, 352.59, 99, 67, 2760, 75497
2026/09/19 23:54:13.903, 0, 332.26, 62, 64, 2797, 76539
2026/09/19 23:54:13.903, 1, 273.03, 70, 64, 2835, 75497
2026/09/19 23:54:14.903, 0, 291.07, 63, 63, 2805, 76539
2026/09/19 23:54:14.903, 1, 247.00, 91, 65, 2812, 75497
2026/09/19 23:54:15.903, 0, 368.56, 96, 65, 2715, 76539
2026/09/19 23:54:15.903, 1, 352.84, 79, 65, 2775, 75497
2026/09/19 23:54:16.903, 0, 349.42, 64, 64, 2782, 76539
2026/09/19 23:54:16.903, 1, 346.58, 99, 66, 2790, 75497
2026/09/19 23:54:17.904, 0, 362.73, 99, 65, 2730, 76539
2026/09/19 23:54:17.904, 1, 354.35, 92, 67, 2767, 75497
2026/09/19 23:54:18.904, 0, 376.27, 72, 63, 2760, 76539
2026/09/19 23:54:18.904, 1, 344.30, 63, 64, 2835, 75497
2026/09/19 23:54:19.904, 0, 340.56, 97, 65, 2730, 76539
2026/09/19 23:54:19.904, 1, 342.10, 99, 67, 2767, 75497
2026/09/19 23:54:20.904, 0, 351.98, 63, 64, 2790, 76539
2026/09/19 23:54:20.905, 1, 302.94, 75, 64, 2835, 75497
2026/09/19 23:54:21.905, 0, 289.53, 66, 63, 2790, 76539
2026/09/19 23:54:21.905, 1, 233.82, 76, 63, 2835, 75497
2026/09/19 23:54:22.905, 0, 338.36, 88, 65, 2752, 76539
2026/09/19 23:54:22.905, 1, 331.30, 92, 66, 2782, 75497
2026/09/19 23:54:23.905, 0, 365.96, 79, 65, 2730, 76539
2026/09/19 23:54:23.905, 1, 343.29, 69, 65, 2812, 75497
2026/09/19 23:54:24.905, 0, 349.65, 99, 64, 2767, 76539
2026/09/19 23:54:24.906, 1, 349.53, 92, 66, 2790, 75497
2026/09/19 23:54:25.906, 0, 387.52, 92, 65, 2707, 76539
2026/09/19 23:54:25.906, 1, 370.73, 77, 65, 2782, 75497
2026/09/19 23:54:26.906, 0, 334.39, 92, 64, 2767, 76539
2026/09/19 23:54:26.906, 1, 320.03, 99, 66, 2775, 75497
2026/09/19 23:54:27.906, 0, 374.01, 65, 64, 2782, 76539
2026/09/19 23:54:27.906, 1, 334.07, 74, 64, 2827, 75497
2026/09/19 23:54:28.906, 0, 287.47, 71, 63, 2805, 76539
2026/09/19 23:54:28.907, 1, 232.82, 79, 63, 2842, 75497
2026/09/19 23:54:29.907, 0, 324.72, 79, 63, 2767, 76539
2026/09/19 23:54:29.907, 1, 310.10, 72, 65, 2827, 75497
2026/09/19 23:54:30.907, 0, 356.00, 92, 65, 2715, 76539
2026/09/19 23:54:30.907, 1, 360.88, 99, 66, 2767, 75497
2026/09/19 23:54:31.907, 0, 354.28, 69, 64, 2790, 76539
2026/09/19 23:54:31.907, 1, 336.27, 93, 66, 2820, 75497
2026/09/19 23:54:32.908, 0, 379.43, 92, 66, 2722, 76539
2026/09/19 23:54:32.908, 1, 370.26, 92, 67, 2775, 75497
2026/09/19 23:54:33.908, 0, 347.10, 74, 64, 2790, 76539
2026/09/19 23:54:33.908, 1, 318.30, 99, 66, 2812, 75497
2026/09/19 23:54:34.908, 0, 383.42, 99, 65, 2730, 76539
2026/09/19 23:54:34.908, 1, 362.02, 80, 65, 2782, 75497
2026/09/19 23:54:35.908, 0, 301.45, 73, 63, 2790, 76539
2026/09/19 23:54:35.908, 1, 232.74, 80, 63, 2835, 75497
2026/09/19 23:54:36.909, 0, 322.17, 99, 65, 2715, 76539
2026/09/19 23:54:36.909, 1, 292.39, 79, 64, 2775, 75497
2026/09/19 23:54:37.909, 0, 353.49, 67, 64, 2782, 76539
2026/09/19 23:54:37.909, 1, 341.78, 99, 66, 2790, 75497
2026/09/19 23:54:38.909, 0, 370.10, 99, 65, 2730, 76539
2026/09/19 23:54:38.909, 1, 346.73, 83, 65, 2782, 75497
2026/09/19 23:54:39.909, 0, 362.23, 92, 66, 2715, 76539
2026/09/19 23:54:39.909, 1, 351.74, 92, 67, 2775, 75497
2026/09/19 23:54:40.910, 0, 363.51, 79, 66, 2737, 76539
2026/09/19 23:54:40.910, 1, 331.53, 63, 65, 2812, 75497
2026/09/19 23:54:41.910, 0, 363.10, 99, 65, 2722, 76539
2026/09/19 23:54:41.910, 1, 365.76, 92, 67, 2767, 75497
2026/09/19 23:54:42.910, 0, 317.53, 80, 63, 2805, 76539
2026/09/19 23:54:42.910, 1, 254.51, 78, 64, 2835, 75497
2026/09/19 23:54:43.910, 0, 295.07, 83, 65, 2767, 76539
2026/09/19 23:54:43.911, 1, 261.88, 92, 66, 2782, 75497
2026/09/19 23:54:44.911, 0, 367.94, 79, 66, 2737, 76539
2026/09/19 23:54:44.911, 1, 342.23, 69, 65, 2805, 75497
2026/09/19 23:54:45.911, 0, 353.84, 99, 65, 2737, 76539
2026/09/19 23:54:45.911, 1, 353.22, 92, 67, 2767, 75497
2026/09/19 23:54:46.911, 0, 374.77, 92, 66, 2707, 76539
2026/09/19 23:54:46.911, 1, 364.91, 92, 65, 2775, 75497
2026/09/19 23:54:47.911, 0, 396.99, 96, 66, 2707, 76539
2026/09/19 23:54:47.911, 1, 384.75, 92, 67, 2775, 75497
2026/09/19 23:54:48.912, 0, 397.51, 99, 66, 2707, 76539
2026/09/19 23:54:48.912, 1, 384.67, 92, 67, 2775, 75497
2026/09/19 23:54:49.912, 0, 398.13, 99, 66, 2707, 76539
2026/09/19 23:54:49.912, 1, 384.95, 92, 68, 2775, 75497
2026/09/19 23:54:50.912, 0, 397.62, 99, 66, 2715, 76539
2026/09/19 23:54:50.912, 1, 384.29, 92, 69, 2767, 75497
2026/09/19 23:54:51.912, 0, 397.93, 99, 66, 2715, 76539
2026/09/19 23:54:51.912, 1, 386.16, 92, 68, 2767, 75497
2026/09/19 23:54:52.913, 0, 398.92, 99, 66, 2715, 76539
2026/09/19 23:54:52.913, 1, 385.52, 92, 68, 2767, 75497
2026/09/19 23:54:53.913, 0, 398.60, 99, 66, 2722, 76539
2026/09/19 23:54:53.913, 1, 386.89, 92, 68, 2767, 75497
2026/09/19 23:54:54.913, 0, 398.39, 99, 66, 2722, 76539
2026/09/19 23:54:54.913, 1, 386.09, 99, 68, 2760, 75497
2026/09/19 23:54:55.913, 0, 397.32, 99, 66, 2722, 76539
2026/09/19 23:54:55.913, 1, 380.04, 93, 67, 2782, 75497
2026/09/19 23:54:56.914, 0, 386.49, 92, 66, 2715, 76539
2026/09/19 23:54:56.914, 1, 365.95, 49, 66, 2782, 75497
2026/09/19 23:54:57.914, 0, 181.65, 0, 60, 2835, 77115
2026/09/19 23:54:57.914, 1, 134.82, 1, 61, 2865, 76072
2026/09/19 23:54:58.914, 0, 130.27, 0, 59, 2707, 77115
2026/09/19 23:54:58.915, 1, 115.22, 0, 60, 2865, 76072
2026/09/19 23:54:59.915, 0, 126.79, 0, 58, 2707, 77115
2026/09/19 23:54:59.915, 1, 95.18, 0, 59, 2610, 76072
2026/09/19 23:55:00.915, 0, 108.72, 0, 57, 2610, 77115
2026/09/19 23:55:00.915, 1, 94.74, 0, 59, 2610, 76072
2026/09/19 23:55:01.915, 0, 107.60, 0, 57, 2610, 76577
2026/09/19 23:55:01.915, 1, 94.29, 0, 58, 2617, 75497
2026/09/19 23:55:02.916, 0, 109.02, 0, 57, 2610, 77115
2026/09/19 23:55:02.916, 1, 96.24, 0, 58, 2610, 76072
2026/09/19 23:55:03.916, 0, 108.16, 0, 56, 2610, 77115
2026/09/19 23:55:03.916, 1, 95.48, 0, 58, 2610, 76072
2026/09/19 23:55:04.916, 0, 106.02, 0, 56, 2617, 76539
2026/09/19 23:55:04.916, 1, 93.39, 0, 57, 2617, 75497
2026/09/19 23:55:05.916, 0, 192.71, 99, 62, 2745, 76539
2026/09/19 23:55:05.917, 1, 251.67, 67, 62, 2812, 75497
2026/09/19 23:55:06.917, 0, 339.54, 99, 63, 2745, 76539
2026/09/19 23:55:06.917, 1, 337.22, 92, 65, 2775, 75497
2026/09/19 23:55:07.917, 0, 358.00, 82, 61, 2805, 76539
2026/09/19 23:55:07.917, 1, 320.21, 61, 62, 2842, 75497
2026/09/19 23:55:08.917, 0, 284.40, 78, 61, 2805, 76539
2026/09/19 23:55:08.917, 1, 229.34, 53, 61, 2850, 75497
2026/09/19 23:55:09.917, 0, 330.38, 71, 62, 2797, 76539
2026/09/19 23:55:09.917, 1, 323.80, 99, 65, 2797, 75497
2026/09/19 23:55:10.918, 0, 366.56, 99, 63, 2737, 76539
2026/09/19 23:55:10.918, 1, 349.82, 77, 63, 2782, 75497
2026/09/19 23:55:11.918, 0, 347.40, 78, 63, 2797, 76539
2026/09/19 23:55:11.918, 1, 339.50, 99, 64, 2812, 75497
2026/09/19 23:55:12.918, 0, 378.72, 99, 64, 2737, 76539
2026/09/19 23:55:12.918, 1, 373.65, 99, 65, 2760, 75497
2026/09/19 23:55:13.918, 0, 339.65, 99, 62, 2790, 76539
2026/09/19 23:55:13.919, 1, 315.01, 92, 65, 2805, 75497
2026/09/19 23:55:14.919, 0, 378.70, 96, 62, 2745, 76539
2026/09/19 23:55:14.919, 1, 345.54, 58, 63, 2827, 75497
2026/09/19 23:55:15.919, 0, 289.35, 80, 61, 2805, 76539
2026/09/19 23:55:15.919, 1, 232.61, 55, 62, 2850, 75497
2026/09/19 23:55:16.919, 0, 327.66, 78, 61, 2737, 76539
2026/09/19 23:55:16.919, 1, 298.96, 69, 64, 2812, 75497
2026/09/19 23:55:17.919, 0, 352.17, 99, 62, 2752, 76539
2026/09/19 23:55:17.919, 1, 353.46, 92, 65, 2767, 75497
2026/09/19 23:55:18.920, 0, 354.78, 71, 63, 2760, 76539
2026/09/19 23:55:18.920, 1, 334.90, 73, 65, 2827, 75497
2026/09/19 23:55:19.920, 0, 372.80, 99, 64, 2730, 76539
2026/09/19 23:55:19.920, 1, 363.54, 99, 65, 2767, 75497
2026/09/19 23:55:20.920, 0, 351.44, 75, 63, 2797, 76539
2026/09/19 23:55:20.920, 1, 319.43, 85, 65, 2827, 75497
2026/09/19 23:55:21.920, 0, 370.44, 92, 64, 2722, 76539
2026/09/19 23:55:21.920, 1, 366.39, 99, 65, 2775, 75497
2026/09/19 23:55:22.921, 0, 299.39, 74, 62, 2805, 76539
2026/09/19 23:55:22.921, 1, 230.78, 55, 62, 2850, 75497
2026/09/19 23:55:23.921, 0, 308.20, 92, 64, 2745, 76539
2026/09/19 23:55:23.921, 1, 278.60, 99, 65, 2760, 75497
2026/09/19 23:55:24.921, 0, 356.54, 74, 63, 2790, 76539
2026/09/19 23:55:24.921, 1, 337.03, 83, 65, 2820, 75497
2026/09/19 23:55:25.921, 0, 360.60, 92, 64, 2715, 76539
2026/09/19 23:55:25.921, 1, 355.64, 79, 67, 2775, 75497
2026/09/19 23:55:26.922, 0, 359.04, 99, 64, 2730, 76539
2026/09/19 23:55:26.922, 1, 349.61, 99, 66, 2767, 75497
2026/09/19 23:55:27.922, 0, 364.46, 99, 64, 2745, 76539
2026/09/19 23:55:27.922, 1, 331.50, 76, 64, 2782, 75497
2026/09/19 23:55:28.922, 0, 359.07, 92, 64, 2722, 76539
2026/09/19 23:55:28.922, 1, 350.71, 99, 66, 2775, 75497
2026/09/19 23:55:29.922, 0, 330.38, 69, 62, 2797, 76539
2026/09/19 23:55:29.922, 1, 274.20, 54, 63, 2842, 75497
2026/09/19 23:55:30.922, 0, 286.60, 62, 64, 2805, 76539
2026/09/19 23:55:30.922, 1, 253.16, 99, 65, 2805, 75497
2026/09/19 23:55:31.923, 0, 370.11, 99, 64, 2722, 76539
2026/09/19 23:55:31.923, 1, 345.55, 75, 64, 2782, 75497
2026/09/19 23:55:32.923, 0, 352.97, 79, 64, 2775, 76539
2026/09/19 23:55:32.923, 1, 341.20, 92, 66, 2782, 75497
2026/09/19 23:55:33.923, 0, 363.15, 99, 65, 2730, 76539
2026/09/19 23:55:33.923, 1, 352.95, 99, 66, 2767, 75497
2026/09/19 23:55:34.923, 0, 370.53, 71, 63, 2790, 76539
2026/09/19 23:55:34.923, 1, 343.33, 81, 66, 2820, 75497
2026/09/19 23:55:35.924, 0, 354.24, 92, 65, 2722, 76539
2026/09/19 23:55:35.924, 1, 348.43, 99, 66, 2775, 75497
2026/09/19 23:55:36.924, 0, 352.74, 71, 63, 2797, 76539
2026/09/19 23:55:36.924, 1, 298.81, 59, 63, 2835, 75497
2026/09/19 23:55:37.924, 0, 291.61, 69, 63, 2805, 76539
2026/09/19 23:55:37.924, 1, 237.25, 57, 63, 2835, 75497
2026/09/19 23:55:38.924, 0, 345.35, 99, 64, 2737, 76539
2026/09/19 23:55:38.925, 1, 352.72, 99, 66, 2760, 75497
2026/09/19 23:55:39.925, 0, 359.06, 83, 64, 2767, 76539
2026/09/19 23:55:39.925, 1, 339.89, 74, 66, 2827, 75497
2026/09/19 23:55:40.925, 0, 348.43, 92, 65, 2767, 76539
2026/09/19 23:55:40.925, 1, 349.51, 99, 66, 2775, 75497
2026/09/19 23:55:41.925, 0, 388.32, 99, 63, 2730, 76539
2026/09/19 23:55:41.925, 1, 359.59, 79, 64, 2790, 75497
2026/09/19 23:55:42.926, 0, 340.06, 92, 64, 2737, 76539
2026/09/19 23:55:42.926, 1, 335.35, 92, 66, 2775, 75497
2026/09/19 23:55:43.926, 0, 364.34, 81, 63, 2790, 76539
2026/09/19 23:55:43.926, 1, 326.74, 58, 64, 2827, 75497
2026/09/19 23:55:44.926, 0, 294.46, 82, 63, 2805, 76539
2026/09/19 23:55:44.926, 1, 237.94, 60, 63, 2835, 75497
2026/09/19 23:55:45.926, 0, 332.83, 65, 65, 2790, 76539
2026/09/19 23:55:45.927, 1, 322.37, 99, 66, 2790, 75497
2026/09/19 23:55:46.927, 0, 369.06, 99, 62, 2722, 76539
2026/09/19 23:55:46.927, 1, 347.96, 79, 64, 2782, 75497
2026/09/19 23:55:47.927, 0, 346.96, 86, 64, 2782, 76539
2026/09/19 23:55:47.927, 1, 343.07, 92, 65, 2812, 75497
2026/09/19 23:55:48.927, 0, 381.12, 92, 65, 2730, 76539
2026/09/19 23:55:48.927, 1, 376.39, 99, 66, 2760, 75497
2026/09/19 23:55:49.927, 0, 340.71, 99, 64, 2775, 76539
2026/09/19 23:55:49.928, 1, 316.75, 92, 67, 2797, 75497
2026/09/19 23:55:50.928, 0, 379.71, 89, 64, 2745, 76539
2026/09/19 23:55:50.928, 1, 349.82, 68, 64, 2827, 75497
2026/09/19 23:55:51.928, 0, 292.77, 83, 63, 2805, 76539
2026/09/19 23:55:51.928, 1, 236.52, 65, 63, 2835, 75497
2026/09/19 23:55:52.928, 0, 326.89, 79, 64, 2737, 76539
2026/09/19 23:55:52.928, 1, 300.08, 69, 65, 2820, 75497
2026/09/19 23:55:53.929, 0, 360.45, 99, 65, 2730, 76539
2026/09/19 23:55:53.929, 1, 360.31, 99, 66, 2760, 75497
2026/09/19 23:55:54.929, 0, 356.43, 82, 64, 2775, 76539
2026/09/19 23:55:54.929, 1, 332.19, 70, 65, 2827, 75497
2026/09/19 23:55:55.929, 0, 366.19, 92, 65, 2722, 76539
2026/09/19 23:55:55.929, 1, 365.12, 99, 67, 2767, 75497
2026/09/19 23:55:56.929, 0, 349.01, 70, 63, 2797, 76539
2026/09/19 23:55:56.929, 1, 325.22, 93, 66, 2820, 75497
2026/09/19 23:55:57.930, 0, 375.79, 92, 65, 2722, 76539
2026/09/19 23:55:57.930, 1, 369.92, 99, 67, 2775, 75497
2026/09/19 23:55:58.930, 0, 299.37, 82, 63, 2805, 76539
2026/09/19 23:55:58.930, 1, 244.33, 63, 63, 2835, 75497
2026/09/19 23:55:59.930, 0, 313.16, 92, 65, 2715, 76539
2026/09/19 23:55:59.930, 1, 293.61, 99, 66, 2767, 75497
2026/09/19 23:56:00.930, 0, 351.43, 71, 66, 2797, 76539
2026/09/19 23:56:00.931, 1, 344.09, 99, 66, 2797, 75497
2026/09/19 23:56:01.931, 0, 370.79, 99, 65, 2715, 76539
2026/09/19 23:56:01.931, 1, 349.24, 79, 64, 2775, 75497
2026/09/19 23:56:02.931, 0, 359.60, 92, 65, 2715, 76539
2026/09/19 23:56:02.931, 1, 351.77, 99, 66, 2767, 75497
2026/09/19 23:56:03.931, 0, 367.49, 99, 63, 2737, 76539
2026/09/19 23:56:03.931, 1, 329.35, 80, 65, 2790, 75497
2026/09/19 23:56:04.931, 0, 361.35, 92, 64, 2715, 76539
2026/09/19 23:56:04.932, 1, 362.40, 92, 66, 2775, 75497
2026/09/19 23:56:05.932, 0, 325.52, 83, 63, 2805, 76539
2026/09/19 23:56:05.932, 1, 269.61, 58, 63, 2850, 75497
2026/09/19 23:56:06.932, 0, 290.43, 66, 64, 2790, 76539
2026/09/19 23:56:06.932, 1, 258.74, 99, 65, 2790, 75497
2026/09/19 23:56:07.932, 0, 373.02, 99, 62, 2730, 76539
2026/09/19 23:56:07.932, 1, 344.99, 83, 65, 2790, 75497
2026/09/19 23:56:08.932, 0, 354.82, 95, 64, 2752, 76539
2026/09/19 23:56:08.932, 1, 356.60, 92, 67, 2775, 75497
2026/09/19 23:56:09.933, 0, 360.87, 92, 65, 2722, 76539
2026/09/19 23:56:09.933, 1, 351.94, 99, 66, 2767, 75497
2026/09/19 23:56:10.933, 0, 369.81, 63, 65, 2805, 76539
2026/09/19 23:56:10.933, 1, 346.32, 99, 66, 2805, 75497
2026/09/19 23:56:11.933, 0, 355.60, 94, 64, 2715, 76539
2026/09/19 23:56:11.933, 1, 353.71, 92, 66, 2775, 75497
2026/09/19 23:56:12.933, 0, 345.41, 83, 63, 2805, 76539
2026/09/19 23:56:12.934, 1, 290.98, 64, 63, 2835, 75497
2026/09/19 23:56:13.934, 0, 289.18, 77, 62, 2805, 76539
2026/09/19 23:56:13.934, 1, 233.95, 56, 63, 2850, 75497
2026/09/19 23:56:14.934, 0, 356.58, 98, 65, 2730, 76539
2026/09/19 23:56:14.934, 1, 359.05, 99, 66, 2760, 75497
2026/09/19 23:56:15.934, 0, 358.23, 78, 64, 2782, 76539
2026/09/19 23:56:15.934, 1, 337.77, 77, 66, 2820, 75497
2026/09/19 23:56:16.934, 0, 352.91, 92, 65, 2752, 76539
2026/09/19 23:56:16.934, 1, 351.25, 99, 66, 2775, 75497
2026/09/19 23:56:17.935, 0, 389.30, 99, 63, 2737, 76539
2026/09/19 23:56:17.935, 1, 354.57, 69, 64, 2805, 75497
2026/09/19 23:56:18.935, 0, 339.03, 99, 65, 2730, 76539
2026/09/19 23:56:18.935, 1, 340.55, 92, 67, 2775, 75497
2026/09/19 23:56:19.935, 0, 364.41, 81, 63, 2790, 76539
2026/09/19 23:56:19.935, 1, 321.65, 58, 63, 2835, 75497
2026/09/19 23:56:20.935, 0, 288.31, 76, 63, 2805, 76539
2026/09/19 23:56:20.935, 1, 234.03, 56, 63, 2842, 75497
2026/09/19 23:56:21.936, 0, 333.83, 68, 65, 2797, 76539
2026/09/19 23:56:21.936, 1, 325.06, 99, 66, 2797, 75497
2026/09/19 23:56:22.936, 0, 370.88, 99, 65, 2715, 76539
2026/09/19 23:56:22.936, 1, 347.44, 79, 64, 2775, 75497
2026/09/19 23:56:23.936, 0, 352.60, 80, 64, 2790, 76539
2026/09/19 23:56:23.936, 1, 344.06, 99, 66, 2812, 75497
2026/09/19 23:56:24.936, 0, 380.58, 99, 65, 2730, 76539
2026/09/19 23:56:24.936, 1, 375.17, 99, 67, 2767, 75497
2026/09/19 23:56:25.936, 0, 341.03, 93, 64, 2775, 76539
2026/09/19 23:56:25.937, 1, 316.68, 92, 67, 2805, 75497
2026/09/19 23:56:26.937, 0, 381.51, 99, 63, 2737, 76539
2026/09/19 23:56:26.937, 1, 349.23, 60, 64, 2820, 75497
2026/09/19 23:56:27.937, 0, 294.23, 79, 63, 2805, 76539
2026/09/19 23:56:27.937, 1, 235.41, 55, 63, 2842, 75497
2026/09/19 23:56:28.937, 0, 331.54, 79, 63, 2730, 76539
2026/09/19 23:56:28.937, 1, 293.10, 68, 65, 2805, 75497
2026/09/19 23:56:29.938, 0, 355.12, 99, 64, 2737, 76539
2026/09/19 23:56:29.938, 1, 359.57, 92, 67, 2767, 75497
2026/09/19 23:56:30.938, 0, 358.71, 70, 63, 2760, 76539
2026/09/19 23:56:30.938, 1, 342.55, 69, 66, 2827, 75497
2026/09/19 23:56:31.938, 0, 374.95, 99, 65, 2730, 76539
2026/09/19 23:56:31.938, 1, 365.79, 99, 67, 2767, 75497
2026/09/19 23:56:32.939, 0, 353.76, 74, 64, 2782, 76539
2026/09/19 23:56:32.939, 1, 321.96, 84, 65, 2827, 75497
2026/09/19 23:56:33.939, 0, 379.44, 92, 65, 2715, 76539
2026/09/19 23:56:33.939, 1, 373.38, 99, 66, 2767, 75497
2026/09/19 23:56:34.939, 0, 311.82, 75, 63, 2805, 76539
2026/09/19 23:56:34.939, 1, 246.90, 55, 63, 2835, 75497
2026/09/19 23:56:35.939, 0, 310.00, 92, 65, 2730, 76539
2026/09/19 23:56:35.939, 1, 286.22, 99, 66, 2760, 75497
2026/09/19 23:56:36.940, 0, 359.06, 74, 64, 2790, 76539
2026/09/19 23:56:36.940, 1, 345.51, 88, 67, 2812, 75497
2026/09/19 23:56:37.940, 0, 368.97, 92, 65, 2715, 76539
2026/09/19 23:56:37.940, 1, 354.16, 79, 67, 2775, 75497
2026/09/19 23:56:38.940, 0, 362.30, 99, 65, 2722, 76539
2026/09/19 23:56:38.940, 1, 353.89, 99, 67, 2760, 75497
2026/09/19 23:56:39.940, 0, 369.00, 99, 62, 2737, 76539
2026/09/19 23:56:39.941, 1, 335.39, 74, 65, 2782, 75497
2026/09/19 23:56:40.941, 0, 361.51, 92, 65, 2715, 76539
2026/09/19 23:56:40.941, 1, 363.70, 97, 67, 2767, 75497
2026/09/19 23:56:41.941, 0, 331.10, 85, 63, 2805, 76539
2026/09/19 23:56:41.941, 1, 267.27, 61, 64, 2835, 75497
2026/09/19 23:56:42.941, 0, 298.15, 73, 65, 2782, 76539
2026/09/19 23:56:42.941, 1, 263.17, 99, 66, 2790, 75497
2026/09/19 23:56:43.941, 0, 371.02, 98, 63, 2730, 76539
2026/09/19 23:56:43.942, 1, 349.29, 78, 66, 2797, 75497
2026/09/19 23:56:44.942, 0, 352.53, 99, 65, 2737, 76539
2026/09/19 23:56:44.942, 1, 358.63, 92, 67, 2767, 75497
2026/09/19 23:56:45.942, 0, 367.04, 92, 65, 2715, 76539
2026/09/19 23:56:45.942, 1, 354.73, 99, 66, 2775, 75497
2026/09/19 23:56:46.942, 0, 368.04, 64, 65, 2797, 76539
2026/09/19 23:56:46.942, 1, 346.52, 99, 66, 2797, 75497
2026/09/19 23:56:47.943, 0, 362.17, 99, 65, 2722, 76539
2026/09/19 23:56:47.943, 1, 350.35, 92, 67, 2775, 75497
2026/09/19 23:56:48.943, 0, 341.41, 83, 64, 2790, 76539
2026/09/19 23:56:48.943, 1, 289.24, 73, 64, 2835, 75497
2026/09/19 23:56:49.943, 0, 286.55, 81, 63, 2805, 76539
2026/09/19 23:56:49.943, 1, 232.37, 55, 63, 2835, 75497
2026/09/19 23:56:50.943, 0, 354.91, 99, 65, 2730, 76539
2026/09/19 23:56:50.943, 1, 346.13, 99, 66, 2760, 75497
2026/09/19 23:56:51.943, 0, 355.57, 80, 64, 2775, 76539
2026/09/19 23:56:51.944, 1, 339.33, 78, 67, 2820, 75497
2026/09/19 23:56:52.944, 0, 352.42, 92, 65, 2752, 76539
2026/09/19 23:56:52.944, 1, 351.29, 99, 66, 2775, 75497
2026/09/19 23:56:53.944, 0, 388.89, 99, 63, 2737, 76539
2026/09/19 23:56:53.944, 1, 356.76, 68, 64, 2797, 75497
2026/09/19 23:56:54.944, 0, 341.35, 97, 65, 2730, 76539
2026/09/19 23:56:54.944, 1, 335.68, 92, 66, 2775, 75497
2026/09/19 23:56:55.944, 0, 361.93, 80, 63, 2790, 76539
2026/09/19 23:56:55.944, 1, 324.43, 55, 64, 2835, 75497
2026/09/19 23:56:56.945, 0, 288.25, 71, 63, 2805, 76539
2026/09/19 23:56:56.945, 1, 234.52, 55, 63, 2850, 75497
2026/09/19 23:56:57.945, 0, 332.96, 68, 65, 2797, 76539
2026/09/19 23:56:57.945, 1, 325.73, 99, 66, 2805, 75497
2026/09/19 23:56:58.945, 0, 370.55, 99, 65, 2715, 76539
2026/09/19 23:56:58.945, 1, 353.66, 79, 64, 2775, 75497
2026/09/19 23:56:59.945, 0, 345.05, 75, 64, 2790, 76539
2026/09/19 23:56:59.945, 1, 334.74, 99, 66, 2812, 75497
2026/09/19 23:57:00.945, 0, 379.40, 99, 65, 2730, 76539
2026/09/19 23:57:00.946, 1, 378.27, 99, 67, 2760, 75497
2026/09/19 23:57:01.946, 0, 342.02, 93, 64, 2775, 76539
2026/09/19 23:57:01.946, 1, 318.47, 92, 65, 2805, 75497
2026/09/19 23:57:02.946, 0, 382.78, 99, 64, 2737, 76539
2026/09/19 23:57:02.946, 1, 351.26, 57, 64, 2820, 75497
2026/09/19 23:57:03.946, 0, 295.58, 73, 63, 2805, 76539
2026/09/19 23:57:03.946, 1, 235.08, 56, 63, 2835, 75497
2026/09/19 23:57:04.947, 0, 332.23, 86, 63, 2730, 76539
2026/09/19 23:57:04.947, 1, 301.06, 74, 65, 2805, 75497
2026/09/19 23:57:05.947, 0, 355.14, 99, 65, 2737, 76539
2026/09/19 23:57:05.947, 1, 353.67, 92, 67, 2767, 75497
2026/09/19 23:57:06.947, 0, 360.07, 76, 64, 2752, 76539
2026/09/19 23:57:06.947, 1, 337.36, 70, 65, 2820, 75497
2026/09/19 23:57:07.947, 0, 362.69, 99, 66, 2730, 76539
2026/09/19 23:57:07.947, 1, 369.08, 99, 67, 2767, 75497
2026/09/19 23:57:08.948, 0, 351.48, 80, 64, 2782, 76539
2026/09/19 23:57:08.948, 1, 326.64, 79, 65, 2827, 75497
2026/09/19 23:57:09.948, 0, 370.53, 92, 65, 2715, 76539
2026/09/19 23:57:09.948, 1, 367.88, 99, 67, 2767, 75497
2026/09/19 23:57:10.948, 0, 309.77, 79, 63, 2805, 76539
2026/09/19 23:57:10.948, 1, 241.05, 58, 64, 2835, 75497
2026/09/19 23:57:11.948, 0, 316.69, 92, 65, 2715, 76539
2026/09/19 23:57:11.949, 1, 288.54, 99, 66, 2767, 75497
2026/09/19 23:57:12.949, 0, 358.08, 71, 65, 2790, 76539
2026/09/19 23:57:12.949, 1, 340.15, 99, 66, 2805, 75497
2026/09/19 23:57:13.949, 0, 370.60, 99, 66, 2715, 76539
2026/09/19 23:57:13.949, 1, 354.51, 79, 64, 2775, 75497
2026/09/19 23:57:14.949, 0, 359.82, 92, 65, 2722, 76539
2026/09/19 23:57:14.949, 1, 359.04, 99, 67, 2767, 75497
2026/09/19 23:57:15.949, 0, 368.42, 99, 63, 2737, 76539
2026/09/19 23:57:15.950, 1, 331.75, 85, 65, 2790, 75497
2026/09/19 23:57:16.950, 0, 364.88, 92, 65, 2715, 76539
2026/09/19 23:57:16.950, 1, 356.42, 92, 67, 2775, 75497
2026/09/19 23:57:17.950, 0, 330.67, 84, 64, 2805, 76539
2026/09/19 23:57:17.950, 1, 273.86, 73, 64, 2835, 75497
2026/09/19 23:57:18.950, 0, 300.53, 85, 65, 2767, 76539
2026/09/19 23:57:18.950, 1, 267.71, 92, 67, 2782, 75497
2026/09/19 23:57:19.950, 0, 368.04, 79, 64, 2730, 76539
2026/09/19 23:57:19.951, 1, 346.51, 69, 66, 2812, 75497
2026/09/19 23:57:20.951, 0, 356.78, 99, 65, 2730, 76539
2026/09/19 23:57:20.951, 1, 356.89, 99, 67, 2760, 75497
2026/09/19 23:57:21.951, 0, 363.86, 92, 65, 2715, 76539
2026/09/19 23:57:21.951, 1, 351.56, 92, 67, 2775, 75497
2026/09/19 23:57:22.951, 0, 366.98, 66, 65, 2775, 76539
2026/09/19 23:57:22.951, 1, 347.75, 99, 66, 2790, 75497
2026/09/19 23:57:23.951, 0, 360.55, 99, 65, 2730, 76539
2026/09/19 23:57:23.952, 1, 349.40, 92, 67, 2767, 75497
2026/09/19 23:57:24.952, 0, 342.04, 82, 64, 2790, 76539
2026/09/19 23:57:24.952, 1, 282.36, 72, 64, 2835, 75497
2026/09/19 23:57:25.952, 0, 288.64, 83, 63, 2790, 76539
2026/09/19 23:57:25.952, 1, 233.07, 55, 63, 2835, 75497
2026/09/19 23:57:26.952, 0, 351.54, 92, 65, 2730, 76539
2026/09/19 23:57:26.952, 1, 348.10, 99, 67, 2760, 75497
2026/09/19 23:57:27.952, 0, 359.88, 74, 64, 2782, 76539
2026/09/19 23:57:27.953, 1, 339.83, 83, 67, 2820, 75497
2026/09/19 23:57:28.953, 0, 360.79, 92, 65, 2745, 76539
2026/09/19 23:57:28.953, 1, 353.68, 99, 66, 2775, 75497
2026/09/19 23:57:29.953, 0, 391.93, 94, 63, 2730, 76539
2026/09/19 23:57:29.953, 1, 355.77, 59, 64, 2805, 75497
2026/09/19 23:57:30.953, 0, 340.29, 99, 66, 2730, 76539
2026/09/19 23:57:30.953, 1, 337.98, 92, 65, 2775, 75497
2026/09/19 23:57:31.954, 0, 362.13, 84, 64, 2790, 76539
2026/09/19 23:57:31.954, 1, 324.79, 61, 64, 2835, 75497
2026/09/19 23:57:32.954, 0, 292.19, 80, 63, 2805, 76539
2026/09/19 23:57:32.954, 1, 235.70, 55, 63, 2835, 75497
2026/09/19 23:57:33.954, 0, 330.84, 69, 65, 2797, 76539
2026/09/19 23:57:33.954, 1, 326.96, 99, 66, 2797, 75497
2026/09/19 23:57:34.954, 0, 369.90, 99, 64, 2722, 76539
2026/09/19 23:57:34.954, 1, 350.49, 72, 65, 2782, 75497
2026/09/19 23:57:35.954, 0, 347.60, 81, 64, 2782, 76539
2026/09/19 23:57:35.955, 1, 334.72, 99, 66, 2805, 75497
2026/09/19 23:57:36.955, 0, 382.36, 99, 65, 2730, 76539
2026/09/19 23:57:36.955, 1, 378.34, 99, 67, 2760, 75497
2026/09/19 23:57:37.955, 0, 344.79, 99, 64, 2775, 76539
2026/09/19 23:57:37.955, 1, 316.80, 92, 66, 2805, 75497
2026/09/19 23:57:38.955, 0, 381.53, 96, 64, 2737, 76539
2026/09/19 23:57:38.955, 1, 348.67, 64, 64, 2827, 75497
2026/09/19 23:57:39.956, 0, 292.49, 82, 63, 2797, 76539
2026/09/19 23:57:39.956, 1, 234.62, 56, 63, 2835, 75497
2026/09/19 23:57:40.956, 0, 329.61, 79, 63, 2730, 76539
2026/09/19 23:57:40.956, 1, 299.93, 67, 65, 2805, 75497
2026/09/19 23:57:41.956, 0, 354.73, 99, 64, 2737, 76539
2026/09/19 23:57:41.956, 1, 353.47, 92, 67, 2767, 75497
2026/09/19 23:57:42.956, 0, 359.72, 74, 64, 2760, 76539
2026/09/19 23:57:42.957, 1, 338.96, 70, 66, 2820, 75497
2026/09/19 23:57:43.957, 0, 375.50, 99, 65, 2730, 76539
2026/09/19 23:57:43.957, 1, 366.31, 99, 67, 2767, 75497
2026/09/19 23:57:44.957, 0, 349.83, 75, 64, 2782, 76539
2026/09/19 23:57:44.957, 1, 322.00, 85, 66, 2827, 75497
2026/09/19 23:57:45.957, 0, 373.12, 91, 65, 2715, 76539
2026/09/19 23:57:45.957, 1, 369.62, 99, 66, 2775, 75497
2026/09/19 23:57:46.957, 0, 302.75, 73, 63, 2805, 76539
2026/09/19 23:57:46.958, 1, 233.60, 56, 63, 2835, 75497
2026/09/19 23:57:47.958, 0, 310.73, 92, 65, 2730, 76539
2026/09/19 23:57:47.958, 1, 282.60, 99, 66, 2760, 75497
2026/09/19 23:57:48.958, 0, 357.09, 74, 64, 2782, 76539
2026/09/19 23:57:48.958, 1, 337.94, 83, 66, 2820, 75497
2026/09/19 23:57:49.958, 0, 367.49, 92, 65, 2715, 76539
2026/09/19 23:57:49.958, 1, 358.17, 80, 68, 2775, 75497
2026/09/19 23:57:50.958, 0, 366.03, 99, 65, 2730, 76539
2026/09/19 23:57:50.959, 1, 352.52, 99, 67, 2767, 75497
2026/09/19 23:57:51.959, 0, 364.81, 99, 65, 2737, 76539
2026/09/19 23:57:51.959, 1, 337.11, 79, 64, 2782, 75497
2026/09/19 23:57:52.959, 0, 360.08, 92, 65, 2715, 76539
2026/09/19 23:57:52.959, 1, 359.08, 99, 66, 2767, 75497
2026/09/19 23:57:53.959, 0, 333.42, 65, 63, 2797, 76539
2026/09/19 23:57:53.959, 1, 276.80, 55, 63, 2835, 75497
2026/09/19 23:57:54.960, 0, 288.70, 62, 65, 2805, 76539
2026/09/19 23:57:54.960, 1, 250.69, 99, 65, 2812, 75497
2026/09/19 23:57:55.960, 0, 362.91, 99, 65, 2715, 76539
2026/09/19 23:57:55.960, 1, 351.43, 79, 64, 2775, 75497
2026/09/19 23:57:56.960, 0, 351.10, 76, 65, 2775, 76539
2026/09/19 23:57:56.960, 1, 351.22, 99, 66, 2782, 75497
2026/09/19 23:57:57.960, 0, 372.49, 97, 65, 2730, 76539
2026/09/19 23:57:57.961, 1, 363.42, 99, 67, 2760, 75497
2026/09/19 23:57:58.961, 0, 396.07, 92, 65, 2722, 76539
2026/09/19 23:57:58.961, 1, 384.40, 99, 67, 2760, 75497
2026/09/19 23:57:59.961, 0, 397.22, 92, 66, 2722, 76539
2026/09/19 23:57:59.961, 1, 385.45, 99, 67, 2767, 75497
2026/09/19 23:58:00.961, 0, 398.45, 92, 66, 2715, 76539
2026/09/19 23:58:00.961, 1, 384.25, 99, 67, 2767, 75497
2026/09/19 23:58:01.961, 0, 399.01, 92, 66, 2707, 76539
2026/09/19 23:58:01.962, 1, 385.75, 93, 67, 2767, 75497
2026/09/19 23:58:02.962, 0, 398.82, 92, 66, 2707, 76539
2026/09/19 23:58:02.962, 1, 384.02, 92, 67, 2775, 75497
2026/09/19 23:58:03.962, 0, 398.62, 92, 66, 2707, 76539
2026/09/19 23:58:03.962, 1, 386.39, 92, 67, 2775, 75497
2026/09/19 23:58:04.962, 0, 399.08, 92, 66, 2707, 76539
2026/09/19 23:58:04.962, 1, 387.82, 92, 66, 2775, 75497
2026/09/19 23:58:05.962, 0, 398.86, 99, 66, 2707, 76539
2026/09/19 23:58:05.962, 1, 387.27, 92, 68, 2775, 75497
2026/09/19 23:58:06.963, 0, 399.08, 99, 66, 2707, 76539
2026/09/19 23:58:06.963, 1, 382.03, 92, 67, 2782, 75497
2026/09/19 23:58:07.963, 0, 388.34, 92, 66, 2715, 76539
2026/09/19 23:58:07.963, 1, 374.70, 93, 67, 2775, 75497
2026/09/19 23:58:08.963, 0, 192.07, 0, 60, 2835, 77115
2026/09/19 23:58:08.963, 1, 144.23, 0, 61, 2865, 76072
2026/09/19 23:58:09.963, 0, 130.24, 0, 58, 2707, 77115
2026/09/19 23:58:09.964, 1, 115.85, 0, 60, 2670, 76072
2026/09/19 23:58:10.964, 0, 110.65, 0, 58, 2610, 77115
2026/09/19 23:58:10.964, 1, 96.17, 0, 60, 2670, 76072
2026/09/19 23:58:11.964, 0, 107.92, 0, 58, 2610, 77115
2026/09/19 23:58:11.964, 1, 94.52, 0, 59, 2610, 76072
2026/09/19 23:58:12.964, 0, 107.39, 0, 57, 2610, 76539
2026/09/19 23:58:12.965, 1, 93.67, 0, 59, 2610, 75497
2026/09/19 23:58:13.965, 0, 108.28, 0, 57, 2610, 77115
2026/09/19 23:58:13.965, 1, 94.41, 0, 58, 2610, 76072
2026/09/19 23:58:14.965, 0, 107.67, 0, 56, 2610, 77115
2026/09/19 23:58:14.965, 1, 94.72, 0, 58, 2610, 76072
2026/09/19 23:58:15.965, 0, 104.99, 0, 56, 2610, 76539
2026/09/19 23:58:15.965, 1, 92.13, 0, 57, 2610, 75497
2026/09/19 23:58:16.966, 0, 158.85, 99, 62, 2730, 76539
2026/09/19 23:58:16.966, 1, 167.66, 99, 64, 2775, 75497
2026/09/19 23:58:17.966, 0, 341.53, 93, 62, 2790, 76539
2026/09/19 23:58:17.966, 1, 312.81, 92, 64, 2820, 75497
2026/09/19 23:58:18.966, 0, 380.56, 99, 62, 2737, 76539
2026/09/19 23:58:18.966, 1, 350.14, 58, 62, 2820, 75497
2026/09/19 23:58:19.966, 0, 287.82, 78, 62, 2805, 76539
2026/09/19 23:58:19.967, 1, 234.51, 57, 62, 2850, 75497
2026/09/19 23:58:20.967, 0, 324.58, 78, 62, 2737, 76539
2026/09/19 23:58:20.967, 1, 300.19, 68, 64, 2820, 75497
2026/09/19 23:58:21.967, 0, 351.61, 99, 64, 2737, 76539
2026/09/19 23:58:21.967, 1, 353.17, 99, 65, 2760, 75497
2026/09/19 23:58:22.967, 0, 358.89, 76, 63, 2767, 76539
2026/09/19 23:58:22.967, 1, 338.05, 73, 64, 2827, 75497
2026/09/19 23:58:23.967, 0, 372.20, 99, 64, 2730, 76539
2026/09/19 23:58:23.968, 1, 363.12, 99, 65, 2767, 75497
2026/09/19 23:58:24.968, 0, 350.36, 71, 63, 2797, 76539
2026/09/19 23:58:24.968, 1, 323.46, 86, 64, 2827, 75497
2026/09/19 23:58:25.968, 0, 376.14, 92, 64, 2722, 76539
2026/09/19 23:58:25.968, 1, 366.03, 99, 65, 2775, 75497
2026/09/19 23:58:26.968, 0, 298.57, 74, 62, 2805, 76539
2026/09/19 23:58:26.968, 1, 242.65, 55, 62, 2850, 75497
2026/09/19 23:58:27.968, 0, 305.27, 93, 64, 2745, 76539
2026/09/19 23:58:27.969, 1, 282.46, 99, 65, 2767, 75497
2026/09/19 23:58:28.969, 0, 353.01, 75, 63, 2790, 76539
2026/09/19 23:58:28.969, 1, 339.20, 81, 65, 2820, 75497
2026/09/19 23:58:29.969, 0, 359.65, 92, 64, 2715, 76539
2026/09/19 23:58:29.969, 1, 355.99, 85, 66, 2775, 75497
2026/09/19 23:58:30.969, 0, 358.28, 99, 65, 2730, 76539
2026/09/19 23:58:30.969, 1, 348.26, 99, 66, 2767, 75497
2026/09/19 23:58:31.969, 0, 366.97, 99, 64, 2745, 76539
2026/09/19 23:58:31.970, 1, 331.86, 79, 63, 2782, 75497
2026/09/19 23:58:32.970, 0, 359.92, 92, 64, 2722, 76539
2026/09/19 23:58:32.970, 1, 358.66, 99, 65, 2775, 75497
2026/09/19 23:58:33.970, 0, 329.82, 65, 62, 2797, 76539
2026/09/19 23:58:33.970, 1, 273.96, 55, 62, 2835, 75497
2026/09/19 23:58:34.970, 0, 284.85, 63, 65, 2805, 76539
2026/09/19 23:58:34.970, 1, 247.94, 99, 65, 2812, 75497
2026/09/19 23:58:35.970, 0, 367.70, 99, 64, 2715, 76539
2026/09/19 23:58:35.971, 1, 346.61, 78, 63, 2775, 75497
2026/09/19 23:58:36.971, 0, 347.40, 72, 64, 2782, 76539
2026/09/19 23:58:36.971, 1, 340.61, 99, 65, 2782, 75497
2026/09/19 23:58:37.971, 0, 360.39, 99, 65, 2730, 76539
2026/09/19 23:58:37.971, 1, 348.91, 98, 66, 2767, 75497
2026/09/19 23:58:38.971, 0, 373.62, 82, 63, 2775, 76539
2026/09/19 23:58:38.971, 1, 342.87, 69, 63, 2827, 75497
2026/09/19 23:58:39.971, 0, 340.79, 92, 65, 2722, 76539
2026/09/19 23:58:39.972, 1, 342.80, 99, 66, 2767, 75497
2026/09/19 23:58:40.972, 0, 350.92, 63, 62, 2805, 76539
2026/09/19 23:58:40.972, 1, 298.85, 67, 63, 2835, 75497
2026/09/19 23:58:41.972, 0, 286.64, 66, 63, 2805, 76539
2026/09/19 23:58:41.972, 1, 229.89, 76, 62, 2850, 75497
2026/09/19 23:58:42.972, 0, 340.14, 86, 64, 2767, 76539
2026/09/19 23:58:42.972, 1, 328.17, 92, 66, 2782, 75497
2026/09/19 23:58:43.972, 0, 366.31, 79, 63, 2737, 76539
2026/09/19 23:58:43.972, 1, 341.88, 69, 65, 2812, 75497
2026/09/19 23:58:44.973, 0, 346.68, 99, 64, 2775, 76539
2026/09/19 23:58:44.973, 1, 347.11, 92, 66, 2797, 75497
2026/09/19 23:58:45.973, 0, 388.08, 92, 65, 2715, 76539
2026/09/19 23:58:45.973, 1, 371.78, 77, 66, 2782, 75497
2026/09/19 23:58:46.973, 0, 341.05, 97, 65, 2767, 76539
2026/09/19 23:58:46.973, 1, 321.25, 99, 66, 2775, 75497
2026/09/19 23:58:47.973, 0, 370.79, 62, 63, 2775, 76539
2026/09/19 23:58:47.974, 1, 332.74, 80, 63, 2827, 75497
2026/09/19 23:58:48.974, 0, 285.58, 76, 63, 2805, 76539
2026/09/19 23:58:48.974, 1, 232.37, 79, 63, 2835, 75497
2026/09/19 23:58:49.974, 0, 321.98, 74, 64, 2760, 76539
2026/09/19 23:58:49.974, 1, 299.38, 65, 65, 2820, 75497
2026/09/19 23:58:50.974, 0, 351.14, 92, 65, 2730, 76539
2026/09/19 23:58:50.974, 1, 359.75, 99, 66, 2760, 75497
2026/09/19 23:58:51.974, 0, 355.77, 70, 64, 2790, 76539
2026/09/19 23:58:51.975, 1, 338.00, 87, 65, 2827, 75497
2026/09/19 23:58:52.975, 0, 372.68, 92, 65, 2715, 76539
2026/09/19 23:58:52.975, 1, 371.39, 92, 67, 2775, 75497
2026/09/19 23:58:53.975, 0, 345.51, 69, 64, 2790, 76539
2026/09/19 23:58:53.975, 1, 323.41, 99, 65, 2820, 75497
2026/09/19 23:58:54.975, 0, 378.68, 99, 65, 2722, 76539
2026/09/19 23:58:54.975, 1, 363.89, 87, 64, 2782, 75497
2026/09/19 23:58:55.975, 0, 306.33, 77, 63, 2805, 76539
2026/09/19 23:58:55.975, 1, 236.82, 80, 63, 2842, 75497
2026/09/19 23:58:56.975, 0, 316.13, 92, 65, 2707, 76539
2026/09/19 23:58:56.976, 1, 290.08, 79, 66, 2775, 75497
2026/09/19 23:58:57.976, 0, 356.53, 68, 65, 2790, 76539
2026/09/19 23:58:57.976, 1, 341.41, 99, 66, 2790, 75497
2026/09/19 23:58:58.976, 0, 370.89, 99, 63, 2722, 76539
2026/09/19 23:58:58.976, 1, 345.63, 73, 64, 2782, 75497
2026/09/19 23:58:59.976, 0, 362.24, 92, 65, 2715, 76539
2026/09/19 23:58:59.976, 1, 361.46, 99, 66, 2775, 75497
2026/09/19 23:59:00.977, 0, 366.22, 97, 63, 2730, 76539
2026/09/19 23:59:00.977, 1, 325.83, 76, 65, 2797, 75497
2026/09/19 23:59:01.977, 0, 366.26, 99, 65, 2715, 76539
2026/09/19 23:59:01.977, 1, 365.19, 92, 66, 2775, 75497
2026/09/19 23:59:02.977, 0, 327.31, 83, 63, 2805, 76539
2026/09/19 23:59:02.977, 1, 265.83, 66, 63, 2835, 75497
2026/09/19 23:59:03.977, 0, 295.42, 71, 65, 2782, 76539
2026/09/19 23:59:03.978, 1, 260.30, 99, 65, 2790, 75497
2026/09/19 23:59:04.978, 0, 371.15, 99, 63, 2730, 76539
2026/09/19 23:59:04.978, 1, 344.73, 78, 65, 2797, 75497
2026/09/19 23:59:05.978, 0, 351.78, 99, 66, 2737, 76539
2026/09/19 23:59:05.978, 1, 351.84, 92, 67, 2767, 75497
2026/09/19 23:59:06.978, 0, 363.48, 92, 65, 2715, 76539
2026/09/19 23:59:06.978, 1, 349.61, 99, 66, 2775, 75497
2026/09/19 23:59:07.979, 0, 369.64, 62, 65, 2797, 76539
2026/09/19 23:59:07.979, 1, 345.95, 99, 66, 2797, 75497
2026/09/19 23:59:08.979, 0, 362.82, 99, 65, 2715, 76539
2026/09/19 23:59:08.979, 1, 351.31, 92, 65, 2775, 75497
2026/09/19 23:59:09.979, 0, 339.61, 83, 63, 2805, 76539
2026/09/19 23:59:09.979, 1, 295.20, 60, 63, 2835, 75497
2026/09/19 23:59:10.979, 0, 290.96, 78, 63, 2805, 76539
2026/09/19 23:59:10.979, 1, 234.35, 56, 63, 2850, 75497
2026/09/19 23:59:11.980, 0, 356.44, 99, 65, 2730, 76539
2026/09/19 23:59:11.980, 1, 357.99, 99, 66, 2760, 75497
2026/09/19 23:59:12.980, 0, 356.46, 78, 64, 2782, 76539
2026/09/19 23:59:12.980, 1, 344.60, 84, 66, 2820, 75497
2026/09/19 23:59:13.980, 0, 357.54, 92, 65, 2745, 76539
2026/09/19 23:59:13.980, 1, 353.43, 97, 66, 2775, 75497
2026/09/19 23:59:14.980, 0, 388.99, 82, 63, 2737, 76539
2026/09/19 23:59:14.981, 1, 353.02, 58, 63, 2812, 75497
2026/09/19 23:59:15.981, 0, 341.08, 99, 65, 2730, 76539
2026/09/19 23:59:15.981, 1, 329.84, 92, 66, 2775, 75497
2026/09/19 23:59:16.981, 0, 364.72, 83, 63, 2790, 76539
2026/09/19 23:59:16.981, 1, 316.96, 69, 63, 2827, 75497
2026/09/19 23:59:17.981, 0, 289.01, 81, 63, 2805, 76539
2026/09/19 23:59:17.981, 1, 233.25, 57, 63, 2850, 75497
2026/09/19 23:59:18.981, 0, 330.31, 69, 65, 2790, 76539
2026/09/19 23:59:18.982, 1, 328.77, 99, 67, 2790, 75497
2026/09/19 23:59:19.982, 0, 368.96, 99, 63, 2722, 76539
2026/09/19 23:59:19.982, 1, 348.04, 72, 65, 2782, 75497
2026/09/19 23:59:20.982, 0, 342.86, 74, 64, 2790, 76539
2026/09/19 23:59:20.982, 1, 330.54, 99, 66, 2812, 75497
2026/09/19 23:59:21.982, 0, 386.60, 99, 65, 2730, 76539
2026/09/19 23:59:21.982, 1, 378.63, 99, 65, 2760, 75497
2026/09/19 23:59:22.983, 0, 340.84, 93, 64, 2775, 76539
2026/09/19 23:59:22.983, 1, 315.32, 92, 66, 2805, 75497
2026/09/19 23:59:23.983, 0, 379.53, 99, 63, 2737, 76539
2026/09/19 23:59:23.983, 1, 349.64, 55, 64, 2820, 75497
2026/09/19 23:59:24.983, 0, 287.28, 68, 63, 2805, 76539
2026/09/19 23:59:24.983, 1, 231.88, 56, 63, 2850, 75497
2026/09/19 23:59:25.983, 0, 326.88, 99, 63, 2730, 76539
2026/09/19 23:59:25.983, 1, 296.20, 79, 65, 2797, 75497
2026/09/19 23:59:26.984, 0, 353.57, 99, 64, 2745, 76539
2026/09/19 23:59:26.984, 1, 349.26, 92, 66, 2775, 75497
2026/09/19 23:59:27.984, 0, 362.97, 78, 64, 2745, 76539
2026/09/19 23:59:27.984, 1, 344.77, 70, 66, 2820, 75497
2026/09/19 23:59:28.984, 0, 364.66, 99, 65, 2722, 76539
2026/09/19 23:59:28.984, 1, 365.10, 99, 67, 2767, 75497
2026/09/19 23:59:29.984, 0, 344.31, 80, 64, 2775, 76539
2026/09/19 23:59:29.985, 1, 316.77, 73, 66, 2827, 75497
2026/09/19 23:59:30.985, 0, 378.11, 92, 65, 2722, 76539
2026/09/19 23:59:30.985, 1, 366.12, 99, 65, 2767, 75497
2026/09/19 23:59:31.985, 0, 293.91, 62, 62, 2805, 76539
2026/09/19 23:59:31.985, 1, 237.25, 59, 63, 2850, 75497
2026/09/19 23:59:32.985, 0, 316.64, 99, 64, 2737, 76539
2026/09/19 23:59:32.985, 1, 273.35, 99, 67, 2760, 75497
2026/09/19 23:59:33.986, 0, 356.75, 83, 64, 2767, 76539
2026/09/19 23:59:33.986, 1, 337.60, 71, 66, 2827, 75497
2026/09/19 23:59:34.986, 0, 369.12, 92, 65, 2715, 76539
2026/09/19 23:59:34.986, 1, 357.79, 99, 64, 2767, 75497
2026/09/19 23:59:35.986, 0, 360.06, 99, 64, 2730, 76539
2026/09/19 23:59:35.986, 1, 348.16, 92, 66, 2767, 75497
2026/09/19 23:59:36.986, 0, 370.32, 92, 65, 2745, 76539
2026/09/19 23:59:36.986, 1, 341.02, 79, 65, 2782, 75497
2026/09/19 23:59:37.986, 0, 364.95, 92, 65, 2722, 76539
2026/09/19 23:59:37.987, 1, 356.58, 99, 65, 2767, 75497
2026/09/19 23:59:38.987, 0, 325.58, 62, 63, 2805, 76539
2026/09/19 23:59:38.987, 1, 280.17, 66, 63, 2835, 75497
2026/09/19 23:59:39.987, 0, 293.51, 64, 62, 2805, 76539
2026/09/19 23:59:39.987, 1, 245.05, 90, 65, 2820, 75497
2026/09/19 23:59:40.987, 0, 370.01, 96, 65, 2707, 76539
2026/09/19 23:59:40.987, 1, 351.79, 78, 65, 2775, 75497
2026/09/19 23:59:41.987, 0, 354.97, 66, 65, 2782, 76539
2026/09/19 23:59:41.987, 1, 342.17, 99, 67, 2782, 75497
2026/09/19 23:59:42.988, 0, 360.98, 99, 64, 2730, 76539
2026/09/19 23:59:42.988, 1, 351.67, 92, 66, 2767, 75497
2026/09/19 23:59:43.988, 0, 369.26, 70, 64, 2760, 76539
2026/09/19 23:59:43.988, 1, 343.02, 60, 66, 2835, 75497
2026/09/19 23:59:44.988, 0, 360.83, 97, 65, 2730, 76539
2026/09/19 23:59:44.988, 1, 350.53, 99, 66, 2767, 75497
2026/09/19 23:59:45.988, 0, 339.99, 62, 63, 2805, 76539
2026/09/19 23:59:45.989, 1, 302.52, 78, 63, 2835, 75497
2026/09/19 23:59:46.989, 0, 293.28, 68, 63, 2805, 76539
2026/09/19 23:59:46.989, 1, 235.88, 80, 63, 2842, 75497
2026/09/19 23:59:47.989, 0, 357.46, 96, 65, 2745, 76539
2026/09/19 23:59:47.989, 1, 345.88, 92, 66, 2775, 75497
2026/09/19 23:59:48.989, 0, 359.22, 79, 64, 2745, 76539
2026/09/19 23:59:48.989, 1, 344.73, 68, 67, 2820, 75497
2026/09/19 23:59:49.989, 0, 361.11, 99, 66, 2775, 76539
2026/09/19 23:59:49.990, 1, 351.04, 99, 66, 2782, 75497
2026/09/19 23:59:50.990, 0, 388.52, 99, 65, 2715, 76539
2026/09/19 23:59:50.990, 1, 369.81, 77, 64, 2782, 75497
2026/09/19 23:59:51.990, 0, 341.72, 92, 65, 2760, 76539
2026/09/19 23:59:51.990, 1, 320.98, 99, 67, 2775, 75497
2026/09/19 23:59:52.990, 0, 360.40, 63, 63, 2782, 76539
2026/09/19 23:59:52.990, 1, 329.24, 67, 64, 2827, 75497
2026/09/19 23:59:53.990, 0, 289.83, 61, 63, 2805, 76539
2026/09/19 23:59:53.990, 1, 234.01, 75, 63, 2842, 75497
2026/09/19 23:59:54.991, 0, 336.26, 80, 64, 2775, 76539
2026/09/19 23:59:54.991, 1, 312.62, 76, 66, 2820, 75497
2026/09/19 23:59:55.991, 0, 370.05, 92, 65, 2715, 76539
2026/09/19 23:59:55.991, 1, 360.32, 99, 64, 2767, 75497
2026/09/19 23:59:56.991, 0, 345.90, 68, 63, 2790, 76539
2026/09/19 23:59:56.991, 1, 335.89, 93, 66, 2820, 75497
2026/09/19 23:59:57.991, 0, 381.76, 92, 65, 2715, 76539
2026/09/19 23:59:57.991, 1, 375.48, 92, 67, 2775, 75497
2026/09/19 23:59:58.992, 0, 346.50, 74, 65, 2790, 76539
2026/09/19 23:59:58.992, 1, 323.54, 99, 67, 2812, 75497
2026/09/19 23:59:59.992, 0, 380.55, 99, 64, 2730, 76539
2026/09/19 23:59:59.992, 1, 361.14, 69, 64, 2790, 75497
2026/09/20 00:00:00.992, 0, 288.17, 65, 63, 2805, 76539
2026/09/20 00:00:00.992, 1, 232.74, 79, 63, 2842, 75497
2026/09/20 00:00:01.992, 0, 328.14, 99, 65, 2715, 76539
2026/09/20 00:00:01.993, 1, 291.48, 78, 65, 2775, 75497
2026/09/20 00:00:02.994, 0, 350.08, 71, 65, 2775, 76539
2026/09/20 00:00:02.994, 1, 342.64, 99, 67, 2782, 75497
2026/09/20 00:00:03.995, 0, 364.97, 99, 63, 2730, 76539
2026/09/20 00:00:03.995, 1, 346.93, 85, 66, 2790, 75497
2026/09/20 00:00:04.997, 0, 373.37, 92, 65, 2715, 76539
2026/09/20 00:00:04.997, 1, 362.67, 92, 67, 2775, 75497
2026/09/20 00:00:05.998, 0, 351.00, 79, 64, 2730, 76539
2026/09/20 00:00:05.998, 1, 331.17, 69, 65, 2812, 75497
2026/09/20 00:00:06.999, 0, 369.62, 99, 64, 2730, 76539
2026/09/20 00:00:07.000, 1, 367.00, 92, 67, 2767, 75497
2026/09/20 00:00:08.000, 0, 313.18, 75, 63, 2805, 76539
2026/09/20 00:00:08.000, 1, 261.65, 79, 63, 2835, 75497
2026/09/20 00:00:09.002, 0, 306.58, 88, 65, 2760, 76539
2026/09/20 00:00:09.002, 1, 268.42, 92, 66, 2782, 75497
2026/09/20 00:00:10.003, 0, 356.67, 79, 64, 2737, 76539
2026/09/20 00:00:10.003, 1, 344.76, 67, 66, 2812, 75497
2026/09/20 00:00:11.004, 0, 366.63, 99, 66, 2737, 76539
2026/09/20 00:00:11.005, 1, 356.97, 98, 66, 2760, 75497
2026/09/20 00:00:12.005, 0, 365.37, 92, 65, 2715, 76539
2026/09/20 00:00:12.005, 1, 347.12, 92, 67, 2775, 75497
2026/09/20 00:00:13.006, 0, 366.29, 62, 65, 2790, 76539
2026/09/20 00:00:13.006, 1, 346.38, 99, 64, 2790, 75497
2026/09/20 00:00:14.006, 0, 365.48, 92, 65, 2722, 76539
2026/09/20 00:00:14.007, 1, 352.39, 92, 67, 2767, 75497
2026/09/20 00:00:15.008, 0, 329.27, 80, 64, 2805, 76539
2026/09/20 00:00:15.008, 1, 283.77, 78, 64, 2835, 75497
2026/09/20 00:00:16.009, 0, 289.60, 82, 63, 2805, 76539
2026/09/20 00:00:16.009, 1, 234.62, 58, 66, 2835, 75497
2026/09/20 00:00:17.010, 0, 363.55, 92, 65, 2722, 76539
2026/09/20 00:00:17.010, 1, 350.99, 99, 64, 2767, 75497
2026/09/20 00:00:18.010, 0, 347.38, 69, 64, 2790, 76539
2026/09/20 00:00:18.010, 1, 340.88, 88, 66, 2812, 75497
2026/09/20 00:00:19.012, 0, 361.52, 99, 65, 2745, 76539
2026/09/20 00:00:19.012, 1, 348.62, 92, 66, 2775, 75497
2026/09/20 00:00:20.013, 0, 375.79, 77, 63, 2737, 76539
2026/09/20 00:00:20.013, 1, 354.20, 56, 66, 2812, 75497
2026/09/20 00:00:21.014, 0, 351.39, 99, 65, 2730, 76539
2026/09/20 00:00:21.014, 1, 331.77, 92, 67, 2767, 75497
2026/09/20 00:00:22.015, 0, 353.84, 62, 63, 2797, 76539
2026/09/20 00:00:22.015, 1, 313.82, 70, 64, 2827, 75497
2026/09/20 00:00:23.016, 0, 287.64, 65, 63, 2805, 76539
2026/09/20 00:00:23.016, 1, 232.95, 58, 63, 2850, 75497
2026/09/20 00:00:24.017, 0, 343.32, 99, 65, 2790, 76539
2026/09/20 00:00:24.018, 1, 330.29, 99, 66, 2790, 75497
2026/09/20 00:00:25.019, 0, 363.02, 79, 62, 2722, 76539
2026/09/20 00:00:25.019, 1, 345.45, 77, 66, 2782, 75497
2026/09/20 00:00:26.020, 0, 349.67, 99, 64, 2782, 76539
2026/09/20 00:00:26.020, 1, 333.08, 92, 66, 2805, 75497
2026/09/20 00:00:27.021, 0, 390.73, 99, 65, 2730, 76539
2026/09/20 00:00:27.022, 1, 379.45, 99, 64, 2760, 75497
2026/09/20 00:00:28.022, 0, 342.02, 92, 64, 2775, 76539
2026/09/20 00:00:28.022, 1, 316.53, 92, 67, 2797, 75497
2026/09/20 00:00:29.022, 0, 372.45, 64, 64, 2745, 76539
2026/09/20 00:00:29.022, 1, 344.99, 69, 64, 2827, 75497
2026/09/20 00:00:30.024, 0, 289.21, 63, 63, 2805, 76539
2026/09/20 00:00:30.024, 1, 233.54, 59, 63, 2835, 75497
2026/09/20 00:00:31.025, 0, 327.46, 81, 64, 2730, 76539
2026/09/20 00:00:31.025, 1, 301.98, 68, 67, 2812, 75497
2026/09/20 00:00:32.025, 0, 367.94, 92, 65, 2737, 76539
2026/09/20 00:00:32.025, 1, 358.18, 100, 66, 2760, 75497
2026/09/20 00:00:33.026, 0, 354.87, 68, 64, 2752, 76539
2026/09/20 00:00:33.026, 1, 340.35, 71, 66, 2827, 75497
2026/09/20 00:00:34.026, 0, 381.02, 92, 65, 2722, 76539
2026/09/20 00:00:34.026, 1, 366.24, 99, 66, 2760, 75497
2026/09/20 00:00:35.027, 0, 342.96, 73, 64, 2790, 76539
2026/09/20 00:00:35.027, 1, 321.51, 89, 66, 2827, 75497
2026/09/20 00:00:36.029, 0, 380.43, 99, 65, 2715, 76539
2026/09/20 00:00:36.029, 1, 371.56, 99, 65, 2775, 75497
2026/09/20 00:00:37.030, 0, 301.77, 64, 64, 2805, 76539
2026/09/20 00:00:37.030, 1, 245.19, 56, 63, 2835, 75497
2026/09/20 00:00:38.030, 0, 321.91, 99, 65, 2722, 76539
2026/09/20 00:00:38.031, 1, 283.51, 99, 64, 2767, 75497
2026/09/20 00:00:39.032, 0, 348.80, 74, 63, 2782, 76539
2026/09/20 00:00:39.032, 1, 337.24, 90, 66, 2812, 75497
2026/09/20 00:00:40.032, 0, 372.32, 99, 65, 2707, 76539
2026/09/20 00:00:40.032, 1, 353.23, 79, 65, 2775, 75497
2026/09/20 00:00:41.033, 0, 361.69, 100, 65, 2722, 76539
2026/09/20 00:00:41.033, 1, 356.94, 100, 65, 2767, 75497
2026/09/20 00:00:42.033, 0, 361.02, 79, 63, 2730, 76539
2026/09/20 00:00:42.034, 1, 329.98, 80, 66, 2782, 75497
2026/09/20 00:00:43.035, 0, 364.34, 99, 66, 2715, 76539
2026/09/20 00:00:43.035, 1, 351.20, 92, 67, 2775, 75497
2026/09/20 00:00:44.035, 0, 314.05, 69, 64, 2805, 76539
2026/09/20 00:00:44.035, 1, 271.35, 55, 63, 2835, 75497
2026/09/20 00:00:45.035, 0, 301.04, 99, 65, 2790, 76539
2026/09/20 00:00:45.035, 1, 255.23, 99, 67, 2797, 75497
2026/09/20 00:00:46.036, 0, 362.44, 78, 63, 2730, 76539
2026/09/20 00:00:46.036, 1, 344.49, 83, 66, 2782, 75497
2026/09/20 00:00:47.037, 0, 355.40, 99, 65, 2752, 76539
2026/09/20 00:00:47.037, 1, 343.49, 92, 67, 2782, 75497
2026/09/20 00:00:48.037, 0, 366.77, 99, 65, 2722, 76539
2026/09/20 00:00:48.037, 1, 350.03, 99, 65, 2767, 75497
2026/09/20 00:00:49.037, 0, 366.38, 73, 64, 2797, 76539
2026/09/20 00:00:49.038, 1, 346.33, 92, 66, 2812, 75497
2026/09/20 00:00:50.038, 0, 361.15, 99, 65, 2715, 76539
2026/09/20 00:00:50.038, 1, 347.05, 92, 67, 2775, 75497
2026/09/20 00:00:51.039, 0, 337.12, 69, 64, 2790, 76539
2026/09/20 00:00:51.039, 1, 302.15, 57, 64, 2835, 75497
2026/09/20 00:00:52.039, 0, 289.33, 76, 63, 2805, 76539
2026/09/20 00:00:52.040, 1, 232.96, 55, 65, 2835, 75497
2026/09/20 00:00:53.040, 0, 362.80, 92, 65, 2737, 76539
2026/09/20 00:00:53.040, 1, 340.70, 99, 67, 2760, 75497
2026/09/20 00:00:54.041, 0, 356.34, 69, 64, 2767, 76539
2026/09/20 00:00:54.041, 1, 335.00, 69, 67, 2827, 75497
2026/09/20 00:00:55.042, 0, 363.33, 99, 65, 2760, 76539
2026/09/20 00:00:55.042, 1, 350.91, 99, 66, 2775, 75497
2026/09/20 00:00:56.043, 0, 385.15, 77, 63, 2730, 76539
2026/09/20 00:00:56.043, 1, 360.70, 77, 64, 2790, 75497
2026/09/20 00:00:57.043, 0, 351.23, 99, 65, 2730, 76539
2026/09/20 00:00:57.043, 1, 334.77, 92, 67, 2775, 75497
2026/09/20 00:00:58.043, 0, 358.23, 69, 64, 2790, 76539
2026/09/20 00:00:58.043, 1, 326.54, 56, 64, 2835, 75497
2026/09/20 00:00:59.043, 0, 289.35, 79, 63, 2790, 76539
2026/09/20 00:00:59.044, 1, 232.87, 55, 63, 2835, 75497
2026/09/20 00:01:00.044, 0, 341.91, 77, 65, 2790, 76539
2026/09/20 00:01:00.044, 1, 320.84, 93, 66, 2805, 75497
2026/09/20 00:01:01.044, 0, 373.33, 98, 65, 2707, 76539
2026/09/20 00:01:01.044, 1, 350.94, 78, 65, 2775, 75497
2026/09/20 00:01:02.044, 0, 350.86, 98, 65, 2790, 76539
2026/09/20 00:01:02.045, 1, 340.77, 99, 66, 2812, 75497
2026/09/20 00:01:03.045, 0, 387.42, 92, 65, 2730, 76539
2026/09/20 00:01:03.045, 1, 377.27, 99, 67, 2760, 75497
2026/09/20 00:01:04.045, 0, 335.87, 99, 65, 2790, 76539
2026/09/20 00:01:04.045, 1, 318.08, 92, 67, 2805, 75497
2026/09/20 00:01:05.045, 0, 378.84, 76, 64, 2730, 76539
2026/09/20 00:01:05.045, 1, 356.26, 55, 64, 2805, 75497
2026/09/20 00:01:06.045, 0, 288.31, 83, 63, 2805, 76539
2026/09/20 00:01:06.045, 1, 233.01, 64, 63, 2835, 75497
2026/09/20 00:01:07.046, 0, 325.30, 79, 63, 2730, 76539
2026/09/20 00:01:07.046, 1, 294.79, 85, 66, 2790, 75497
2026/09/20 00:01:08.046, 0, 361.03, 99, 65, 2752, 76539
2026/09/20 00:01:08.046, 1, 345.09, 92, 67, 2782, 75497
2026/09/20 00:01:09.046, 0, 356.44, 77, 63, 2730, 76539
2026/09/20 00:01:09.046, 1, 341.39, 65, 65, 2812, 75497
2026/09/20 00:01:10.046, 0, 383.04, 98, 65, 2722, 76539
2026/09/20 00:01:10.046, 1, 380.77, 100, 67, 2760, 75497
2026/09/20 00:01:11.046, 0, 397.29, 99, 66, 2722, 76539
2026/09/20 00:01:11.047, 1, 382.79, 99, 68, 2760, 75497
2026/09/20 00:01:12.047, 0, 399.35, 99, 65, 2715, 76539
2026/09/20 00:01:12.047, 1, 382.61, 99, 67, 2760, 75497
2026/09/20 00:01:13.047, 0, 397.87, 99, 65, 2715, 76539
2026/09/20 00:01:13.047, 1, 385.61, 99, 67, 2767, 75497
2026/09/20 00:01:14.047, 0, 398.45, 99, 65, 2707, 76539
2026/09/20 00:01:14.047, 1, 384.51, 94, 67, 2767, 75497
2026/09/20 00:01:15.047, 0, 398.01, 99, 66, 2707, 76539
2026/09/20 00:01:15.047, 1, 382.88, 92, 67, 2775, 75497
2026/09/20 00:01:16.047, 0, 397.88, 99, 66, 2707, 76539
2026/09/20 00:01:16.048, 1, 386.03, 92, 67, 2775, 75497
2026/09/20 00:01:17.048, 0, 398.76, 99, 65, 2707, 76539
2026/09/20 00:01:17.048, 1, 386.42, 92, 67, 2775, 75497
2026/09/20 00:01:18.048, 0, 398.86, 96, 65, 2707, 76539
2026/09/20 00:01:18.048, 1, 385.99, 92, 67, 2775, 75497
2026/09/20 00:01:19.048, 0, 389.38, 99, 65, 2737, 76539
2026/09/20 00:01:19.048, 1, 374.23, 92, 67, 2775, 75497
2026/09/20 00:01:20.048, 0, 312.26, 0, 60, 2835, 76431
2026/09/20 00:01:20.049, 1, 280.26, 0, 61, 2865, 74832
2026/09/20 00:01:21.050, 0, 133.44, 0, 59, 2835, 76431
2026/09/20 00:01:21.050, 1, 121.07, 0, 60, 2865, 75388
2026/09/20 00:01:22.050, 0, 125.20, 0, 58, 2610, 76431
2026/09/20 00:01:22.050, 1, 112.70, 0, 59, 2767, 75388
2026/09/20 00:01:23.050, 0, 107.60, 0, 57, 2610, 76431
2026/09/20 00:01:23.050, 1, 93.66, 0, 59, 2610, 75388
2026/09/20 00:01:24.050, 0, 107.34, 0, 57, 2610, 615
2026/09/20 00:01:24.051, 1, 92.85, 0, 58, 2610, 599
2026/09/20 00:01:25.051, 0, 128.69, 0, 57, 2655, 617
2026/09/20 00:01:25.051, 1, 114.55, 0, 59, 2865, 599
2026/09/20 00:01:26.051, 0, 129.49, 0, 57, 2835, 617
2026/09/20 00:01:26.052, 1, 116.95, 0, 58, 2865, 599
2026/09/20 00:01:27.052, 0, 114.67, 0, 56, 2610, 39
2026/09/20 00:01:27.052, 1, 101.10, 0, 57, 2610, 21
2026/09/20 00:01:28.052, 0, 107.71, 0, 56, 2610, 39
2026/09/20 00:01:28.052, 1, 93.77, 0, 57, 2610, 21
2026/09/20 00:01:29.053, 0, 107.81, 0, 56, 2610, 39
2026/09/20 00:01:29.053, 1, 94.11, 0, 57, 2610, 21
2026/09/20 00:01:30.053, 0, 96.40, 0, 54, 510, 39
2026/09/20 00:01:30.053, 1, 92.47, 0, 57, 2610, 21
2026/09/20 00:01:31.053, 0, 80.70, 0, 54, 315, 39
2026/09/20 00:01:31.054, 1, 62.09, 0, 55, 427, 21
2026/09/20 00:01:32.054, 0, 80.10, 0, 54, 202, 39
2026/09/20 00:01:32.054, 1, 61.56, 0, 55, 270, 21
2026/09/20 00:01:33.055, 0, 65.63, 0, 53, 180, 39
2026/09/20 00:01:33.055, 1, 59.11, 0, 55, 180, 21
2026/09/20 00:01:34.055, 0, 56.11, 0, 53, 180, 39
2026/09/20 00:01:34.055, 1, 24.03, 0, 54, 180, 21
2026/09/20 00:01:35.056, 0, 42.90, 0, 52, 180, 39
2026/09/20 00:01:35.056, 1, 21.06, 0, 54, 180, 21
2026/09/20 00:01:36.056, 0, 41.90, 0, 52, 180, 39
2026/09/20 00:01:36.057, 1, 20.45, 0, 53, 180, 21
2026/09/20 00:01:37.057, 0, 42.27, 0, 52, 180, 39
2026/09/20 00:01:37.057, 1, 19.83, 0, 53, 180, 21
2026/09/20 00:01:38.058, 0, 40.76, 0, 51, 180, 39
2026/09/20 00:01:38.058, 1, 19.87, 0, 53, 180, 21
2026/09/20 00:01:39.058, 0, 40.66, 0, 51, 180, 39
2026/09/20 00:01:39.058, 1, 19.44, 0, 52, 180, 21
2026/09/20 00:01:40.058, 0, 40.37, 0, 51, 180, 39
2026/09/20 00:01:40.058, 1, 19.65, 0, 52, 180, 21
2026/09/20 00:01:41.059, 0, 41.02, 0, 50, 180, 39
2026/09/20 00:01:41.059, 1, 19.82, 0, 52, 180, 21
2026/09/20 00:01:42.059, 0, 40.33, 0, 50, 180, 39
2026/09/20 00:01:42.059, 1, 20.14, 0, 52, 180, 21
2026/09/20 00:01:43.060, 0, 40.21, 0, 50, 180, 39
2026/09/20 00:01:43.060, 1, 19.77, 0, 51, 180, 21
2026/09/20 00:01:44.060, 0, 40.02, 0, 50, 180, 39
2026/09/20 00:01:44.061, 1, 19.65, 0, 51, 180, 21
2026/09/20 00:01:45.061, 0, 40.67, 0, 49, 180, 39
2026/09/20 00:01:45.061, 1, 19.84, 0, 51, 180, 21
2026/09/20 00:01:46.061, 0, 41.36, 0, 49, 180, 39
2026/09/20 00:01:46.061, 1, 19.69, 0, 51, 180, 21
2026/09/20 00:01:47.062, 0, 39.85, 0, 49, 180, 39
2026/09/20 00:01:47.062, 1, 19.33, 0, 50, 180, 21
2026/09/20 00:01:48.063, 0, 39.75, 0, 49, 180, 39
2026/09/20 00:01:48.063, 1, 19.45, 0, 50, 180, 21
2026/09/20 00:01:49.063, 0, 41.17, 0, 49, 180, 39
2026/09/20 00:01:49.063, 1, 19.60, 0, 50, 180, 21
2026/09/20 00:01:50.064, 0, 39.78, 0, 48, 180, 39
2026/09/20 00:01:50.064, 1, 19.72, 0, 50, 180, 21
2026/09/20 00:01:51.064, 0, 39.48, 0, 48, 180, 39
2026/09/20 00:01:51.064, 1, 19.67, 0, 49, 180, 21
2026/09/20 00:01:52.065, 0, 38.74, 0, 48, 180, 39
2026/09/20 00:01:52.065, 1, 19.82, 0, 49, 180, 21
2026/09/20 00:01:53.065, 0, 39.04, 0, 48, 180, 39
2026/09/20 00:01:53.065, 1, 19.49, 0, 49, 180, 21
2026/09/20 00:01:54.066, 0, 38.37, 0, 48, 180, 39
2026/09/20 00:01:54.066, 1, 19.47, 0, 49, 180, 21
2026/09/20 00:01:55.066, 0, 40.10, 0, 47, 180, 39
2026/09/20 00:01:55.066, 1, 18.86, 0, 49, 180, 21
2026/09/20 00:01:56.067, 0, 39.50, 0, 47, 180, 39
2026/09/20 00:01:56.067, 1, 18.98, 0, 49, 180, 21
2026/09/20 00:01:57.067, 0, 37.43, 0, 47, 180, 39
2026/09/20 00:01:57.068, 1, 18.63, 0, 48, 180, 21
