=== SERVER START 2026-09-19T23:22:33Z ===
LOADSTATE 2026-09-19T23:22:33Z uptime: 23:22:33 up 28 days, 19:51,  0 user,  load average: 1.77, 1.93, 1.96
LOADSTATE gpu compute apps: 
LOADSTATE busy marker: 70_demo_server.sh SERVER pid=pending since=2026-09-19T23:22:33Z
CMD: /root/fhe-main-demo/build-demo/gpu_real_model_x --tag pbd430a --bundle-dir /root/src/ml-eval/artifacts --device 0 --log-ring 17 --secure --level-budget 3 3 --ms-norm 5.5 --enc-threads 24 --boot-floor 3 --matvec-margin 4 --extra-depth 12 --canonical-carry --periodic-encode --drop-wv 7 --drop-wkr 4 --drop-wout 7 --drop-win 4 --newton-robust 0.1 12 --trace-boots --pack-tokens 1 --lanes-block --compressed-store --devices 0,1 --store-multi-gpu --keys-dir /root/demo/keys_pod_pub --keys-load --serve /root/demo/serve --serve-timeout 7200 --stateful --store-file /root/demo/store_x5_scratch.bin --vram-trace
FIDESLIB_USE_MEMCPY_PEER=0, set to: 0
{"x8Levers":true,"dropWv":7,"dropWkr":4,"dropWout":7,"dropWin":4,"rsqrtSidecar":"","baseline":"stock"}
{"schedLevers":true,"schedule":"stock","pfEntry":"loop","shareBabies":false,"newtonDepth2":false,"poolLevels":2,"stockPath":true}
{"openfheBootScaleEnc":"pre/3","oddPartOfK":3,"env":"FIDESLIB_BOOT_UNIFORM_EXT=split"}
{"keysLoad":true,"evalRotFiles":1,"autoKeysInMap":143}
{"vramTrace":"keysHost","dev":0,"usedGB":0.602417,"freeGB":94.3678,"totalGB":94.9702,"poolOk":true,"poolReservedGB":0,"poolReservedHighGB":0,"poolUsedGB":0,"poolUsedHighGB":0,"poolSlackGB":0,"poolTransientGB":0}
{"vramTrace":"keysHost","dev":1,"usedGB":0.584412,"freeGB":94.3858,"totalGB":94.9702,"poolOk":true,"poolReservedGB":0,"poolReservedHighGB":0,"poolUsedGB":0,"poolUsedHighGB":0,"poolSlackGB":0,"poolTransientGB":0}
{"fideslibBootTable":"g_coefficientsUniformExt","tableK":768,"bootK":256,"scaleEncOddPart":3,"doubleAngleIts":6,"chebyDegree":118,"envBootUniformExt":"split","splitAskedButOpenfheLacksO1":false}
GPU 0: NVIDIA RTX PRO 6000 Blackwell Workstation Edition
 SMs: 188, SharedMem: 100 KB, Blocks/SM: 24, Threads/SM: 1536, L2 size: 128 MB, Bus: 512-bit
GPU 1: NVIDIA RTX PRO 6000 Blackwell Workstation Edition
 SMs: 188, SharedMem: 100 KB, Blocks/SM: 24, Threads/SM: 1536, L2 size: 128 MB, Bus: 512-bit
GPU P2P? 1
Adding bootstrap precomputation to GPU for 65536 slots.
Plaintexts loaded: 762 ~ 35814MB
Rotation keys loaded: 143 ~ 48048MB
{"vramTrace":"loadContext","dev":0,"usedGB":38.454,"freeGB":56.5162,"totalGB":94.9702,"poolOk":true,"poolReservedGB":37.0312,"poolReservedHighGB":37.0312,"poolUsedGB":37.0088,"poolUsedHighGB":37.0088,"poolSlackGB":0.0224609,"poolTransientGB":0}
{"vramTrace":"loadContext","dev":1,"usedGB":38.436,"freeGB":56.5342,"totalGB":94.9702,"poolOk":true,"poolReservedGB":37.0312,"poolReservedHighGB":37.0312,"poolUsedGB":37.0088,"poolUsedHighGB":37.0088,"poolSlackGB":0.0224609,"poolTransientGB":0}
{"storeLoad":false,"reason":"absent","path":"/root/demo/store_x5_scratch.bin","willSaveAfterFirstPass":true}
{"harness":"gpu_real_model","arch":"native","tag":"pbd430a","secure":true,"ringDim":131072,"slots":65536,"d":1024,"Dpad":1024,"REP":64,"L":24,"dff":4096,"BS":32,"haveBundle":true,"ompMaxThreads":24,"scaleBits":59,"normEpsOn":true,"setupMs":46299}
{"serve":"waiting","req":0,"dir":"/root/demo/serve","timeoutSec":7200,"served":0}
{"serve":"stateReset","req":0}
{"vramTrace":"serve.req.0","dev":0,"usedGB":38.454,"freeGB":56.5162,"totalGB":94.9702,"poolOk":true,"poolReservedGB":37.0312,"poolReservedHighGB":37.0312,"poolUsedGB":37.0088,"poolUsedHighGB":37.0088,"poolSlackGB":0.0224609,"poolTransientGB":0}
{"vramTrace":"serve.req.0","dev":1,"usedGB":38.436,"freeGB":56.5342,"totalGB":94.9702,"poolOk":true,"poolReservedGB":37.0312,"poolReservedHighGB":37.0312,"poolUsedGB":37.0088,"poolUsedHighGB":37.0088,"poolSlackGB":0.0224609,"poolTransientGB":0}
{"serve":"request","req":0,"tokens":1}
{"bootTrace":true,"boot":1,"lvlPre":40,"lvlPost":19,"bootRestored":true,"levelsRemainingAfterBoot":22,"stage":"serve.req","ms":287.929}
{"x5Request":true,"t":0,"seeded":1,"level":40,"prescaleLog2":6,"levelAfter":21,"reqEntryBoots":1}
{"vramTrace":"pass.0","dev":0,"usedGB":44.7294,"freeGB":50.2408,"totalGB":94.9702,"poolOk":true,"poolReservedGB":43.0312,"poolReservedHighGB":43.0312,"poolUsedGB":43.0088,"poolUsedHighGB":43.0088,"poolSlackGB":0.0224609,"poolTransientGB":5.44637e-06}
{"vramTrace":"pass.0","dev":1,"usedGB":43.7114,"freeGB":51.2589,"totalGB":94.9702,"poolOk":true,"poolReservedGB":42.0312,"poolReservedHighGB":42.0312,"poolUsedGB":42.0088,"poolUsedHighGB":42.0088,"poolSlackGB":0.0224609,"poolTransientGB":5.44637e-06}
{"bootTrace":true,"boot":2,"lvlPre":38,"lvlPost":19,"bootRestored":true,"levelsRemainingAfterBoot":22,"stage":"init","ms":49.4115}
{"bootTrace":true,"boot":3,"lvlPre":38,"lvlPost":19,"bootRestored":true,"levelsRemainingAfterBoot":22,"stage":"init","ms":27.0449}
{"bootTrace":true,"boot":4,"lvlPre":38,"lvlPost":19,"bootRestored":true,"levelsRemainingAfterBoot":22,"stage":"init","ms":26.7349}
{"bootTrace":true,"boot":5,"lvlPre":38,"lvlPost":19,"bootRestored":true,"levelsRemainingAfterBoot":22,"stage":"init","ms":27.2437}
{"bootTrace":true,"boot":6,"lvlPre":38,"lvlPost":19,"bootRestored":true,"levelsRemainingAfterBoot":22,"stage":"init","ms":26.3032}
{"bootTrace":true,"boot":7,"lvlPre":38,"lvlPost":19,"bootRestored":true,"levelsRemainingAfterBoot":22,"stage":"init","ms":33.4087}
{"bootTrace":true,"boot":8,"lvlPre":38,"lvlPost":19,"bootRestored":true,"levelsRemainingAfterBoot":22,"stage":"init","ms":26.6417}
{"bootTrace":true,"boot":9,"lvlPre":38,"lvlPost":19,"bootRestored":true,"levelsRemainingAfterBoot":22,"stage":"init","ms":20.2303}
{"bootTrace":true,"boot":10,"lvlPre":38,"lvlPost":19,"bootRestored":true,"levelsRemainingAfterBoot":22,"stage":"init","ms":24.7558}
{"bootTrace":true,"boot":11,"lvlPre":38,"lvlPost":19,"bootRestored":true,"levelsRemainingAfterBoot":22,"stage":"init","ms":37.3293}
{"bootTrace":true,"boot":12,"lvlPre":38,"lvlPost":19,"bootRestored":true,"levelsRemainingAfterBoot":22,"stage":"init","ms":34.557}
{"bootTrace":true,"boot":13,"lvlPre":38,"lvlPost":19,"bootRestored":true,"levelsRemainingAfterBoot":22,"stage":"init","ms":27.4491}
{"bootTrace":true,"boot":14,"lvlPre":38,"lvlPost":19,"bootRestored":true,"levelsRemainingAfterBoot":22,"stage":"init","ms":25.9503}
{"bootTrace":true,"boot":15,"lvlPre":38,"lvlPost":19,"bootRestored":true,"levelsRemainingAfterBoot":22,"stage":"init","ms":19.99}
{"bootTrace":true,"boot":16,"lvlPre":38,"lvlPost":19,"bootRestored":true,"levelsRemainingAfterBoot":22,"stage":"init","ms":19.4589}
{"bootTrace":true,"boot":17,"lvlPre":38,"lvlPost":19,"bootRestored":true,"levelsRemainingAfterBoot":22,"stage":"init","ms":26.6981}
{"bootTrace":true,"boot":18,"lvlPre":38,"lvlPost":19,"bootRestored":true,"levelsRemainingAfterBoot":22,"stage":"init","ms":25.8751}
{"bootTrace":true,"boot":19,"lvlPre":38,"lvlPost":19,"bootRestored":true,"levelsRemainingAfterBoot":22,"stage":"init","ms":26.5187}
{"bootTrace":true,"boot":20,"lvlPre":38,"lvlPost":19,"bootRestored":true,"levelsRemainingAfterBoot":22,"stage":"init","ms":32.3735}
{"bootTrace":true,"boot":21,"lvlPre":38,"lvlPost":19,"bootRestored":true,"levelsRemainingAfterBoot":22,"stage":"init","ms":32.6416}
{"bootTrace":true,"boot":22,"lvlPre":38,"lvlPost":19,"bootRestored":true,"levelsRemainingAfterBoot":22,"stage":"init","ms":29.3237}
{"bootTrace":true,"boot":23,"lvlPre":38,"lvlPost":19,"bootRestored":true,"levelsRemainingAfterBoot":22,"stage":"init","ms":28.1767}
{"bootTrace":true,"boot":24,"lvlPre":38,"lvlPost":19,"bootRestored":true,"levelsRemainingAfterBoot":22,"stage":"init","ms":26.4625}
{"bootTrace":true,"boot":25,"lvlPre":38,"lvlPost":19,"bootRestored":true,"levelsRemainingAfterBoot":22,"stage":"init","ms":29.8286}
{"bootTrace":true,"boot":26,"lvlPre":38,"lvlPost":19,"bootRestored":true,"levelsRemainingAfterBoot":22,"stage":"init","ms":29.0579}
{"bootTrace":true,"boot":27,"lvlPre":38,"lvlPost":19,"bootRestored":true,"levelsRemainingAfterBoot":22,"stage":"init","ms":31.4032}
{"bootTrace":true,"boot":28,"lvlPre":38,"lvlPost":19,"bootRestored":true,"levelsRemainingAfterBoot":22,"stage":"init","ms":26.4555}
{"bootTrace":true,"boot":29,"lvlPre":38,"lvlPost":19,"bootRestored":true,"levelsRemainingAfterBoot":22,"stage":"init","ms":28.559}
{"bootTrace":true,"boot":30,"lvlPre":38,"lvlPost":19,"bootRestored":true,"levelsRemainingAfterBoot":22,"stage":"init","ms":28.4882}
{"bootTrace":true,"boot":31,"lvlPre":38,"lvlPost":19,"bootRestored":true,"levelsRemainingAfterBoot":22,"stage":"init","ms":26.2043}
{"bootTrace":true,"boot":32,"lvlPre":38,"lvlPost":19,"bootRestored":true,"levelsRemainingAfterBoot":22,"stage":"init","ms":25.7288}
{"bootTrace":true,"boot":33,"lvlPre":38,"lvlPost":19,"bootRestored":true,"levelsRemainingAfterBoot":22,"stage":"init","ms":26.1504}
{"bootTrace":true,"boot":34,"lvlPre":38,"lvlPost":19,"bootRestored":true,"levelsRemainingAfterBoot":22,"stage":"init","ms":26.5932}
{"bootTrace":true,"boot":35,"lvlPre":38,"lvlPost":19,"bootRestored":true,"levelsRemainingAfterBoot":22,"stage":"init","ms":31.3872}
{"bootTrace":true,"boot":36,"lvlPre":38,"lvlPost":19,"bootRestored":true,"levelsRemainingAfterBoot":22,"stage":"init","ms":22.0663}
{"bootTrace":true,"boot":37,"lvlPre":38,"lvlPost":19,"bootRestored":true,"levelsRemainingAfterBoot":22,"stage":"init","ms":29.838}
{"bootTrace":true,"boot":38,"lvlPre":38,"lvlPost":19,"bootRestored":true,"levelsRemainingAfterBoot":22,"stage":"init","ms":25.9573}
{"bootTrace":true,"boot":39,"lvlPre":38,"lvlPost":19,"bootRestored":true,"levelsRemainingAfterBoot":22,"stage":"init","ms":26.2429}
{"bootTrace":true,"boot":40,"lvlPre":38,"lvlPost":19,"bootRestored":true,"levelsRemainingAfterBoot":22,"stage":"init","ms":28.8583}
{"bootTrace":true,"boot":41,"lvlPre":38,"lvlPost":19,"bootRestored":true,"levelsRemainingAfterBoot":22,"stage":"init","ms":26.6429}
{"bootTrace":true,"boot":42,"lvlPre":38,"lvlPost":19,"bootRestored":true,"levelsRemainingAfterBoot":22,"stage":"init","ms":22.5451}
{"bootTrace":true,"boot":43,"lvlPre":38,"lvlPost":19,"bootRestored":true,"levelsRemainingAfterBoot":22,"stage":"init","ms":20.9657}
{"bootTrace":true,"boot":44,"lvlPre":38,"lvlPost":19,"bootRestored":true,"levelsRemainingAfterBoot":22,"stage":"init","ms":30.881}
{"bootTrace":true,"boot":45,"lvlPre":38,"lvlPost":19,"bootRestored":true,"levelsRemainingAfterBoot":22,"stage":"init","ms":27.7574}
{"bootTrace":true,"boot":46,"lvlPre":38,"lvlPost":19,"bootRestored":true,"levelsRemainingAfterBoot":22,"stage":"init","ms":26.555}
{"bootTrace":true,"boot":47,"lvlPre":38,"lvlPost":19,"bootRestored":true,"levelsRemainingAfterBoot":22,"stage":"init","ms":27.1908}
{"bootTrace":true,"boot":48,"lvlPre":38,"lvlPost":19,"bootRestored":true,"levelsRemainingAfterBoot":22,"stage":"init","ms":25.6681}
{"bootTrace":true,"boot":49,"lvlPre":38,"lvlPost":19,"bootRestored":true,"levelsRemainingAfterBoot":22,"stage":"init","ms":34.1148}
{"canonicalCarry":"cold","scanLevel":19,"uLevel":19,"maxGap":38}
{"bootTrace":true,"boot":50,"lvlPre":37,"lvlPost":19,"bootRestored":true,"levelsRemainingAfterBoot":22,"stage":"L0.tm.rmsnorm.t0","ms":23.6808}
{"bootTrace":true,"boot":51,"lvlPre":35,"lvlPost":19,"bootRestored":true,"levelsRemainingAfterBoot":22,"stage":"L0.tm.rmsnorm.t0","ms":24.7432}
{"bootTrace":true,"boot":52,"lvlPre":35,"lvlPost":19,"bootRestored":true,"levelsRemainingAfterBoot":22,"stage":"L0.tm.rmsnorm.t0","ms":23.1664}
{"bootTrace":true,"boot":53,"lvlPre":35,"lvlPost":19,"bootRestored":true,"levelsRemainingAfterBoot":22,"stage":"L0.tm.rmsnorm.t0","ms":19.1833}
{"x8Drop":true,"op":0,"layer":0,"R":4,"levelIn":24,"degIn":1,"levelOut":40,"limbs":2,"stage":"L0.tm.matvecBatch.win"}
{"vramTrace":"poolBuild.lvl40","dev":0,"usedGB":51.7333,"freeGB":43.2369,"totalGB":94.9702,"poolOk":true,"poolReservedGB":50.0312,"poolReservedHighGB":50.0312,"poolUsedGB":50.0166,"poolUsedHighGB":50.0166,"poolSlackGB":0.0146484,"poolTransientGB":5.44637e-06}
{"vramTrace":"poolBuild.lvl40","dev":1,"usedGB":51.7153,"freeGB":43.2549,"totalGB":94.9702,"poolOk":true,"poolReservedGB":50.0312,"poolReservedHighGB":50.0312,"poolUsedGB":50.0166,"poolUsedHighGB":50.0166,"poolSlackGB":0.0146484,"poolTransientGB":5.44637e-06}
{"bootTrace":true,"boot":54,"lvlPre":41,"lvlPost":19,"bootRestored":true,"levelsRemainingAfterBoot":22,"stage":"L0.tm.scan.t0","ms":39.0758}
{"x8Drop":true,"op":1,"layer":0,"R":7,"levelIn":25,"degIn":1,"levelOut":34,"limbs":8,"stage":"L0.tm.matvecBatch.wout"}
{"vramTrace":"poolBuild.lvl34","dev":0,"usedGB":53.7411,"freeGB":41.2291,"totalGB":94.9702,"poolOk":true,"poolReservedGB":52.0312,"poolReservedHighGB":52.0312,"poolUsedGB":52.0166,"poolUsedHighGB":52.0166,"poolSlackGB":0.0146484,"poolTransientGB":5.44637e-06}
{"vramTrace":"poolBuild.lvl34","dev":1,"usedGB":53.7231,"freeGB":41.2471,"totalGB":94.9702,"poolOk":true,"poolReservedGB":52.0312,"poolReservedHighGB":52.0312,"poolUsedGB":52.0166,"poolUsedHighGB":52.0166,"poolSlackGB":0.0146484,"poolTransientGB":5.44637e-06}
{"bootTrace":true,"boot":55,"lvlPre":39,"lvlPost":19,"bootRestored":true,"levelsRemainingAfterBoot":22,"stage":"L0.cm.rmsnorm.t0","ms":26.3868}
{"bootTrace":true,"boot":56,"lvlPre":38,"lvlPost":19,"bootRestored":true,"levelsRemainingAfterBoot":22,"stage":"L0.cm.rmsnorm.t0","ms":46.2143}
{"bootTrace":true,"boot":57,"lvlPre":36,"lvlPost":19,"bootRestored":true,"levelsRemainingAfterBoot":22,"stage":"L0.cm.rmsnorm.t0","ms":25.9014}
{"bootTrace":true,"boot":58,"lvlPre":36,"lvlPost":19,"bootRestored":true,"levelsRemainingAfterBoot":22,"stage":"L0.cm.rmsnorm.t0","ms":18.9094}
{"bootTrace":true,"boot":59,"lvlPre":36,"lvlPost":19,"bootRestored":true,"levelsRemainingAfterBoot":22,"stage":"L0.cm.rmsnorm.t0","ms":19.9135}
{"vramTrace":"poolBuild.lvl37","dev":0,"usedGB":54.745,"freeGB":40.2252,"totalGB":94.9702,"poolOk":true,"poolReservedGB":53.0312,"poolReservedHighGB":53.0312,"poolUsedGB":53.0166,"poolUsedHighGB":53.0166,"poolSlackGB":0.0146484,"poolTransientGB":5.44637e-06}
{"vramTrace":"poolBuild.lvl37","dev":1,"usedGB":54.727,"freeGB":40.2432,"totalGB":94.9702,"poolOk":true,"poolReservedGB":53.0312,"poolReservedHighGB":53.0312,"poolUsedGB":53.0166,"poolUsedHighGB":53.0166,"poolSlackGB":0.0146484,"poolTransientGB":0}
{"bootTrace":true,"boot":60,"lvlPre":38,"lvlPost":19,"bootRestored":true,"levelsRemainingAfterBoot":22,"stage":"L0.cm.hidden.ch0.t0","ms":25.4115}
{"bootTrace":true,"boot":61,"lvlPre":38,"lvlPost":19,"bootRestored":true,"levelsRemainingAfterBoot":22,"stage":"L0.cm.hidden.ch0.t0","ms":84.9503}
{"x8Drop":true,"op":4,"layer":0,"R":7,"levelIn":24,"degIn":1,"levelOut":40,"limbs":2,"stage":"L0.cm.matvecBatch.wv.ch0"}
{"vramTrace":"poolBuild.lvl40","dev":0,"usedGB":55.7391,"freeGB":39.2311,"totalGB":94.9702,"poolOk":true,"poolReservedGB":54.0312,"poolReservedHighGB":54.0312,"poolUsedGB":54.0166,"poolUsedHighGB":54.0166,"poolSlackGB":0.0146484,"poolTransientGB":5.44637e-06}
{"vramTrace":"poolBuild.lvl40","dev":1,"usedGB":54.7211,"freeGB":40.2491,"totalGB":94.9702,"poolOk":true,"poolReservedGB":53.0312,"poolReservedHighGB":53.0312,"poolUsedGB":53.0166,"poolUsedHighGB":53.0166,"poolSlackGB":0.0146484,"poolTransientGB":5.44637e-06}
{"bootTrace":true,"boot":62,"lvlPre":38,"lvlPost":19,"bootRestored":true,"levelsRemainingAfterBoot":22,"stage":"L0.cm.hidden.ch1.t0","ms":26.3978}
{"bootTrace":true,"boot":63,"lvlPre":38,"lvlPost":19,"bootRestored":true,"levelsRemainingAfterBoot":22,"stage":"L0.cm.hidden.ch1.t0","ms":58.9335}
{"x8Drop":true,"op":4,"layer":0,"R":7,"levelIn":24,"degIn":1,"levelOut":40,"limbs":2,"stage":"L0.cm.matvecBatch.wv.ch1"}
{"bootTrace":true,"boot":64,"lvlPre":41,"lvlPost":19,"bootRestored":true,"levelsRemainingAfterBoot":22,"stage":"L0.cm.ffnAccum.ch1","ms":25.7106}
{"bootTrace":true,"boot":65,"lvlPre":41,"lvlPost":19,"bootRestored":true,"levelsRemainingAfterBoot":22,"stage":"L0.cm.ffnAccum.ch1","ms":73.8633}
{"bootTrace":true,"boot":66,"lvlPre":38,"lvlPost":19,"bootRestored":true,"levelsRemainingAfterBoot":22,"stage":"L0.cm.hidden.ch2.t0","ms":216.507}
{"bootTrace":true,"boot":67,"lvlPre":38,"lvlPost":19,"bootRestored":true,"levelsRemainingAfterBoot":22,"stage":"L0.cm.hidden.ch2.t0","ms":160.914}
{"x8Drop":true,"op":4,"layer":0,"R":7,"levelIn":24,"degIn":1,"levelOut":40,"limbs":2,"stage":"L0.cm.matvecBatch.wv.ch2"}
{"bootTrace":true,"boot":68,"lvlPre":41,"lvlPost":19,"bootRestored":true,"levelsRemainingAfterBoot":22,"stage":"L0.cm.ffnAccum.ch2","ms":32.2564}
{"bootTrace":true,"boot":69,"lvlPre":38,"lvlPost":19,"bootRestored":true,"levelsRemainingAfterBoot":22,"stage":"L0.cm.hidden.ch3.t0","ms":40.2245}
{"bootTrace":true,"boot":70,"lvlPre":38,"lvlPost":19,"bootRestored":true,"levelsRemainingAfterBoot":22,"stage":"L0.cm.hidden.ch3.t0","ms":208.703}
{"x8Drop":true,"op":4,"layer":0,"R":7,"levelIn":24,"degIn":1,"levelOut":40,"limbs":2,"stage":"L0.cm.matvecBatch.wv.ch3"}
{"bootTrace":true,"boot":71,"lvlPre":41,"lvlPost":19,"bootRestored":true,"levelsRemainingAfterBoot":22,"stage":"L0.cm.ffnAccum.ch3","ms":25.7769}
{"bootTrace":true,"boot":72,"lvlPre":39,"lvlPost":19,"bootRestored":true,"levelsRemainingAfterBoot":22,"stage":"L1.tm.rmsnorm.t0","ms":29.1995}
{"bootTrace":true,"boot":73,"lvlPre":38,"lvlPost":19,"bootRestored":true,"levelsRemainingAfterBoot":22,"stage":"L1.tm.rmsnorm.t0","ms":39.9381}
{"bootTrace":true,"boot":74,"lvlPre":36,"lvlPost":19,"bootRestored":true,"levelsRemainingAfterBoot":22,"stage":"L1.tm.rmsnorm.t0","ms":26.6974}
{"bootTrace":true,"boot":75,"lvlPre":36,"lvlPost":19,"bootRestored":true,"levelsRemainingAfterBoot":22,"stage":"L1.tm.rmsnorm.t0","ms":19.6413}
{"bootTrace":true,"boot":76,"lvlPre":36,"lvlPost":19,"bootRestored":true,"levelsRemainingAfterBoot":22,"stage":"L1.tm.rmsnorm.t0","ms":29.9108}
{"bootTrace":true,"boot":77,"lvlPre":38,"lvlPost":19,"bootRestored":true,"levelsRemainingAfterBoot":22,"stage":"L1.tm.shiftMix","ms":19.4785}
{"x8Drop":true,"op":0,"layer":1,"R":4,"levelIn":21,"degIn":1,"levelOut":40,"limbs":2,"stage":"L1.tm.matvecBatch.win"}
{"bootTrace":true,"boot":78,"lvlPre":41,"lvlPost":19,"bootRestored":true,"levelsRemainingAfterBoot":22,"stage":"L1.tm.scan.t0","ms":28.4949}
{"x8Drop":true,"op":1,"layer":1,"R":7,"levelIn":25,"degIn":1,"levelOut":34,"limbs":8,"stage":"L1.tm.matvecBatch.wout"}
{"vramTrace":"poolBuild.lvl34","dev":0,"usedGB":57.7411,"freeGB":37.2291,"totalGB":94.9702,"poolOk":true,"poolReservedGB":56.0312,"poolReservedHighGB":56.0312,"poolUsedGB":56.0166,"poolUsedHighGB":56.0166,"poolSlackGB":0.0146484,"poolTransientGB":0}
{"vramTrace":"poolBuild.lvl34","dev":1,"usedGB":56.7231,"freeGB":38.2471,"totalGB":94.9702,"poolOk":true,"poolReservedGB":55.0312,"poolReservedHighGB":55.0312,"poolUsedGB":55.0166,"poolUsedHighGB":55.0166,"poolSlackGB":0.0146484,"poolTransientGB":5.44637e-06}
{"bootTrace":true,"boot":79,"lvlPre":39,"lvlPost":19,"bootRestored":true,"levelsRemainingAfterBoot":22,"stage":"L1.cm.rmsnorm.t0","ms":25.7072}
{"bootTrace":true,"boot":80,"lvlPre":38,"lvlPost":19,"bootRestored":true,"levelsRemainingAfterBoot":22,"stage":"L1.cm.rmsnorm.t0","ms":55.6113}
{"bootTrace":true,"boot":81,"lvlPre":36,"lvlPost":19,"bootRestored":true,"levelsRemainingAfterBoot":22,"stage":"L1.cm.rmsnorm.t0","ms":27.991}
{"bootTrace":true,"boot":82,"lvlPre":36,"lvlPost":19,"bootRestored":true,"levelsRemainingAfterBoot":22,"stage":"L1.cm.rmsnorm.t0","ms":25.7846}
{"bootTrace":true,"boot":83,"lvlPre":36,"lvlPost":19,"bootRestored":true,"levelsRemainingAfterBoot":22,"stage":"L1.cm.rmsnorm.t0","ms":26.6072}
{"vramTrace":"poolBuild.lvl37","dev":0,"usedGB":57.745,"freeGB":37.2252,"totalGB":94.9702,"poolOk":true,"poolReservedGB":56.0312,"poolReservedHighGB":56.0312,"poolUsedGB":56.0166,"poolUsedHighGB":56.0166,"poolSlackGB":0.0146484,"poolTransientGB":5.44637e-06}
{"vramTrace":"poolBuild.lvl37","dev":1,"usedGB":56.727,"freeGB":38.2432,"totalGB":94.9702,"poolOk":true,"poolReservedGB":55.0312,"poolReservedHighGB":55.0312,"poolUsedGB":55.0166,"poolUsedHighGB":55.0166,"poolSlackGB":0.0146484,"poolTransientGB":5.44637e-06}
{"bootTrace":true,"boot":84,"lvlPre":38,"lvlPost":19,"bootRestored":true,"levelsRemainingAfterBoot":22,"stage":"L1.cm.hidden.ch0.t0","ms":26.366}
{"bootTrace":true,"boot":85,"lvlPre":38,"lvlPost":19,"bootRestored":true,"levelsRemainingAfterBoot":22,"stage":"L1.cm.hidden.ch0.t0","ms":45.4692}
{"x8Drop":true,"op":4,"layer":1,"R":7,"levelIn":24,"degIn":1,"levelOut":40,"limbs":2,"stage":"L1.cm.matvecBatch.wv.ch0"}
{"vramTrace":"poolBuild.lvl40","dev":0,"usedGB":57.7391,"freeGB":37.2311,"totalGB":94.9702,"poolOk":true,"poolReservedGB":56.0312,"poolReservedHighGB":56.0312,"poolUsedGB":56.0166,"poolUsedHighGB":56.0166,"poolSlackGB":0.0146484,"poolTransientGB":5.44637e-06}
{"vramTrace":"poolBuild.lvl40","dev":1,"usedGB":56.7211,"freeGB":38.2491,"totalGB":94.9702,"poolOk":true,"poolReservedGB":55.0312,"poolReservedHighGB":55.0312,"poolUsedGB":55.0166,"poolUsedHighGB":55.0166,"poolSlackGB":0.0146484,"poolTransientGB":5.44637e-06}
{"bootTrace":true,"boot":86,"lvlPre":38,"lvlPost":19,"bootRestored":true,"levelsRemainingAfterBoot":22,"stage":"L1.cm.hidden.ch1.t0","ms":31.3978}
{"bootTrace":true,"boot":87,"lvlPre":38,"lvlPost":19,"bootRestored":true,"levelsRemainingAfterBoot":22,"stage":"L1.cm.hidden.ch1.t0","ms":48.0857}
{"x8Drop":true,"op":4,"layer":1,"R":7,"levelIn":24,"degIn":1,"levelOut":40,"limbs":2,"stage":"L1.cm.matvecBatch.wv.ch1"}
{"bootTrace":true,"boot":88,"lvlPre":41,"lvlPost":19,"bootRestored":true,"levelsRemainingAfterBoot":22,"stage":"L1.cm.ffnAccum.ch1","ms":26.3242}
{"bootTrace":true,"boot":89,"lvlPre":41,"lvlPost":19,"bootRestored":true,"levelsRemainingAfterBoot":22,"stage":"L1.cm.ffnAccum.ch1","ms":43.9655}
{"bootTrace":true,"boot":90,"lvlPre":38,"lvlPost":19,"bootRestored":true,"levelsRemainingAfterBoot":22,"stage":"L1.cm.hidden.ch2.t0","ms":223.372}
{"bootTrace":true,"boot":91,"lvlPre":38,"lvlPost":19,"bootRestored":true,"levelsRemainingAfterBoot":22,"stage":"L1.cm.hidden.ch2.t0","ms":187.008}
{"x8Drop":true,"op":4,"layer":1,"R":7,"levelIn":24,"degIn":1,"levelOut":40,"limbs":2,"stage":"L1.cm.matvecBatch.wv.ch2"}
{"bootTrace":true,"boot":92,"lvlPre":41,"lvlPost":19,"bootRestored":true,"levelsRemainingAfterBoot":22,"stage":"L1.cm.ffnAccum.ch2","ms":25.9475}
{"bootTrace":true,"boot":93,"lvlPre":38,"lvlPost":19,"bootRestored":true,"levelsRemainingAfterBoot":22,"stage":"L1.cm.hidden.ch3.t0","ms":49.9445}
{"bootTrace":true,"boot":94,"lvlPre":38,"lvlPost":19,"bootRestored":true,"levelsRemainingAfterBoot":22,"stage":"L1.cm.hidden.ch3.t0","ms":205.898}
{"x8Drop":true,"op":4,"layer":1,"R":7,"levelIn":24,"degIn":1,"levelOut":40,"limbs":2,"stage":"L1.cm.matvecBatch.wv.ch3"}
{"bootTrace":true,"boot":95,"lvlPre":41,"lvlPost":19,"bootRestored":true,"levelsRemainingAfterBoot":22,"stage":"L1.cm.ffnAccum.ch3","ms":25.3002}
{"bootTrace":true,"boot":96,"lvlPre":39,"lvlPost":19,"bootRestored":true,"levelsRemainingAfterBoot":22,"stage":"L2.tm.rmsnorm.t0","ms":26.7388}
{"bootTrace":true,"boot":97,"lvlPre":38,"lvlPost":19,"bootRestored":true,"levelsRemainingAfterBoot":22,"stage":"L2.tm.rmsnorm.t0","ms":42.0454}
{"bootTrace":true,"boot":98,"lvlPre":36,"lvlPost":19,"bootRestored":true,"levelsRemainingAfterBoot":22,"stage":"L2.tm.rmsnorm.t0","ms":25.3452}
{"bootTrace":true,"boot":99,"lvlPre":36,"lvlPost":19,"bootRestored":true,"levelsRemainingAfterBoot":22,"stage":"L2.tm.rmsnorm.t0","ms":32.8621}
{"bootTrace":true,"boot":100,"lvlPre":36,"lvlPost":19,"bootRestored":true,"levelsRemainingAfterBoot":22,"stage":"L2.tm.rmsnorm.t0","ms":26.3116}
{"bootTrace":true,"boot":101,"lvlPre":38,"lvlPost":19,"bootRestored":true,"levelsRemainingAfterBoot":22,"stage":"L2.tm.shiftMix","ms":26.1444}
{"x8Drop":true,"op":0,"layer":2,"R":4,"levelIn":21,"degIn":1,"levelOut":40,"limbs":2,"stage":"L2.tm.matvecBatch.win"}
{"bootTrace":true,"boot":102,"lvlPre":41,"lvlPost":19,"bootRestored":true,"levelsRemainingAfterBoot":22,"stage":"L2.tm.scan.t0","ms":25.1801}
{"x8Drop":true,"op":1,"layer":2,"R":7,"levelIn":25,"degIn":1,"levelOut":34,"limbs":8,"stage":"L2.tm.matvecBatch.wout"}
{"vramTrace":"poolBuild.lvl34","dev":0,"usedGB":57.7411,"freeGB":37.2291,"totalGB":94.9702,"poolOk":true,"poolReservedGB":56.0312,"poolReservedHighGB":56.0312,"poolUsedGB":56.0166,"poolUsedHighGB":56.0166,"poolSlackGB":0.0146484,"poolTransientGB":5.44637e-06}
{"vramTrace":"poolBuild.lvl34","dev":1,"usedGB":57.7231,"freeGB":37.2471,"totalGB":94.9702,"poolOk":true,"poolReservedGB":56.0312,"poolReservedHighGB":56.0312,"poolUsedGB":56.0166,"poolUsedHighGB":56.0166,"poolSlackGB":0.0146484,"poolTransientGB":0}
{"bootTrace":true,"boot":103,"lvlPre":39,"lvlPost":19,"bootRestored":true,"levelsRemainingAfterBoot":22,"stage":"L2.cm.rmsnorm.t0","ms":25.2942}
{"bootTrace":true,"boot":104,"lvlPre":38,"lvlPost":19,"bootRestored":true,"levelsRemainingAfterBoot":22,"stage":"L2.cm.rmsnorm.t0","ms":46.4114}
{"bootTrace":true,"boot":105,"lvlPre":36,"lvlPost":19,"bootRestored":true,"levelsRemainingAfterBoot":22,"stage":"L2.cm.rmsnorm.t0","ms":26.5782}
{"bootTrace":true,"boot":106,"lvlPre":36,"lvlPost":19,"bootRestored":true,"levelsRemainingAfterBoot":22,"stage":"L2.cm.rmsnorm.t0","ms":26.4822}
{"bootTrace":true,"boot":107,"lvlPre":36,"lvlPost":19,"bootRestored":true,"levelsRemainingAfterBoot":22,"stage":"L2.cm.rmsnorm.t0","ms":31.6992}
{"vramTrace":"poolBuild.lvl37","dev":0,"usedGB":57.745,"freeGB":37.2252,"totalGB":94.9702,"poolOk":true,"poolReservedGB":56.0312,"poolReservedHighGB":56.0312,"poolUsedGB":56.0166,"poolUsedHighGB":56.0166,"poolSlackGB":0.0146484,"poolTransientGB":5.44637e-06}
{"vramTrace":"poolBuild.lvl37","dev":1,"usedGB":57.727,"freeGB":37.2432,"totalGB":94.9702,"poolOk":true,"poolReservedGB":56.0312,"poolReservedHighGB":56.0312,"poolUsedGB":56.0166,"poolUsedHighGB":56.0166,"poolSlackGB":0.0146484,"poolTransientGB":5.44637e-06}
{"bootTrace":true,"boot":108,"lvlPre":38,"lvlPost":19,"bootRestored":true,"levelsRemainingAfterBoot":22,"stage":"L2.cm.hidden.ch0.t0","ms":26.2839}
{"bootTrace":true,"boot":109,"lvlPre":38,"lvlPost":19,"bootRestored":true,"levelsRemainingAfterBoot":22,"stage":"L2.cm.hidden.ch0.t0","ms":54.4164}
{"x8Drop":true,"op":4,"layer":2,"R":7,"levelIn":24,"degIn":1,"levelOut":40,"limbs":2,"stage":"L2.cm.matvecBatch.wv.ch0"}
{"vramTrace":"poolBuild.lvl40","dev":0,"usedGB":57.7391,"freeGB":37.2311,"totalGB":94.9702,"poolOk":true,"poolReservedGB":56.0312,"poolReservedHighGB":56.0312,"poolUsedGB":56.0166,"poolUsedHighGB":56.0166,"poolSlackGB":0.0146484,"poolTransientGB":5.44637e-06}
{"vramTrace":"poolBuild.lvl40","dev":1,"usedGB":57.7211,"freeGB":37.2491,"totalGB":94.9702,"poolOk":true,"poolReservedGB":56.0312,"poolReservedHighGB":56.0312,"poolUsedGB":56.0166,"poolUsedHighGB":56.0166,"poolSlackGB":0.0146484,"poolTransientGB":5.44637e-06}
{"bootTrace":true,"boot":110,"lvlPre":38,"lvlPost":19,"bootRestored":true,"levelsRemainingAfterBoot":22,"stage":"L2.cm.hidden.ch1.t0","ms":24.8995}
{"bootTrace":true,"boot":111,"lvlPre":38,"lvlPost":19,"bootRestored":true,"levelsRemainingAfterBoot":22,"stage":"L2.cm.hidden.ch1.t0","ms":44.3504}
{"x8Drop":true,"op":4,"layer":2,"R":7,"levelIn":24,"degIn":1,"levelOut":40,"limbs":2,"stage":"L2.cm.matvecBatch.wv.ch1"}
{"bootTrace":true,"boot":112,"lvlPre":41,"lvlPost":19,"bootRestored":true,"levelsRemainingAfterBoot":22,"stage":"L2.cm.ffnAccum.ch1","ms":27.6406}
{"bootTrace":true,"boot":113,"lvlPre":41,"lvlPost":19,"bootRestored":true,"levelsRemainingAfterBoot":22,"stage":"L2.cm.ffnAccum.ch1","ms":43.7332}
{"bootTrace":true,"boot":114,"lvlPre":38,"lvlPost":19,"bootRestored":true,"levelsRemainingAfterBoot":22,"stage":"L2.cm.hidden.ch2.t0","ms":208.787}
{"bootTrace":true,"boot":115,"lvlPre":38,"lvlPost":19,"bootRestored":true,"levelsRemainingAfterBoot":22,"stage":"L2.cm.hidden.ch2.t0","ms":195.51}
{"x8Drop":true,"op":4,"layer":2,"R":7,"levelIn":24,"degIn":1,"levelOut":40,"limbs":2,"stage":"L2.cm.matvecBatch.wv.ch2"}
{"bootTrace":true,"boot":116,"lvlPre":41,"lvlPost":19,"bootRestored":true,"levelsRemainingAfterBoot":22,"stage":"L2.cm.ffnAccum.ch2","ms":25.5157}
{"bootTrace":true,"boot":117,"lvlPre":38,"lvlPost":19,"bootRestored":true,"levelsRemainingAfterBoot":22,"stage":"L2.cm.hidden.ch3.t0","ms":55.2295}
{"bootTrace":true,"boot":118,"lvlPre":38,"lvlPost":19,"bootRestored":true,"levelsRemainingAfterBoot":22,"stage":"L2.cm.hidden.ch3.t0","ms":199.852}
{"x8Drop":true,"op":4,"layer":2,"R":7,"levelIn":24,"degIn":1,"levelOut":40,"limbs":2,"stage":"L2.cm.matvecBatch.wv.ch3"}
{"bootTrace":true,"boot":119,"lvlPre":41,"lvlPost":19,"bootRestored":true,"levelsRemainingAfterBoot":22,"stage":"L2.cm.ffnAccum.ch3","ms":25.7589}
{"bootTrace":true,"boot":120,"lvlPre":39,"lvlPost":19,"bootRestored":true,"levelsRemainingAfterBoot":22,"stage":"L3.tm.rmsnorm.t0","ms":25.5335}
{"bootTrace":true,"boot":121,"lvlPre":38,"lvlPost":19,"bootRestored":true,"levelsRemainingAfterBoot":22,"stage":"L3.tm.rmsnorm.t0","ms":37.7545}
{"bootTrace":true,"boot":122,"lvlPre":36,"lvlPost":19,"bootRestored":true,"levelsRemainingAfterBoot":22,"stage":"L3.tm.rmsnorm.t0","ms":28.3118}
{"bootTrace":true,"boot":123,"lvlPre":36,"lvlPost":19,"bootRestored":true,"levelsRemainingAfterBoot":22,"stage":"L3.tm.rmsnorm.t0","ms":25.9509}
{"bootTrace":true,"boot":124,"lvlPre":36,"lvlPost":19,"bootRestored":true,"levelsRemainingAfterBoot":22,"stage":"L3.tm.rmsnorm.t0","ms":25.9005}
{"bootTrace":true,"boot":125,"lvlPre":38,"lvlPost":19,"bootRestored":true,"levelsRemainingAfterBoot":22,"stage":"L3.tm.shiftMix","ms":27.2082}
{"x8Drop":true,"op":0,"layer":3,"R":4,"levelIn":21,"degIn":1,"levelOut":40,"limbs":2,"stage":"L3.tm.matvecBatch.win"}
{"bootTrace":true,"boot":126,"lvlPre":41,"lvlPost":19,"bootRestored":true,"levelsRemainingAfterBoot":22,"stage":"L3.tm.scan.t0","ms":26.2857}
{"x8Drop":true,"op":1,"layer":3,"R":7,"levelIn":25,"degIn":1,"levelOut":34,"limbs":8,"stage":"L3.tm.matvecBatch.wout"}
{"vramTrace":"poolBuild.lvl34","dev":0,"usedGB":57.7411,"freeGB":37.2291,"totalGB":94.9702,"poolOk":true,"poolReservedGB":56.0312,"poolReservedHighGB":56.0312,"poolUsedGB":56.0166,"poolUsedHighGB":56.0166,"poolSlackGB":0.0146484,"poolTransientGB":5.44637e-06}
{"vramTrace":"poolBuild.lvl34","dev":1,"usedGB":57.7231,"freeGB":37.2471,"totalGB":94.9702,"poolOk":true,"poolReservedGB":56.0312,"poolReservedHighGB":56.0312,"poolUsedGB":56.0166,"poolUsedHighGB":56.0166,"poolSlackGB":0.0146484,"poolTransientGB":5.44637e-06}
{"bootTrace":true,"boot":127,"lvlPre":39,"lvlPost":19,"bootRestored":true,"levelsRemainingAfterBoot":22,"stage":"L3.cm.rmsnorm.t0","ms":25.9622}
{"bootTrace":true,"boot":128,"lvlPre":38,"lvlPost":19,"bootRestored":true,"levelsRemainingAfterBoot":22,"stage":"L3.cm.rmsnorm.t0","ms":54.0812}
{"bootTrace":true,"boot":129,"lvlPre":36,"lvlPost":19,"bootRestored":true,"levelsRemainingAfterBoot":22,"stage":"L3.cm.rmsnorm.t0","ms":28.1757}
{"bootTrace":true,"boot":130,"lvlPre":36,"lvlPost":19,"bootRestored":true,"levelsRemainingAfterBoot":22,"stage":"L3.cm.rmsnorm.t0","ms":26.2237}
{"bootTrace":true,"boot":131,"lvlPre":36,"lvlPost":19,"bootRestored":true,"levelsRemainingAfterBoot":22,"stage":"L3.cm.rmsnorm.t0","ms":30.8183}
{"vramTrace":"poolBuild.lvl37","dev":0,"usedGB":57.745,"freeGB":37.2252,"totalGB":94.9702,"poolOk":true,"poolReservedGB":56.0312,"poolReservedHighGB":56.0312,"poolUsedGB":56.0166,"poolUsedHighGB":56.0166,"poolSlackGB":0.0146484,"poolTransientGB":5.44637e-06}
{"vramTrace":"poolBuild.lvl37","dev":1,"usedGB":57.727,"freeGB":37.2432,"totalGB":94.9702,"poolOk":true,"poolReservedGB":56.0312,"poolReservedHighGB":56.0312,"poolUsedGB":56.0166,"poolUsedHighGB":56.0166,"poolSlackGB":0.0146484,"poolTransientGB":5.44637e-06}
{"bootTrace":true,"boot":132,"lvlPre":38,"lvlPost":19,"bootRestored":true,"levelsRemainingAfterBoot":22,"stage":"L3.cm.hidden.ch0.t0","ms":27.1583}
{"bootTrace":true,"boot":133,"lvlPre":38,"lvlPost":19,"bootRestored":true,"levelsRemainingAfterBoot":22,"stage":"L3.cm.hidden.ch0.t0","ms":51.8604}
{"x8Drop":true,"op":4,"layer":3,"R":7,"levelIn":24,"degIn":1,"levelOut":40,"limbs":2,"stage":"L3.cm.matvecBatch.wv.ch0"}
{"vramTrace":"poolBuild.lvl40","dev":0,"usedGB":57.7391,"freeGB":37.2311,"totalGB":94.9702,"poolOk":true,"poolReservedGB":56.0312,"poolReservedHighGB":56.0312,"poolUsedGB":56.0166,"poolUsedHighGB":56.0166,"poolSlackGB":0.0146484,"poolTransientGB":5.44637e-06}
{"vramTrace":"poolBuild.lvl40","dev":1,"usedGB":57.7211,"freeGB":37.2491,"totalGB":94.9702,"poolOk":true,"poolReservedGB":56.0312,"poolReservedHighGB":56.0312,"poolUsedGB":56.0166,"poolUsedHighGB":56.0166,"poolSlackGB":0.0146484,"poolTransientGB":5.44637e-06}
{"bootTrace":true,"boot":134,"lvlPre":38,"lvlPost":19,"bootRestored":true,"levelsRemainingAfterBoot":22,"stage":"L3.cm.hidden.ch1.t0","ms":41.3822}
{"bootTrace":true,"boot":135,"lvlPre":38,"lvlPost":19,"bootRestored":true,"levelsRemainingAfterBoot":22,"stage":"L3.cm.hidden.ch1.t0","ms":26.6873}
{"x8Drop":true,"op":4,"layer":3,"R":7,"levelIn":24,"degIn":1,"levelOut":40,"limbs":2,"stage":"L3.cm.matvecBatch.wv.ch1"}
{"bootTrace":true,"boot":136,"lvlPre":41,"lvlPost":19,"bootRestored":true,"levelsRemainingAfterBoot":22,"stage":"L3.cm.ffnAccum.ch1","ms":25.4157}
{"bootTrace":true,"boot":137,"lvlPre":41,"lvlPost":19,"bootRestored":true,"levelsRemainingAfterBoot":22,"stage":"L3.cm.ffnAccum.ch1","ms":47.6224}
{"bootTrace":true,"boot":138,"lvlPre":38,"lvlPost":19,"bootRestored":true,"levelsRemainingAfterBoot":22,"stage":"L3.cm.hidden.ch2.t0","ms":200.201}
{"bootTrace":true,"boot":139,"lvlPre":38,"lvlPost":19,"bootRestored":true,"levelsRemainingAfterBoot":22,"stage":"L3.cm.hidden.ch2.t0","ms":214.626}
{"x8Drop":true,"op":4,"layer":3,"R":7,"levelIn":24,"degIn":1,"levelOut":40,"limbs":2,"stage":"L3.cm.matvecBatch.wv.ch2"}
{"bootTrace":true,"boot":140,"lvlPre":41,"lvlPost":19,"bootRestored":true,"levelsRemainingAfterBoot":22,"stage":"L3.cm.ffnAccum.ch2","ms":28.9429}
{"bootTrace":true,"boot":141,"lvlPre":38,"lvlPost":19,"bootRestored":true,"levelsRemainingAfterBoot":22,"stage":"L3.cm.hidden.ch3.t0","ms":59.9006}
{"bootTrace":true,"boot":142,"lvlPre":38,"lvlPost":19,"bootRestored":true,"levelsRemainingAfterBoot":22,"stage":"L3.cm.hidden.ch3.t0","ms":191.095}
{"x8Drop":true,"op":4,"layer":3,"R":7,"levelIn":24,"degIn":1,"levelOut":40,"limbs":2,"stage":"L3.cm.matvecBatch.wv.ch3"}
{"bootTrace":true,"boot":143,"lvlPre":41,"lvlPost":19,"bootRestored":true,"levelsRemainingAfterBoot":22,"stage":"L3.cm.ffnAccum.ch3","ms":27.3927}
{"bootTrace":true,"boot":144,"lvlPre":39,"lvlPost":19,"bootRestored":true,"levelsRemainingAfterBoot":22,"stage":"L4.tm.rmsnorm.t0","ms":26.044}
{"bootTrace":true,"boot":145,"lvlPre":38,"lvlPost":19,"bootRestored":true,"levelsRemainingAfterBoot":22,"stage":"L4.tm.rmsnorm.t0","ms":47.1735}
{"bootTrace":true,"boot":146,"lvlPre":36,"lvlPost":19,"bootRestored":true,"levelsRemainingAfterBoot":22,"stage":"L4.tm.rmsnorm.t0","ms":34.5423}
{"bootTrace":true,"boot":147,"lvlPre":36,"lvlPost":19,"bootRestored":true,"levelsRemainingAfterBoot":22,"stage":"L4.tm.rmsnorm.t0","ms":27.8675}
{"bootTrace":true,"boot":148,"lvlPre":36,"lvlPost":19,"bootRestored":true,"levelsRemainingAfterBoot":22,"stage":"L4.tm.rmsnorm.t0","ms":25.8776}
{"bootTrace":true,"boot":149,"lvlPre":38,"lvlPost":19,"bootRestored":true,"levelsRemainingAfterBoot":22,"stage":"L4.tm.shiftMix","ms":27.0949}
{"x8Drop":true,"op":0,"layer":4,"R":4,"levelIn":21,"degIn":1,"levelOut":40,"limbs":2,"stage":"L4.tm.matvecBatch.win"}
{"bootTrace":true,"boot":150,"lvlPre":41,"lvlPost":19,"bootRestored":true,"levelsRemainingAfterBoot":22,"stage":"L4.tm.scan.t0","ms":28.4846}
{"x8Drop":true,"op":1,"layer":4,"R":7,"levelIn":25,"degIn":1,"levelOut":34,"limbs":8,"stage":"L4.tm.matvecBatch.wout"}
{"vramTrace":"poolBuild.lvl34","dev":0,"usedGB":57.7411,"freeGB":37.2291,"totalGB":94.9702,"poolOk":true,"poolReservedGB":56.0312,"poolReservedHighGB":56.0312,"poolUsedGB":56.0166,"poolUsedHighGB":56.0166,"poolSlackGB":0.0146484,"poolTransientGB":5.44637e-06}
{"vramTrace":"poolBuild.lvl34","dev":1,"usedGB":57.7231,"freeGB":37.2471,"totalGB":94.9702,"poolOk":true,"poolReservedGB":56.0312,"poolReservedHighGB":56.0312,"poolUsedGB":56.0166,"poolUsedHighGB":56.0166,"poolSlackGB":0.0146484,"poolTransientGB":5.44637e-06}
{"bootTrace":true,"boot":151,"lvlPre":39,"lvlPost":19,"bootRestored":true,"levelsRemainingAfterBoot":22,"stage":"L4.cm.rmsnorm.t0","ms":31.7286}
{"bootTrace":true,"boot":152,"lvlPre":38,"lvlPost":19,"bootRestored":true,"levelsRemainingAfterBoot":22,"stage":"L4.cm.rmsnorm.t0","ms":46.1321}
{"bootTrace":true,"boot":153,"lvlPre":36,"lvlPost":19,"bootRestored":true,"levelsRemainingAfterBoot":22,"stage":"L4.cm.rmsnorm.t0","ms":32.3963}
{"bootTrace":true,"boot":154,"lvlPre":36,"lvlPost":19,"bootRestored":true,"levelsRemainingAfterBoot":22,"stage":"L4.cm.rmsnorm.t0","ms":28.1922}
{"bootTrace":true,"boot":155,"lvlPre":36,"lvlPost":19,"bootRestored":true,"levelsRemainingAfterBoot":22,"stage":"L4.cm.rmsnorm.t0","ms":30.9876}
{"vramTrace":"poolBuild.lvl37","dev":0,"usedGB":57.745,"freeGB":37.2252,"totalGB":94.9702,"poolOk":true,"poolReservedGB":56.0312,"poolReservedHighGB":56.0312,"poolUsedGB":56.0166,"poolUsedHighGB":56.0166,"poolSlackGB":0.0146484,"poolTransientGB":5.44637e-06}
{"vramTrace":"poolBuild.lvl37","dev":1,"usedGB":57.727,"freeGB":37.2432,"totalGB":94.9702,"poolOk":true,"poolReservedGB":56.0312,"poolReservedHighGB":56.0312,"poolUsedGB":56.0166,"poolUsedHighGB":56.0166,"poolSlackGB":0.0146484,"poolTransientGB":5.44637e-06}
{"bootTrace":true,"boot":156,"lvlPre":38,"lvlPost":19,"bootRestored":true,"levelsRemainingAfterBoot":22,"stage":"L4.cm.hidden.ch0.t0","ms":30.9165}
{"bootTrace":true,"boot":157,"lvlPre":38,"lvlPost":19,"bootRestored":true,"levelsRemainingAfterBoot":22,"stage":"L4.cm.hidden.ch0.t0","ms":62.7696}
{"x8Drop":true,"op":4,"layer":4,"R":7,"levelIn":24,"degIn":1,"levelOut":40,"limbs":2,"stage":"L4.cm.matvecBatch.wv.ch0"}
{"vramTrace":"poolBuild.lvl40","dev":0,"usedGB":57.7391,"freeGB":37.2311,"totalGB":94.9702,"poolOk":true,"poolReservedGB":56.0312,"poolReservedHighGB":56.0312,"poolUsedGB":56.0166,"poolUsedHighGB":56.0166,"poolSlackGB":0.0146484,"poolTransientGB":5.44637e-06}
{"vramTrace":"poolBuild.lvl40","dev":1,"usedGB":57.7211,"freeGB":37.2491,"totalGB":94.9702,"poolOk":true,"poolReservedGB":56.0312,"poolReservedHighGB":56.0312,"poolUsedGB":56.0166,"poolUsedHighGB":56.0166,"poolSlackGB":0.0146484,"poolTransientGB":5.44637e-06}
{"bootTrace":true,"boot":158,"lvlPre":38,"lvlPost":19,"bootRestored":true,"levelsRemainingAfterBoot":22,"stage":"L4.cm.hidden.ch1.t0","ms":25.4502}
{"bootTrace":true,"boot":159,"lvlPre":38,"lvlPost":19,"bootRestored":true,"levelsRemainingAfterBoot":22,"stage":"L4.cm.hidden.ch1.t0","ms":47.9634}
{"x8Drop":true,"op":4,"layer":4,"R":7,"levelIn":24,"degIn":1,"levelOut":40,"limbs":2,"stage":"L4.cm.matvecBatch.wv.ch1"}
{"bootTrace":true,"boot":160,"lvlPre":41,"lvlPost":19,"bootRestored":true,"levelsRemainingAfterBoot":22,"stage":"L4.cm.ffnAccum.ch1","ms":37.2552}
{"bootTrace":true,"boot":161,"lvlPre":41,"lvlPost":19,"bootRestored":true,"levelsRemainingAfterBoot":22,"stage":"L4.cm.ffnAccum.ch1","ms":36.5637}
{"bootTrace":true,"boot":162,"lvlPre":38,"lvlPost":19,"bootRestored":true,"levelsRemainingAfterBoot":22,"stage":"L4.cm.hidden.ch2.t0","ms":204.281}
{"bootTrace":true,"boot":163,"lvlPre":38,"lvlPost":19,"bootRestored":true,"levelsRemainingAfterBoot":22,"stage":"L4.cm.hidden.ch2.t0","ms":203.941}
{"x8Drop":true,"op":4,"layer":4,"R":7,"levelIn":24,"degIn":1,"levelOut":40,"limbs":2,"stage":"L4.cm.matvecBatch.wv.ch2"}
{"bootTrace":true,"boot":164,"lvlPre":41,"lvlPost":19,"bootRestored":true,"levelsRemainingAfterBoot":22,"stage":"L4.cm.ffnAccum.ch2","ms":27.3462}
{"bootTrace":true,"boot":165,"lvlPre":38,"lvlPost":19,"bootRestored":true,"levelsRemainingAfterBoot":22,"stage":"L4.cm.hidden.ch3.t0","ms":44.9273}
{"bootTrace":true,"boot":166,"lvlPre":38,"lvlPost":19,"bootRestored":true,"levelsRemainingAfterBoot":22,"stage":"L4.cm.hidden.ch3.t0","ms":208.473}
{"x8Drop":true,"op":4,"layer":4,"R":7,"levelIn":24,"degIn":1,"levelOut":40,"limbs":2,"stage":"L4.cm.matvecBatch.wv.ch3"}
{"bootTrace":true,"boot":167,"lvlPre":41,"lvlPost":19,"bootRestored":true,"levelsRemainingAfterBoot":22,"stage":"L4.cm.ffnAccum.ch3","ms":36.8768}
{"bootTrace":true,"boot":168,"lvlPre":39,"lvlPost":19,"bootRestored":true,"levelsRemainingAfterBoot":22,"stage":"L5.tm.rmsnorm.t0","ms":25.3774}
{"bootTrace":true,"boot":169,"lvlPre":38,"lvlPost":19,"bootRestored":true,"levelsRemainingAfterBoot":22,"stage":"L5.tm.rmsnorm.t0","ms":46.3687}
{"bootTrace":true,"boot":170,"lvlPre":36,"lvlPost":19,"bootRestored":true,"levelsRemainingAfterBoot":22,"stage":"L5.tm.rmsnorm.t0","ms":26.3463}
{"bootTrace":true,"boot":171,"lvlPre":36,"lvlPost":19,"bootRestored":true,"levelsRemainingAfterBoot":22,"stage":"L5.tm.rmsnorm.t0","ms":25.9566}
{"bootTrace":true,"boot":172,"lvlPre":36,"lvlPost":19,"bootRestored":true,"levelsRemainingAfterBoot":22,"stage":"L5.tm.rmsnorm.t0","ms":25.8325}
{"bootTrace":true,"boot":173,"lvlPre":38,"lvlPost":19,"bootRestored":true,"levelsRemainingAfterBoot":22,"stage":"L5.tm.shiftMix","ms":26.2213}
{"x8Drop":true,"op":0,"layer":5,"R":4,"levelIn":21,"degIn":1,"levelOut":40,"limbs":2,"stage":"L5.tm.matvecBatch.win"}
{"bootTrace":true,"boot":174,"lvlPre":41,"lvlPost":19,"bootRestored":true,"levelsRemainingAfterBoot":22,"stage":"L5.tm.scan.t0","ms":29.5484}
{"x8Drop":true,"op":1,"layer":5,"R":7,"levelIn":25,"degIn":1,"levelOut":34,"limbs":8,"stage":"L5.tm.matvecBatch.wout"}
{"vramTrace":"poolBuild.lvl34","dev":0,"usedGB":57.7411,"freeGB":37.2291,"totalGB":94.9702,"poolOk":true,"poolReservedGB":56.0312,"poolReservedHighGB":56.0312,"poolUsedGB":56.0166,"poolUsedHighGB":56.0166,"poolSlackGB":0.0146484,"poolTransientGB":5.44637e-06}
{"vramTrace":"poolBuild.lvl34","dev":1,"usedGB":57.7231,"freeGB":37.2471,"totalGB":94.9702,"poolOk":true,"poolReservedGB":56.0312,"poolReservedHighGB":56.0312,"poolUsedGB":56.0166,"poolUsedHighGB":56.0166,"poolSlackGB":0.0146484,"poolTransientGB":5.44637e-06}
{"bootTrace":true,"boot":175,"lvlPre":39,"lvlPost":19,"bootRestored":true,"levelsRemainingAfterBoot":22,"stage":"L5.cm.rmsnorm.t0","ms":33.0977}
{"bootTrace":true,"boot":176,"lvlPre":38,"lvlPost":19,"bootRestored":true,"levelsRemainingAfterBoot":22,"stage":"L5.cm.rmsnorm.t0","ms":35.5509}
{"bootTrace":true,"boot":177,"lvlPre":36,"lvlPost":19,"bootRestored":true,"levelsRemainingAfterBoot":22,"stage":"L5.cm.rmsnorm.t0","ms":30.6665}
{"bootTrace":true,"boot":178,"lvlPre":36,"lvlPost":19,"bootRestored":true,"levelsRemainingAfterBoot":22,"stage":"L5.cm.rmsnorm.t0","ms":18.5928}
{"bootTrace":true,"boot":179,"lvlPre":36,"lvlPost":19,"bootRestored":true,"levelsRemainingAfterBoot":22,"stage":"L5.cm.rmsnorm.t0","ms":18.641}
{"vramTrace":"poolBuild.lvl37","dev":0,"usedGB":57.745,"freeGB":37.2252,"totalGB":94.9702,"poolOk":true,"poolReservedGB":56.0312,"poolReservedHighGB":56.0312,"poolUsedGB":56.0166,"poolUsedHighGB":56.0166,"poolSlackGB":0.0146484,"poolTransientGB":5.44637e-06}
{"vramTrace":"poolBuild.lvl37","dev":1,"usedGB":57.727,"freeGB":37.2432,"totalGB":94.9702,"poolOk":true,"poolReservedGB":56.0312,"poolReservedHighGB":56.0312,"poolUsedGB":56.0166,"poolUsedHighGB":56.0166,"poolSlackGB":0.0146484,"poolTransientGB":5.44637e-06}
{"bootTrace":true,"boot":180,"lvlPre":38,"lvlPost":19,"bootRestored":true,"levelsRemainingAfterBoot":22,"stage":"L5.cm.hidden.ch0.t0","ms":25.7269}
{"bootTrace":true,"boot":181,"lvlPre":38,"lvlPost":19,"bootRestored":true,"levelsRemainingAfterBoot":22,"stage":"L5.cm.hidden.ch0.t0","ms":51.6718}
{"x8Drop":true,"op":4,"layer":5,"R":7,"levelIn":24,"degIn":1,"levelOut":40,"limbs":2,"stage":"L5.cm.matvecBatch.wv.ch0"}
{"vramTrace":"poolBuild.lvl40","dev":0,"usedGB":57.7391,"freeGB":37.2311,"totalGB":94.9702,"poolOk":true,"poolReservedGB":56.0312,"poolReservedHighGB":56.0312,"poolUsedGB":56.0166,"poolUsedHighGB":56.0166,"poolSlackGB":0.0146484,"poolTransientGB":5.44637e-06}
{"vramTrace":"poolBuild.lvl40","dev":1,"usedGB":57.7211,"freeGB":37.2491,"totalGB":94.9702,"poolOk":true,"poolReservedGB":56.0312,"poolReservedHighGB":56.0312,"poolUsedGB":56.0166,"poolUsedHighGB":56.0166,"poolSlackGB":0.0146484,"poolTransientGB":5.44637e-06}
{"bootTrace":true,"boot":182,"lvlPre":38,"lvlPost":19,"bootRestored":true,"levelsRemainingAfterBoot":22,"stage":"L5.cm.hidden.ch1.t0","ms":26.6132}
{"bootTrace":true,"boot":183,"lvlPre":38,"lvlPost":19,"bootRestored":true,"levelsRemainingAfterBoot":22,"stage":"L5.cm.hidden.ch1.t0","ms":50.1962}
{"x8Drop":true,"op":4,"layer":5,"R":7,"levelIn":24,"degIn":1,"levelOut":40,"limbs":2,"stage":"L5.cm.matvecBatch.wv.ch1"}
{"bootTrace":true,"boot":184,"lvlPre":41,"lvlPost":19,"bootRestored":true,"levelsRemainingAfterBoot":22,"stage":"L5.cm.ffnAccum.ch1","ms":27.213}
{"bootTrace":true,"boot":185,"lvlPre":41,"lvlPost":19,"bootRestored":true,"levelsRemainingAfterBoot":22,"stage":"L5.cm.ffnAccum.ch1","ms":63.0237}
{"bootTrace":true,"boot":186,"lvlPre":38,"lvlPost":19,"bootRestored":true,"levelsRemainingAfterBoot":22,"stage":"L5.cm.hidden.ch2.t0","ms":205.962}
{"bootTrace":true,"boot":187,"lvlPre":38,"lvlPost":19,"bootRestored":true,"levelsRemainingAfterBoot":22,"stage":"L5.cm.hidden.ch2.t0","ms":196.051}
{"x8Drop":true,"op":4,"layer":5,"R":7,"levelIn":24,"degIn":1,"levelOut":40,"limbs":2,"stage":"L5.cm.matvecBatch.wv.ch2"}
{"bootTrace":true,"boot":188,"lvlPre":41,"lvlPost":19,"bootRestored":true,"levelsRemainingAfterBoot":22,"stage":"L5.cm.ffnAccum.ch2","ms":26.7771}
{"bootTrace":true,"boot":189,"lvlPre":38,"lvlPost":19,"bootRestored":true,"levelsRemainingAfterBoot":22,"stage":"L5.cm.hidden.ch3.t0","ms":45.2803}
{"bootTrace":true,"boot":190,"lvlPre":38,"lvlPost":19,"bootRestored":true,"levelsRemainingAfterBoot":22,"stage":"L5.cm.hidden.ch3.t0","ms":203.918}
{"x8Drop":true,"op":4,"layer":5,"R":7,"levelIn":24,"degIn":1,"levelOut":40,"limbs":2,"stage":"L5.cm.matvecBatch.wv.ch3"}
{"bootTrace":true,"boot":191,"lvlPre":41,"lvlPost":19,"bootRestored":true,"levelsRemainingAfterBoot":22,"stage":"L5.cm.ffnAccum.ch3","ms":24.7336}
{"bootTrace":true,"boot":192,"lvlPre":39,"lvlPost":19,"bootRestored":true,"levelsRemainingAfterBoot":22,"stage":"L6.tm.rmsnorm.t0","ms":31.4267}
{"bootTrace":true,"boot":193,"lvlPre":38,"lvlPost":19,"bootRestored":true,"levelsRemainingAfterBoot":22,"stage":"L6.tm.rmsnorm.t0","ms":34.9205}
{"bootTrace":true,"boot":194,"lvlPre":36,"lvlPost":19,"bootRestored":true,"levelsRemainingAfterBoot":22,"stage":"L6.tm.rmsnorm.t0","ms":32.0356}
{"bootTrace":true,"boot":195,"lvlPre":36,"lvlPost":19,"bootRestored":true,"levelsRemainingAfterBoot":22,"stage":"L6.tm.rmsnorm.t0","ms":19.7531}
{"bootTrace":true,"boot":196,"lvlPre":36,"lvlPost":19,"bootRestored":true,"levelsRemainingAfterBoot":22,"stage":"L6.tm.rmsnorm.t0","ms":29.7262}
{"bootTrace":true,"boot":197,"lvlPre":38,"lvlPost":19,"bootRestored":true,"levelsRemainingAfterBoot":22,"stage":"L6.tm.shiftMix","ms":19.9646}
{"x8Drop":true,"op":0,"layer":6,"R":4,"levelIn":21,"degIn":1,"levelOut":40,"limbs":2,"stage":"L6.tm.matvecBatch.win"}
{"bootTrace":true,"boot":198,"lvlPre":41,"lvlPost":19,"bootRestored":true,"levelsRemainingAfterBoot":22,"stage":"L6.tm.scan.t0","ms":19.2578}
{"x8Drop":true,"op":1,"layer":6,"R":7,"levelIn":25,"degIn":1,"levelOut":34,"limbs":8,"stage":"L6.tm.matvecBatch.wout"}
{"vramTrace":"poolBuild.lvl34","dev":0,"usedGB":57.7411,"freeGB":37.2291,"totalGB":94.9702,"poolOk":true,"poolReservedGB":56.0312,"poolReservedHighGB":56.0312,"poolUsedGB":56.0166,"poolUsedHighGB":56.0166,"poolSlackGB":0.0146484,"poolTransientGB":5.44637e-06}
{"vramTrace":"poolBuild.lvl34","dev":1,"usedGB":57.7231,"freeGB":37.2471,"totalGB":94.9702,"poolOk":true,"poolReservedGB":56.0312,"poolReservedHighGB":56.0312,"poolUsedGB":56.0166,"poolUsedHighGB":56.0166,"poolSlackGB":0.0146484,"poolTransientGB":5.44637e-06}
{"bootTrace":true,"boot":199,"lvlPre":39,"lvlPost":19,"bootRestored":true,"levelsRemainingAfterBoot":22,"stage":"L6.cm.rmsnorm.t0","ms":25.4897}
{"bootTrace":true,"boot":200,"lvlPre":38,"lvlPost":19,"bootRestored":true,"levelsRemainingAfterBoot":22,"stage":"L6.cm.rmsnorm.t0","ms":52.0832}
{"bootTrace":true,"boot":201,"lvlPre":36,"lvlPost":19,"bootRestored":true,"levelsRemainingAfterBoot":22,"stage":"L6.cm.rmsnorm.t0","ms":30.2341}
{"bootTrace":true,"boot":202,"lvlPre":36,"lvlPost":19,"bootRestored":true,"levelsRemainingAfterBoot":22,"stage":"L6.cm.rmsnorm.t0","ms":25.4982}
{"bootTrace":true,"boot":203,"lvlPre":36,"lvlPost":19,"bootRestored":true,"levelsRemainingAfterBoot":22,"stage":"L6.cm.rmsnorm.t0","ms":25.3814}
{"vramTrace":"poolBuild.lvl37","dev":0,"usedGB":57.745,"freeGB":37.2252,"totalGB":94.9702,"poolOk":true,"poolReservedGB":56.0312,"poolReservedHighGB":56.0312,"poolUsedGB":56.0166,"poolUsedHighGB":56.0166,"poolSlackGB":0.0146484,"poolTransientGB":5.44637e-06}
{"vramTrace":"poolBuild.lvl37","dev":1,"usedGB":57.727,"freeGB":37.2432,"totalGB":94.9702,"poolOk":true,"poolReservedGB":56.0312,"poolReservedHighGB":56.0312,"poolUsedGB":56.0166,"poolUsedHighGB":56.0166,"poolSlackGB":0.0146484,"poolTransientGB":5.44637e-06}
{"bootTrace":true,"boot":204,"lvlPre":38,"lvlPost":19,"bootRestored":true,"levelsRemainingAfterBoot":22,"stage":"L6.cm.hidden.ch0.t0","ms":27.8474}
{"bootTrace":true,"boot":205,"lvlPre":38,"lvlPost":19,"bootRestored":true,"levelsRemainingAfterBoot":22,"stage":"L6.cm.hidden.ch0.t0","ms":51.4063}
{"x8Drop":true,"op":4,"layer":6,"R":7,"levelIn":24,"degIn":1,"levelOut":40,"limbs":2,"stage":"L6.cm.matvecBatch.wv.ch0"}
{"vramTrace":"poolBuild.lvl40","dev":0,"usedGB":57.7391,"freeGB":37.2311,"totalGB":94.9702,"poolOk":true,"poolReservedGB":56.0312,"poolReservedHighGB":56.0312,"poolUsedGB":56.0166,"poolUsedHighGB":56.0166,"poolSlackGB":0.0146484,"poolTransientGB":5.44637e-06}
{"vramTrace":"poolBuild.lvl40","dev":1,"usedGB":57.7211,"freeGB":37.2491,"totalGB":94.9702,"poolOk":true,"poolReservedGB":56.0312,"poolReservedHighGB":56.0312,"poolUsedGB":56.0166,"poolUsedHighGB":56.0166,"poolSlackGB":0.0146484,"poolTransientGB":5.44637e-06}
{"bootTrace":true,"boot":206,"lvlPre":38,"lvlPost":19,"bootRestored":true,"levelsRemainingAfterBoot":22,"stage":"L6.cm.hidden.ch1.t0","ms":25.1196}
{"bootTrace":true,"boot":207,"lvlPre":38,"lvlPost":19,"bootRestored":true,"levelsRemainingAfterBoot":22,"stage":"L6.cm.hidden.ch1.t0","ms":66.1431}
{"x8Drop":true,"op":4,"layer":6,"R":7,"levelIn":24,"degIn":1,"levelOut":40,"limbs":2,"stage":"L6.cm.matvecBatch.wv.ch1"}
{"bootTrace":true,"boot":208,"lvlPre":41,"lvlPost":19,"bootRestored":true,"levelsRemainingAfterBoot":22,"stage":"L6.cm.ffnAccum.ch1","ms":31.3815}
{"bootTrace":true,"boot":209,"lvlPre":41,"lvlPost":19,"bootRestored":true,"levelsRemainingAfterBoot":22,"stage":"L6.cm.ffnAccum.ch1","ms":59.23}
{"bootTrace":true,"boot":210,"lvlPre":38,"lvlPost":19,"bootRestored":true,"levelsRemainingAfterBoot":22,"stage":"L6.cm.hidden.ch2.t0","ms":188.291}
{"bootTrace":true,"boot":211,"lvlPre":38,"lvlPost":19,"bootRestored":true,"levelsRemainingAfterBoot":22,"stage":"L6.cm.hidden.ch2.t0","ms":200.637}
{"x8Drop":true,"op":4,"layer":6,"R":7,"levelIn":24,"degIn":1,"levelOut":40,"limbs":2,"stage":"L6.cm.matvecBatch.wv.ch2"}
{"bootTrace":true,"boot":212,"lvlPre":41,"lvlPost":19,"bootRestored":true,"levelsRemainingAfterBoot":22,"stage":"L6.cm.ffnAccum.ch2","ms":26.8141}
{"bootTrace":true,"boot":213,"lvlPre":38,"lvlPost":19,"bootRestored":true,"levelsRemainingAfterBoot":22,"stage":"L6.cm.hidden.ch3.t0","ms":49.6811}
{"bootTrace":true,"boot":214,"lvlPre":38,"lvlPost":19,"bootRestored":true,"levelsRemainingAfterBoot":22,"stage":"L6.cm.hidden.ch3.t0","ms":250.177}
{"x8Drop":true,"op":4,"layer":6,"R":7,"levelIn":24,"degIn":1,"levelOut":40,"limbs":2,"stage":"L6.cm.matvecBatch.wv.ch3"}
{"bootTrace":true,"boot":215,"lvlPre":41,"lvlPost":19,"bootRestored":true,"levelsRemainingAfterBoot":22,"stage":"L6.cm.ffnAccum.ch3","ms":25.1074}
{"bootTrace":true,"boot":216,"lvlPre":39,"lvlPost":19,"bootRestored":true,"levelsRemainingAfterBoot":22,"stage":"L7.tm.rmsnorm.t0","ms":31.0994}
{"bootTrace":true,"boot":217,"lvlPre":38,"lvlPost":19,"bootRestored":true,"levelsRemainingAfterBoot":22,"stage":"L7.tm.rmsnorm.t0","ms":57.6341}
{"bootTrace":true,"boot":218,"lvlPre":36,"lvlPost":19,"bootRestored":true,"levelsRemainingAfterBoot":22,"stage":"L7.tm.rmsnorm.t0","ms":24.1374}
{"bootTrace":true,"boot":219,"lvlPre":36,"lvlPost":19,"bootRestored":true,"levelsRemainingAfterBoot":22,"stage":"L7.tm.rmsnorm.t0","ms":18.6368}
{"bootTrace":true,"boot":220,"lvlPre":36,"lvlPost":19,"bootRestored":true,"levelsRemainingAfterBoot":22,"stage":"L7.tm.rmsnorm.t0","ms":28.7145}
{"bootTrace":true,"boot":221,"lvlPre":38,"lvlPost":19,"bootRestored":true,"levelsRemainingAfterBoot":22,"stage":"L7.tm.shiftMix","ms":18.9974}
{"x8Drop":true,"op":0,"layer":7,"R":4,"levelIn":21,"degIn":1,"levelOut":40,"limbs":2,"stage":"L7.tm.matvecBatch.win"}
{"bootTrace":true,"boot":222,"lvlPre":41,"lvlPost":19,"bootRestored":true,"levelsRemainingAfterBoot":22,"stage":"L7.tm.scan.t0","ms":20.6249}
{"x8Drop":true,"op":1,"layer":7,"R":7,"levelIn":25,"degIn":1,"levelOut":34,"limbs":8,"stage":"L7.tm.matvecBatch.wout"}
{"vramTrace":"poolBuild.lvl34","dev":0,"usedGB":57.7411,"freeGB":37.2291,"totalGB":94.9702,"poolOk":true,"poolReservedGB":56.0312,"poolReservedHighGB":56.0312,"poolUsedGB":56.0166,"poolUsedHighGB":56.0166,"poolSlackGB":0.0146484,"poolTransientGB":5.44637e-06}
{"vramTrace":"poolBuild.lvl34","dev":1,"usedGB":57.7231,"freeGB":37.2471,"totalGB":94.9702,"poolOk":true,"poolReservedGB":56.0312,"poolReservedHighGB":56.0312,"poolUsedGB":56.0166,"poolUsedHighGB":56.0166,"poolSlackGB":0.0146484,"poolTransientGB":5.44637e-06}
{"bootTrace":true,"boot":223,"lvlPre":39,"lvlPost":19,"bootRestored":true,"levelsRemainingAfterBoot":22,"stage":"L7.cm.rmsnorm.t0","ms":25.6897}
{"bootTrace":true,"boot":224,"lvlPre":38,"lvlPost":19,"bootRestored":true,"levelsRemainingAfterBoot":22,"stage":"L7.cm.rmsnorm.t0","ms":66.8191}
{"bootTrace":true,"boot":225,"lvlPre":36,"lvlPost":19,"bootRestored":true,"levelsRemainingAfterBoot":22,"stage":"L7.cm.rmsnorm.t0","ms":26.1692}
{"bootTrace":true,"boot":226,"lvlPre":36,"lvlPost":19,"bootRestored":true,"levelsRemainingAfterBoot":22,"stage":"L7.cm.rmsnorm.t0","ms":30.3774}
{"bootTrace":true,"boot":227,"lvlPre":36,"lvlPost":19,"bootRestored":true,"levelsRemainingAfterBoot":22,"stage":"L7.cm.rmsnorm.t0","ms":26.0984}
{"vramTrace":"poolBuild.lvl37","dev":0,"usedGB":57.745,"freeGB":37.2252,"totalGB":94.9702,"poolOk":true,"poolReservedGB":56.0312,"poolReservedHighGB":56.0312,"poolUsedGB":56.0166,"poolUsedHighGB":56.0166,"poolSlackGB":0.0146484,"poolTransientGB":5.44637e-06}
{"vramTrace":"poolBuild.lvl37","dev":1,"usedGB":57.727,"freeGB":37.2432,"totalGB":94.9702,"poolOk":true,"poolReservedGB":56.0312,"poolReservedHighGB":56.0312,"poolUsedGB":56.0166,"poolUsedHighGB":56.0166,"poolSlackGB":0.0146484,"poolTransientGB":5.44637e-06}
{"bootTrace":true,"boot":228,"lvlPre":38,"lvlPost":19,"bootRestored":true,"levelsRemainingAfterBoot":22,"stage":"L7.cm.hidden.ch0.t0","ms":27.0638}
{"bootTrace":true,"boot":229,"lvlPre":38,"lvlPost":19,"bootRestored":true,"levelsRemainingAfterBoot":22,"stage":"L7.cm.hidden.ch0.t0","ms":45.429}
{"x8Drop":true,"op":4,"layer":7,"R":7,"levelIn":24,"degIn":1,"levelOut":40,"limbs":2,"stage":"L7.cm.matvecBatch.wv.ch0"}
{"vramTrace":"poolBuild.lvl40","dev":0,"usedGB":57.7391,"freeGB":37.2311,"totalGB":94.9702,"poolOk":true,"poolReservedGB":56.0312,"poolReservedHighGB":56.0312,"poolUsedGB":56.0166,"poolUsedHighGB":56.0166,"poolSlackGB":0.0146484,"poolTransientGB":5.44637e-06}
{"vramTrace":"poolBuild.lvl40","dev":1,"usedGB":57.7211,"freeGB":37.2491,"totalGB":94.9702,"poolOk":true,"poolReservedGB":56.0312,"poolReservedHighGB":56.0312,"poolUsedGB":56.0166,"poolUsedHighGB":56.0166,"poolSlackGB":0.0146484,"poolTransientGB":5.44637e-06}
{"bootTrace":true,"boot":230,"lvlPre":38,"lvlPost":19,"bootRestored":true,"levelsRemainingAfterBoot":22,"stage":"L7.cm.hidden.ch1.t0","ms":25.8892}
{"bootTrace":true,"boot":231,"lvlPre":38,"lvlPost":19,"bootRestored":true,"levelsRemainingAfterBoot":22,"stage":"L7.cm.hidden.ch1.t0","ms":51.1158}
{"x8Drop":true,"op":4,"layer":7,"R":7,"levelIn":24,"degIn":1,"levelOut":40,"limbs":2,"stage":"L7.cm.matvecBatch.wv.ch1"}
{"bootTrace":true,"boot":232,"lvlPre":41,"lvlPost":19,"bootRestored":true,"levelsRemainingAfterBoot":22,"stage":"L7.cm.ffnAccum.ch1","ms":26.4885}
{"bootTrace":true,"boot":233,"lvlPre":41,"lvlPost":19,"bootRestored":true,"levelsRemainingAfterBoot":22,"stage":"L7.cm.ffnAccum.ch1","ms":47.0123}
{"bootTrace":true,"boot":234,"lvlPre":38,"lvlPost":19,"bootRestored":true,"levelsRemainingAfterBoot":22,"stage":"L7.cm.hidden.ch2.t0","ms":204.954}
{"bootTrace":true,"boot":235,"lvlPre":38,"lvlPost":19,"bootRestored":true,"levelsRemainingAfterBoot":22,"stage":"L7.cm.hidden.ch2.t0","ms":215.149}
{"x8Drop":true,"op":4,"layer":7,"R":7,"levelIn":24,"degIn":1,"levelOut":40,"limbs":2,"stage":"L7.cm.matvecBatch.wv.ch2"}
{"bootTrace":true,"boot":236,"lvlPre":41,"lvlPost":19,"bootRestored":true,"levelsRemainingAfterBoot":22,"stage":"L7.cm.ffnAccum.ch2","ms":33.1683}
{"bootTrace":true,"boot":237,"lvlPre":38,"lvlPost":19,"bootRestored":true,"levelsRemainingAfterBoot":22,"stage":"L7.cm.hidden.ch3.t0","ms":57.2206}
{"bootTrace":true,"boot":238,"lvlPre":38,"lvlPost":19,"bootRestored":true,"levelsRemainingAfterBoot":22,"stage":"L7.cm.hidden.ch3.t0","ms":198.278}
{"x8Drop":true,"op":4,"layer":7,"R":7,"levelIn":24,"degIn":1,"levelOut":40,"limbs":2,"stage":"L7.cm.matvecBatch.wv.ch3"}
{"bootTrace":true,"boot":239,"lvlPre":41,"lvlPost":19,"bootRestored":true,"levelsRemainingAfterBoot":22,"stage":"L7.cm.ffnAccum.ch3","ms":25.0878}
{"bootTrace":true,"boot":240,"lvlPre":39,"lvlPost":19,"bootRestored":true,"levelsRemainingAfterBoot":22,"stage":"L8.tm.rmsnorm.t0","ms":25.5053}
{"bootTrace":true,"boot":241,"lvlPre":38,"lvlPost":19,"bootRestored":true,"levelsRemainingAfterBoot":22,"stage":"L8.tm.rmsnorm.t0","ms":43.4672}
{"bootTrace":true,"boot":242,"lvlPre":36,"lvlPost":19,"bootRestored":true,"levelsRemainingAfterBoot":22,"stage":"L8.tm.rmsnorm.t0","ms":25.523}
{"bootTrace":true,"boot":243,"lvlPre":36,"lvlPost":19,"bootRestored":true,"levelsRemainingAfterBoot":22,"stage":"L8.tm.rmsnorm.t0","ms":25.5895}
{"bootTrace":true,"boot":244,"lvlPre":36,"lvlPost":19,"bootRestored":true,"levelsRemainingAfterBoot":22,"stage":"L8.tm.rmsnorm.t0","ms":37.6406}
{"bootTrace":true,"boot":245,"lvlPre":38,"lvlPost":19,"bootRestored":true,"levelsRemainingAfterBoot":22,"stage":"L8.tm.shiftMix","ms":34.168}
{"x8Drop":true,"op":0,"layer":8,"R":4,"levelIn":21,"degIn":1,"levelOut":40,"limbs":2,"stage":"L8.tm.matvecBatch.win"}
{"bootTrace":true,"boot":246,"lvlPre":41,"lvlPost":19,"bootRestored":true,"levelsRemainingAfterBoot":22,"stage":"L8.tm.scan.t0","ms":25.2841}
{"x8Drop":true,"op":1,"layer":8,"R":7,"levelIn":25,"degIn":1,"levelOut":34,"limbs":8,"stage":"L8.tm.matvecBatch.wout"}
{"vramTrace":"poolBuild.lvl34","dev":0,"usedGB":57.7411,"freeGB":37.2291,"totalGB":94.9702,"poolOk":true,"poolReservedGB":56.0312,"poolReservedHighGB":56.0312,"poolUsedGB":56.0166,"poolUsedHighGB":56.0166,"poolSlackGB":0.0146484,"poolTransientGB":5.44637e-06}
{"vramTrace":"poolBuild.lvl34","dev":1,"usedGB":57.7231,"freeGB":37.2471,"totalGB":94.9702,"poolOk":true,"poolReservedGB":56.0312,"poolReservedHighGB":56.0312,"poolUsedGB":56.0166,"poolUsedHighGB":56.0166,"poolSlackGB":0.0146484,"poolTransientGB":5.44637e-06}
{"bootTrace":true,"boot":247,"lvlPre":39,"lvlPost":19,"bootRestored":true,"levelsRemainingAfterBoot":22,"stage":"L8.cm.rmsnorm.t0","ms":25.6079}
{"bootTrace":true,"boot":248,"lvlPre":38,"lvlPost":19,"bootRestored":true,"levelsRemainingAfterBoot":22,"stage":"L8.cm.rmsnorm.t0","ms":45.4282}
{"bootTrace":true,"boot":249,"lvlPre":36,"lvlPost":19,"bootRestored":true,"levelsRemainingAfterBoot":22,"stage":"L8.cm.rmsnorm.t0","ms":19.2085}
{"bootTrace":true,"boot":250,"lvlPre":36,"lvlPost":19,"bootRestored":true,"levelsRemainingAfterBoot":22,"stage":"L8.cm.rmsnorm.t0","ms":21.1152}
{"bootTrace":true,"boot":251,"lvlPre":36,"lvlPost":19,"bootRestored":true,"levelsRemainingAfterBoot":22,"stage":"L8.cm.rmsnorm.t0","ms":26.4545}
{"vramTrace":"poolBuild.lvl37","dev":0,"usedGB":57.745,"freeGB":37.2252,"totalGB":94.9702,"poolOk":true,"poolReservedGB":56.0312,"poolReservedHighGB":56.0312,"poolUsedGB":56.0166,"poolUsedHighGB":56.0166,"poolSlackGB":0.0146484,"poolTransientGB":5.44637e-06}
{"vramTrace":"poolBuild.lvl37","dev":1,"usedGB":57.727,"freeGB":37.2432,"totalGB":94.9702,"poolOk":true,"poolReservedGB":56.0312,"poolReservedHighGB":56.0312,"poolUsedGB":56.0166,"poolUsedHighGB":56.0166,"poolSlackGB":0.0146484,"poolTransientGB":5.44637e-06}
{"bootTrace":true,"boot":252,"lvlPre":38,"lvlPost":19,"bootRestored":true,"levelsRemainingAfterBoot":22,"stage":"L8.cm.hidden.ch0.t0","ms":30.0376}
{"bootTrace":true,"boot":253,"lvlPre":38,"lvlPost":19,"bootRestored":true,"levelsRemainingAfterBoot":22,"stage":"L8.cm.hidden.ch0.t0","ms":42.959}
{"x8Drop":true,"op":4,"layer":8,"R":7,"levelIn":24,"degIn":1,"levelOut":40,"limbs":2,"stage":"L8.cm.matvecBatch.wv.ch0"}
{"vramTrace":"poolBuild.lvl40","dev":0,"usedGB":57.7391,"freeGB":37.2311,"totalGB":94.9702,"poolOk":true,"poolReservedGB":56.0312,"poolReservedHighGB":56.0312,"poolUsedGB":56.0166,"poolUsedHighGB":56.0166,"poolSlackGB":0.0146484,"poolTransientGB":5.44637e-06}
{"vramTrace":"poolBuild.lvl40","dev":1,"usedGB":57.7211,"freeGB":37.2491,"totalGB":94.9702,"poolOk":true,"poolReservedGB":56.0312,"poolReservedHighGB":56.0312,"poolUsedGB":56.0166,"poolUsedHighGB":56.0166,"poolSlackGB":0.0146484,"poolTransientGB":5.44637e-06}
{"bootTrace":true,"boot":254,"lvlPre":38,"lvlPost":19,"bootRestored":true,"levelsRemainingAfterBoot":22,"stage":"L8.cm.hidden.ch1.t0","ms":26.1062}
{"bootTrace":true,"boot":255,"lvlPre":38,"lvlPost":19,"bootRestored":true,"levelsRemainingAfterBoot":22,"stage":"L8.cm.hidden.ch1.t0","ms":45.8188}
{"x8Drop":true,"op":4,"layer":8,"R":7,"levelIn":24,"degIn":1,"levelOut":40,"limbs":2,"stage":"L8.cm.matvecBatch.wv.ch1"}
{"bootTrace":true,"boot":256,"lvlPre":41,"lvlPost":19,"bootRestored":true,"levelsRemainingAfterBoot":22,"stage":"L8.cm.ffnAccum.ch1","ms":25.8685}
{"bootTrace":true,"boot":257,"lvlPre":41,"lvlPost":19,"bootRestored":true,"levelsRemainingAfterBoot":22,"stage":"L8.cm.ffnAccum.ch1","ms":42.4687}
{"bootTrace":true,"boot":258,"lvlPre":38,"lvlPost":19,"bootRestored":true,"levelsRemainingAfterBoot":22,"stage":"L8.cm.hidden.ch2.t0","ms":206.895}
{"bootTrace":true,"boot":259,"lvlPre":38,"lvlPost":19,"bootRestored":true,"levelsRemainingAfterBoot":22,"stage":"L8.cm.hidden.ch2.t0","ms":225.445}
{"x8Drop":true,"op":4,"layer":8,"R":7,"levelIn":24,"degIn":1,"levelOut":40,"limbs":2,"stage":"L8.cm.matvecBatch.wv.ch2"}
{"bootTrace":true,"boot":260,"lvlPre":41,"lvlPost":19,"bootRestored":true,"levelsRemainingAfterBoot":22,"stage":"L8.cm.ffnAccum.ch2","ms":25.3006}
{"bootTrace":true,"boot":261,"lvlPre":38,"lvlPost":19,"bootRestored":true,"levelsRemainingAfterBoot":22,"stage":"L8.cm.hidden.ch3.t0","ms":63.7794}
{"bootTrace":true,"boot":262,"lvlPre":38,"lvlPost":19,"bootRestored":true,"levelsRemainingAfterBoot":22,"stage":"L8.cm.hidden.ch3.t0","ms":193.341}
{"x8Drop":true,"op":4,"layer":8,"R":7,"levelIn":24,"degIn":1,"levelOut":40,"limbs":2,"stage":"L8.cm.matvecBatch.wv.ch3"}
{"bootTrace":true,"boot":263,"lvlPre":41,"lvlPost":19,"bootRestored":true,"levelsRemainingAfterBoot":22,"stage":"L8.cm.ffnAccum.ch3","ms":26.7996}
{"bootTrace":true,"boot":264,"lvlPre":39,"lvlPost":19,"bootRestored":true,"levelsRemainingAfterBoot":22,"stage":"L9.tm.rmsnorm.t0","ms":32.1379}
{"bootTrace":true,"boot":265,"lvlPre":38,"lvlPost":19,"bootRestored":true,"levelsRemainingAfterBoot":22,"stage":"L9.tm.rmsnorm.t0","ms":45.9631}
{"bootTrace":true,"boot":266,"lvlPre":36,"lvlPost":19,"bootRestored":true,"levelsRemainingAfterBoot":22,"stage":"L9.tm.rmsnorm.t0","ms":33.1699}
{"bootTrace":true,"boot":267,"lvlPre":36,"lvlPost":19,"bootRestored":true,"levelsRemainingAfterBoot":22,"stage":"L9.tm.rmsnorm.t0","ms":33.411}
{"bootTrace":true,"boot":268,"lvlPre":36,"lvlPost":19,"bootRestored":true,"levelsRemainingAfterBoot":22,"stage":"L9.tm.rmsnorm.t0","ms":28.5099}
{"bootTrace":true,"boot":269,"lvlPre":38,"lvlPost":19,"bootRestored":true,"levelsRemainingAfterBoot":22,"stage":"L9.tm.shiftMix","ms":20.0437}
{"x8Drop":true,"op":0,"layer":9,"R":4,"levelIn":21,"degIn":1,"levelOut":40,"limbs":2,"stage":"L9.tm.matvecBatch.win"}
{"bootTrace":true,"boot":270,"lvlPre":41,"lvlPost":19,"bootRestored":true,"levelsRemainingAfterBoot":22,"stage":"L9.tm.scan.t0","ms":27.6}
{"x8Drop":true,"op":1,"layer":9,"R":7,"levelIn":25,"degIn":1,"levelOut":34,"limbs":8,"stage":"L9.tm.matvecBatch.wout"}
{"vramTrace":"poolBuild.lvl34","dev":0,"usedGB":57.7411,"freeGB":37.2291,"totalGB":94.9702,"poolOk":true,"poolReservedGB":56.0312,"poolReservedHighGB":56.0312,"poolUsedGB":56.0166,"poolUsedHighGB":56.0166,"poolSlackGB":0.0146484,"poolTransientGB":5.44637e-06}
{"vramTrace":"poolBuild.lvl34","dev":1,"usedGB":57.7231,"freeGB":37.2471,"totalGB":94.9702,"poolOk":true,"poolReservedGB":56.0312,"poolReservedHighGB":56.0312,"poolUsedGB":56.0166,"poolUsedHighGB":56.0166,"poolSlackGB":0.0146484,"poolTransientGB":5.44637e-06}
{"bootTrace":true,"boot":271,"lvlPre":39,"lvlPost":19,"bootRestored":true,"levelsRemainingAfterBoot":22,"stage":"L9.cm.rmsnorm.t0","ms":27.3944}
{"bootTrace":true,"boot":272,"lvlPre":38,"lvlPost":19,"bootRestored":true,"levelsRemainingAfterBoot":22,"stage":"L9.cm.rmsnorm.t0","ms":48.4657}
{"bootTrace":true,"boot":273,"lvlPre":36,"lvlPost":19,"bootRestored":true,"levelsRemainingAfterBoot":22,"stage":"L9.cm.rmsnorm.t0","ms":26.4941}
{"bootTrace":true,"boot":274,"lvlPre":36,"lvlPost":19,"bootRestored":true,"levelsRemainingAfterBoot":22,"stage":"L9.cm.rmsnorm.t0","ms":26.4828}
{"bootTrace":true,"boot":275,"lvlPre":36,"lvlPost":19,"bootRestored":true,"levelsRemainingAfterBoot":22,"stage":"L9.cm.rmsnorm.t0","ms":19.7413}
{"vramTrace":"poolBuild.lvl37","dev":0,"usedGB":57.745,"freeGB":37.2252,"totalGB":94.9702,"poolOk":true,"poolReservedGB":56.0312,"poolReservedHighGB":56.0312,"poolUsedGB":56.0166,"poolUsedHighGB":56.0166,"poolSlackGB":0.0146484,"poolTransientGB":5.44637e-06}
{"vramTrace":"poolBuild.lvl37","dev":1,"usedGB":57.727,"freeGB":37.2432,"totalGB":94.9702,"poolOk":true,"poolReservedGB":56.0312,"poolReservedHighGB":56.0312,"poolUsedGB":56.0166,"poolUsedHighGB":56.0166,"poolSlackGB":0.0146484,"poolTransientGB":5.44637e-06}
{"bootTrace":true,"boot":276,"lvlPre":38,"lvlPost":19,"bootRestored":true,"levelsRemainingAfterBoot":22,"stage":"L9.cm.hidden.ch0.t0","ms":26.1613}
{"bootTrace":true,"boot":277,"lvlPre":38,"lvlPost":19,"bootRestored":true,"levelsRemainingAfterBoot":22,"stage":"L9.cm.hidden.ch0.t0","ms":46.0601}
{"x8Drop":true,"op":4,"layer":9,"R":7,"levelIn":24,"degIn":1,"levelOut":40,"limbs":2,"stage":"L9.cm.matvecBatch.wv.ch0"}
{"vramTrace":"poolBuild.lvl40","dev":0,"usedGB":57.7391,"freeGB":37.2311,"totalGB":94.9702,"poolOk":true,"poolReservedGB":56.0312,"poolReservedHighGB":56.0312,"poolUsedGB":56.0166,"poolUsedHighGB":56.0166,"poolSlackGB":0.0146484,"poolTransientGB":5.44637e-06}
{"vramTrace":"poolBuild.lvl40","dev":1,"usedGB":57.7211,"freeGB":37.2491,"totalGB":94.9702,"poolOk":true,"poolReservedGB":56.0312,"poolReservedHighGB":56.0312,"poolUsedGB":56.0166,"poolUsedHighGB":56.0166,"poolSlackGB":0.0146484,"poolTransientGB":5.44637e-06}
{"bootTrace":true,"boot":278,"lvlPre":38,"lvlPost":19,"bootRestored":true,"levelsRemainingAfterBoot":22,"stage":"L9.cm.hidden.ch1.t0","ms":25.9536}
{"bootTrace":true,"boot":279,"lvlPre":38,"lvlPost":19,"bootRestored":true,"levelsRemainingAfterBoot":22,"stage":"L9.cm.hidden.ch1.t0","ms":52.9321}
{"x8Drop":true,"op":4,"layer":9,"R":7,"levelIn":24,"degIn":1,"levelOut":40,"limbs":2,"stage":"L9.cm.matvecBatch.wv.ch1"}
{"bootTrace":true,"boot":280,"lvlPre":41,"lvlPost":19,"bootRestored":true,"levelsRemainingAfterBoot":22,"stage":"L9.cm.ffnAccum.ch1","ms":36.3968}
{"bootTrace":true,"boot":281,"lvlPre":41,"lvlPost":19,"bootRestored":true,"levelsRemainingAfterBoot":22,"stage":"L9.cm.ffnAccum.ch1","ms":73.7682}
{"bootTrace":true,"boot":282,"lvlPre":38,"lvlPost":19,"bootRestored":true,"levelsRemainingAfterBoot":22,"stage":"L9.cm.hidden.ch2.t0","ms":187.123}
{"bootTrace":true,"boot":283,"lvlPre":38,"lvlPost":19,"bootRestored":true,"levelsRemainingAfterBoot":22,"stage":"L9.cm.hidden.ch2.t0","ms":195.559}
{"x8Drop":true,"op":4,"layer":9,"R":7,"levelIn":24,"degIn":1,"levelOut":40,"limbs":2,"stage":"L9.cm.matvecBatch.wv.ch2"}
{"bootTrace":true,"boot":284,"lvlPre":41,"lvlPost":19,"bootRestored":true,"levelsRemainingAfterBoot":22,"stage":"L9.cm.ffnAccum.ch2","ms":25.9214}
{"bootTrace":true,"boot":285,"lvlPre":38,"lvlPost":19,"bootRestored":true,"levelsRemainingAfterBoot":22,"stage":"L9.cm.hidden.ch3.t0","ms":50.2845}
{"bootTrace":true,"boot":286,"lvlPre":38,"lvlPost":19,"bootRestored":true,"levelsRemainingAfterBoot":22,"stage":"L9.cm.hidden.ch3.t0","ms":208.391}
{"x8Drop":true,"op":4,"layer":9,"R":7,"levelIn":24,"degIn":1,"levelOut":40,"limbs":2,"stage":"L9.cm.matvecBatch.wv.ch3"}
{"bootTrace":true,"boot":287,"lvlPre":41,"lvlPost":19,"bootRestored":true,"levelsRemainingAfterBoot":22,"stage":"L9.cm.ffnAccum.ch3","ms":27.0187}
{"bootTrace":true,"boot":288,"lvlPre":39,"lvlPost":19,"bootRestored":true,"levelsRemainingAfterBoot":22,"stage":"L10.tm.rmsnorm.t0","ms":26.4785}
{"bootTrace":true,"boot":289,"lvlPre":38,"lvlPost":19,"bootRestored":true,"levelsRemainingAfterBoot":22,"stage":"L10.tm.rmsnorm.t0","ms":50.5924}
{"bootTrace":true,"boot":290,"lvlPre":36,"lvlPost":19,"bootRestored":true,"levelsRemainingAfterBoot":22,"stage":"L10.tm.rmsnorm.t0","ms":32.6692}
{"bootTrace":true,"boot":291,"lvlPre":36,"lvlPost":19,"bootRestored":true,"levelsRemainingAfterBoot":22,"stage":"L10.tm.rmsnorm.t0","ms":27.0577}
{"bootTrace":true,"boot":292,"lvlPre":36,"lvlPost":19,"bootRestored":true,"levelsRemainingAfterBoot":22,"stage":"L10.tm.rmsnorm.t0","ms":30.0987}
{"bootTrace":true,"boot":293,"lvlPre":38,"lvlPost":19,"bootRestored":true,"levelsRemainingAfterBoot":22,"stage":"L10.tm.shiftMix","ms":31.7507}
{"x8Drop":true,"op":0,"layer":10,"R":4,"levelIn":21,"degIn":1,"levelOut":40,"limbs":2,"stage":"L10.tm.matvecBatch.win"}
{"bootTrace":true,"boot":294,"lvlPre":41,"lvlPost":19,"bootRestored":true,"levelsRemainingAfterBoot":22,"stage":"L10.tm.scan.t0","ms":31.2287}
{"x8Drop":true,"op":1,"layer":10,"R":7,"levelIn":25,"degIn":1,"levelOut":34,"limbs":8,"stage":"L10.tm.matvecBatch.wout"}
{"vramTrace":"poolBuild.lvl34","dev":0,"usedGB":57.7411,"freeGB":37.2291,"totalGB":94.9702,"poolOk":true,"poolReservedGB":56.0312,"poolReservedHighGB":56.0312,"poolUsedGB":56.0166,"poolUsedHighGB":56.0166,"poolSlackGB":0.0146484,"poolTransientGB":5.44637e-06}
{"vramTrace":"poolBuild.lvl34","dev":1,"usedGB":57.7231,"freeGB":37.2471,"totalGB":94.9702,"poolOk":true,"poolReservedGB":56.0312,"poolReservedHighGB":56.0312,"poolUsedGB":56.0166,"poolUsedHighGB":56.0166,"poolSlackGB":0.0146484,"poolTransientGB":5.44637e-06}
{"bootTrace":true,"boot":295,"lvlPre":39,"lvlPost":19,"bootRestored":true,"levelsRemainingAfterBoot":22,"stage":"L10.cm.rmsnorm.t0","ms":26.4611}
{"bootTrace":true,"boot":296,"lvlPre":38,"lvlPost":19,"bootRestored":true,"levelsRemainingAfterBoot":22,"stage":"L10.cm.rmsnorm.t0","ms":43.2079}
{"bootTrace":true,"boot":297,"lvlPre":36,"lvlPost":19,"bootRestored":true,"levelsRemainingAfterBoot":22,"stage":"L10.cm.rmsnorm.t0","ms":32.284}
{"bootTrace":true,"boot":298,"lvlPre":36,"lvlPost":19,"bootRestored":true,"levelsRemainingAfterBoot":22,"stage":"L10.cm.rmsnorm.t0","ms":26.1523}
{"bootTrace":true,"boot":299,"lvlPre":36,"lvlPost":19,"bootRestored":true,"levelsRemainingAfterBoot":22,"stage":"L10.cm.rmsnorm.t0","ms":27.7925}
{"vramTrace":"poolBuild.lvl37","dev":0,"usedGB":57.745,"freeGB":37.2252,"totalGB":94.9702,"poolOk":true,"poolReservedGB":56.0312,"poolReservedHighGB":56.0312,"poolUsedGB":56.0166,"poolUsedHighGB":56.0166,"poolSlackGB":0.0146484,"poolTransientGB":5.44637e-06}
{"vramTrace":"poolBuild.lvl37","dev":1,"usedGB":57.727,"freeGB":37.2432,"totalGB":94.9702,"poolOk":true,"poolReservedGB":56.0312,"poolReservedHighGB":56.0312,"poolUsedGB":56.0166,"poolUsedHighGB":56.0166,"poolSlackGB":0.0146484,"poolTransientGB":5.44637e-06}
{"bootTrace":true,"boot":300,"lvlPre":38,"lvlPost":19,"bootRestored":true,"levelsRemainingAfterBoot":22,"stage":"L10.cm.hidden.ch0.t0","ms":34.0775}
{"bootTrace":true,"boot":301,"lvlPre":38,"lvlPost":19,"bootRestored":true,"levelsRemainingAfterBoot":22,"stage":"L10.cm.hidden.ch0.t0","ms":48.2102}
{"x8Drop":true,"op":4,"layer":10,"R":7,"levelIn":24,"degIn":1,"levelOut":40,"limbs":2,"stage":"L10.cm.matvecBatch.wv.ch0"}
{"vramTrace":"poolBuild.lvl40","dev":0,"usedGB":57.7391,"freeGB":37.2311,"totalGB":94.9702,"poolOk":true,"poolReservedGB":56.0312,"poolReservedHighGB":56.0312,"poolUsedGB":56.0166,"poolUsedHighGB":56.0166,"poolSlackGB":0.0146484,"poolTransientGB":5.44637e-06}
{"vramTrace":"poolBuild.lvl40","dev":1,"usedGB":57.7211,"freeGB":37.2491,"totalGB":94.9702,"poolOk":true,"poolReservedGB":56.0312,"poolReservedHighGB":56.0312,"poolUsedGB":56.0166,"poolUsedHighGB":56.0166,"poolSlackGB":0.0146484,"poolTransientGB":5.44637e-06}
{"bootTrace":true,"boot":302,"lvlPre":38,"lvlPost":19,"bootRestored":true,"levelsRemainingAfterBoot":22,"stage":"L10.cm.hidden.ch1.t0","ms":25.736}
{"bootTrace":true,"boot":303,"lvlPre":38,"lvlPost":19,"bootRestored":true,"levelsRemainingAfterBoot":22,"stage":"L10.cm.hidden.ch1.t0","ms":51.3737}
{"x8Drop":true,"op":4,"layer":10,"R":7,"levelIn":24,"degIn":1,"levelOut":40,"limbs":2,"stage":"L10.cm.matvecBatch.wv.ch1"}
{"bootTrace":true,"boot":304,"lvlPre":41,"lvlPost":19,"bootRestored":true,"levelsRemainingAfterBoot":22,"stage":"L10.cm.ffnAccum.ch1","ms":27.1214}
{"bootTrace":true,"boot":305,"lvlPre":41,"lvlPost":19,"bootRestored":true,"levelsRemainingAfterBoot":22,"stage":"L10.cm.ffnAccum.ch1","ms":46.6554}
{"bootTrace":true,"boot":306,"lvlPre":38,"lvlPost":19,"bootRestored":true,"levelsRemainingAfterBoot":22,"stage":"L10.cm.hidden.ch2.t0","ms":201.534}
{"bootTrace":true,"boot":307,"lvlPre":38,"lvlPost":19,"bootRestored":true,"levelsRemainingAfterBoot":22,"stage":"L10.cm.hidden.ch2.t0","ms":207.29}
{"x8Drop":true,"op":4,"layer":10,"R":7,"levelIn":24,"degIn":1,"levelOut":40,"limbs":2,"stage":"L10.cm.matvecBatch.wv.ch2"}
{"bootTrace":true,"boot":308,"lvlPre":41,"lvlPost":19,"bootRestored":true,"levelsRemainingAfterBoot":22,"stage":"L10.cm.ffnAccum.ch2","ms":26.0671}
{"bootTrace":true,"boot":309,"lvlPre":38,"lvlPost":19,"bootRestored":true,"levelsRemainingAfterBoot":22,"stage":"L10.cm.hidden.ch3.t0","ms":51.3119}
{"bootTrace":true,"boot":310,"lvlPre":38,"lvlPost":19,"bootRestored":true,"levelsRemainingAfterBoot":22,"stage":"L10.cm.hidden.ch3.t0","ms":219.219}
{"x8Drop":true,"op":4,"layer":10,"R":7,"levelIn":24,"degIn":1,"levelOut":40,"limbs":2,"stage":"L10.cm.matvecBatch.wv.ch3"}
{"bootTrace":true,"boot":311,"lvlPre":41,"lvlPost":19,"bootRestored":true,"levelsRemainingAfterBoot":22,"stage":"L10.cm.ffnAccum.ch3","ms":26.4737}
{"bootTrace":true,"boot":312,"lvlPre":39,"lvlPost":19,"bootRestored":true,"levelsRemainingAfterBoot":22,"stage":"L11.tm.rmsnorm.t0","ms":26.3649}
{"bootTrace":true,"boot":313,"lvlPre":38,"lvlPost":19,"bootRestored":true,"levelsRemainingAfterBoot":22,"stage":"L11.tm.rmsnorm.t0","ms":80.3342}
{"bootTrace":true,"boot":314,"lvlPre":36,"lvlPost":19,"bootRestored":true,"levelsRemainingAfterBoot":22,"stage":"L11.tm.rmsnorm.t0","ms":31.3019}
{"bootTrace":true,"boot":315,"lvlPre":36,"lvlPost":19,"bootRestored":true,"levelsRemainingAfterBoot":22,"stage":"L11.tm.rmsnorm.t0","ms":26.7131}
{"bootTrace":true,"boot":316,"lvlPre":36,"lvlPost":19,"bootRestored":true,"levelsRemainingAfterBoot":22,"stage":"L11.tm.rmsnorm.t0","ms":28.7322}
{"bootTrace":true,"boot":317,"lvlPre":38,"lvlPost":19,"bootRestored":true,"levelsRemainingAfterBoot":22,"stage":"L11.tm.shiftMix","ms":26.9983}
{"x8Drop":true,"op":0,"layer":11,"R":4,"levelIn":21,"degIn":1,"levelOut":40,"limbs":2,"stage":"L11.tm.matvecBatch.win"}
{"bootTrace":true,"boot":318,"lvlPre":41,"lvlPost":19,"bootRestored":true,"levelsRemainingAfterBoot":22,"stage":"L11.tm.scan.t0","ms":27.252}
{"x8Drop":true,"op":1,"layer":11,"R":7,"levelIn":25,"degIn":1,"levelOut":34,"limbs":8,"stage":"L11.tm.matvecBatch.wout"}
{"vramTrace":"poolBuild.lvl34","dev":0,"usedGB":57.7411,"freeGB":37.2291,"totalGB":94.9702,"poolOk":true,"poolReservedGB":56.0312,"poolReservedHighGB":56.0312,"poolUsedGB":56.0166,"poolUsedHighGB":56.0166,"poolSlackGB":0.0146484,"poolTransientGB":5.44637e-06}
{"vramTrace":"poolBuild.lvl34","dev":1,"usedGB":57.7231,"freeGB":37.2471,"totalGB":94.9702,"poolOk":true,"poolReservedGB":56.0312,"poolReservedHighGB":56.0312,"poolUsedGB":56.0166,"poolUsedHighGB":56.0166,"poolSlackGB":0.0146484,"poolTransientGB":5.44637e-06}
{"bootTrace":true,"boot":319,"lvlPre":39,"lvlPost":19,"bootRestored":true,"levelsRemainingAfterBoot":22,"stage":"L11.cm.rmsnorm.t0","ms":27.0948}
{"bootTrace":true,"boot":320,"lvlPre":38,"lvlPost":19,"bootRestored":true,"levelsRemainingAfterBoot":22,"stage":"L11.cm.rmsnorm.t0","ms":72.7164}
{"bootTrace":true,"boot":321,"lvlPre":36,"lvlPost":19,"bootRestored":true,"levelsRemainingAfterBoot":22,"stage":"L11.cm.rmsnorm.t0","ms":27.2216}
{"bootTrace":true,"boot":322,"lvlPre":36,"lvlPost":19,"bootRestored":true,"levelsRemainingAfterBoot":22,"stage":"L11.cm.rmsnorm.t0","ms":21.0021}
{"bootTrace":true,"boot":323,"lvlPre":36,"lvlPost":19,"bootRestored":true,"levelsRemainingAfterBoot":22,"stage":"L11.cm.rmsnorm.t0","ms":20.4761}
{"vramTrace":"poolBuild.lvl37","dev":0,"usedGB":57.745,"freeGB":37.2252,"totalGB":94.9702,"poolOk":true,"poolReservedGB":56.0312,"poolReservedHighGB":56.0312,"poolUsedGB":56.0166,"poolUsedHighGB":56.0166,"poolSlackGB":0.0146484,"poolTransientGB":5.44637e-06}
{"vramTrace":"poolBuild.lvl37","dev":1,"usedGB":57.727,"freeGB":37.2432,"totalGB":94.9702,"poolOk":true,"poolReservedGB":56.0312,"poolReservedHighGB":56.0312,"poolUsedGB":56.0166,"poolUsedHighGB":56.0166,"poolSlackGB":0.0146484,"poolTransientGB":5.44637e-06}
{"bootTrace":true,"boot":324,"lvlPre":38,"lvlPost":19,"bootRestored":true,"levelsRemainingAfterBoot":22,"stage":"L11.cm.hidden.ch0.t0","ms":26.4916}
{"bootTrace":true,"boot":325,"lvlPre":38,"lvlPost":19,"bootRestored":true,"levelsRemainingAfterBoot":22,"stage":"L11.cm.hidden.ch0.t0","ms":58.6534}
{"x8Drop":true,"op":4,"layer":11,"R":7,"levelIn":24,"degIn":1,"levelOut":40,"limbs":2,"stage":"L11.cm.matvecBatch.wv.ch0"}
{"vramTrace":"poolBuild.lvl40","dev":0,"usedGB":57.7391,"freeGB":37.2311,"totalGB":94.9702,"poolOk":true,"poolReservedGB":56.0312,"poolReservedHighGB":56.0312,"poolUsedGB":56.0166,"poolUsedHighGB":56.0166,"poolSlackGB":0.0146484,"poolTransientGB":5.44637e-06}
{"vramTrace":"poolBuild.lvl40","dev":1,"usedGB":57.7211,"freeGB":37.2491,"totalGB":94.9702,"poolOk":true,"poolReservedGB":56.0312,"poolReservedHighGB":56.0312,"poolUsedGB":56.0166,"poolUsedHighGB":56.0166,"poolSlackGB":0.0146484,"poolTransientGB":5.44637e-06}
{"bootTrace":true,"boot":326,"lvlPre":38,"lvlPost":19,"bootRestored":true,"levelsRemainingAfterBoot":22,"stage":"L11.cm.hidden.ch1.t0","ms":28.9729}
{"bootTrace":true,"boot":327,"lvlPre":38,"lvlPost":19,"bootRestored":true,"levelsRemainingAfterBoot":22,"stage":"L11.cm.hidden.ch1.t0","ms":51.3209}
{"x8Drop":true,"op":4,"layer":11,"R":7,"levelIn":24,"degIn":1,"levelOut":40,"limbs":2,"stage":"L11.cm.matvecBatch.wv.ch1"}
{"bootTrace":true,"boot":328,"lvlPre":41,"lvlPost":19,"bootRestored":true,"levelsRemainingAfterBoot":22,"stage":"L11.cm.ffnAccum.ch1","ms":26.2791}
{"bootTrace":true,"boot":329,"lvlPre":41,"lvlPost":19,"bootRestored":true,"levelsRemainingAfterBoot":22,"stage":"L11.cm.ffnAccum.ch1","ms":68.0376}
{"bootTrace":true,"boot":330,"lvlPre":38,"lvlPost":19,"bootRestored":true,"levelsRemainingAfterBoot":22,"stage":"L11.cm.hidden.ch2.t0","ms":215.507}
{"bootTrace":true,"boot":331,"lvlPre":38,"lvlPost":19,"bootRestored":true,"levelsRemainingAfterBoot":22,"stage":"L11.cm.hidden.ch2.t0","ms":175.876}
{"x8Drop":true,"op":4,"layer":11,"R":7,"levelIn":24,"degIn":1,"levelOut":40,"limbs":2,"stage":"L11.cm.matvecBatch.wv.ch2"}
{"bootTrace":true,"boot":332,"lvlPre":41,"lvlPost":19,"bootRestored":true,"levelsRemainingAfterBoot":22,"stage":"L11.cm.ffnAccum.ch2","ms":25.7712}
{"bootTrace":true,"boot":333,"lvlPre":38,"lvlPost":19,"bootRestored":true,"levelsRemainingAfterBoot":22,"stage":"L11.cm.hidden.ch3.t0","ms":44.5497}
{"bootTrace":true,"boot":334,"lvlPre":38,"lvlPost":19,"bootRestored":true,"levelsRemainingAfterBoot":22,"stage":"L11.cm.hidden.ch3.t0","ms":209.017}
{"x8Drop":true,"op":4,"layer":11,"R":7,"levelIn":24,"degIn":1,"levelOut":40,"limbs":2,"stage":"L11.cm.matvecBatch.wv.ch3"}
{"bootTrace":true,"boot":335,"lvlPre":41,"lvlPost":19,"bootRestored":true,"levelsRemainingAfterBoot":22,"stage":"L11.cm.ffnAccum.ch3","ms":27.573}
{"bootTrace":true,"boot":336,"lvlPre":39,"lvlPost":19,"bootRestored":true,"levelsRemainingAfterBoot":22,"stage":"L12.tm.rmsnorm.t0","ms":29.6701}
{"bootTrace":true,"boot":337,"lvlPre":38,"lvlPost":19,"bootRestored":true,"levelsRemainingAfterBoot":22,"stage":"L12.tm.rmsnorm.t0","ms":73.9921}
{"bootTrace":true,"boot":338,"lvlPre":36,"lvlPost":19,"bootRestored":true,"levelsRemainingAfterBoot":22,"stage":"L12.tm.rmsnorm.t0","ms":26.0815}
{"bootTrace":true,"boot":339,"lvlPre":36,"lvlPost":19,"bootRestored":true,"levelsRemainingAfterBoot":22,"stage":"L12.tm.rmsnorm.t0","ms":27.2686}
{"bootTrace":true,"boot":340,"lvlPre":36,"lvlPost":19,"bootRestored":true,"levelsRemainingAfterBoot":22,"stage":"L12.tm.rmsnorm.t0","ms":26.1721}
{"bootTrace":true,"boot":341,"lvlPre":38,"lvlPost":19,"bootRestored":true,"levelsRemainingAfterBoot":22,"stage":"L12.tm.shiftMix","ms":31.049}
{"x8Drop":true,"op":0,"layer":12,"R":4,"levelIn":21,"degIn":1,"levelOut":40,"limbs":2,"stage":"L12.tm.matvecBatch.win"}
{"bootTrace":true,"boot":342,"lvlPre":41,"lvlPost":19,"bootRestored":true,"levelsRemainingAfterBoot":22,"stage":"L12.tm.scan.t0","ms":28.1666}
{"x8Drop":true,"op":1,"layer":12,"R":7,"levelIn":25,"degIn":1,"levelOut":34,"limbs":8,"stage":"L12.tm.matvecBatch.wout"}
{"vramTrace":"poolBuild.lvl34","dev":0,"usedGB":57.7411,"freeGB":37.2291,"totalGB":94.9702,"poolOk":true,"poolReservedGB":56.0312,"poolReservedHighGB":56.0312,"poolUsedGB":56.0166,"poolUsedHighGB":56.0166,"poolSlackGB":0.0146484,"poolTransientGB":5.44637e-06}
{"vramTrace":"poolBuild.lvl34","dev":1,"usedGB":57.7231,"freeGB":37.2471,"totalGB":94.9702,"poolOk":true,"poolReservedGB":56.0312,"poolReservedHighGB":56.0312,"poolUsedGB":56.0166,"poolUsedHighGB":56.0166,"poolSlackGB":0.0146484,"poolTransientGB":5.44637e-06}
{"bootTrace":true,"boot":343,"lvlPre":39,"lvlPost":19,"bootRestored":true,"levelsRemainingAfterBoot":22,"stage":"L12.cm.rmsnorm.t0","ms":26.0117}
{"bootTrace":true,"boot":344,"lvlPre":38,"lvlPost":19,"bootRestored":true,"levelsRemainingAfterBoot":22,"stage":"L12.cm.rmsnorm.t0","ms":70.1166}
{"bootTrace":true,"boot":345,"lvlPre":36,"lvlPost":19,"bootRestored":true,"levelsRemainingAfterBoot":22,"stage":"L12.cm.rmsnorm.t0","ms":27.1835}
{"bootTrace":true,"boot":346,"lvlPre":36,"lvlPost":19,"bootRestored":true,"levelsRemainingAfterBoot":22,"stage":"L12.cm.rmsnorm.t0","ms":26.7677}
{"bootTrace":true,"boot":347,"lvlPre":36,"lvlPost":19,"bootRestored":true,"levelsRemainingAfterBoot":22,"stage":"L12.cm.rmsnorm.t0","ms":30.1179}
{"vramTrace":"poolBuild.lvl37","dev":0,"usedGB":57.745,"freeGB":37.2252,"totalGB":94.9702,"poolOk":true,"poolReservedGB":56.0312,"poolReservedHighGB":56.0312,"poolUsedGB":56.0166,"poolUsedHighGB":56.0166,"poolSlackGB":0.0146484,"poolTransientGB":5.44637e-06}
{"vramTrace":"poolBuild.lvl37","dev":1,"usedGB":57.727,"freeGB":37.2432,"totalGB":94.9702,"poolOk":true,"poolReservedGB":56.0312,"poolReservedHighGB":56.0312,"poolUsedGB":56.0166,"poolUsedHighGB":56.0166,"poolSlackGB":0.0146484,"poolTransientGB":5.44637e-06}
{"bootTrace":true,"boot":348,"lvlPre":38,"lvlPost":19,"bootRestored":true,"levelsRemainingAfterBoot":22,"stage":"L12.cm.hidden.ch0.t0","ms":28.3192}
{"bootTrace":true,"boot":349,"lvlPre":38,"lvlPost":19,"bootRestored":true,"levelsRemainingAfterBoot":22,"stage":"L12.cm.hidden.ch0.t0","ms":55.1855}
{"x8Drop":true,"op":4,"layer":12,"R":7,"levelIn":24,"degIn":1,"levelOut":40,"limbs":2,"stage":"L12.cm.matvecBatch.wv.ch0"}
{"vramTrace":"poolBuild.lvl40","dev":0,"usedGB":57.7391,"freeGB":37.2311,"totalGB":94.9702,"poolOk":true,"poolReservedGB":56.0312,"poolReservedHighGB":56.0312,"poolUsedGB":56.0166,"poolUsedHighGB":56.0166,"poolSlackGB":0.0146484,"poolTransientGB":5.44637e-06}
{"vramTrace":"poolBuild.lvl40","dev":1,"usedGB":57.7211,"freeGB":37.2491,"totalGB":94.9702,"poolOk":true,"poolReservedGB":56.0312,"poolReservedHighGB":56.0312,"poolUsedGB":56.0166,"poolUsedHighGB":56.0166,"poolSlackGB":0.0146484,"poolTransientGB":5.44637e-06}
{"bootTrace":true,"boot":350,"lvlPre":38,"lvlPost":19,"bootRestored":true,"levelsRemainingAfterBoot":22,"stage":"L12.cm.hidden.ch1.t0","ms":26.7628}
{"bootTrace":true,"boot":351,"lvlPre":38,"lvlPost":19,"bootRestored":true,"levelsRemainingAfterBoot":22,"stage":"L12.cm.hidden.ch1.t0","ms":50.2929}
{"x8Drop":true,"op":4,"layer":12,"R":7,"levelIn":24,"degIn":1,"levelOut":40,"limbs":2,"stage":"L12.cm.matvecBatch.wv.ch1"}
{"bootTrace":true,"boot":352,"lvlPre":41,"lvlPost":19,"bootRestored":true,"levelsRemainingAfterBoot":22,"stage":"L12.cm.ffnAccum.ch1","ms":26.6643}
{"bootTrace":true,"boot":353,"lvlPre":41,"lvlPost":19,"bootRestored":true,"levelsRemainingAfterBoot":22,"stage":"L12.cm.ffnAccum.ch1","ms":50.8647}
{"bootTrace":true,"boot":354,"lvlPre":38,"lvlPost":19,"bootRestored":true,"levelsRemainingAfterBoot":22,"stage":"L12.cm.hidden.ch2.t0","ms":211.795}
{"bootTrace":true,"boot":355,"lvlPre":38,"lvlPost":19,"bootRestored":true,"levelsRemainingAfterBoot":22,"stage":"L12.cm.hidden.ch2.t0","ms":198.478}
{"x8Drop":true,"op":4,"layer":12,"R":7,"levelIn":24,"degIn":1,"levelOut":40,"limbs":2,"stage":"L12.cm.matvecBatch.wv.ch2"}
{"bootTrace":true,"boot":356,"lvlPre":41,"lvlPost":19,"bootRestored":true,"levelsRemainingAfterBoot":22,"stage":"L12.cm.ffnAccum.ch2","ms":28.8782}
{"bootTrace":true,"boot":357,"lvlPre":38,"lvlPost":19,"bootRestored":true,"levelsRemainingAfterBoot":22,"stage":"L12.cm.hidden.ch3.t0","ms":37.1251}
{"bootTrace":true,"boot":358,"lvlPre":38,"lvlPost":19,"bootRestored":true,"levelsRemainingAfterBoot":22,"stage":"L12.cm.hidden.ch3.t0","ms":208.896}
{"x8Drop":true,"op":4,"layer":12,"R":7,"levelIn":24,"degIn":1,"levelOut":40,"limbs":2,"stage":"L12.cm.matvecBatch.wv.ch3"}
{"bootTrace":true,"boot":359,"lvlPre":41,"lvlPost":19,"bootRestored":true,"levelsRemainingAfterBoot":22,"stage":"L12.cm.ffnAccum.ch3","ms":34.0303}
{"bootTrace":true,"boot":360,"lvlPre":39,"lvlPost":19,"bootRestored":true,"levelsRemainingAfterBoot":22,"stage":"L13.tm.rmsnorm.t0","ms":27.1663}
{"bootTrace":true,"boot":361,"lvlPre":38,"lvlPost":19,"bootRestored":true,"levelsRemainingAfterBoot":22,"stage":"L13.tm.rmsnorm.t0","ms":48.6215}
{"bootTrace":true,"boot":362,"lvlPre":36,"lvlPost":19,"bootRestored":true,"levelsRemainingAfterBoot":22,"stage":"L13.tm.rmsnorm.t0","ms":27.5515}
{"bootTrace":true,"boot":363,"lvlPre":36,"lvlPost":19,"bootRestored":true,"levelsRemainingAfterBoot":22,"stage":"L13.tm.rmsnorm.t0","ms":27.4263}
{"bootTrace":true,"boot":364,"lvlPre":36,"lvlPost":19,"bootRestored":true,"levelsRemainingAfterBoot":22,"stage":"L13.tm.rmsnorm.t0","ms":26.8453}
{"bootTrace":true,"boot":365,"lvlPre":38,"lvlPost":19,"bootRestored":true,"levelsRemainingAfterBoot":22,"stage":"L13.tm.shiftMix","ms":32.211}
{"x8Drop":true,"op":0,"layer":13,"R":4,"levelIn":21,"degIn":1,"levelOut":40,"limbs":2,"stage":"L13.tm.matvecBatch.win"}
{"bootTrace":true,"boot":366,"lvlPre":41,"lvlPost":19,"bootRestored":true,"levelsRemainingAfterBoot":22,"stage":"L13.tm.scan.t0","ms":30.3821}
{"x8Drop":true,"op":1,"layer":13,"R":7,"levelIn":25,"degIn":1,"levelOut":34,"limbs":8,"stage":"L13.tm.matvecBatch.wout"}
{"vramTrace":"poolBuild.lvl34","dev":0,"usedGB":57.7411,"freeGB":37.2291,"totalGB":94.9702,"poolOk":true,"poolReservedGB":56.0312,"poolReservedHighGB":56.0312,"poolUsedGB":56.0166,"poolUsedHighGB":56.0166,"poolSlackGB":0.0146484,"poolTransientGB":5.44637e-06}
{"vramTrace":"poolBuild.lvl34","dev":1,"usedGB":57.7231,"freeGB":37.2471,"totalGB":94.9702,"poolOk":true,"poolReservedGB":56.0312,"poolReservedHighGB":56.0312,"poolUsedGB":56.0166,"poolUsedHighGB":56.0166,"poolSlackGB":0.0146484,"poolTransientGB":5.44637e-06}
{"bootTrace":true,"boot":367,"lvlPre":39,"lvlPost":19,"bootRestored":true,"levelsRemainingAfterBoot":22,"stage":"L13.cm.rmsnorm.t0","ms":27.5132}
{"bootTrace":true,"boot":368,"lvlPre":38,"lvlPost":19,"bootRestored":true,"levelsRemainingAfterBoot":22,"stage":"L13.cm.rmsnorm.t0","ms":38.4612}
{"bootTrace":true,"boot":369,"lvlPre":36,"lvlPost":19,"bootRestored":true,"levelsRemainingAfterBoot":22,"stage":"L13.cm.rmsnorm.t0","ms":27.5657}
{"bootTrace":true,"boot":370,"lvlPre":36,"lvlPost":19,"bootRestored":true,"levelsRemainingAfterBoot":22,"stage":"L13.cm.rmsnorm.t0","ms":27.4123}
{"bootTrace":true,"boot":371,"lvlPre":36,"lvlPost":19,"bootRestored":true,"levelsRemainingAfterBoot":22,"stage":"L13.cm.rmsnorm.t0","ms":27.2265}
{"vramTrace":"poolBuild.lvl37","dev":0,"usedGB":57.745,"freeGB":37.2252,"totalGB":94.9702,"poolOk":true,"poolReservedGB":56.0312,"poolReservedHighGB":56.0312,"poolUsedGB":56.0166,"poolUsedHighGB":56.0166,"poolSlackGB":0.0146484,"poolTransientGB":5.44637e-06}
{"vramTrace":"poolBuild.lvl37","dev":1,"usedGB":57.727,"freeGB":37.2432,"totalGB":94.9702,"poolOk":true,"poolReservedGB":56.0312,"poolReservedHighGB":56.0312,"poolUsedGB":56.0166,"poolUsedHighGB":56.0166,"poolSlackGB":0.0146484,"poolTransientGB":5.44637e-06}
{"bootTrace":true,"boot":372,"lvlPre":38,"lvlPost":19,"bootRestored":true,"levelsRemainingAfterBoot":22,"stage":"L13.cm.hidden.ch0.t0","ms":26.9461}
{"bootTrace":true,"boot":373,"lvlPre":38,"lvlPost":19,"bootRestored":true,"levelsRemainingAfterBoot":22,"stage":"L13.cm.hidden.ch0.t0","ms":37.8216}
{"x8Drop":true,"op":4,"layer":13,"R":7,"levelIn":24,"degIn":1,"levelOut":40,"limbs":2,"stage":"L13.cm.matvecBatch.wv.ch0"}
{"vramTrace":"poolBuild.lvl40","dev":0,"usedGB":57.7391,"freeGB":37.2311,"totalGB":94.9702,"poolOk":true,"poolReservedGB":56.0312,"poolReservedHighGB":56.0312,"poolUsedGB":56.0166,"poolUsedHighGB":56.0166,"poolSlackGB":0.0146484,"poolTransientGB":5.44637e-06}
{"vramTrace":"poolBuild.lvl40","dev":1,"usedGB":57.7211,"freeGB":37.2491,"totalGB":94.9702,"poolOk":true,"poolReservedGB":56.0312,"poolReservedHighGB":56.0312,"poolUsedGB":56.0166,"poolUsedHighGB":56.0166,"poolSlackGB":0.0146484,"poolTransientGB":5.44637e-06}
{"bootTrace":true,"boot":374,"lvlPre":38,"lvlPost":19,"bootRestored":true,"levelsRemainingAfterBoot":22,"stage":"L13.cm.hidden.ch1.t0","ms":37.4623}
{"bootTrace":true,"boot":375,"lvlPre":38,"lvlPost":19,"bootRestored":true,"levelsRemainingAfterBoot":22,"stage":"L13.cm.hidden.ch1.t0","ms":37.3862}
{"x8Drop":true,"op":4,"layer":13,"R":7,"levelIn":24,"degIn":1,"levelOut":40,"limbs":2,"stage":"L13.cm.matvecBatch.wv.ch1"}
{"bootTrace":true,"boot":376,"lvlPre":41,"lvlPost":19,"bootRestored":true,"levelsRemainingAfterBoot":22,"stage":"L13.cm.ffnAccum.ch1","ms":32.4721}
{"bootTrace":true,"boot":377,"lvlPre":41,"lvlPost":19,"bootRestored":true,"levelsRemainingAfterBoot":22,"stage":"L13.cm.ffnAccum.ch1","ms":34.8917}
{"bootTrace":true,"boot":378,"lvlPre":38,"lvlPost":19,"bootRestored":true,"levelsRemainingAfterBoot":22,"stage":"L13.cm.hidden.ch2.t0","ms":228.515}
{"bootTrace":true,"boot":379,"lvlPre":38,"lvlPost":19,"bootRestored":true,"levelsRemainingAfterBoot":22,"stage":"L13.cm.hidden.ch2.t0","ms":216.055}
{"x8Drop":true,"op":4,"layer":13,"R":7,"levelIn":24,"degIn":1,"levelOut":40,"limbs":2,"stage":"L13.cm.matvecBatch.wv.ch2"}
{"bootTrace":true,"boot":380,"lvlPre":41,"lvlPost":19,"bootRestored":true,"levelsRemainingAfterBoot":22,"stage":"L13.cm.ffnAccum.ch2","ms":28.7232}
{"bootTrace":true,"boot":381,"lvlPre":38,"lvlPost":19,"bootRestored":true,"levelsRemainingAfterBoot":22,"stage":"L13.cm.hidden.ch3.t0","ms":51.3995}
{"bootTrace":true,"boot":382,"lvlPre":38,"lvlPost":19,"bootRestored":true,"levelsRemainingAfterBoot":22,"stage":"L13.cm.hidden.ch3.t0","ms":199.364}
{"x8Drop":true,"op":4,"layer":13,"R":7,"levelIn":24,"degIn":1,"levelOut":40,"limbs":2,"stage":"L13.cm.matvecBatch.wv.ch3"}
{"bootTrace":true,"boot":383,"lvlPre":41,"lvlPost":19,"bootRestored":true,"levelsRemainingAfterBoot":22,"stage":"L13.cm.ffnAccum.ch3","ms":33.4418}
{"bootTrace":true,"boot":384,"lvlPre":39,"lvlPost":19,"bootRestored":true,"levelsRemainingAfterBoot":22,"stage":"L14.tm.rmsnorm.t0","ms":30.668}
{"bootTrace":true,"boot":385,"lvlPre":38,"lvlPost":19,"bootRestored":true,"levelsRemainingAfterBoot":22,"stage":"L14.tm.rmsnorm.t0","ms":39.7982}
{"bootTrace":true,"boot":386,"lvlPre":36,"lvlPost":19,"bootRestored":true,"levelsRemainingAfterBoot":22,"stage":"L14.tm.rmsnorm.t0","ms":29.9908}
{"bootTrace":true,"boot":387,"lvlPre":36,"lvlPost":19,"bootRestored":true,"levelsRemainingAfterBoot":22,"stage":"L14.tm.rmsnorm.t0","ms":31.7825}
{"bootTrace":true,"boot":388,"lvlPre":36,"lvlPost":19,"bootRestored":true,"levelsRemainingAfterBoot":22,"stage":"L14.tm.rmsnorm.t0","ms":27.3469}
{"bootTrace":true,"boot":389,"lvlPre":38,"lvlPost":19,"bootRestored":true,"levelsRemainingAfterBoot":22,"stage":"L14.tm.shiftMix","ms":31.3954}
{"x8Drop":true,"op":0,"layer":14,"R":4,"levelIn":21,"degIn":1,"levelOut":40,"limbs":2,"stage":"L14.tm.matvecBatch.win"}
{"bootTrace":true,"boot":390,"lvlPre":41,"lvlPost":19,"bootRestored":true,"levelsRemainingAfterBoot":22,"stage":"L14.tm.scan.t0","ms":27.6682}
{"x8Drop":true,"op":1,"layer":14,"R":7,"levelIn":25,"degIn":1,"levelOut":34,"limbs":8,"stage":"L14.tm.matvecBatch.wout"}
{"vramTrace":"poolBuild.lvl34","dev":0,"usedGB":57.7411,"freeGB":37.2291,"totalGB":94.9702,"poolOk":true,"poolReservedGB":56.0312,"poolReservedHighGB":56.0312,"poolUsedGB":56.0166,"poolUsedHighGB":56.0166,"poolSlackGB":0.0146484,"poolTransientGB":5.44637e-06}
{"vramTrace":"poolBuild.lvl34","dev":1,"usedGB":57.7231,"freeGB":37.2471,"totalGB":94.9702,"poolOk":true,"poolReservedGB":56.0312,"poolReservedHighGB":56.0312,"poolUsedGB":56.0166,"poolUsedHighGB":56.0166,"poolSlackGB":0.0146484,"poolTransientGB":5.44637e-06}
{"bootTrace":true,"boot":391,"lvlPre":39,"lvlPost":19,"bootRestored":true,"levelsRemainingAfterBoot":22,"stage":"L14.cm.rmsnorm.t0","ms":27.442}
{"bootTrace":true,"boot":392,"lvlPre":38,"lvlPost":19,"bootRestored":true,"levelsRemainingAfterBoot":22,"stage":"L14.cm.rmsnorm.t0","ms":43.1575}
{"bootTrace":true,"boot":393,"lvlPre":36,"lvlPost":19,"bootRestored":true,"levelsRemainingAfterBoot":22,"stage":"L14.cm.rmsnorm.t0","ms":20.5231}
{"bootTrace":true,"boot":394,"lvlPre":36,"lvlPost":19,"bootRestored":true,"levelsRemainingAfterBoot":22,"stage":"L14.cm.rmsnorm.t0","ms":25.4428}
{"bootTrace":true,"boot":395,"lvlPre":36,"lvlPost":19,"bootRestored":true,"levelsRemainingAfterBoot":22,"stage":"L14.cm.rmsnorm.t0","ms":20.5928}
{"vramTrace":"poolBuild.lvl37","dev":0,"usedGB":57.745,"freeGB":37.2252,"totalGB":94.9702,"poolOk":true,"poolReservedGB":56.0312,"poolReservedHighGB":56.0312,"poolUsedGB":56.0166,"poolUsedHighGB":56.0166,"poolSlackGB":0.0146484,"poolTransientGB":5.44637e-06}
{"vramTrace":"poolBuild.lvl37","dev":1,"usedGB":57.727,"freeGB":37.2432,"totalGB":94.9702,"poolOk":true,"poolReservedGB":56.0312,"poolReservedHighGB":56.0312,"poolUsedGB":56.0166,"poolUsedHighGB":56.0166,"poolSlackGB":0.0146484,"poolTransientGB":5.44637e-06}
{"bootTrace":true,"boot":396,"lvlPre":38,"lvlPost":19,"bootRestored":true,"levelsRemainingAfterBoot":22,"stage":"L14.cm.hidden.ch0.t0","ms":32.0867}
{"bootTrace":true,"boot":397,"lvlPre":38,"lvlPost":19,"bootRestored":true,"levelsRemainingAfterBoot":22,"stage":"L14.cm.hidden.ch0.t0","ms":41.1394}
{"x8Drop":true,"op":4,"layer":14,"R":7,"levelIn":24,"degIn":1,"levelOut":40,"limbs":2,"stage":"L14.cm.matvecBatch.wv.ch0"}
{"vramTrace":"poolBuild.lvl40","dev":0,"usedGB":57.7391,"freeGB":37.2311,"totalGB":94.9702,"poolOk":true,"poolReservedGB":56.0312,"poolReservedHighGB":56.0312,"poolUsedGB":56.0166,"poolUsedHighGB":56.0166,"poolSlackGB":0.0146484,"poolTransientGB":5.44637e-06}
{"vramTrace":"poolBuild.lvl40","dev":1,"usedGB":57.7211,"freeGB":37.2491,"totalGB":94.9702,"poolOk":true,"poolReservedGB":56.0312,"poolReservedHighGB":56.0312,"poolUsedGB":56.0166,"poolUsedHighGB":56.0166,"poolSlackGB":0.0146484,"poolTransientGB":5.44637e-06}
{"bootTrace":true,"boot":398,"lvlPre":38,"lvlPost":19,"bootRestored":true,"levelsRemainingAfterBoot":22,"stage":"L14.cm.hidden.ch1.t0","ms":42.234}
{"bootTrace":true,"boot":399,"lvlPre":38,"lvlPost":19,"bootRestored":true,"levelsRemainingAfterBoot":22,"stage":"L14.cm.hidden.ch1.t0","ms":33.9638}
{"x8Drop":true,"op":4,"layer":14,"R":7,"levelIn":24,"degIn":1,"levelOut":40,"limbs":2,"stage":"L14.cm.matvecBatch.wv.ch1"}
{"bootTrace":true,"boot":400,"lvlPre":41,"lvlPost":19,"bootRestored":true,"levelsRemainingAfterBoot":22,"stage":"L14.cm.ffnAccum.ch1","ms":28.0396}
{"bootTrace":true,"boot":401,"lvlPre":41,"lvlPost":19,"bootRestored":true,"levelsRemainingAfterBoot":22,"stage":"L14.cm.ffnAccum.ch1","ms":47.4389}
{"bootTrace":true,"boot":402,"lvlPre":38,"lvlPost":19,"bootRestored":true,"levelsRemainingAfterBoot":22,"stage":"L14.cm.hidden.ch2.t0","ms":200.424}
{"bootTrace":true,"boot":403,"lvlPre":38,"lvlPost":19,"bootRestored":true,"levelsRemainingAfterBoot":22,"stage":"L14.cm.hidden.ch2.t0","ms":215.241}
{"x8Drop":true,"op":4,"layer":14,"R":7,"levelIn":24,"degIn":1,"levelOut":40,"limbs":2,"stage":"L14.cm.matvecBatch.wv.ch2"}
{"bootTrace":true,"boot":404,"lvlPre":41,"lvlPost":19,"bootRestored":true,"levelsRemainingAfterBoot":22,"stage":"L14.cm.ffnAccum.ch2","ms":23.3339}
{"bootTrace":true,"boot":405,"lvlPre":38,"lvlPost":19,"bootRestored":true,"levelsRemainingAfterBoot":22,"stage":"L14.cm.hidden.ch3.t0","ms":46.4144}
{"bootTrace":true,"boot":406,"lvlPre":38,"lvlPost":19,"bootRestored":true,"levelsRemainingAfterBoot":22,"stage":"L14.cm.hidden.ch3.t0","ms":205.311}
{"x8Drop":true,"op":4,"layer":14,"R":7,"levelIn":24,"degIn":1,"levelOut":40,"limbs":2,"stage":"L14.cm.matvecBatch.wv.ch3"}
{"bootTrace":true,"boot":407,"lvlPre":41,"lvlPost":19,"bootRestored":true,"levelsRemainingAfterBoot":22,"stage":"L14.cm.ffnAccum.ch3","ms":27.6879}
{"bootTrace":true,"boot":408,"lvlPre":39,"lvlPost":19,"bootRestored":true,"levelsRemainingAfterBoot":22,"stage":"L15.tm.rmsnorm.t0","ms":32.0926}
{"bootTrace":true,"boot":409,"lvlPre":38,"lvlPost":19,"bootRestored":true,"levelsRemainingAfterBoot":22,"stage":"L15.tm.rmsnorm.t0","ms":47.0375}
{"bootTrace":true,"boot":410,"lvlPre":36,"lvlPost":19,"bootRestored":true,"levelsRemainingAfterBoot":22,"stage":"L15.tm.rmsnorm.t0","ms":27.2761}
{"bootTrace":true,"boot":411,"lvlPre":36,"lvlPost":19,"bootRestored":true,"levelsRemainingAfterBoot":22,"stage":"L15.tm.rmsnorm.t0","ms":27.195}
{"bootTrace":true,"boot":412,"lvlPre":36,"lvlPost":19,"bootRestored":true,"levelsRemainingAfterBoot":22,"stage":"L15.tm.rmsnorm.t0","ms":28.4961}
{"bootTrace":true,"boot":413,"lvlPre":38,"lvlPost":19,"bootRestored":true,"levelsRemainingAfterBoot":22,"stage":"L15.tm.shiftMix","ms":27.4954}
{"x8Drop":true,"op":0,"layer":15,"R":4,"levelIn":21,"degIn":1,"levelOut":40,"limbs":2,"stage":"L15.tm.matvecBatch.win"}
{"bootTrace":true,"boot":414,"lvlPre":41,"lvlPost":19,"bootRestored":true,"levelsRemainingAfterBoot":22,"stage":"L15.tm.scan.t0","ms":27.2579}
{"x8Drop":true,"op":1,"layer":15,"R":7,"levelIn":25,"degIn":1,"levelOut":34,"limbs":8,"stage":"L15.tm.matvecBatch.wout"}
{"vramTrace":"poolBuild.lvl34","dev":0,"usedGB":57.7411,"freeGB":37.2291,"totalGB":94.9702,"poolOk":true,"poolReservedGB":56.0312,"poolReservedHighGB":56.0312,"poolUsedGB":56.0166,"poolUsedHighGB":56.0166,"poolSlackGB":0.0146484,"poolTransientGB":5.44637e-06}
{"vramTrace":"poolBuild.lvl34","dev":1,"usedGB":57.7231,"freeGB":37.2471,"totalGB":94.9702,"poolOk":true,"poolReservedGB":56.0312,"poolReservedHighGB":56.0312,"poolUsedGB":56.0166,"poolUsedHighGB":56.0166,"poolSlackGB":0.0146484,"poolTransientGB":5.44637e-06}
{"bootTrace":true,"boot":415,"lvlPre":39,"lvlPost":19,"bootRestored":true,"levelsRemainingAfterBoot":22,"stage":"L15.cm.rmsnorm.t0","ms":20.8351}
{"bootTrace":true,"boot":416,"lvlPre":38,"lvlPost":19,"bootRestored":true,"levelsRemainingAfterBoot":22,"stage":"L15.cm.rmsnorm.t0","ms":54.9214}
{"bootTrace":true,"boot":417,"lvlPre":36,"lvlPost":19,"bootRestored":true,"levelsRemainingAfterBoot":22,"stage":"L15.cm.rmsnorm.t0","ms":20.5723}
{"bootTrace":true,"boot":418,"lvlPre":36,"lvlPost":19,"bootRestored":true,"levelsRemainingAfterBoot":22,"stage":"L15.cm.rmsnorm.t0","ms":20.5618}
{"bootTrace":true,"boot":419,"lvlPre":36,"lvlPost":19,"bootRestored":true,"levelsRemainingAfterBoot":22,"stage":"L15.cm.rmsnorm.t0","ms":20.8468}
{"vramTrace":"poolBuild.lvl37","dev":0,"usedGB":57.745,"freeGB":37.2252,"totalGB":94.9702,"poolOk":true,"poolReservedGB":56.0312,"poolReservedHighGB":56.0312,"poolUsedGB":56.0166,"poolUsedHighGB":56.0166,"poolSlackGB":0.0146484,"poolTransientGB":5.44637e-06}
{"vramTrace":"poolBuild.lvl37","dev":1,"usedGB":57.727,"freeGB":37.2432,"totalGB":94.9702,"poolOk":true,"poolReservedGB":56.0312,"poolReservedHighGB":56.0312,"poolUsedGB":56.0166,"poolUsedHighGB":56.0166,"poolSlackGB":0.0146484,"poolTransientGB":5.44637e-06}
{"bootTrace":true,"boot":420,"lvlPre":38,"lvlPost":19,"bootRestored":true,"levelsRemainingAfterBoot":22,"stage":"L15.cm.hidden.ch0.t0","ms":34.887}
{"bootTrace":true,"boot":421,"lvlPre":38,"lvlPost":19,"bootRestored":true,"levelsRemainingAfterBoot":22,"stage":"L15.cm.hidden.ch0.t0","ms":45.9951}
{"x8Drop":true,"op":4,"layer":15,"R":7,"levelIn":24,"degIn":1,"levelOut":40,"limbs":2,"stage":"L15.cm.matvecBatch.wv.ch0"}
{"vramTrace":"poolBuild.lvl40","dev":0,"usedGB":57.7391,"freeGB":37.2311,"totalGB":94.9702,"poolOk":true,"poolReservedGB":56.0312,"poolReservedHighGB":56.0312,"poolUsedGB":56.0166,"poolUsedHighGB":56.0166,"poolSlackGB":0.0146484,"poolTransientGB":5.44637e-06}
{"vramTrace":"poolBuild.lvl40","dev":1,"usedGB":57.7211,"freeGB":37.2491,"totalGB":94.9702,"poolOk":true,"poolReservedGB":56.0312,"poolReservedHighGB":56.0312,"poolUsedGB":56.0166,"poolUsedHighGB":56.0166,"poolSlackGB":0.0146484,"poolTransientGB":5.44637e-06}
{"bootTrace":true,"boot":422,"lvlPre":38,"lvlPost":19,"bootRestored":true,"levelsRemainingAfterBoot":22,"stage":"L15.cm.hidden.ch1.t0","ms":28.6091}
{"bootTrace":true,"boot":423,"lvlPre":38,"lvlPost":19,"bootRestored":true,"levelsRemainingAfterBoot":22,"stage":"L15.cm.hidden.ch1.t0","ms":41.5666}
{"x8Drop":true,"op":4,"layer":15,"R":7,"levelIn":24,"degIn":1,"levelOut":40,"limbs":2,"stage":"L15.cm.matvecBatch.wv.ch1"}
{"bootTrace":true,"boot":424,"lvlPre":41,"lvlPost":19,"bootRestored":true,"levelsRemainingAfterBoot":22,"stage":"L15.cm.ffnAccum.ch1","ms":28.4416}
{"bootTrace":true,"boot":425,"lvlPre":41,"lvlPost":19,"bootRestored":true,"levelsRemainingAfterBoot":22,"stage":"L15.cm.ffnAccum.ch1","ms":51.3899}
{"bootTrace":true,"boot":426,"lvlPre":38,"lvlPost":19,"bootRestored":true,"levelsRemainingAfterBoot":22,"stage":"L15.cm.hidden.ch2.t0","ms":192.334}
{"bootTrace":true,"boot":427,"lvlPre":38,"lvlPost":19,"bootRestored":true,"levelsRemainingAfterBoot":22,"stage":"L15.cm.hidden.ch2.t0","ms":201.516}
{"x8Drop":true,"op":4,"layer":15,"R":7,"levelIn":24,"degIn":1,"levelOut":40,"limbs":2,"stage":"L15.cm.matvecBatch.wv.ch2"}
{"bootTrace":true,"boot":428,"lvlPre":41,"lvlPost":19,"bootRestored":true,"levelsRemainingAfterBoot":22,"stage":"L15.cm.ffnAccum.ch2","ms":26.6148}
{"bootTrace":true,"boot":429,"lvlPre":38,"lvlPost":19,"bootRestored":true,"levelsRemainingAfterBoot":22,"stage":"L15.cm.hidden.ch3.t0","ms":48.6717}
{"bootTrace":true,"boot":430,"lvlPre":38,"lvlPost":19,"bootRestored":true,"levelsRemainingAfterBoot":22,"stage":"L15.cm.hidden.ch3.t0","ms":202.376}
{"x8Drop":true,"op":4,"layer":15,"R":7,"levelIn":24,"degIn":1,"levelOut":40,"limbs":2,"stage":"L15.cm.matvecBatch.wv.ch3"}
{"bootTrace":true,"boot":431,"lvlPre":41,"lvlPost":19,"bootRestored":true,"levelsRemainingAfterBoot":22,"stage":"L15.cm.ffnAccum.ch3","ms":32.4577}
{"bootTrace":true,"boot":432,"lvlPre":39,"lvlPost":19,"bootRestored":true,"levelsRemainingAfterBoot":22,"stage":"L16.tm.rmsnorm.t0","ms":27.7061}
{"bootTrace":true,"boot":433,"lvlPre":38,"lvlPost":19,"bootRestored":true,"levelsRemainingAfterBoot":22,"stage":"L16.tm.rmsnorm.t0","ms":44.0403}
{"bootTrace":true,"boot":434,"lvlPre":36,"lvlPost":19,"bootRestored":true,"levelsRemainingAfterBoot":22,"stage":"L16.tm.rmsnorm.t0","ms":36.1733}
{"bootTrace":true,"boot":435,"lvlPre":36,"lvlPost":19,"bootRestored":true,"levelsRemainingAfterBoot":22,"stage":"L16.tm.rmsnorm.t0","ms":31.569}
{"bootTrace":true,"boot":436,"lvlPre":36,"lvlPost":19,"bootRestored":true,"levelsRemainingAfterBoot":22,"stage":"L16.tm.rmsnorm.t0","ms":29.4782}
{"bootTrace":true,"boot":437,"lvlPre":38,"lvlPost":19,"bootRestored":true,"levelsRemainingAfterBoot":22,"stage":"L16.tm.shiftMix","ms":26.983}
{"x8Drop":true,"op":0,"layer":16,"R":4,"levelIn":21,"degIn":1,"levelOut":40,"limbs":2,"stage":"L16.tm.matvecBatch.win"}
{"bootTrace":true,"boot":438,"lvlPre":41,"lvlPost":19,"bootRestored":true,"levelsRemainingAfterBoot":22,"stage":"L16.tm.scan.t0","ms":29.407}
{"x8Drop":true,"op":1,"layer":16,"R":7,"levelIn":25,"degIn":1,"levelOut":34,"limbs":8,"stage":"L16.tm.matvecBatch.wout"}
{"vramTrace":"poolBuild.lvl34","dev":0,"usedGB":57.7411,"freeGB":37.2291,"totalGB":94.9702,"poolOk":true,"poolReservedGB":56.0312,"poolReservedHighGB":56.0312,"poolUsedGB":56.0166,"poolUsedHighGB":56.0166,"poolSlackGB":0.0146484,"poolTransientGB":5.44637e-06}
{"vramTrace":"poolBuild.lvl34","dev":1,"usedGB":57.7231,"freeGB":37.2471,"totalGB":94.9702,"poolOk":true,"poolReservedGB":56.0312,"poolReservedHighGB":56.0312,"poolUsedGB":56.0166,"poolUsedHighGB":56.0166,"poolSlackGB":0.0146484,"poolTransientGB":5.44637e-06}
{"bootTrace":true,"boot":439,"lvlPre":39,"lvlPost":19,"bootRestored":true,"levelsRemainingAfterBoot":22,"stage":"L16.cm.rmsnorm.t0","ms":27.4754}
{"bootTrace":true,"boot":440,"lvlPre":38,"lvlPost":19,"bootRestored":true,"levelsRemainingAfterBoot":22,"stage":"L16.cm.rmsnorm.t0","ms":40.0784}
{"bootTrace":true,"boot":441,"lvlPre":36,"lvlPost":19,"bootRestored":true,"levelsRemainingAfterBoot":22,"stage":"L16.cm.rmsnorm.t0","ms":28.1199}
{"bootTrace":true,"boot":442,"lvlPre":36,"lvlPost":19,"bootRestored":true,"levelsRemainingAfterBoot":22,"stage":"L16.cm.rmsnorm.t0","ms":27.7431}
{"bootTrace":true,"boot":443,"lvlPre":36,"lvlPost":19,"bootRestored":true,"levelsRemainingAfterBoot":22,"stage":"L16.cm.rmsnorm.t0","ms":33.8471}
{"vramTrace":"poolBuild.lvl37","dev":0,"usedGB":57.745,"freeGB":37.2252,"totalGB":94.9702,"poolOk":true,"poolReservedGB":56.0312,"poolReservedHighGB":56.0312,"poolUsedGB":56.0166,"poolUsedHighGB":56.0166,"poolSlackGB":0.0146484,"poolTransientGB":5.44637e-06}
{"vramTrace":"poolBuild.lvl37","dev":1,"usedGB":57.727,"freeGB":37.2432,"totalGB":94.9702,"poolOk":true,"poolReservedGB":56.0312,"poolReservedHighGB":56.0312,"poolUsedGB":56.0166,"poolUsedHighGB":56.0166,"poolSlackGB":0.0146484,"poolTransientGB":5.44637e-06}
{"bootTrace":true,"boot":444,"lvlPre":38,"lvlPost":19,"bootRestored":true,"levelsRemainingAfterBoot":22,"stage":"L16.cm.hidden.ch0.t0","ms":27.8699}
{"bootTrace":true,"boot":445,"lvlPre":38,"lvlPost":19,"bootRestored":true,"levelsRemainingAfterBoot":22,"stage":"L16.cm.hidden.ch0.t0","ms":46.9066}
{"x8Drop":true,"op":4,"layer":16,"R":7,"levelIn":24,"degIn":1,"levelOut":40,"limbs":2,"stage":"L16.cm.matvecBatch.wv.ch0"}
{"vramTrace":"poolBuild.lvl40","dev":0,"usedGB":57.7391,"freeGB":37.2311,"totalGB":94.9702,"poolOk":true,"poolReservedGB":56.0312,"poolReservedHighGB":56.0312,"poolUsedGB":56.0166,"poolUsedHighGB":56.0166,"poolSlackGB":0.0146484,"poolTransientGB":5.44637e-06}
{"vramTrace":"poolBuild.lvl40","dev":1,"usedGB":57.7211,"freeGB":37.2491,"totalGB":94.9702,"poolOk":true,"poolReservedGB":56.0312,"poolReservedHighGB":56.0312,"poolUsedGB":56.0166,"poolUsedHighGB":56.0166,"poolSlackGB":0.0146484,"poolTransientGB":5.44637e-06}
{"bootTrace":true,"boot":446,"lvlPre":38,"lvlPost":19,"bootRestored":true,"levelsRemainingAfterBoot":22,"stage":"L16.cm.hidden.ch1.t0","ms":26.429}
{"bootTrace":true,"boot":447,"lvlPre":38,"lvlPost":19,"bootRestored":true,"levelsRemainingAfterBoot":22,"stage":"L16.cm.hidden.ch1.t0","ms":47.6737}
{"x8Drop":true,"op":4,"layer":16,"R":7,"levelIn":24,"degIn":1,"levelOut":40,"limbs":2,"stage":"L16.cm.matvecBatch.wv.ch1"}
{"bootTrace":true,"boot":448,"lvlPre":41,"lvlPost":19,"bootRestored":true,"levelsRemainingAfterBoot":22,"stage":"L16.cm.ffnAccum.ch1","ms":26.4524}
{"bootTrace":true,"boot":449,"lvlPre":41,"lvlPost":19,"bootRestored":true,"levelsRemainingAfterBoot":22,"stage":"L16.cm.ffnAccum.ch1","ms":43.3476}
{"bootTrace":true,"boot":450,"lvlPre":38,"lvlPost":19,"bootRestored":true,"levelsRemainingAfterBoot":22,"stage":"L16.cm.hidden.ch2.t0","ms":208.514}
{"bootTrace":true,"boot":451,"lvlPre":38,"lvlPost":19,"bootRestored":true,"levelsRemainingAfterBoot":22,"stage":"L16.cm.hidden.ch2.t0","ms":200.198}
{"x8Drop":true,"op":4,"layer":16,"R":7,"levelIn":24,"degIn":1,"levelOut":40,"limbs":2,"stage":"L16.cm.matvecBatch.wv.ch2"}
{"bootTrace":true,"boot":452,"lvlPre":41,"lvlPost":19,"bootRestored":true,"levelsRemainingAfterBoot":22,"stage":"L16.cm.ffnAccum.ch2","ms":27.4129}
{"bootTrace":true,"boot":453,"lvlPre":38,"lvlPost":19,"bootRestored":true,"levelsRemainingAfterBoot":22,"stage":"L16.cm.hidden.ch3.t0","ms":42.148}
{"bootTrace":true,"boot":454,"lvlPre":38,"lvlPost":19,"bootRestored":true,"levelsRemainingAfterBoot":22,"stage":"L16.cm.hidden.ch3.t0","ms":206.382}
{"x8Drop":true,"op":4,"layer":16,"R":7,"levelIn":24,"degIn":1,"levelOut":40,"limbs":2,"stage":"L16.cm.matvecBatch.wv.ch3"}
{"bootTrace":true,"boot":455,"lvlPre":41,"lvlPost":19,"bootRestored":true,"levelsRemainingAfterBoot":22,"stage":"L16.cm.ffnAccum.ch3","ms":28.309}
{"bootTrace":true,"boot":456,"lvlPre":39,"lvlPost":19,"bootRestored":true,"levelsRemainingAfterBoot":22,"stage":"L17.tm.rmsnorm.t0","ms":26.8133}
{"bootTrace":true,"boot":457,"lvlPre":38,"lvlPost":19,"bootRestored":true,"levelsRemainingAfterBoot":22,"stage":"L17.tm.rmsnorm.t0","ms":44.8844}
{"bootTrace":true,"boot":458,"lvlPre":36,"lvlPost":19,"bootRestored":true,"levelsRemainingAfterBoot":22,"stage":"L17.tm.rmsnorm.t0","ms":26.7222}
{"bootTrace":true,"boot":459,"lvlPre":36,"lvlPost":19,"bootRestored":true,"levelsRemainingAfterBoot":22,"stage":"L17.tm.rmsnorm.t0","ms":27.363}
{"bootTrace":true,"boot":460,"lvlPre":36,"lvlPost":19,"bootRestored":true,"levelsRemainingAfterBoot":22,"stage":"L17.tm.rmsnorm.t0","ms":27.9789}
{"bootTrace":true,"boot":461,"lvlPre":38,"lvlPost":19,"bootRestored":true,"levelsRemainingAfterBoot":22,"stage":"L17.tm.shiftMix","ms":26.7614}
{"x8Drop":true,"op":0,"layer":17,"R":4,"levelIn":21,"degIn":1,"levelOut":40,"limbs":2,"stage":"L17.tm.matvecBatch.win"}
{"bootTrace":true,"boot":462,"lvlPre":41,"lvlPost":19,"bootRestored":true,"levelsRemainingAfterBoot":22,"stage":"L17.tm.scan.t0","ms":27.3289}
{"x8Drop":true,"op":1,"layer":17,"R":7,"levelIn":25,"degIn":1,"levelOut":34,"limbs":8,"stage":"L17.tm.matvecBatch.wout"}
{"vramTrace":"poolBuild.lvl34","dev":0,"usedGB":57.7411,"freeGB":37.2291,"totalGB":94.9702,"poolOk":true,"poolReservedGB":56.0312,"poolReservedHighGB":56.0312,"poolUsedGB":56.0166,"poolUsedHighGB":56.0166,"poolSlackGB":0.0146484,"poolTransientGB":5.44637e-06}
{"vramTrace":"poolBuild.lvl34","dev":1,"usedGB":57.7231,"freeGB":37.2471,"totalGB":94.9702,"poolOk":true,"poolReservedGB":56.0312,"poolReservedHighGB":56.0312,"poolUsedGB":56.0166,"poolUsedHighGB":56.0166,"poolSlackGB":0.0146484,"poolTransientGB":5.44637e-06}
{"bootTrace":true,"boot":463,"lvlPre":39,"lvlPost":19,"bootRestored":true,"levelsRemainingAfterBoot":22,"stage":"L17.cm.rmsnorm.t0","ms":26.4706}
{"bootTrace":true,"boot":464,"lvlPre":38,"lvlPost":19,"bootRestored":true,"levelsRemainingAfterBoot":22,"stage":"L17.cm.rmsnorm.t0","ms":54.9067}
{"bootTrace":true,"boot":465,"lvlPre":36,"lvlPost":19,"bootRestored":true,"levelsRemainingAfterBoot":22,"stage":"L17.cm.rmsnorm.t0","ms":30.8864}
{"bootTrace":true,"boot":466,"lvlPre":36,"lvlPost":19,"bootRestored":true,"levelsRemainingAfterBoot":22,"stage":"L17.cm.rmsnorm.t0","ms":27.2714}
{"bootTrace":true,"boot":467,"lvlPre":36,"lvlPost":19,"bootRestored":true,"levelsRemainingAfterBoot":22,"stage":"L17.cm.rmsnorm.t0","ms":27.278}
{"vramTrace":"poolBuild.lvl37","dev":0,"usedGB":57.745,"freeGB":37.2252,"totalGB":94.9702,"poolOk":true,"poolReservedGB":56.0312,"poolReservedHighGB":56.0312,"poolUsedGB":56.0166,"poolUsedHighGB":56.0166,"poolSlackGB":0.0146484,"poolTransientGB":5.44637e-06}
{"vramTrace":"poolBuild.lvl37","dev":1,"usedGB":57.727,"freeGB":37.2432,"totalGB":94.9702,"poolOk":true,"poolReservedGB":56.0312,"poolReservedHighGB":56.0312,"poolUsedGB":56.0166,"poolUsedHighGB":56.0166,"poolSlackGB":0.0146484,"poolTransientGB":5.44637e-06}
{"bootTrace":true,"boot":468,"lvlPre":38,"lvlPost":19,"bootRestored":true,"levelsRemainingAfterBoot":22,"stage":"L17.cm.hidden.ch0.t0","ms":28.2442}
{"bootTrace":true,"boot":469,"lvlPre":38,"lvlPost":19,"bootRestored":true,"levelsRemainingAfterBoot":22,"stage":"L17.cm.hidden.ch0.t0","ms":41.5832}
{"x8Drop":true,"op":4,"layer":17,"R":7,"levelIn":24,"degIn":1,"levelOut":40,"limbs":2,"stage":"L17.cm.matvecBatch.wv.ch0"}
{"vramTrace":"poolBuild.lvl40","dev":0,"usedGB":57.7391,"freeGB":37.2311,"totalGB":94.9702,"poolOk":true,"poolReservedGB":56.0312,"poolReservedHighGB":56.0312,"poolUsedGB":56.0166,"poolUsedHighGB":56.0166,"poolSlackGB":0.0146484,"poolTransientGB":5.44637e-06}
{"vramTrace":"poolBuild.lvl40","dev":1,"usedGB":57.7211,"freeGB":37.2491,"totalGB":94.9702,"poolOk":true,"poolReservedGB":56.0312,"poolReservedHighGB":56.0312,"poolUsedGB":56.0166,"poolUsedHighGB":56.0166,"poolSlackGB":0.0146484,"poolTransientGB":5.44637e-06}
{"bootTrace":true,"boot":470,"lvlPre":38,"lvlPost":19,"bootRestored":true,"levelsRemainingAfterBoot":22,"stage":"L17.cm.hidden.ch1.t0","ms":28.3677}
{"bootTrace":true,"boot":471,"lvlPre":38,"lvlPost":19,"bootRestored":true,"levelsRemainingAfterBoot":22,"stage":"L17.cm.hidden.ch1.t0","ms":37.9843}
{"x8Drop":true,"op":4,"layer":17,"R":7,"levelIn":24,"degIn":1,"levelOut":40,"limbs":2,"stage":"L17.cm.matvecBatch.wv.ch1"}
{"bootTrace":true,"boot":472,"lvlPre":41,"lvlPost":19,"bootRestored":true,"levelsRemainingAfterBoot":22,"stage":"L17.cm.ffnAccum.ch1","ms":28.6793}
{"bootTrace":true,"boot":473,"lvlPre":41,"lvlPost":19,"bootRestored":true,"levelsRemainingAfterBoot":22,"stage":"L17.cm.ffnAccum.ch1","ms":45.2068}
{"bootTrace":true,"boot":474,"lvlPre":38,"lvlPost":19,"bootRestored":true,"levelsRemainingAfterBoot":22,"stage":"L17.cm.hidden.ch2.t0","ms":226.01}
{"bootTrace":true,"boot":475,"lvlPre":38,"lvlPost":19,"bootRestored":true,"levelsRemainingAfterBoot":22,"stage":"L17.cm.hidden.ch2.t0","ms":197.124}
{"x8Drop":true,"op":4,"layer":17,"R":7,"levelIn":24,"degIn":1,"levelOut":40,"limbs":2,"stage":"L17.cm.matvecBatch.wv.ch2"}
{"bootTrace":true,"boot":476,"lvlPre":41,"lvlPost":19,"bootRestored":true,"levelsRemainingAfterBoot":22,"stage":"L17.cm.ffnAccum.ch2","ms":33.9918}
{"bootTrace":true,"boot":477,"lvlPre":38,"lvlPost":19,"bootRestored":true,"levelsRemainingAfterBoot":22,"stage":"L17.cm.hidden.ch3.t0","ms":48.9301}
{"bootTrace":true,"boot":478,"lvlPre":38,"lvlPost":19,"bootRestored":true,"levelsRemainingAfterBoot":22,"stage":"L17.cm.hidden.ch3.t0","ms":196.274}
{"x8Drop":true,"op":4,"layer":17,"R":7,"levelIn":24,"degIn":1,"levelOut":40,"limbs":2,"stage":"L17.cm.matvecBatch.wv.ch3"}
{"bootTrace":true,"boot":479,"lvlPre":41,"lvlPost":19,"bootRestored":true,"levelsRemainingAfterBoot":22,"stage":"L17.cm.ffnAccum.ch3","ms":26.8442}
{"bootTrace":true,"boot":480,"lvlPre":39,"lvlPost":19,"bootRestored":true,"levelsRemainingAfterBoot":22,"stage":"L18.tm.rmsnorm.t0","ms":32.2799}
{"bootTrace":true,"boot":481,"lvlPre":38,"lvlPost":19,"bootRestored":true,"levelsRemainingAfterBoot":22,"stage":"L18.tm.rmsnorm.t0","ms":42.4239}
{"bootTrace":true,"boot":482,"lvlPre":36,"lvlPost":19,"bootRestored":true,"levelsRemainingAfterBoot":22,"stage":"L18.tm.rmsnorm.t0","ms":31.4237}
{"bootTrace":true,"boot":483,"lvlPre":36,"lvlPost":19,"bootRestored":true,"levelsRemainingAfterBoot":22,"stage":"L18.tm.rmsnorm.t0","ms":26.7982}
{"bootTrace":true,"boot":484,"lvlPre":36,"lvlPost":19,"bootRestored":true,"levelsRemainingAfterBoot":22,"stage":"L18.tm.rmsnorm.t0","ms":21.5066}
{"bootTrace":true,"boot":485,"lvlPre":38,"lvlPost":19,"bootRestored":true,"levelsRemainingAfterBoot":22,"stage":"L18.tm.shiftMix","ms":21.0423}
{"x8Drop":true,"op":0,"layer":18,"R":4,"levelIn":21,"degIn":1,"levelOut":40,"limbs":2,"stage":"L18.tm.matvecBatch.win"}
{"bootTrace":true,"boot":486,"lvlPre":41,"lvlPost":19,"bootRestored":true,"levelsRemainingAfterBoot":22,"stage":"L18.tm.scan.t0","ms":22.3054}
{"x8Drop":true,"op":1,"layer":18,"R":7,"levelIn":25,"degIn":1,"levelOut":34,"limbs":8,"stage":"L18.tm.matvecBatch.wout"}
{"vramTrace":"poolBuild.lvl34","dev":0,"usedGB":57.7411,"freeGB":37.2291,"totalGB":94.9702,"poolOk":true,"poolReservedGB":56.0312,"poolReservedHighGB":56.0312,"poolUsedGB":56.0166,"poolUsedHighGB":56.0166,"poolSlackGB":0.0146484,"poolTransientGB":5.44637e-06}
{"vramTrace":"poolBuild.lvl34","dev":1,"usedGB":57.7231,"freeGB":37.2471,"totalGB":94.9702,"poolOk":true,"poolReservedGB":56.0312,"poolReservedHighGB":56.0312,"poolUsedGB":56.0166,"poolUsedHighGB":56.0166,"poolSlackGB":0.0146484,"poolTransientGB":5.44637e-06}
{"bootTrace":true,"boot":487,"lvlPre":39,"lvlPost":19,"bootRestored":true,"levelsRemainingAfterBoot":22,"stage":"L18.cm.rmsnorm.t0","ms":27.3074}
{"bootTrace":true,"boot":488,"lvlPre":38,"lvlPost":19,"bootRestored":true,"levelsRemainingAfterBoot":22,"stage":"L18.cm.rmsnorm.t0","ms":45.8017}
{"bootTrace":true,"boot":489,"lvlPre":36,"lvlPost":19,"bootRestored":true,"levelsRemainingAfterBoot":22,"stage":"L18.cm.rmsnorm.t0","ms":27.6518}
{"bootTrace":true,"boot":490,"lvlPre":36,"lvlPost":19,"bootRestored":true,"levelsRemainingAfterBoot":22,"stage":"L18.cm.rmsnorm.t0","ms":26.8302}
{"bootTrace":true,"boot":491,"lvlPre":36,"lvlPost":19,"bootRestored":true,"levelsRemainingAfterBoot":22,"stage":"L18.cm.rmsnorm.t0","ms":27.6541}
{"vramTrace":"poolBuild.lvl37","dev":0,"usedGB":57.745,"freeGB":37.2252,"totalGB":94.9702,"poolOk":true,"poolReservedGB":56.0312,"poolReservedHighGB":56.0312,"poolUsedGB":56.0166,"poolUsedHighGB":56.0166,"poolSlackGB":0.0146484,"poolTransientGB":5.44637e-06}
{"vramTrace":"poolBuild.lvl37","dev":1,"usedGB":57.727,"freeGB":37.2432,"totalGB":94.9702,"poolOk":true,"poolReservedGB":56.0312,"poolReservedHighGB":56.0312,"poolUsedGB":56.0166,"poolUsedHighGB":56.0166,"poolSlackGB":0.0146484,"poolTransientGB":5.44637e-06}
{"bootTrace":true,"boot":492,"lvlPre":38,"lvlPost":19,"bootRestored":true,"levelsRemainingAfterBoot":22,"stage":"L18.cm.hidden.ch0.t0","ms":26.8473}
{"bootTrace":true,"boot":493,"lvlPre":38,"lvlPost":19,"bootRestored":true,"levelsRemainingAfterBoot":22,"stage":"L18.cm.hidden.ch0.t0","ms":44.9838}
{"x8Drop":true,"op":4,"layer":18,"R":7,"levelIn":24,"degIn":1,"levelOut":40,"limbs":2,"stage":"L18.cm.matvecBatch.wv.ch0"}
{"vramTrace":"poolBuild.lvl40","dev":0,"usedGB":57.7391,"freeGB":37.2311,"totalGB":94.9702,"poolOk":true,"poolReservedGB":56.0312,"poolReservedHighGB":56.0312,"poolUsedGB":56.0166,"poolUsedHighGB":56.0166,"poolSlackGB":0.0146484,"poolTransientGB":5.44637e-06}
{"vramTrace":"poolBuild.lvl40","dev":1,"usedGB":57.7211,"freeGB":37.2491,"totalGB":94.9702,"poolOk":true,"poolReservedGB":56.0312,"poolReservedHighGB":56.0312,"poolUsedGB":56.0166,"poolUsedHighGB":56.0166,"poolSlackGB":0.0146484,"poolTransientGB":5.44637e-06}
{"bootTrace":true,"boot":494,"lvlPre":38,"lvlPost":19,"bootRestored":true,"levelsRemainingAfterBoot":22,"stage":"L18.cm.hidden.ch1.t0","ms":27.6329}
{"bootTrace":true,"boot":495,"lvlPre":38,"lvlPost":19,"bootRestored":true,"levelsRemainingAfterBoot":22,"stage":"L18.cm.hidden.ch1.t0","ms":54.3293}
{"x8Drop":true,"op":4,"layer":18,"R":7,"levelIn":24,"degIn":1,"levelOut":40,"limbs":2,"stage":"L18.cm.matvecBatch.wv.ch1"}
{"bootTrace":true,"boot":496,"lvlPre":41,"lvlPost":19,"bootRestored":true,"levelsRemainingAfterBoot":22,"stage":"L18.cm.ffnAccum.ch1","ms":31.618}
{"bootTrace":true,"boot":497,"lvlPre":41,"lvlPost":19,"bootRestored":true,"levelsRemainingAfterBoot":22,"stage":"L18.cm.ffnAccum.ch1","ms":37.8129}
{"bootTrace":true,"boot":498,"lvlPre":38,"lvlPost":19,"bootRestored":true,"levelsRemainingAfterBoot":22,"stage":"L18.cm.hidden.ch2.t0","ms":218.863}
{"bootTrace":true,"boot":499,"lvlPre":38,"lvlPost":19,"bootRestored":true,"levelsRemainingAfterBoot":22,"stage":"L18.cm.hidden.ch2.t0","ms":194.982}
{"x8Drop":true,"op":4,"layer":18,"R":7,"levelIn":24,"degIn":1,"levelOut":40,"limbs":2,"stage":"L18.cm.matvecBatch.wv.ch2"}
{"bootTrace":true,"boot":500,"lvlPre":41,"lvlPost":19,"bootRestored":true,"levelsRemainingAfterBoot":22,"stage":"L18.cm.ffnAccum.ch2","ms":27.9263}
{"bootTrace":true,"boot":501,"lvlPre":38,"lvlPost":19,"bootRestored":true,"levelsRemainingAfterBoot":22,"stage":"L18.cm.hidden.ch3.t0","ms":61.2248}
{"bootTrace":true,"boot":502,"lvlPre":38,"lvlPost":19,"bootRestored":true,"levelsRemainingAfterBoot":22,"stage":"L18.cm.hidden.ch3.t0","ms":193.982}
{"x8Drop":true,"op":4,"layer":18,"R":7,"levelIn":24,"degIn":1,"levelOut":40,"limbs":2,"stage":"L18.cm.matvecBatch.wv.ch3"}
{"bootTrace":true,"boot":503,"lvlPre":41,"lvlPost":19,"bootRestored":true,"levelsRemainingAfterBoot":22,"stage":"L18.cm.ffnAccum.ch3","ms":28.4054}
{"bootTrace":true,"boot":504,"lvlPre":39,"lvlPost":19,"bootRestored":true,"levelsRemainingAfterBoot":22,"stage":"L19.tm.rmsnorm.t0","ms":31.175}
{"bootTrace":true,"boot":505,"lvlPre":38,"lvlPost":19,"bootRestored":true,"levelsRemainingAfterBoot":22,"stage":"L19.tm.rmsnorm.t0","ms":46.0339}
{"bootTrace":true,"boot":506,"lvlPre":36,"lvlPost":19,"bootRestored":true,"levelsRemainingAfterBoot":22,"stage":"L19.tm.rmsnorm.t0","ms":21.709}
{"bootTrace":true,"boot":507,"lvlPre":36,"lvlPost":19,"bootRestored":true,"levelsRemainingAfterBoot":22,"stage":"L19.tm.rmsnorm.t0","ms":21.4756}
{"bootTrace":true,"boot":508,"lvlPre":36,"lvlPost":19,"bootRestored":true,"levelsRemainingAfterBoot":22,"stage":"L19.tm.rmsnorm.t0","ms":28.4805}
{"bootTrace":true,"boot":509,"lvlPre":38,"lvlPost":19,"bootRestored":true,"levelsRemainingAfterBoot":22,"stage":"L19.tm.shiftMix","ms":20.9353}
{"x8Drop":true,"op":0,"layer":19,"R":4,"levelIn":21,"degIn":1,"levelOut":40,"limbs":2,"stage":"L19.tm.matvecBatch.win"}
{"bootTrace":true,"boot":510,"lvlPre":41,"lvlPost":19,"bootRestored":true,"levelsRemainingAfterBoot":22,"stage":"L19.tm.scan.t0","ms":28.654}
{"x8Drop":true,"op":1,"layer":19,"R":7,"levelIn":25,"degIn":1,"levelOut":34,"limbs":8,"stage":"L19.tm.matvecBatch.wout"}
{"vramTrace":"poolBuild.lvl34","dev":0,"usedGB":57.7411,"freeGB":37.2291,"totalGB":94.9702,"poolOk":true,"poolReservedGB":56.0312,"poolReservedHighGB":56.0312,"poolUsedGB":56.0166,"poolUsedHighGB":56.0166,"poolSlackGB":0.0146484,"poolTransientGB":5.44637e-06}
{"vramTrace":"poolBuild.lvl34","dev":1,"usedGB":57.7231,"freeGB":37.2471,"totalGB":94.9702,"poolOk":true,"poolReservedGB":56.0312,"poolReservedHighGB":56.0312,"poolUsedGB":56.0166,"poolUsedHighGB":56.0166,"poolSlackGB":0.0146484,"poolTransientGB":5.44637e-06}
{"bootTrace":true,"boot":511,"lvlPre":39,"lvlPost":19,"bootRestored":true,"levelsRemainingAfterBoot":22,"stage":"L19.cm.rmsnorm.t0","ms":28.2526}
{"bootTrace":true,"boot":512,"lvlPre":38,"lvlPost":19,"bootRestored":true,"levelsRemainingAfterBoot":22,"stage":"L19.cm.rmsnorm.t0","ms":40.5219}
{"bootTrace":true,"boot":513,"lvlPre":36,"lvlPost":19,"bootRestored":true,"levelsRemainingAfterBoot":22,"stage":"L19.cm.rmsnorm.t0","ms":28.1094}
{"bootTrace":true,"boot":514,"lvlPre":36,"lvlPost":19,"bootRestored":true,"levelsRemainingAfterBoot":22,"stage":"L19.cm.rmsnorm.t0","ms":21.0471}
{"bootTrace":true,"boot":515,"lvlPre":36,"lvlPost":19,"bootRestored":true,"levelsRemainingAfterBoot":22,"stage":"L19.cm.rmsnorm.t0","ms":20.9573}
{"vramTrace":"poolBuild.lvl37","dev":0,"usedGB":57.745,"freeGB":37.2252,"totalGB":94.9702,"poolOk":true,"poolReservedGB":56.0312,"poolReservedHighGB":56.0312,"poolUsedGB":56.0166,"poolUsedHighGB":56.0166,"poolSlackGB":0.0146484,"poolTransientGB":5.44637e-06}
{"vramTrace":"poolBuild.lvl37","dev":1,"usedGB":57.727,"freeGB":37.2432,"totalGB":94.9702,"poolOk":true,"poolReservedGB":56.0312,"poolReservedHighGB":56.0312,"poolUsedGB":56.0166,"poolUsedHighGB":56.0166,"poolSlackGB":0.0146484,"poolTransientGB":5.44637e-06}
{"bootTrace":true,"boot":516,"lvlPre":38,"lvlPost":19,"bootRestored":true,"levelsRemainingAfterBoot":22,"stage":"L19.cm.hidden.ch0.t0","ms":27.4659}
{"bootTrace":true,"boot":517,"lvlPre":38,"lvlPost":19,"bootRestored":true,"levelsRemainingAfterBoot":22,"stage":"L19.cm.hidden.ch0.t0","ms":42.0419}
{"x8Drop":true,"op":4,"layer":19,"R":7,"levelIn":24,"degIn":1,"levelOut":40,"limbs":2,"stage":"L19.cm.matvecBatch.wv.ch0"}
{"vramTrace":"poolBuild.lvl40","dev":0,"usedGB":57.7391,"freeGB":37.2311,"totalGB":94.9702,"poolOk":true,"poolReservedGB":56.0312,"poolReservedHighGB":56.0312,"poolUsedGB":56.0166,"poolUsedHighGB":56.0166,"poolSlackGB":0.0146484,"poolTransientGB":5.44637e-06}
{"vramTrace":"poolBuild.lvl40","dev":1,"usedGB":57.7211,"freeGB":37.2491,"totalGB":94.9702,"poolOk":true,"poolReservedGB":56.0312,"poolReservedHighGB":56.0312,"poolUsedGB":56.0166,"poolUsedHighGB":56.0166,"poolSlackGB":0.0146484,"poolTransientGB":5.44637e-06}
{"bootTrace":true,"boot":518,"lvlPre":38,"lvlPost":19,"bootRestored":true,"levelsRemainingAfterBoot":22,"stage":"L19.cm.hidden.ch1.t0","ms":28.9279}
{"bootTrace":true,"boot":519,"lvlPre":38,"lvlPost":19,"bootRestored":true,"levelsRemainingAfterBoot":22,"stage":"L19.cm.hidden.ch1.t0","ms":40.4895}
{"x8Drop":true,"op":4,"layer":19,"R":7,"levelIn":24,"degIn":1,"levelOut":40,"limbs":2,"stage":"L19.cm.matvecBatch.wv.ch1"}
{"bootTrace":true,"boot":520,"lvlPre":41,"lvlPost":19,"bootRestored":true,"levelsRemainingAfterBoot":22,"stage":"L19.cm.ffnAccum.ch1","ms":30.7045}
{"bootTrace":true,"boot":521,"lvlPre":41,"lvlPost":19,"bootRestored":true,"levelsRemainingAfterBoot":22,"stage":"L19.cm.ffnAccum.ch1","ms":42.3539}
{"bootTrace":true,"boot":522,"lvlPre":38,"lvlPost":19,"bootRestored":true,"levelsRemainingAfterBoot":22,"stage":"L19.cm.hidden.ch2.t0","ms":203.931}
{"bootTrace":true,"boot":523,"lvlPre":38,"lvlPost":19,"bootRestored":true,"levelsRemainingAfterBoot":22,"stage":"L19.cm.hidden.ch2.t0","ms":207.501}
{"x8Drop":true,"op":4,"layer":19,"R":7,"levelIn":24,"degIn":1,"levelOut":40,"limbs":2,"stage":"L19.cm.matvecBatch.wv.ch2"}
{"bootTrace":true,"boot":524,"lvlPre":41,"lvlPost":19,"bootRestored":true,"levelsRemainingAfterBoot":22,"stage":"L19.cm.ffnAccum.ch2","ms":32.7554}
{"bootTrace":true,"boot":525,"lvlPre":38,"lvlPost":19,"bootRestored":true,"levelsRemainingAfterBoot":22,"stage":"L19.cm.hidden.ch3.t0","ms":46.7571}
{"bootTrace":true,"boot":526,"lvlPre":38,"lvlPost":19,"bootRestored":true,"levelsRemainingAfterBoot":22,"stage":"L19.cm.hidden.ch3.t0","ms":196.116}
{"x8Drop":true,"op":4,"layer":19,"R":7,"levelIn":24,"degIn":1,"levelOut":40,"limbs":2,"stage":"L19.cm.matvecBatch.wv.ch3"}
{"bootTrace":true,"boot":527,"lvlPre":41,"lvlPost":19,"bootRestored":true,"levelsRemainingAfterBoot":22,"stage":"L19.cm.ffnAccum.ch3","ms":22.6475}
{"bootTrace":true,"boot":528,"lvlPre":39,"lvlPost":19,"bootRestored":true,"levelsRemainingAfterBoot":22,"stage":"L20.tm.rmsnorm.t0","ms":21.525}
{"bootTrace":true,"boot":529,"lvlPre":38,"lvlPost":19,"bootRestored":true,"levelsRemainingAfterBoot":22,"stage":"L20.tm.rmsnorm.t0","ms":50.1879}
{"bootTrace":true,"boot":530,"lvlPre":36,"lvlPost":19,"bootRestored":true,"levelsRemainingAfterBoot":22,"stage":"L20.tm.rmsnorm.t0","ms":20.7498}
{"bootTrace":true,"boot":531,"lvlPre":36,"lvlPost":19,"bootRestored":true,"levelsRemainingAfterBoot":22,"stage":"L20.tm.rmsnorm.t0","ms":24.6944}
{"bootTrace":true,"boot":532,"lvlPre":36,"lvlPost":19,"bootRestored":true,"levelsRemainingAfterBoot":22,"stage":"L20.tm.rmsnorm.t0","ms":26.2312}
{"bootTrace":true,"boot":533,"lvlPre":38,"lvlPost":19,"bootRestored":true,"levelsRemainingAfterBoot":22,"stage":"L20.tm.shiftMix","ms":21.2333}
{"x8Drop":true,"op":0,"layer":20,"R":4,"levelIn":21,"degIn":1,"levelOut":40,"limbs":2,"stage":"L20.tm.matvecBatch.win"}
{"bootTrace":true,"boot":534,"lvlPre":41,"lvlPost":19,"bootRestored":true,"levelsRemainingAfterBoot":22,"stage":"L20.tm.scan.t0","ms":26.7781}
{"x8Drop":true,"op":1,"layer":20,"R":7,"levelIn":25,"degIn":1,"levelOut":34,"limbs":8,"stage":"L20.tm.matvecBatch.wout"}
{"vramTrace":"poolBuild.lvl34","dev":0,"usedGB":57.7411,"freeGB":37.2291,"totalGB":94.9702,"poolOk":true,"poolReservedGB":56.0312,"poolReservedHighGB":56.0312,"poolUsedGB":56.0166,"poolUsedHighGB":56.0166,"poolSlackGB":0.0146484,"poolTransientGB":5.44637e-06}
{"vramTrace":"poolBuild.lvl34","dev":1,"usedGB":57.7231,"freeGB":37.2471,"totalGB":94.9702,"poolOk":true,"poolReservedGB":56.0312,"poolReservedHighGB":56.0312,"poolUsedGB":56.0166,"poolUsedHighGB":56.0166,"poolSlackGB":0.0146484,"poolTransientGB":5.44637e-06}
{"bootTrace":true,"boot":535,"lvlPre":39,"lvlPost":19,"bootRestored":true,"levelsRemainingAfterBoot":22,"stage":"L20.cm.rmsnorm.t0","ms":27.6777}
{"bootTrace":true,"boot":536,"lvlPre":38,"lvlPost":19,"bootRestored":true,"levelsRemainingAfterBoot":22,"stage":"L20.cm.rmsnorm.t0","ms":43.1943}
{"bootTrace":true,"boot":537,"lvlPre":36,"lvlPost":19,"bootRestored":true,"levelsRemainingAfterBoot":22,"stage":"L20.cm.rmsnorm.t0","ms":38.9833}
{"bootTrace":true,"boot":538,"lvlPre":36,"lvlPost":19,"bootRestored":true,"levelsRemainingAfterBoot":22,"stage":"L20.cm.rmsnorm.t0","ms":21.144}
{"bootTrace":true,"boot":539,"lvlPre":36,"lvlPost":19,"bootRestored":true,"levelsRemainingAfterBoot":22,"stage":"L20.cm.rmsnorm.t0","ms":21.0094}
{"vramTrace":"poolBuild.lvl37","dev":0,"usedGB":57.745,"freeGB":37.2252,"totalGB":94.9702,"poolOk":true,"poolReservedGB":56.0312,"poolReservedHighGB":56.0312,"poolUsedGB":56.0166,"poolUsedHighGB":56.0166,"poolSlackGB":0.0146484,"poolTransientGB":5.44637e-06}
{"vramTrace":"poolBuild.lvl37","dev":1,"usedGB":57.727,"freeGB":37.2432,"totalGB":94.9702,"poolOk":true,"poolReservedGB":56.0312,"poolReservedHighGB":56.0312,"poolUsedGB":56.0166,"poolUsedHighGB":56.0166,"poolSlackGB":0.0146484,"poolTransientGB":5.44637e-06}
{"bootTrace":true,"boot":540,"lvlPre":38,"lvlPost":19,"bootRestored":true,"levelsRemainingAfterBoot":22,"stage":"L20.cm.hidden.ch0.t0","ms":27.6282}
{"bootTrace":true,"boot":541,"lvlPre":38,"lvlPost":19,"bootRestored":true,"levelsRemainingAfterBoot":22,"stage":"L20.cm.hidden.ch0.t0","ms":56.7271}
{"x8Drop":true,"op":4,"layer":20,"R":7,"levelIn":24,"degIn":1,"levelOut":40,"limbs":2,"stage":"L20.cm.matvecBatch.wv.ch0"}
{"vramTrace":"poolBuild.lvl40","dev":0,"usedGB":57.7391,"freeGB":37.2311,"totalGB":94.9702,"poolOk":true,"poolReservedGB":56.0312,"poolReservedHighGB":56.0312,"poolUsedGB":56.0166,"poolUsedHighGB":56.0166,"poolSlackGB":0.0146484,"poolTransientGB":5.44637e-06}
{"vramTrace":"poolBuild.lvl40","dev":1,"usedGB":57.7211,"freeGB":37.2491,"totalGB":94.9702,"poolOk":true,"poolReservedGB":56.0312,"poolReservedHighGB":56.0312,"poolUsedGB":56.0166,"poolUsedHighGB":56.0166,"poolSlackGB":0.0146484,"poolTransientGB":5.44637e-06}
{"bootTrace":true,"boot":542,"lvlPre":38,"lvlPost":19,"bootRestored":true,"levelsRemainingAfterBoot":22,"stage":"L20.cm.hidden.ch1.t0","ms":27.9561}
{"bootTrace":true,"boot":543,"lvlPre":38,"lvlPost":19,"bootRestored":true,"levelsRemainingAfterBoot":22,"stage":"L20.cm.hidden.ch1.t0","ms":46.274}
{"x8Drop":true,"op":4,"layer":20,"R":7,"levelIn":24,"degIn":1,"levelOut":40,"limbs":2,"stage":"L20.cm.matvecBatch.wv.ch1"}
{"bootTrace":true,"boot":544,"lvlPre":41,"lvlPost":19,"bootRestored":true,"levelsRemainingAfterBoot":22,"stage":"L20.cm.ffnAccum.ch1","ms":29.2129}
{"bootTrace":true,"boot":545,"lvlPre":41,"lvlPost":19,"bootRestored":true,"levelsRemainingAfterBoot":22,"stage":"L20.cm.ffnAccum.ch1","ms":50.5443}
{"bootTrace":true,"boot":546,"lvlPre":38,"lvlPost":19,"bootRestored":true,"levelsRemainingAfterBoot":22,"stage":"L20.cm.hidden.ch2.t0","ms":202.264}
{"bootTrace":true,"boot":547,"lvlPre":38,"lvlPost":19,"bootRestored":true,"levelsRemainingAfterBoot":22,"stage":"L20.cm.hidden.ch2.t0","ms":215.518}
{"x8Drop":true,"op":4,"layer":20,"R":7,"levelIn":24,"degIn":1,"levelOut":40,"limbs":2,"stage":"L20.cm.matvecBatch.wv.ch2"}
{"bootTrace":true,"boot":548,"lvlPre":41,"lvlPost":19,"bootRestored":true,"levelsRemainingAfterBoot":22,"stage":"L20.cm.ffnAccum.ch2","ms":27.8042}
{"bootTrace":true,"boot":549,"lvlPre":38,"lvlPost":19,"bootRestored":true,"levelsRemainingAfterBoot":22,"stage":"L20.cm.hidden.ch3.t0","ms":58.0008}
{"bootTrace":true,"boot":550,"lvlPre":38,"lvlPost":19,"bootRestored":true,"levelsRemainingAfterBoot":22,"stage":"L20.cm.hidden.ch3.t0","ms":194.419}
{"x8Drop":true,"op":4,"layer":20,"R":7,"levelIn":24,"degIn":1,"levelOut":40,"limbs":2,"stage":"L20.cm.matvecBatch.wv.ch3"}
{"bootTrace":true,"boot":551,"lvlPre":41,"lvlPost":19,"bootRestored":true,"levelsRemainingAfterBoot":22,"stage":"L20.cm.ffnAccum.ch3","ms":27.8632}
{"bootTrace":true,"boot":552,"lvlPre":39,"lvlPost":19,"bootRestored":true,"levelsRemainingAfterBoot":22,"stage":"L21.tm.rmsnorm.t0","ms":30.2054}
{"bootTrace":true,"boot":553,"lvlPre":38,"lvlPost":19,"bootRestored":true,"levelsRemainingAfterBoot":22,"stage":"L21.tm.rmsnorm.t0","ms":53.5183}
{"bootTrace":true,"boot":554,"lvlPre":36,"lvlPost":19,"bootRestored":true,"levelsRemainingAfterBoot":22,"stage":"L21.tm.rmsnorm.t0","ms":36.2284}
{"bootTrace":true,"boot":555,"lvlPre":36,"lvlPost":19,"bootRestored":true,"levelsRemainingAfterBoot":22,"stage":"L21.tm.rmsnorm.t0","ms":33.6993}
{"bootTrace":true,"boot":556,"lvlPre":36,"lvlPost":19,"bootRestored":true,"levelsRemainingAfterBoot":22,"stage":"L21.tm.rmsnorm.t0","ms":21.1483}
{"bootTrace":true,"boot":557,"lvlPre":38,"lvlPost":19,"bootRestored":true,"levelsRemainingAfterBoot":22,"stage":"L21.tm.shiftMix","ms":22.0011}
{"x8Drop":true,"op":0,"layer":21,"R":4,"levelIn":21,"degIn":1,"levelOut":40,"limbs":2,"stage":"L21.tm.matvecBatch.win"}
{"bootTrace":true,"boot":558,"lvlPre":41,"lvlPost":19,"bootRestored":true,"levelsRemainingAfterBoot":22,"stage":"L21.tm.scan.t0","ms":28.0198}
{"x8Drop":true,"op":1,"layer":21,"R":7,"levelIn":25,"degIn":1,"levelOut":34,"limbs":8,"stage":"L21.tm.matvecBatch.wout"}
{"vramTrace":"poolBuild.lvl34","dev":0,"usedGB":57.7411,"freeGB":37.2291,"totalGB":94.9702,"poolOk":true,"poolReservedGB":56.0312,"poolReservedHighGB":56.0312,"poolUsedGB":56.0166,"poolUsedHighGB":56.0166,"poolSlackGB":0.0146484,"poolTransientGB":5.44637e-06}
{"vramTrace":"poolBuild.lvl34","dev":1,"usedGB":57.7231,"freeGB":37.2471,"totalGB":94.9702,"poolOk":true,"poolReservedGB":56.0312,"poolReservedHighGB":56.0312,"poolUsedGB":56.0166,"poolUsedHighGB":56.0166,"poolSlackGB":0.0146484,"poolTransientGB":5.44637e-06}
{"bootTrace":true,"boot":559,"lvlPre":39,"lvlPost":19,"bootRestored":true,"levelsRemainingAfterBoot":22,"stage":"L21.cm.rmsnorm.t0","ms":27.4654}
{"bootTrace":true,"boot":560,"lvlPre":38,"lvlPost":19,"bootRestored":true,"levelsRemainingAfterBoot":22,"stage":"L21.cm.rmsnorm.t0","ms":43.1244}
{"bootTrace":true,"boot":561,"lvlPre":36,"lvlPost":19,"bootRestored":true,"levelsRemainingAfterBoot":22,"stage":"L21.cm.rmsnorm.t0","ms":29.0279}
{"bootTrace":true,"boot":562,"lvlPre":36,"lvlPost":19,"bootRestored":true,"levelsRemainingAfterBoot":22,"stage":"L21.cm.rmsnorm.t0","ms":30.1436}
{"bootTrace":true,"boot":563,"lvlPre":36,"lvlPost":19,"bootRestored":true,"levelsRemainingAfterBoot":22,"stage":"L21.cm.rmsnorm.t0","ms":27.7342}
{"vramTrace":"poolBuild.lvl37","dev":0,"usedGB":57.745,"freeGB":37.2252,"totalGB":94.9702,"poolOk":true,"poolReservedGB":56.0312,"poolReservedHighGB":56.0312,"poolUsedGB":56.0166,"poolUsedHighGB":56.0166,"poolSlackGB":0.0146484,"poolTransientGB":5.44637e-06}
{"vramTrace":"poolBuild.lvl37","dev":1,"usedGB":57.727,"freeGB":37.2432,"totalGB":94.9702,"poolOk":true,"poolReservedGB":56.0312,"poolReservedHighGB":56.0312,"poolUsedGB":56.0166,"poolUsedHighGB":56.0166,"poolSlackGB":0.0146484,"poolTransientGB":5.44637e-06}
{"bootTrace":true,"boot":564,"lvlPre":38,"lvlPost":19,"bootRestored":true,"levelsRemainingAfterBoot":22,"stage":"L21.cm.hidden.ch0.t0","ms":26.9752}
{"bootTrace":true,"boot":565,"lvlPre":38,"lvlPost":19,"bootRestored":true,"levelsRemainingAfterBoot":22,"stage":"L21.cm.hidden.ch0.t0","ms":59.4501}
{"x8Drop":true,"op":4,"layer":21,"R":7,"levelIn":24,"degIn":1,"levelOut":40,"limbs":2,"stage":"L21.cm.matvecBatch.wv.ch0"}
{"vramTrace":"poolBuild.lvl40","dev":0,"usedGB":57.7391,"freeGB":37.2311,"totalGB":94.9702,"poolOk":true,"poolReservedGB":56.0312,"poolReservedHighGB":56.0312,"poolUsedGB":56.0166,"poolUsedHighGB":56.0166,"poolSlackGB":0.0146484,"poolTransientGB":5.44637e-06}
{"vramTrace":"poolBuild.lvl40","dev":1,"usedGB":57.7211,"freeGB":37.2491,"totalGB":94.9702,"poolOk":true,"poolReservedGB":56.0312,"poolReservedHighGB":56.0312,"poolUsedGB":56.0166,"poolUsedHighGB":56.0166,"poolSlackGB":0.0146484,"poolTransientGB":5.44637e-06}
{"bootTrace":true,"boot":566,"lvlPre":38,"lvlPost":19,"bootRestored":true,"levelsRemainingAfterBoot":22,"stage":"L21.cm.hidden.ch1.t0","ms":27.5588}
{"bootTrace":true,"boot":567,"lvlPre":38,"lvlPost":19,"bootRestored":true,"levelsRemainingAfterBoot":22,"stage":"L21.cm.hidden.ch1.t0","ms":62.2977}
{"x8Drop":true,"op":4,"layer":21,"R":7,"levelIn":24,"degIn":1,"levelOut":40,"limbs":2,"stage":"L21.cm.matvecBatch.wv.ch1"}
{"bootTrace":true,"boot":568,"lvlPre":41,"lvlPost":19,"bootRestored":true,"levelsRemainingAfterBoot":22,"stage":"L21.cm.ffnAccum.ch1","ms":28.1619}
{"bootTrace":true,"boot":569,"lvlPre":41,"lvlPost":19,"bootRestored":true,"levelsRemainingAfterBoot":22,"stage":"L21.cm.ffnAccum.ch1","ms":54.5006}
{"bootTrace":true,"boot":570,"lvlPre":38,"lvlPost":19,"bootRestored":true,"levelsRemainingAfterBoot":22,"stage":"L21.cm.hidden.ch2.t0","ms":193.267}
{"bootTrace":true,"boot":571,"lvlPre":38,"lvlPost":19,"bootRestored":true,"levelsRemainingAfterBoot":22,"stage":"L21.cm.hidden.ch2.t0","ms":202.185}
{"x8Drop":true,"op":4,"layer":21,"R":7,"levelIn":24,"degIn":1,"levelOut":40,"limbs":2,"stage":"L21.cm.matvecBatch.wv.ch2"}
{"bootTrace":true,"boot":572,"lvlPre":41,"lvlPost":19,"bootRestored":true,"levelsRemainingAfterBoot":22,"stage":"L21.cm.ffnAccum.ch2","ms":28.0049}
{"bootTrace":true,"boot":573,"lvlPre":38,"lvlPost":19,"bootRestored":true,"levelsRemainingAfterBoot":22,"stage":"L21.cm.hidden.ch3.t0","ms":45.9826}
{"bootTrace":true,"boot":574,"lvlPre":38,"lvlPost":19,"bootRestored":true,"levelsRemainingAfterBoot":22,"stage":"L21.cm.hidden.ch3.t0","ms":213.414}
{"x8Drop":true,"op":4,"layer":21,"R":7,"levelIn":24,"degIn":1,"levelOut":40,"limbs":2,"stage":"L21.cm.matvecBatch.wv.ch3"}
{"bootTrace":true,"boot":575,"lvlPre":41,"lvlPost":19,"bootRestored":true,"levelsRemainingAfterBoot":22,"stage":"L21.cm.ffnAccum.ch3","ms":28.6819}
{"bootTrace":true,"boot":576,"lvlPre":39,"lvlPost":19,"bootRestored":true,"levelsRemainingAfterBoot":22,"stage":"L22.tm.rmsnorm.t0","ms":33.0501}
{"bootTrace":true,"boot":577,"lvlPre":38,"lvlPost":19,"bootRestored":true,"levelsRemainingAfterBoot":22,"stage":"L22.tm.rmsnorm.t0","ms":50.6318}
{"bootTrace":true,"boot":578,"lvlPre":36,"lvlPost":19,"bootRestored":true,"levelsRemainingAfterBoot":22,"stage":"L22.tm.rmsnorm.t0","ms":28.1194}
{"bootTrace":true,"boot":579,"lvlPre":36,"lvlPost":19,"bootRestored":true,"levelsRemainingAfterBoot":22,"stage":"L22.tm.rmsnorm.t0","ms":33.0976}
{"bootTrace":true,"boot":580,"lvlPre":36,"lvlPost":19,"bootRestored":true,"levelsRemainingAfterBoot":22,"stage":"L22.tm.rmsnorm.t0","ms":27.2605}
{"bootTrace":true,"boot":581,"lvlPre":38,"lvlPost":19,"bootRestored":true,"levelsRemainingAfterBoot":22,"stage":"L22.tm.shiftMix","ms":30.8261}
{"x8Drop":true,"op":0,"layer":22,"R":4,"levelIn":21,"degIn":1,"levelOut":40,"limbs":2,"stage":"L22.tm.matvecBatch.win"}
{"bootTrace":true,"boot":582,"lvlPre":41,"lvlPost":19,"bootRestored":true,"levelsRemainingAfterBoot":22,"stage":"L22.tm.scan.t0","ms":30.3328}
{"x8Drop":true,"op":1,"layer":22,"R":7,"levelIn":25,"degIn":1,"levelOut":34,"limbs":8,"stage":"L22.tm.matvecBatch.wout"}
{"vramTrace":"poolBuild.lvl34","dev":0,"usedGB":57.7411,"freeGB":37.2291,"totalGB":94.9702,"poolOk":true,"poolReservedGB":56.0312,"poolReservedHighGB":56.0312,"poolUsedGB":56.0166,"poolUsedHighGB":56.0166,"poolSlackGB":0.0146484,"poolTransientGB":5.44637e-06}
{"vramTrace":"poolBuild.lvl34","dev":1,"usedGB":57.7231,"freeGB":37.2471,"totalGB":94.9702,"poolOk":true,"poolReservedGB":56.0312,"poolReservedHighGB":56.0312,"poolUsedGB":56.0166,"poolUsedHighGB":56.0166,"poolSlackGB":0.0146484,"poolTransientGB":5.44637e-06}
{"bootTrace":true,"boot":583,"lvlPre":39,"lvlPost":19,"bootRestored":true,"levelsRemainingAfterBoot":22,"stage":"L22.cm.rmsnorm.t0","ms":28.2195}
{"bootTrace":true,"boot":584,"lvlPre":38,"lvlPost":19,"bootRestored":true,"levelsRemainingAfterBoot":22,"stage":"L22.cm.rmsnorm.t0","ms":47.0591}
{"bootTrace":true,"boot":585,"lvlPre":36,"lvlPost":19,"bootRestored":true,"levelsRemainingAfterBoot":22,"stage":"L22.cm.rmsnorm.t0","ms":30.5805}
{"bootTrace":true,"boot":586,"lvlPre":36,"lvlPost":19,"bootRestored":true,"levelsRemainingAfterBoot":22,"stage":"L22.cm.rmsnorm.t0","ms":21.5328}
{"bootTrace":true,"boot":587,"lvlPre":36,"lvlPost":19,"bootRestored":true,"levelsRemainingAfterBoot":22,"stage":"L22.cm.rmsnorm.t0","ms":27.3881}
{"vramTrace":"poolBuild.lvl37","dev":0,"usedGB":57.745,"freeGB":37.2252,"totalGB":94.9702,"poolOk":true,"poolReservedGB":56.0312,"poolReservedHighGB":56.0312,"poolUsedGB":56.0166,"poolUsedHighGB":56.0166,"poolSlackGB":0.0146484,"poolTransientGB":5.44637e-06}
{"vramTrace":"poolBuild.lvl37","dev":1,"usedGB":57.727,"freeGB":37.2432,"totalGB":94.9702,"poolOk":true,"poolReservedGB":56.0312,"poolReservedHighGB":56.0312,"poolUsedGB":56.0166,"poolUsedHighGB":56.0166,"poolSlackGB":0.0146484,"poolTransientGB":5.44637e-06}
{"bootTrace":true,"boot":588,"lvlPre":38,"lvlPost":19,"bootRestored":true,"levelsRemainingAfterBoot":22,"stage":"L22.cm.hidden.ch0.t0","ms":28.2334}
{"bootTrace":true,"boot":589,"lvlPre":38,"lvlPost":19,"bootRestored":true,"levelsRemainingAfterBoot":22,"stage":"L22.cm.hidden.ch0.t0","ms":74.5842}
{"x8Drop":true,"op":4,"layer":22,"R":7,"levelIn":24,"degIn":1,"levelOut":40,"limbs":2,"stage":"L22.cm.matvecBatch.wv.ch0"}
{"vramTrace":"poolBuild.lvl40","dev":0,"usedGB":57.7391,"freeGB":37.2311,"totalGB":94.9702,"poolOk":true,"poolReservedGB":56.0312,"poolReservedHighGB":56.0312,"poolUsedGB":56.0166,"poolUsedHighGB":56.0166,"poolSlackGB":0.0146484,"poolTransientGB":5.44637e-06}
{"vramTrace":"poolBuild.lvl40","dev":1,"usedGB":57.7211,"freeGB":37.2491,"totalGB":94.9702,"poolOk":true,"poolReservedGB":56.0312,"poolReservedHighGB":56.0312,"poolUsedGB":56.0166,"poolUsedHighGB":56.0166,"poolSlackGB":0.0146484,"poolTransientGB":5.44637e-06}
{"bootTrace":true,"boot":590,"lvlPre":38,"lvlPost":19,"bootRestored":true,"levelsRemainingAfterBoot":22,"stage":"L22.cm.hidden.ch1.t0","ms":28.183}
{"bootTrace":true,"boot":591,"lvlPre":38,"lvlPost":19,"bootRestored":true,"levelsRemainingAfterBoot":22,"stage":"L22.cm.hidden.ch1.t0","ms":45.9654}
{"x8Drop":true,"op":4,"layer":22,"R":7,"levelIn":24,"degIn":1,"levelOut":40,"limbs":2,"stage":"L22.cm.matvecBatch.wv.ch1"}
{"bootTrace":true,"boot":592,"lvlPre":41,"lvlPost":19,"bootRestored":true,"levelsRemainingAfterBoot":22,"stage":"L22.cm.ffnAccum.ch1","ms":26.7049}
{"bootTrace":true,"boot":593,"lvlPre":41,"lvlPost":19,"bootRestored":true,"levelsRemainingAfterBoot":22,"stage":"L22.cm.ffnAccum.ch1","ms":54.2051}
{"bootTrace":true,"boot":594,"lvlPre":38,"lvlPost":19,"bootRestored":true,"levelsRemainingAfterBoot":22,"stage":"L22.cm.hidden.ch2.t0","ms":203.514}
{"bootTrace":true,"boot":595,"lvlPre":38,"lvlPost":19,"bootRestored":true,"levelsRemainingAfterBoot":22,"stage":"L22.cm.hidden.ch2.t0","ms":204.298}
{"x8Drop":true,"op":4,"layer":22,"R":7,"levelIn":24,"degIn":1,"levelOut":40,"limbs":2,"stage":"L22.cm.matvecBatch.wv.ch2"}
{"bootTrace":true,"boot":596,"lvlPre":41,"lvlPost":19,"bootRestored":true,"levelsRemainingAfterBoot":22,"stage":"L22.cm.ffnAccum.ch2","ms":31.255}
{"bootTrace":true,"boot":597,"lvlPre":38,"lvlPost":19,"bootRestored":true,"levelsRemainingAfterBoot":22,"stage":"L22.cm.hidden.ch3.t0","ms":58.6122}
{"bootTrace":true,"boot":598,"lvlPre":38,"lvlPost":19,"bootRestored":true,"levelsRemainingAfterBoot":22,"stage":"L22.cm.hidden.ch3.t0","ms":194.992}
{"x8Drop":true,"op":4,"layer":22,"R":7,"levelIn":24,"degIn":1,"levelOut":40,"limbs":2,"stage":"L22.cm.matvecBatch.wv.ch3"}
{"bootTrace":true,"boot":599,"lvlPre":41,"lvlPost":19,"bootRestored":true,"levelsRemainingAfterBoot":22,"stage":"L22.cm.ffnAccum.ch3","ms":30.9887}
{"bootTrace":true,"boot":600,"lvlPre":39,"lvlPost":19,"bootRestored":true,"levelsRemainingAfterBoot":22,"stage":"L23.tm.rmsnorm.t0","ms":26.8256}
{"bootTrace":true,"boot":601,"lvlPre":38,"lvlPost":19,"bootRestored":true,"levelsRemainingAfterBoot":22,"stage":"L23.tm.rmsnorm.t0","ms":43.9592}
{"bootTrace":true,"boot":602,"lvlPre":36,"lvlPost":19,"bootRestored":true,"levelsRemainingAfterBoot":22,"stage":"L23.tm.rmsnorm.t0","ms":28.236}
{"bootTrace":true,"boot":603,"lvlPre":36,"lvlPost":19,"bootRestored":true,"levelsRemainingAfterBoot":22,"stage":"L23.tm.rmsnorm.t0","ms":27.2341}
{"bootTrace":true,"boot":604,"lvlPre":36,"lvlPost":19,"bootRestored":true,"levelsRemainingAfterBoot":22,"stage":"L23.tm.rmsnorm.t0","ms":31.7904}
{"bootTrace":true,"boot":605,"lvlPre":38,"lvlPost":19,"bootRestored":true,"levelsRemainingAfterBoot":22,"stage":"L23.tm.shiftMix","ms":27.6739}
{"x8Drop":true,"op":0,"layer":23,"R":4,"levelIn":21,"degIn":1,"levelOut":40,"limbs":2,"stage":"L23.tm.matvecBatch.win"}
{"bootTrace":true,"boot":606,"lvlPre":41,"lvlPost":19,"bootRestored":true,"levelsRemainingAfterBoot":22,"stage":"L23.tm.scan.t0","ms":28.759}
{"x8Drop":true,"op":1,"layer":23,"R":7,"levelIn":25,"degIn":1,"levelOut":34,"limbs":8,"stage":"L23.tm.matvecBatch.wout"}
{"vramTrace":"poolBuild.lvl34","dev":0,"usedGB":57.7411,"freeGB":37.2291,"totalGB":94.9702,"poolOk":true,"poolReservedGB":56.0312,"poolReservedHighGB":56.0312,"poolUsedGB":56.0166,"poolUsedHighGB":56.0166,"poolSlackGB":0.0146484,"poolTransientGB":5.44637e-06}
{"vramTrace":"poolBuild.lvl34","dev":1,"usedGB":57.7231,"freeGB":37.2471,"totalGB":94.9702,"poolOk":true,"poolReservedGB":56.0312,"poolReservedHighGB":56.0312,"poolUsedGB":56.0166,"poolUsedHighGB":56.0166,"poolSlackGB":0.0146484,"poolTransientGB":5.44637e-06}
{"bootTrace":true,"boot":607,"lvlPre":39,"lvlPost":19,"bootRestored":true,"levelsRemainingAfterBoot":22,"stage":"L23.cm.rmsnorm.t0","ms":29.1608}
{"bootTrace":true,"boot":608,"lvlPre":38,"lvlPost":19,"bootRestored":true,"levelsRemainingAfterBoot":22,"stage":"L23.cm.rmsnorm.t0","ms":38.7544}
{"bootTrace":true,"boot":609,"lvlPre":36,"lvlPost":19,"bootRestored":true,"levelsRemainingAfterBoot":22,"stage":"L23.cm.rmsnorm.t0","ms":33.2409}
{"bootTrace":true,"boot":610,"lvlPre":36,"lvlPost":19,"bootRestored":true,"levelsRemainingAfterBoot":22,"stage":"L23.cm.rmsnorm.t0","ms":37.3484}
{"bootTrace":true,"boot":611,"lvlPre":36,"lvlPost":19,"bootRestored":true,"levelsRemainingAfterBoot":22,"stage":"L23.cm.rmsnorm.t0","ms":26.9678}
{"vramTrace":"poolBuild.lvl37","dev":0,"usedGB":57.745,"freeGB":37.2252,"totalGB":94.9702,"poolOk":true,"poolReservedGB":56.0312,"poolReservedHighGB":56.0312,"poolUsedGB":56.0166,"poolUsedHighGB":56.0166,"poolSlackGB":0.0146484,"poolTransientGB":5.44637e-06}
{"vramTrace":"poolBuild.lvl37","dev":1,"usedGB":57.727,"freeGB":37.2432,"totalGB":94.9702,"poolOk":true,"poolReservedGB":56.0312,"poolReservedHighGB":56.0312,"poolUsedGB":56.0166,"poolUsedHighGB":56.0166,"poolSlackGB":0.0146484,"poolTransientGB":5.44637e-06}
{"bootTrace":true,"boot":612,"lvlPre":38,"lvlPost":19,"bootRestored":true,"levelsRemainingAfterBoot":22,"stage":"L23.cm.hidden.ch0.t0","ms":31.605}
{"bootTrace":true,"boot":613,"lvlPre":38,"lvlPost":19,"bootRestored":true,"levelsRemainingAfterBoot":22,"stage":"L23.cm.hidden.ch0.t0","ms":71.5438}
{"x8Drop":true,"op":4,"layer":23,"R":7,"levelIn":24,"degIn":1,"levelOut":40,"limbs":2,"stage":"L23.cm.matvecBatch.wv.ch0"}
{"vramTrace":"poolBuild.lvl40","dev":0,"usedGB":57.7391,"freeGB":37.2311,"totalGB":94.9702,"poolOk":true,"poolReservedGB":56.0312,"poolReservedHighGB":56.0312,"poolUsedGB":56.0166,"poolUsedHighGB":56.0166,"poolSlackGB":0.0146484,"poolTransientGB":5.44637e-06}
{"vramTrace":"poolBuild.lvl40","dev":1,"usedGB":57.7211,"freeGB":37.2491,"totalGB":94.9702,"poolOk":true,"poolReservedGB":56.0312,"poolReservedHighGB":56.0312,"poolUsedGB":56.0166,"poolUsedHighGB":56.0166,"poolSlackGB":0.0146484,"poolTransientGB":5.44637e-06}
{"bootTrace":true,"boot":614,"lvlPre":38,"lvlPost":19,"bootRestored":true,"levelsRemainingAfterBoot":22,"stage":"L23.cm.hidden.ch1.t0","ms":26.7083}
{"bootTrace":true,"boot":615,"lvlPre":38,"lvlPost":19,"bootRestored":true,"levelsRemainingAfterBoot":22,"stage":"L23.cm.hidden.ch1.t0","ms":48.7385}
{"x8Drop":true,"op":4,"layer":23,"R":7,"levelIn":24,"degIn":1,"levelOut":40,"limbs":2,"stage":"L23.cm.matvecBatch.wv.ch1"}
{"bootTrace":true,"boot":616,"lvlPre":41,"lvlPost":19,"bootRestored":true,"levelsRemainingAfterBoot":22,"stage":"L23.cm.ffnAccum.ch1","ms":28.1044}
{"bootTrace":true,"boot":617,"lvlPre":41,"lvlPost":19,"bootRestored":true,"levelsRemainingAfterBoot":22,"stage":"L23.cm.ffnAccum.ch1","ms":61.0024}
{"bootTrace":true,"boot":618,"lvlPre":38,"lvlPost":19,"bootRestored":true,"levelsRemainingAfterBoot":22,"stage":"L23.cm.hidden.ch2.t0","ms":209.033}
{"bootTrace":true,"boot":619,"lvlPre":38,"lvlPost":19,"bootRestored":true,"levelsRemainingAfterBoot":22,"stage":"L23.cm.hidden.ch2.t0","ms":192.804}
{"x8Drop":true,"op":4,"layer":23,"R":7,"levelIn":24,"degIn":1,"levelOut":40,"limbs":2,"stage":"L23.cm.matvecBatch.wv.ch2"}
{"bootTrace":true,"boot":620,"lvlPre":41,"lvlPost":19,"bootRestored":true,"levelsRemainingAfterBoot":22,"stage":"L23.cm.ffnAccum.ch2","ms":27.2378}
{"bootTrace":true,"boot":621,"lvlPre":38,"lvlPost":19,"bootRestored":true,"levelsRemainingAfterBoot":22,"stage":"L23.cm.hidden.ch3.t0","ms":47.7984}
{"bootTrace":true,"boot":622,"lvlPre":38,"lvlPost":19,"bootRestored":true,"levelsRemainingAfterBoot":22,"stage":"L23.cm.hidden.ch3.t0","ms":204.808}
{"x8Drop":true,"op":4,"layer":23,"R":7,"levelIn":24,"degIn":1,"levelOut":40,"limbs":2,"stage":"L23.cm.matvecBatch.wv.ch3"}
{"bootTrace":true,"boot":623,"lvlPre":41,"lvlPost":19,"bootRestored":true,"levelsRemainingAfterBoot":22,"stage":"L23.cm.ffnAccum.ch3","ms":27.1859}
{"bootTrace":true,"boot":624,"lvlPre":21,"lvlPost":19,"bootRestored":true,"levelsRemainingAfterBoot":22,"stage":"L23.cm.residual","ms":61.8167}
{"bootTrace":true,"boot":625,"lvlPre":23,"lvlPost":19,"bootRestored":true,"levelsRemainingAfterBoot":22,"stage":"L23.cm.residual","ms":191.189}
{"bootTrace":true,"boot":626,"lvlPre":21,"lvlPost":19,"bootRestored":true,"levelsRemainingAfterBoot":22,"stage":"L23.cm.residual","ms":207.378}
{"bootTrace":true,"boot":627,"lvlPre":37,"lvlPost":19,"bootRestored":true,"levelsRemainingAfterBoot":22,"stage":"L23.cm.residual","ms":198.659}
{"bootTrace":true,"boot":628,"lvlPre":21,"lvlPost":19,"bootRestored":true,"levelsRemainingAfterBoot":22,"stage":"L23.cm.residual","ms":210.877}
{"bootTrace":true,"boot":629,"lvlPre":37,"lvlPost":19,"bootRestored":true,"levelsRemainingAfterBoot":22,"stage":"L23.cm.residual","ms":225.717}
{"bootTrace":true,"boot":630,"lvlPre":21,"lvlPost":19,"bootRestored":true,"levelsRemainingAfterBoot":22,"stage":"L23.cm.residual","ms":179.023}
{"bootTrace":true,"boot":631,"lvlPre":37,"lvlPost":19,"bootRestored":true,"levelsRemainingAfterBoot":22,"stage":"L23.cm.residual","ms":202.359}
{"bootTrace":true,"boot":632,"lvlPre":21,"lvlPost":19,"bootRestored":true,"levelsRemainingAfterBoot":22,"stage":"L23.cm.residual","ms":211.83}
{"bootTrace":true,"boot":633,"lvlPre":37,"lvlPost":19,"bootRestored":true,"levelsRemainingAfterBoot":22,"stage":"L23.cm.residual","ms":197.983}
{"bootTrace":true,"boot":634,"lvlPre":21,"lvlPost":19,"bootRestored":true,"levelsRemainingAfterBoot":22,"stage":"L23.cm.residual","ms":213.865}
{"bootTrace":true,"boot":635,"lvlPre":37,"lvlPost":19,"bootRestored":true,"levelsRemainingAfterBoot":22,"stage":"L23.cm.residual","ms":197.565}
{"bootTrace":true,"boot":636,"lvlPre":21,"lvlPost":19,"bootRestored":true,"levelsRemainingAfterBoot":22,"stage":"L23.cm.residual","ms":205.071}
{"bootTrace":true,"boot":637,"lvlPre":37,"lvlPost":19,"bootRestored":true,"levelsRemainingAfterBoot":22,"stage":"L23.cm.residual","ms":213.06}
{"bootTrace":true,"boot":638,"lvlPre":21,"lvlPost":19,"bootRestored":true,"levelsRemainingAfterBoot":22,"stage":"L23.cm.residual","ms":199.729}
{"bootTrace":true,"boot":639,"lvlPre":37,"lvlPost":19,"bootRestored":true,"levelsRemainingAfterBoot":22,"stage":"L23.cm.residual","ms":197.488}
{"bootTrace":true,"boot":640,"lvlPre":21,"lvlPost":19,"bootRestored":true,"levelsRemainingAfterBoot":22,"stage":"L23.cm.residual","ms":206.345}
{"bootTrace":true,"boot":641,"lvlPre":37,"lvlPost":19,"bootRestored":true,"levelsRemainingAfterBoot":22,"stage":"L23.cm.residual","ms":206.773}
{"bootTrace":true,"boot":642,"lvlPre":21,"lvlPost":19,"bootRestored":true,"levelsRemainingAfterBoot":22,"stage":"L23.cm.residual","ms":204.005}
{"bootTrace":true,"boot":643,"lvlPre":37,"lvlPost":19,"bootRestored":true,"levelsRemainingAfterBoot":22,"stage":"L23.cm.residual","ms":199.919}
{"bootTrace":true,"boot":644,"lvlPre":21,"lvlPost":19,"bootRestored":true,"levelsRemainingAfterBoot":22,"stage":"L23.cm.residual","ms":211.957}
{"bootTrace":true,"boot":645,"lvlPre":37,"lvlPost":19,"bootRestored":true,"levelsRemainingAfterBoot":22,"stage":"L23.cm.residual","ms":226.181}
{"bootTrace":true,"boot":646,"lvlPre":21,"lvlPost":19,"bootRestored":true,"levelsRemainingAfterBoot":22,"stage":"L23.cm.residual","ms":174.138}
{"bootTrace":true,"boot":647,"lvlPre":37,"lvlPost":19,"bootRestored":true,"levelsRemainingAfterBoot":22,"stage":"L23.cm.residual","ms":210.424}
{"bootTrace":true,"boot":648,"lvlPre":21,"lvlPost":19,"bootRestored":true,"levelsRemainingAfterBoot":22,"stage":"L23.cm.residual","ms":206.729}
{"bootTrace":true,"boot":649,"lvlPre":37,"lvlPost":19,"bootRestored":true,"levelsRemainingAfterBoot":22,"stage":"L23.cm.residual","ms":198.325}
{"bootTrace":true,"boot":650,"lvlPre":21,"lvlPost":19,"bootRestored":true,"levelsRemainingAfterBoot":22,"stage":"L23.cm.residual","ms":223.554}
{"bootTrace":true,"boot":651,"lvlPre":37,"lvlPost":19,"bootRestored":true,"levelsRemainingAfterBoot":22,"stage":"L23.cm.residual","ms":189.596}
{"bootTrace":true,"boot":652,"lvlPre":21,"lvlPost":19,"bootRestored":true,"levelsRemainingAfterBoot":22,"stage":"L23.cm.residual","ms":221.234}
{"bootTrace":true,"boot":653,"lvlPre":37,"lvlPost":19,"bootRestored":true,"levelsRemainingAfterBoot":22,"stage":"L23.cm.residual","ms":182.816}
{"bootTrace":true,"boot":654,"lvlPre":21,"lvlPost":19,"bootRestored":true,"levelsRemainingAfterBoot":22,"stage":"L23.cm.residual","ms":204.733}
{"bootTrace":true,"boot":655,"lvlPre":37,"lvlPost":19,"bootRestored":true,"levelsRemainingAfterBoot":22,"stage":"L23.cm.residual","ms":203.828}
{"bootTrace":true,"boot":656,"lvlPre":21,"lvlPost":19,"bootRestored":true,"levelsRemainingAfterBoot":22,"stage":"L23.cm.residual","ms":202.997}
{"bootTrace":true,"boot":657,"lvlPre":37,"lvlPost":19,"bootRestored":true,"levelsRemainingAfterBoot":22,"stage":"L23.cm.residual","ms":210.881}
{"bootTrace":true,"boot":658,"lvlPre":21,"lvlPost":19,"bootRestored":true,"levelsRemainingAfterBoot":22,"stage":"L23.cm.residual","ms":201.084}
{"bootTrace":true,"boot":659,"lvlPre":37,"lvlPost":19,"bootRestored":true,"levelsRemainingAfterBoot":22,"stage":"L23.cm.residual","ms":220.008}
{"bootTrace":true,"boot":660,"lvlPre":21,"lvlPost":19,"bootRestored":true,"levelsRemainingAfterBoot":22,"stage":"L23.cm.residual","ms":187.151}
{"bootTrace":true,"boot":661,"lvlPre":37,"lvlPost":19,"bootRestored":true,"levelsRemainingAfterBoot":22,"stage":"L23.cm.residual","ms":211.37}
{"bootTrace":true,"boot":662,"lvlPre":21,"lvlPost":19,"bootRestored":true,"levelsRemainingAfterBoot":22,"stage":"L23.cm.residual","ms":205.796}
{"bootTrace":true,"boot":663,"lvlPre":37,"lvlPost":19,"bootRestored":true,"levelsRemainingAfterBoot":22,"stage":"L23.cm.residual","ms":191.503}
{"bootTrace":true,"boot":664,"lvlPre":21,"lvlPost":19,"bootRestored":true,"levelsRemainingAfterBoot":22,"stage":"L23.cm.residual","ms":206.545}
{"bootTrace":true,"boot":665,"lvlPre":37,"lvlPost":19,"bootRestored":true,"levelsRemainingAfterBoot":22,"stage":"L23.cm.residual","ms":204.859}
{"bootTrace":true,"boot":666,"lvlPre":21,"lvlPost":19,"bootRestored":true,"levelsRemainingAfterBoot":22,"stage":"L23.cm.residual","ms":194.565}
{"bootTrace":true,"boot":667,"lvlPre":37,"lvlPost":19,"bootRestored":true,"levelsRemainingAfterBoot":22,"stage":"L23.cm.residual","ms":209.212}
{"bootTrace":true,"boot":668,"lvlPre":21,"lvlPost":19,"bootRestored":true,"levelsRemainingAfterBoot":22,"stage":"L23.cm.residual","ms":207.281}
{"bootTrace":true,"boot":669,"lvlPre":37,"lvlPost":19,"bootRestored":true,"levelsRemainingAfterBoot":22,"stage":"L23.cm.residual","ms":216.86}
{"bootTrace":true,"boot":670,"lvlPre":21,"lvlPost":19,"bootRestored":true,"levelsRemainingAfterBoot":22,"stage":"L23.cm.residual","ms":191.99}
{"bootTrace":true,"boot":671,"lvlPre":37,"lvlPost":19,"bootRestored":true,"levelsRemainingAfterBoot":22,"stage":"L23.cm.residual","ms":204.847}
{"canonicalCarry":"tick","boots":48,"scanLevel":19,"uLevel":19,"maxGap":38}
{"bootTrace":true,"boot":672,"lvlPre":39,"lvlPost":19,"bootRestored":true,"levelsRemainingAfterBoot":22,"stage":"output.finalNorm.tok0","ms":33.2076}
{"bootTrace":true,"boot":673,"lvlPre":38,"lvlPost":19,"bootRestored":true,"levelsRemainingAfterBoot":22,"stage":"output.finalNorm.tok0","ms":44.886}
{"bootTrace":true,"boot":674,"lvlPre":36,"lvlPost":19,"bootRestored":true,"levelsRemainingAfterBoot":22,"stage":"output.finalNorm.tok0","ms":27.5337}
{"bootTrace":true,"boot":675,"lvlPre":36,"lvlPost":19,"bootRestored":true,"levelsRemainingAfterBoot":22,"stage":"output.finalNorm.tok0","ms":31.4662}
{"bootTrace":true,"boot":676,"lvlPre":36,"lvlPost":19,"bootRestored":true,"levelsRemainingAfterBoot":22,"stage":"output.finalNorm.tok0","ms":27.3601}
{"serverOut":true,"replyPrescaleLog2":0,"finalRefresh":false,"file":"/root/demo/serve/resp.0","count":1,"tokensReal":1,"level":37,"totalBytes":4197666,"serializeMs":1629}
{"serve":"served","req":0,"failed":false,"tokens":1,"reqEvalMs":437657,"reqBootMs":43113,"reqEncPtMs":174964,"reqBoots":676,"reqMsPerToken":480771,"reqNormBootMs":7655,"reqMsPerTokenExBoot":473116,"reqLayerLoopMs":519843,"reqLayerLoopUntimedMs":59629,"reqStageMs":{"shiftMix":662,"scan":4730,"gate":3242,"hidden":45584,"residual":15},"reqHostPtEncodeMs":53785,"reqHostPtEncodeCount":4447,"peakVramGB":57.745}
{"vramTrace":"serve.done.0","dev":0,"usedGB":57.7391,"freeGB":37.2311,"totalGB":94.9702,"poolOk":true,"poolReservedGB":56.0312,"poolReservedHighGB":56.0312,"poolUsedGB":56.0166,"poolUsedHighGB":56.0166,"poolSlackGB":0.0146484,"poolTransientGB":5.44637e-06}
{"vramTrace":"serve.done.0","dev":1,"usedGB":57.7211,"freeGB":37.2491,"totalGB":94.9702,"poolOk":true,"poolReservedGB":56.0312,"poolReservedHighGB":56.0312,"poolUsedGB":56.0166,"poolUsedHighGB":56.0166,"poolSlackGB":0.0146484,"poolTransientGB":5.44637e-06}
{"storeSave":"begin","entries":688128,"bytes":46715240512,"freeBytes":3658024005632}
{"storeSave":true,"path":"/root/demo/store_x5_scratch.bin","entries":688128,"dataBytes":46684962816,"ms":17180}
{"serve":"waiting","req":1,"dir":"/root/demo/serve","timeoutSec":7200,"served":1}
{"serve":"exit","reason":"stop","served":1}
{"vramTrace":"final","dev":0,"usedGB":57.7391,"freeGB":37.2311,"totalGB":94.9702,"poolOk":true,"poolReservedGB":56.0312,"poolReservedHighGB":56.0312,"poolUsedGB":56.0166,"poolUsedHighGB":56.0166,"poolSlackGB":0.0146484,"poolTransientGB":0}
{"vramTrace":"final","dev":1,"usedGB":57.7211,"freeGB":37.2491,"totalGB":94.9702,"poolOk":true,"poolReservedGB":56.0312,"poolReservedHighGB":56.0312,"poolUsedGB":56.0166,"poolUsedHighGB":56.0166,"poolSlackGB":0.0146484,"poolTransientGB":0}
{"summary":true,"realModel":true,"arch":"native","tag":"pbd430a","tokens":1,"packTokens":1,"layers":24,"secure":true,"boots":676,"bootsPerToken":676,"clientEncryptMs":15961,"gpuEvalMs":437657,"gpuBootstrapMs":43113,"decryptMs":0,"gpuMsPerToken":480771,"encPtMs":174964,"encPtCount":687792,"encPtFracOfEval":0.399775,"encThreads":24,"band":-1,"ringMix":false,"bootFloor":3,"deferredScan":0,"deferredFolds":0,"deferredTermsKept":0,"uDropLevel":0,"uDrops":0,"uDropBoots":0,"branchOutBoot":false,"branchOutBoots":0,"branchOutSkipped":0,"pipeline":false,"pipeMs":0,"staticNorm":false,"normEps":1e-05,"periodicEncodeOn":true,"periodicVerifyEvery":0,"serialCarry":true,"finalRefresh":false,"equalizeBlocks":false,"scaleBits":59,"passes":1,"cacheDiags":false,"cacheEntries":0,"cacheHits":0,"ptCache":false,"ptScalar":false,"ptCacheVerify":false,"ptCacheMaxGb":16,"ptCalls":4447,"ptCacheEntries":0,"ptCacheHits":0,"ptCacheMisses":0,"ptCacheMissMs":0,"ptCacheDenseFallback":0,"ptCacheDenseMiss":0,"ptCacheSkipped":0,"ptCacheLimbs":0,"ptCacheResidentGB":0,"ptCacheVerified":0,"ptCacheVerifyFail":0,"ptScalarOps":0,"ptScalarMul":0,"ptScalarAdd":0,"ptScalarDeg2Fallback":0,"ptScalarClasses":0,"ptScalarClassesRejected":0,"ptScalarRejectedOps":0,"msPerToken":480771,"tokPerSec":0.00207999,"totalWallMs":661008,"setupMs":46299,"unaccountedMs":117976,"wallMsPerToken":614709,"peakVramGB":57.745,"procPeakVramGB":-1,"poolHighRun":[{"dev":0,"usedHighGB":56.016607,"reservedHighGB":56.031250},{"dev":1,"usedHighGB":56.016607,"reservedHighGB":56.031250}],"syncTimersOn":false,"syncSplit":{"babyRotMs":0,"ctPtApplyMs":0,"giantMs":0,"rescaleMs":0,"bootMs":0},"normBootMs":7655,"gpuEvalMsExBoot":430002,"msPerTokenExBoot":473116,"stageTimersOn":true,"layerLoopMs":519843,"layerLoopUntimedMs":59629,"stageMs":{"shiftMix":662,"scan":4730,"gate":3242,"hidden":45584,"residual":15},"layerLoopResidualMs":5392,"hostPtEncodeMs":53785,"hostPtEncodeCount":4447,"hostPtEncodeStageMs":13803,"hostPtEncodeStageCount":1152,"unaccountedMsExBoot":125632,"unaccountedMsAfterStages":71395,"storeOn":true,"storeHits":0,"storeMisses":688128,"storeDead":336,"storeUncompressible":0,"reqEntryBoots":1,"reqFolds":1,"reqSeeded":1,"reqLevel":40,"prescaleLog2":6,"reqClientEncryptMs":65,"replyLimbs":0,"replyLimbsOut":0,"replyConjAdd":false,"replyScaleLog2":0,"dropLevels":{"wv":7,"wkr":4,"wout":7,"win":4},"dropsApplied":144,"dropsSettled":0,"dropsSkippedDeeper":0,"dropsAtTarget":192,"rsqrtSidecar":"","rsqrtItersSum":170,"periodicEncodeCount":687792,"periodicVerifyCount":0,"periodicVerifyOk":0,"periodicFallbackCount":0,"storeFetchMs":290437,"storeBytes":46684962816,"storeFile":"/root/demo/store_x5_scratch.bin","storeLoaded":false,"storeSaved":true,"storeVerifyOk":0,"storeVerifyBad":0,"storeVerifyMs":0,"storeAppends":0,"storeJournalEntries":0,"failed":false,"worstLogitErr":-1,"logRing":17,"ringDim":131072,"slots":65536,"dpad":1024,"rep":64,"levelBudget":[3,3],"depth":41,"extraDepth":12,"matvecMargin":4,"schedule":"stock","pfEntry":"loop","shareBabies":false,"newtonDepth2":false,"poolLevels":2,"blockType":"sequential","pfBoots":0,"babyShared":0,"babyComputed":336,"poolBuilds":73,"poolBuildMs":25645,"canonicalCarry":true,"newtonRobustFrac":0.1,"newtonRobustIters":12,"carryPrescaleLog2":0,"carryPrescaleSkipped":0,"canonBoots":96,"canonMaxGap":38,"canonLevel":19,"interleave":false,"fidelity":{"logitCheckTokens":0,"top1Agree":-1,"relLogitErrRmsMean":-1,"relLogitErrRmsMax":-1,"worstLogitErrIsMaxClass":true},"quality":{"nativeTestPpl":null,"weightsSha256":null,"source":null},"harnessFile":"gpu_real_model_x.cu","harnessSha256":"2c5f26a4b758755c","harnessCommit":"73f57fcab936","harnessDirty":true,"buildUtc":"2026-09-19T13:32:57Z","cmdline":"/root/fhe-main-demo/build-demo/gpu_real_model_x --tag pbd430a --bundle-dir /root/src/ml-eval/artifacts --device 0 --log-ring 17 --secure --level-budget 3 3 --ms-norm 5.5 --enc-threads 24 --boot-floor 3 --matvec-margin 4 --extra-depth 12 --canonical-carry --periodic-encode --drop-wv 7 --drop-wkr 4 --drop-wout 7 --drop-win 4 --newton-robust 0.1 12 --trace-boots --pack-tokens 1 --lanes-block --compressed-store --devices 0,1 --store-multi-gpu --keys-dir /root/demo/keys_pod_pub --keys-load --serve /root/demo/serve --serve-timeout 7200 --stateful --store-file /root/demo/store_x5_scratch.bin --vram-trace"}
