tick,lane,generating,fed,fedSrc,encArgmax,refArgmax,top1,encPick,refPick,pickAgree,refTop1Margin,relErrRms,serveSec
0,0,False,510,prompt,806,806,True,806,806,True,0.992,0.000432,316.0
0,1,False,4241,prompt,422,422,True,422,422,True,1.3242,0.001732,316.0
0,2,False,6067,prompt,806,806,True,806,806,True,0.5026,0.00067,316.0
0,3,False,510,prompt,806,806,True,806,806,True,0.992,0.001204,316.0
0,4,False,35,prompt,2345,2345,True,2345,2345,True,0.1366,0.000842,316.0
0,5,False,34,prompt,15,15,True,15,15,True,1.1036,0.001039,316.0
0,6,False,8267,prompt,673,673,True,673,673,True,0.2343,0.000648,316.0
0,7,False,3594,prompt,584,584,True,584,584,True,0.6062,0.000952,316.0
0,8,False,8267,prompt,673,673,True,673,673,True,0.2343,0.000744,316.0
0,9,False,6052,prompt,630,630,True,630,630,True,0.0909,0.003362,316.0
0,10,False,2512,prompt,403,403,True,403,403,True,0.2285,0.000798,316.0
0,11,False,2946,prompt,2943,2943,True,2943,2943,True,1.5853,0.00449,316.0
0,12,False,34,prompt,15,15,True,15,15,True,1.1036,0.000752,316.0
0,13,False,47141,prompt,4978,4978,True,4978,4978,True,2.3195,0.001446,316.0
0,14,False,56,prompt,15,15,True,15,15,True,0.4699,0.002164,316.0
0,15,False,510,prompt,806,806,True,806,806,True,0.992,0.00061,316.0
0,16,False,16929,prompt,57,57,True,57,57,True,0.0718,0.000432,316.0
0,17,False,18658,prompt,264,264,True,264,264,True,0.5067,0.00085,316.0
0,18,False,510,prompt,806,806,True,806,806,True,0.992,0.000807,316.0
0,19,False,34,prompt,15,15,True,15,15,True,1.1036,0.000798,316.0
0,20,False,34,prompt,15,15,True,15,15,True,1.1036,0.000292,316.0
0,21,False,8267,prompt,673,673,True,673,673,True,0.2343,0.000956,316.0
0,22,False,688,prompt,253,253,True,253,253,True,1.277,0.000209,316.0
0,23,False,18,prompt,15,15,True,15,15,True,0.5065,0.001109,316.0
0,24,False,2598,prompt,13,13,True,13,13,True,1.157,0.000584,316.0
0,25,False,39,prompt,15,15,True,15,15,True,0.6713,0.000974,316.0
0,26,False,7542,prompt,253,253,True,253,253,True,1.7525,0.001355,316.0
0,27,False,10252,prompt,5504,5504,True,5504,5504,True,0.5879,0.000887,316.0
0,28,False,510,prompt,806,806,True,806,806,True,0.992,0.000319,316.0
0,29,False,46061,prompt,7779,7779,True,7779,7779,True,0.7351,0.0008,316.0
0,30,False,510,prompt,806,806,True,806,806,True,0.992,0.00024,316.0
0,31,False,510,prompt,806,806,True,806,806,True,0.992,0.000589,316.0
0,32,False,24979,prompt,27,27,True,27,27,True,1.5562,0.001853,316.0
0,33,False,688,prompt,253,253,True,253,253,True,1.277,0.001095,316.0
0,34,False,8836,prompt,665,665,True,665,665,True,0.4661,0.000291,316.0
0,35,False,510,prompt,806,806,True,806,806,True,0.992,0.001033,316.0
0,36,False,3404,prompt,253,253,True,253,253,True,1.2921,0.000852,316.0
0,37,False,510,prompt,806,806,True,806,806,True,0.992,0.000282,316.0
0,38,False,688,prompt,253,253,True,253,253,True,1.277,0.000255,316.0
0,39,False,510,prompt,806,806,True,806,806,True,0.992,0.000316,316.0
0,40,False,34,prompt,15,15,True,15,15,True,1.1036,0.000504,316.0
0,41,False,19895,prompt,90,90,True,90,90,True,1.5783,0.001009,316.0
0,42,False,688,prompt,253,253,True,253,253,True,1.277,0.000183,316.0
0,43,False,37,prompt,15,15,True,15,15,True,1.5464,0.003542,316.0
0,44,False,26042,prompt,310,310,True,310,310,True,0.2337,0.00173,316.0
0,45,False,35,prompt,2345,2345,True,2345,2345,True,0.1366,0.002763,316.0
0,46,False,510,prompt,806,806,True,806,806,True,0.992,0.00033,316.0
0,47,False,510,prompt,806,806,True,806,806,True,0.992,0.000447,316.0
0,48,False,3351,prompt,26639,26639,True,26639,26639,True,0.3857,0.000839,316.0
0,49,False,10859,prompt,311,311,True,311,311,True,0.5862,0.000535,316.0
0,50,False,21958,prompt,273,273,True,273,273,True,0.5087,0.000255,316.0
0,51,False,32915,prompt,264,264,True,264,264,True,0.4701,0.000358,316.0
0,52,False,510,prompt,806,806,True,806,806,True,0.992,0.000725,316.0
0,53,False,34,prompt,15,15,True,15,15,True,1.1036,0.000545,316.0
0,54,False,10342,prompt,273,273,True,273,273,True,0.9507,0.000951,316.0
0,55,False,510,prompt,806,806,True,806,806,True,0.992,0.000525,316.0
0,56,False,32655,prompt,254,254,True,254,254,True,2.2788,0.003342,316.0
0,57,False,18431,prompt,273,273,True,273,273,True,0.4724,0.001649,316.0
0,58,False,45,prompt,15,15,True,15,15,True,0.6023,0.003078,316.0
0,59,False,510,prompt,806,806,True,806,806,True,0.992,0.000371,316.0
0,60,False,8267,prompt,673,673,True,673,673,True,0.2343,0.000695,316.0
0,61,False,41331,prompt,1037,1037,True,1037,1037,True,1.0909,0.000705,316.0
0,62,False,4041,prompt,273,273,True,273,273,True,1.2884,0.000281,316.0
0,63,False,46570,prompt,273,273,True,273,273,True,0.8694,0.002201,316.0
1,0,False,1027,prompt,3510,3510,True,3510,3510,True,0.7857,0.004679,188.0
1,1,False,1644,prompt,27,27,True,27,27,True,0.741,0.001549,188.0
1,2,False,24771,prompt,4155,4155,True,4155,4155,True,4.6173,0.001424,188.0
1,3,False,6253,prompt,273,273,True,273,273,True,0.2499,0.001504,188.0
1,4,False,1088,prompt,13,13,True,13,13,True,0.0489,0.001153,188.0
1,5,False,8357,prompt,1981,1981,True,1981,1981,True,1.0906,0.000648,188.0
1,6,False,4131,prompt,13,13,True,13,13,True,0.1053,0.000279,188.0
1,7,False,515,prompt,1373,1373,True,1373,1373,True,0.0827,0.002017,188.0
1,8,False,2885,prompt,6057,6057,True,6057,6057,True,0.2571,0.001454,188.0
1,9,False,41762,prompt,1780,1780,True,1780,1780,True,0.4498,0.000756,188.0
1,10,False,310,prompt,642,642,True,642,642,True,0.0127,0.00074,188.0
1,11,False,868,prompt,13,13,True,13,13,True,0.0157,0.001095,188.0
1,12,False,14795,prompt,17890,17890,True,17890,17890,True,0.4628,0.000681,188.0
1,13,False,48158,prompt,327,327,True,327,327,True,0.7099,0.001121,188.0
1,14,False,1062,prompt,71,71,True,71,71,True,0.9411,0.002945,188.0
1,15,False,4007,prompt,273,273,True,273,273,True,0.6365,0.001595,188.0
1,16,False,15,prompt,681,681,True,681,681,True,2.8238,0.002476,188.0
1,17,False,285,prompt,4385,4385,True,4385,4385,True,1.0825,0.000915,188.0
1,18,False,444,prompt,1342,1342,True,1342,1342,True,0.3132,0.001766,188.0
1,19,False,19037,prompt,310,310,True,310,310,True,1.5775,0.000667,188.0
1,20,False,9313,prompt,14,14,True,14,14,True,0.8105,0.001087,188.0
1,21,False,3448,prompt,556,556,True,556,556,True,0.9211,0.001124,188.0
1,22,False,9129,prompt,2069,2069,True,2069,2069,True,0.5722,0.001453,188.0
1,23,False,13,prompt,933,933,True,933,933,True,1.1316,0.000398,188.0
1,24,False,3517,prompt,347,347,True,347,347,True,2.261,0.000155,188.0
1,25,False,1730,prompt,300,300,True,300,300,True,1.2585,0.000973,188.0
1,26,False,7952,prompt,1818,1818,True,1818,1818,True,3.1888,0.001053,188.0
1,27,False,13,prompt,3168,3168,True,3168,3168,True,0.0617,0.000307,188.0
1,28,False,2360,prompt,273,273,True,273,273,True,0.1361,0.000708,188.0
1,29,False,556,prompt,644,644,True,644,644,True,0.5183,0.000422,188.0
1,30,False,2022,prompt,1921,1921,True,1921,1921,True,0.8298,0.002079,188.0
1,31,False,10550,prompt,7121,7121,True,7121,7121,True,0.3351,0.001817,188.0
1,32,False,310,prompt,20585,20585,True,20585,20585,True,3.0512,0.006332,188.0
1,33,False,18417,prompt,13,13,True,13,13,True,2.2287,0.001076,188.0
1,34,False,452,prompt,644,644,True,644,644,True,0.6008,0.000505,188.0
1,35,False,11553,prompt,29490,29490,True,29490,29490,True,0.6822,0.000353,188.0
1,36,False,20632,prompt,13,13,True,13,13,True,0.57,0.000143,188.0
1,37,False,27343,prompt,13,13,True,13,13,True,0.3348,0.000437,188.0
1,38,False,247,prompt,1643,1643,True,1643,1643,True,0.0923,0.000682,188.0
1,39,False,11553,prompt,29490,29490,True,29490,29490,True,0.6822,0.000519,188.0
1,40,False,1180,prompt,273,273,True,273,273,True,5.7065,0.00053,188.0
1,41,False,14892,prompt,285,285,True,285,285,True,0.3833,0.000928,188.0
1,42,False,4223,prompt,13,13,True,13,13,True,1.5987,0.00025,188.0
1,43,False,14175,prompt,403,403,True,403,403,True,0.0169,0.000896,188.0
1,44,False,275,prompt,253,253,True,253,253,True,1.8576,0.00023,188.0
1,45,False,2487,prompt,273,273,True,273,273,True,0.8583,0.000398,188.0
1,46,False,954,prompt,1774,1774,True,1774,1774,True,1.0184,0.000566,188.0
1,47,False,5101,prompt,310,310,True,310,310,True,0.9647,0.001269,188.0
1,48,False,356,prompt,2767,2767,True,2767,2767,True,1.1877,0.000716,188.0
1,49,False,20224,prompt,571,571,True,571,571,True,4.199,0.002195,188.0
1,50,False,41635,prompt,273,273,True,273,273,True,0.8204,0.000823,188.0
1,51,False,17363,prompt,1120,1120,True,1120,1120,True,5.8755,0.00254,188.0
1,52,False,1711,prompt,637,637,True,637,637,True,1.6608,0.000946,188.0
1,53,False,8281,prompt,273,273,True,273,273,True,0.2544,0.000752,188.0
1,54,False,11260,prompt,403,403,True,403,403,True,0.3078,0.001054,188.0
1,55,False,20088,prompt,14,14,True,14,14,True,0.3548,0.00157,188.0
1,56,False,254,prompt,781,781,True,781,781,True,5.1631,0.003378,188.0
1,57,False,2739,prompt,14,14,True,14,14,True,0.6928,0.00169,188.0
1,58,False,1662,prompt,383,383,True,383,383,True,1.2854,0.000444,188.0
1,59,False,29528,prompt,310,310,True,310,310,True,0.3432,0.001138,188.0
1,60,False,25986,prompt,13,13,True,13,13,True,1.6976,0.000391,188.0
1,61,False,20035,prompt,310,310,True,310,310,True,1.1992,0.001469,188.0
1,62,False,273,prompt,253,253,True,253,253,True,2.1373,0.000297,188.0
1,63,False,15001,prompt,310,310,True,310,310,True,1.2861,0.00114,188.0
2,0,False,6128,prompt,273,273,True,273,273,True,0.1547,0.000846,188.0
2,1,False,323,prompt,253,253,True,253,253,True,0.6702,0.000266,188.0
2,2,False,4155,prompt,310,310,True,310,310,True,0.2645,0.001064,188.0
2,3,True,12927,prompt,1666,1666,True,1666,1666,True,0.0645,0.000735,188.0
2,4,False,22844,prompt,13,13,True,13,13,True,0.0776,0.001085,188.0
2,5,False,476,prompt,320,320,True,320,320,True,1.6404,0.000686,188.0
2,6,False,1078,prompt,12561,12561,True,12561,12561,True,0.6818,0.000411,188.0
2,7,True,310,prompt,247,247,True,247,247,True,0.3086,0.00077,188.0
2,8,False,476,prompt,2028,2028,True,2028,2028,True,0.6003,0.001421,188.0
2,9,False,18571,prompt,2728,2728,True,2728,2728,True,3.1588,0.001489,188.0
2,10,False,5675,prompt,1941,1941,True,1941,1941,True,0.8737,0.000338,188.0
2,11,True,403,prompt,247,247,True,247,247,True,0.4164,0.0019,188.0
2,12,False,28700,prompt,310,310,True,310,310,True,0.5926,0.000774,188.0
2,13,False,984,prompt,352,352,True,352,352,True,1.2618,0.000485,188.0
2,14,False,11359,prompt,253,253,True,253,253,True,0.8232,0.00225,188.0
2,15,False,273,prompt,253,253,True,253,253,True,2.9744,0.000289,188.0
2,16,False,380,prompt,806,806,True,806,806,True,0.8297,0.000657,188.0
2,17,False,1756,prompt,15,15,True,15,15,True,0.0512,0.000787,188.0
2,18,False,1342,prompt,26919,26919,True,26919,26919,True,3.4858,0.00134,188.0
2,19,True,556,prompt,1740,1740,True,1740,1740,True,0.1003,0.000774,188.0
2,20,False,38250,prompt,310,310,True,310,310,True,0.5244,0.000455,188.0
2,21,False,556,prompt,697,697,True,697,697,True,1.3872,0.000506,188.0
2,22,False,2069,prompt,13,13,True,13,13,True,1.2615,0.000565,188.0
2,23,False,374,prompt,13,13,True,13,13,True,2.1825,0.002774,188.0
2,24,False,347,prompt,309,309,True,309,309,True,0.0915,0.00171,188.0
2,25,False,3683,prompt,273,273,True,273,273,True,0.368,0.002099,188.0
2,26,False,1818,prompt,310,310,True,310,310,True,2.1332,0.000935,188.0
2,27,False,13735,prompt,13,13,True,285,285,True,2.1185,0.000273,188.0
2,28,False,6194,prompt,369,369,True,369,369,True,0.6893,0.000402,188.0
2,29,False,644,prompt,908,908,True,908,908,True,0.6264,0.000561,188.0
2,30,False,3064,prompt,875,875,True,875,875,True,1.4376,0.000823,188.0
2,31,False,310,prompt,253,253,True,253,253,True,0.0733,0.000861,188.0
2,32,False,20585,prompt,1677,1677,True,1677,1677,True,5.342,0.003704,188.0
2,33,False,1780,prompt,8243,8243,True,8243,8243,True,0.0251,0.000324,188.0
2,34,False,908,prompt,253,253,True,253,253,True,0.9885,0.001449,188.0
2,35,False,17323,prompt,310,310,True,310,310,True,1.2974,0.002087,188.0
2,36,False,253,prompt,1735,1735,True,1735,1735,True,3.3472,0.001611,188.0
2,37,False,6804,prompt,253,253,True,253,253,True,0.9969,0.000341,188.0
2,38,False,5875,prompt,1436,1436,True,1436,1436,True,0.7521,0.000974,188.0
2,39,True,17323,prompt,310,310,True,310,310,True,1.2974,0.000621,188.0
2,40,False,273,prompt,2616,2616,True,2616,2616,True,0.6459,0.000998,188.0
2,41,False,3646,prompt,285,285,True,285,285,True,0.0377,0.000596,188.0
2,42,False,4059,prompt,13,13,True,13,13,True,2.7364,0.000546,188.0
2,43,True,403,prompt,417,417,True,417,417,True,0.3405,0.001694,188.0
2,44,False,253,prompt,8825,8825,True,8825,8825,True,0.1097,0.000318,188.0
2,45,False,403,prompt,1160,1160,True,1160,1160,True,0.2012,0.002468,188.0
2,46,False,1774,prompt,2181,2181,True,2181,2181,True,1.4722,0.000502,188.0
2,47,True,310,prompt,253,253,True,253,253,True,0.1123,0.000696,188.0
2,48,False,1771,prompt,310,310,True,310,310,True,0.37,0.000619,188.0
2,49,False,571,prompt,310,310,True,310,310,True,1.047,0.000294,188.0
2,50,False,403,prompt,4272,4272,True,4272,4272,True,0.1438,0.002189,188.0
2,51,False,1120,prompt,13,13,True,13,13,True,0.0532,0.001618,188.0
2,52,False,6335,prompt,369,369,True,369,369,True,0.1869,0.001192,188.0
2,53,False,1900,prompt,14221,14221,True,14221,14221,True,0.3403,0.000714,188.0
2,54,False,1973,prompt,46590,46590,True,46590,46590,True,1.0695,0.000374,188.0
2,55,True,8281,prompt,275,275,True,275,275,True,2.0272,0.000666,188.0
2,56,False,781,prompt,13,13,True,13,13,True,0.0612,0.000934,188.0
2,57,False,4957,prompt,403,403,True,403,403,True,0.6192,0.001434,188.0
2,58,False,600,prompt,984,984,True,984,984,True,0.367,0.001149,188.0
2,59,False,4950,prompt,247,247,True,247,247,True,0.058,0.001175,188.0
2,60,False,253,prompt,1533,1533,True,1533,1533,True,0.1295,0.00131,188.0
2,61,False,84,prompt,4541,4541,True,4541,4541,True,0.0702,0.000516,188.0
2,62,False,253,prompt,954,954,True,954,954,True,1.5394,0.001091,188.0
2,63,False,310,prompt,253,253,True,253,253,True,0.6261,0.002448,188.0
3,0,False,273,prompt,253,253,True,253,253,True,2.4607,0.002211,188.0
3,1,False,20727,prompt,187,187,True,187,187,True,0.7003,0.001216,188.0
3,2,False,310,prompt,247,247,True,247,247,True,0.5664,0.000568,188.0
3,3,True,1666,fhe,968,968,True,968,968,True,5.9148,0.002374,188.0
3,4,False,984,prompt,352,352,True,352,352,True,0.2434,0.00132,188.0
3,5,False,3343,prompt,323,323,True,323,323,True,0.9276,0.000376,188.0
3,6,False,2143,prompt,13,13,True,13,13,True,0.4244,0.000464,188.0
3,7,True,247,fhe,1175,1175,True,1175,1175,True,0.7871,0.002071,188.0
3,8,False,897,prompt,253,253,True,253,253,True,0.7945,0.000588,188.0
3,9,False,2728,prompt,313,313,True,313,313,True,1.0953,0.000643,188.0
3,10,False,4468,prompt,326,326,True,326,326,True,0.3885,0.000506,188.0
3,11,True,247,fhe,1175,1175,True,1175,1175,True,1.1444,0.002434,188.0
3,12,False,778,prompt,320,320,True,320,320,True,0.727,0.001818,188.0
3,13,False,352,prompt,310,310,True,310,310,True,1.4811,0.00156,188.0
3,14,False,441,prompt,5890,5890,True,5890,5890,True,2.5945,0.000671,188.0
3,15,False,253,prompt,1986,1986,True,1986,1986,True,1.5341,0.000333,188.0
3,16,False,2144,prompt,310,310,True,310,310,True,1.1314,0.000978,188.0
3,17,False,634,prompt,3640,3640,True,3640,3640,True,0.754,0.002898,188.0
3,18,False,26919,prompt,318,318,True,318,318,True,5.0798,0.002154,188.0
3,19,True,1740,fhe,7123,7123,True,7123,7123,True,1.4009,0.001324,188.0
3,20,False,310,prompt,247,247,True,247,247,True,1.581,0.000427,188.0
3,21,False,3000,prompt,326,326,True,326,326,True,1.5061,0.001694,188.0
3,22,False,13,prompt,253,253,True,253,253,True,1.546,0.000697,188.0
3,23,False,13,prompt,495,495,True,495,495,True,1.7989,0.000823,188.0
3,24,False,46087,prompt,80,80,True,80,80,True,4.5732,0.003143,188.0
3,25,False,13597,prompt,896,896,True,896,896,True,0.3865,0.000926,188.0
3,26,False,11852,prompt,253,253,True,253,253,True,0.2268,0.000785,188.0
3,27,True,13,prompt,8862,8862,True,8862,8862,True,1.3912,0.002842,188.0
3,28,False,1669,prompt,253,253,True,253,253,True,1.3231,0.001303,188.0
3,29,False,9865,prompt,281,281,True,281,281,True,0.4527,0.000346,188.0
3,30,False,875,prompt,253,253,True,253,253,True,0.9793,0.001206,188.0
3,31,False,253,prompt,6253,6253,True,6253,6253,True,0.3538,0.00045,188.0
3,32,False,1677,prompt,326,326,True,326,326,True,0.1858,0.00096,188.0
3,33,False,2369,prompt,388,388,True,388,388,True,0.2354,0.000673,188.0
3,34,False,36941,prompt,323,323,True,323,323,True,0.5374,0.001993,188.0
3,35,False,310,prompt,253,253,True,253,253,True,0.4471,0.001451,188.0
3,36,False,22754,prompt,369,369,True,369,369,True,1.5325,0.002301,188.0
3,37,False,617,prompt,1211,1211,True,1211,1211,True,0.1528,0.000661,188.0
3,38,False,10329,prompt,13,13,True,13,13,True,2.2382,0.001426,188.0
3,39,True,310,fhe,253,253,True,253,253,True,0.4471,0.000796,188.0
3,40,False,269,prompt,2979,2979,True,2979,2979,True,0.5943,0.000769,188.0
3,41,False,24772,prompt,253,253,True,253,253,True,1.1679,0.001424,188.0
3,42,False,13,prompt,253,253,True,253,253,True,1.5066,0.000166,188.0
3,43,True,417,fhe,253,253,True,253,253,True,1.0939,0.001112,188.0
3,44,False,17836,prompt,310,310,True,310,310,True,0.6072,0.002101,188.0
3,45,False,21259,prompt,685,685,True,685,685,True,1.9283,0.002654,188.0
3,46,False,2181,prompt,310,310,True,310,310,True,0.5369,0.000519,188.0
3,47,True,253,fhe,2603,2603,True,2603,2603,True,0.3566,0.001741,188.0
3,48,False,310,prompt,247,247,True,247,247,True,0.0929,0.000421,188.0
3,49,False,310,prompt,247,247,True,247,247,True,1.4827,0.000789,188.0
3,50,False,253,prompt,954,954,True,954,954,True,0.7999,0.000698,188.0
3,51,False,310,prompt,253,253,True,253,253,True,0.8406,0.000458,188.0
3,52,False,574,prompt,644,644,True,644,644,True,0.4362,0.000383,188.0
3,53,False,3936,prompt,247,247,True,247,247,True,0.0752,0.001381,188.0
3,54,False,616,prompt,46590,46590,True,46590,46590,True,2.6694,0.000783,188.0
3,55,True,275,fhe,253,253,True,253,253,True,2.2127,0.000309,188.0
3,56,False,12572,prompt,14407,14407,True,14407,14407,True,6.321,0.001902,188.0
3,57,False,403,prompt,1029,1029,True,1029,1029,True,0.2944,0.000544,188.0
3,58,False,13438,prompt,13,13,True,13,13,True,1.8454,0.00332,188.0
3,59,False,13392,prompt,6114,6114,True,6114,6114,True,0.7551,0.004379,188.0
3,60,False,3471,prompt,3248,3248,True,3248,3248,True,4.4812,0.00128,188.0
3,61,False,672,prompt,352,352,True,352,352,True,0.5542,0.001237,188.0
3,62,False,22325,prompt,4088,4088,True,4088,4088,True,0.6749,0.001138,188.0
3,63,False,253,prompt,1232,1232,True,1232,1232,True,2.0524,0.001869,188.0
4,0,False,253,prompt,767,767,True,767,767,True,0.2447,0.001017,188.0
4,1,False,27,prompt,187,187,True,187,187,True,3.2728,0.001437,188.0
4,2,False,816,prompt,581,581,True,581,581,True,1.257,0.000334,188.0
4,3,True,968,fhe,403,403,True,403,403,True,0.5836,0.003366,188.0
4,4,False,273,prompt,253,253,True,253,253,True,1.2117,0.003581,188.0
4,5,False,323,prompt,247,247,True,247,247,True,0.8979,0.001476,188.0
4,6,False,13,prompt,309,309,True,309,309,True,0.5802,0.000482,188.0
4,7,True,1175,fhe,4327,4327,True,4327,4327,True,0.1408,0.000852,188.0
4,8,False,247,prompt,1429,1429,True,1429,1429,True,0.5398,0.00074,188.0
4,9,False,313,prompt,41420,41420,True,41420,41420,True,5.4494,0.000303,188.0
4,10,False,670,prompt,253,253,True,253,253,True,3.0482,0.00607,188.0
4,11,True,1175,fhe,2603,2603,True,2603,2603,True,2.2718,0.000771,188.0
4,12,False,4143,prompt,247,247,True,247,247,True,0.5226,0.001678,188.0
4,13,False,310,prompt,12006,12006,True,12006,12006,True,0.4655,0.000742,188.0
4,14,False,5890,prompt,13,13,True,13,13,True,0.0225,0.000501,188.0
4,15,False,1986,prompt,2077,2077,True,2077,2077,True,2.3382,0.000213,188.0
4,16,False,3126,prompt,310,310,True,310,310,True,0.4475,0.000928,188.0
4,17,False,3484,prompt,457,457,True,457,457,True,0.5585,0.001406,188.0
4,18,False,318,prompt,1294,1294,True,1294,1294,True,3.1282,0.000441,188.0
4,19,True,7123,fhe,13,13,True,13,13,True,0.3746,0.001362,188.0
4,20,False,4270,prompt,327,327,True,327,327,True,0.0828,0.000703,188.0
4,21,False,326,prompt,403,403,True,403,403,True,0.3599,0.001857,188.0
4,22,False,31754,prompt,497,497,True,497,497,True,0.3202,0.001312,188.0
4,23,False,495,prompt,13,13,True,13,13,True,2.4084,0.001728,188.0
4,24,False,80,prompt,574,574,True,574,574,True,0.0661,0.001403,188.0
4,25,False,432,prompt,253,253,True,253,253,True,2.4148,0.000667,188.0
4,26,False,4130,prompt,13,13,True,13,13,True,2.5235,0.001759,188.0
4,27,True,8862,fhe,13,13,True,285,285,True,2.187,0.00168,188.0
4,28,False,253,prompt,4660,4660,True,4660,4660,True,3.2067,0.001762,188.0
4,29,False,323,prompt,14020,14020,True,14020,14020,True,0.9343,0.005834,188.0
4,30,False,8588,prompt,285,285,True,285,285,True,1.2751,0.004431,188.0
4,31,False,6253,prompt,8281,8281,True,8281,8281,True,0.3232,0.001227,188.0
4,32,False,326,prompt,417,417,True,417,417,True,1.8687,0.002134,188.0
4,33,False,7009,prompt,91,91,True,91,91,True,3.028,0.003849,188.0
4,34,False,323,prompt,6763,6763,True,6763,6763,True,1.2629,0.000476,188.0
4,35,False,253,prompt,6253,6253,True,6253,6253,True,1.1596,0.003323,188.0
4,36,False,310,prompt,2590,2590,True,2590,2590,True,0.39,0.001068,188.0
4,37,False,9830,prompt,13,13,True,13,13,True,0.3619,0.001359,188.0
4,38,False,13,prompt,253,253,True,253,253,True,1.3892,0.001371,188.0
4,39,True,253,fhe,6253,6253,True,6253,6253,True,1.1596,0.001103,188.0
4,40,False,22711,prompt,3841,3841,True,3841,3841,True,0.6875,0.002488,188.0
4,41,False,11117,prompt,1345,1345,True,1345,1345,True,0.4359,0.000849,188.0
4,42,False,1982,prompt,3918,3918,True,3918,3918,True,0.8858,0.000774,188.0
4,43,True,253,fhe,760,760,True,760,760,True,3.3041,0.001004,188.0
4,44,False,310,prompt,1077,1077,True,1077,1077,True,0.523,0.000598,188.0
4,45,False,685,prompt,253,253,True,253,253,True,0.4317,0.001735,188.0
4,46,False,281,prompt,4456,4456,True,4456,4456,True,0.525,0.002,188.0
4,47,True,2603,fhe,273,273,True,273,273,True,3.1528,0.000349,188.0
4,48,False,3448,prompt,13,13,True,13,13,True,0.2654,0.000353,188.0
4,49,False,247,prompt,6722,6722,True,6722,6722,True,0.5883,0.001868,188.0
4,50,False,6253,prompt,273,273,True,273,273,True,0.1541,0.000631,188.0
4,51,False,253,prompt,4585,4585,True,4585,4585,True,1.5648,0.001133,188.0
4,52,False,247,prompt,6335,6335,True,1781,1781,True,0.8929,0.001729,188.0
4,53,False,253,prompt,830,830,True,830,830,True,0.3182,0.000964,188.0
4,54,False,46590,prompt,275,275,True,275,275,True,0.0124,0.001331,188.0
4,55,True,253,fhe,1533,1533,True,1533,1533,True,2.2695,0.000463,188.0
4,56,False,14407,prompt,13,13,True,13,13,True,0.4185,0.000638,188.0
4,57,False,1869,prompt,281,281,True,281,281,True,3.8656,0.000667,188.0
4,58,False,342,prompt,247,247,True,247,247,True,0.452,0.003687,188.0
4,59,False,11123,prompt,13,13,True,13,13,True,1.0092,0.000369,188.0
4,60,False,3248,prompt,1091,1091,True,1091,1091,True,0.3492,0.000467,188.0
4,61,False,352,prompt,310,310,True,310,310,True,0.1609,0.000568,188.0
4,62,False,4088,prompt,281,281,True,281,281,True,2.4123,0.000246,188.0
4,63,False,1232,prompt,407,407,True,407,407,True,0.4797,0.001004,188.0
5,0,False,767,prompt,2390,2390,True,2390,2390,True,0.6332,0.006285,188.0
5,1,False,337,prompt,15,15,True,15,15,True,1.8794,0.000389,188.0
5,2,False,581,prompt,273,273,True,273,273,True,2.1431,0.001162,188.0
5,3,True,403,fhe,253,253,True,253,253,True,1.2547,0.001884,188.0
5,4,False,247,prompt,6054,6054,True,6054,6054,True,1.6875,0.001462,188.0
5,5,False,1107,prompt,281,281,True,281,281,True,0.5027,0.001037,188.0
5,6,False,253,prompt,3484,3484,True,3484,3484,True,0.1309,0.0003,188.0
5,7,True,4327,fhe,323,323,True,323,323,True,1.4837,0.000249,188.0
5,8,False,1652,prompt,2372,2372,True,2372,2372,True,0.4232,0.001102,188.0
5,9,False,41420,prompt,10,10,True,10,10,True,0.8839,0.005767,188.0
5,10,False,253,prompt,2442,2442,True,2442,2442,True,0.1164,0.005109,188.0
5,11,True,2603,fhe,273,273,True,273,273,True,2.6205,0.000924,188.0
5,12,False,8307,prompt,273,273,True,273,273,True,2.4162,0.000864,188.0
5,13,False,21259,prompt,685,685,True,685,685,True,2.8926,0.001432,188.0
5,14,False,275,prompt,8986,8986,True,8986,8986,True,0.2375,0.000451,188.0
5,15,False,2077,prompt,310,310,True,310,310,True,0.4156,0.000537,188.0
5,16,False,310,prompt,247,247,True,247,247,True,0.0525,0.003156,188.0
5,17,False,8,prompt,4361,4361,True,4361,4361,True,0.0898,0.000774,188.0
5,18,False,1294,prompt,29174,29174,True,29174,29174,True,8.3451,0.001402,188.0
5,19,True,13,fhe,285,285,True,285,285,True,1.1423,0.000364,188.0
5,20,False,275,prompt,253,253,True,253,253,True,0.0474,0.001349,188.0
5,21,False,403,prompt,908,908,True,908,908,True,0.9735,0.00121,188.0
5,22,False,1119,prompt,326,326,True,326,326,True,0.1693,0.000828,188.0
5,23,True,13,prompt,577,577,True,577,577,True,1.5704,0.000762,188.0
5,24,False,574,prompt,1160,1160,True,1160,1160,True,0.1508,0.002123,188.0
5,25,False,1078,prompt,253,253,True,253,253,True,2.8501,0.000488,188.0
5,26,False,327,prompt,253,253,True,253,253,True,0.7806,0.001499,188.0
5,27,True,285,fhe,4759,4759,True,4759,4759,True,1.1296,0.00149,188.0
5,28,False,2846,prompt,387,387,True,387,387,True,0.3271,0.000853,188.0
5,29,False,954,prompt,273,273,True,273,273,True,1.2147,0.0012,188.0
5,30,False,285,prompt,7952,7952,True,7952,7952,True,3.3146,0.00165,188.0
5,31,False,8281,prompt,275,275,True,275,275,True,1.8189,0.001489,188.0
5,32,False,417,prompt,512,512,True,512,512,True,3.083,0.003542,188.0
5,33,False,91,prompt,6358,6358,True,6358,6358,True,1.922,0.003614,188.0
5,34,False,6763,prompt,273,273,True,273,273,True,5.1505,0.000674,188.0
5,35,False,6253,prompt,12927,12927,True,12927,12927,True,1.4873,0.002912,188.0
5,36,False,253,prompt,6200,6200,True,6200,6200,True,2.0825,0.003223,188.0
5,37,False,327,prompt,253,253,True,253,253,True,0.2529,0.00052,188.0
5,38,False,253,prompt,8825,8825,True,8825,8825,True,0.5217,0.000709,188.0
5,39,True,6253,fhe,12927,12927,True,12927,12927,True,1.4873,0.001873,188.0
5,40,False,1306,prompt,3678,3678,True,3678,3678,True,0.4337,0.002631,188.0
5,41,False,533,prompt,19767,19767,True,19767,19767,True,0.2295,0.00332,188.0
5,42,False,3484,prompt,497,497,True,497,497,True,0.3265,0.001088,188.0
5,43,True,760,fhe,4394,4394,True,4394,4394,True,0.79,0.003319,188.0
5,44,False,1900,prompt,275,275,True,3515,3515,True,0.0225,0.005256,188.0
5,45,False,597,prompt,403,403,True,497,497,True,0.2277,0.002132,188.0
5,46,False,871,prompt,670,670,True,670,670,True,0.808,0.000276,188.0
5,47,True,273,fhe,512,512,True,512,512,True,0.925,0.000387,188.0
5,48,False,534,prompt,310,310,True,556,556,True,1.0351,0.000593,188.0
5,49,False,5460,prompt,6255,6255,True,6255,6255,True,0.1393,0.000611,188.0
5,50,False,2390,prompt,273,273,True,273,273,True,2.7904,0.001168,188.0
5,51,False,4585,prompt,11129,11129,True,11129,11129,True,0.0569,0.000507,188.0
5,52,False,13624,prompt,273,273,True,273,273,True,3.0229,0.000489,188.0
5,53,False,24746,prompt,1854,1854,True,1854,1854,True,0.3526,0.004817,188.0
5,54,False,275,prompt,7139,7139,True,7139,7139,True,1.226,0.002623,188.0
5,55,True,1533,fhe,13,13,True,13,13,True,0.3724,0.000434,188.0
5,56,False,313,prompt,1093,1093,True,1093,1093,True,2.0606,0.003821,188.0
5,57,False,281,prompt,320,320,True,320,320,True,0.494,0.002549,188.0
5,58,False,690,prompt,17485,17485,True,17485,17485,True,1.3129,0.00299,188.0
5,59,False,1620,prompt,1078,1078,True,1078,1078,True,0.4425,0.003917,188.0
5,60,False,3553,prompt,253,253,True,616,616,True,0.7801,0.001552,188.0
5,61,False,310,prompt,7329,7329,True,7329,7329,True,1.5927,0.000915,188.0
5,62,False,281,prompt,513,513,True,513,513,True,0.0697,0.00446,188.0
5,63,False,407,prompt,534,534,True,534,534,True,8.1564,0.000907,188.0
6,0,False,3417,prompt,281,281,True,281,281,True,0.6297,0.003554,188.0
6,1,False,15,prompt,1916,1916,True,1916,1916,True,1.1521,0.000371,188.0
6,2,False,273,prompt,1142,1142,True,1142,1142,True,1.3245,0.000322,188.0
6,3,True,253,fhe,14847,14847,True,14847,14847,True,0.0702,0.000812,188.0
6,4,False,10058,prompt,2408,2408,True,2408,2408,True,0.8268,0.000813,188.0
6,5,False,1919,prompt,352,352,True,352,352,True,2.0677,0.001239,188.0
6,6,False,767,prompt,6838,6838,True,6838,6838,True,0.5162,0.000451,188.0
6,7,True,323,fhe,247,247,True,253,253,True,0.2935,0.001411,188.0
6,8,False,1361,prompt,281,281,True,281,281,True,0.5038,0.001033,188.0
6,9,False,10,prompt,310,310,True,310,310,True,1.8101,0.001562,188.0
6,10,False,14207,prompt,281,281,True,281,281,True,0.5008,0.000534,188.0
6,11,True,273,fhe,14590,14590,True,14590,14590,True,0.8278,0.002907,188.0
6,12,False,273,prompt,12405,12405,True,12405,12405,True,2.8818,0.001687,188.0
6,13,False,685,prompt,253,253,True,253,253,True,0.2652,0.000669,188.0
6,14,False,8986,prompt,13,13,True,13,13,True,0.9101,0.000588,188.0
6,15,True,310,prompt,253,253,True,10544,10544,True,0.8665,0.001003,188.0
6,16,False,247,prompt,2570,2570,True,2570,2570,True,0.341,0.000786,188.0
6,17,False,4685,prompt,273,273,True,273,273,True,3.1831,0.000299,188.0
6,18,False,29174,prompt,369,369,True,369,369,True,0.5868,0.001424,188.0
6,19,True,285,fhe,253,253,True,253,253,True,0.1632,0.000374,188.0
6,20,False,8090,prompt,13,13,True,13,13,True,0.2261,0.000801,188.0
6,21,False,1892,prompt,281,281,True,281,281,True,1.883,0.00111,188.0
6,22,False,616,prompt,1039,1039,True,1039,1039,True,3.7121,0.004347,188.0
6,23,True,577,fhe,13,13,True,13,13,True,2.6253,0.001545,188.0
6,24,False,6312,prompt,521,521,True,521,521,True,1.1843,0.001689,188.0
6,25,False,253,prompt,5068,5068,True,5068,5068,True,0.0851,0.000506,188.0
6,26,False,7565,prompt,13,13,True,13,13,True,3.7167,0.000497,188.0
6,27,True,4759,fhe,15,15,True,15,15,True,0.0521,0.001887,188.0
6,28,False,247,prompt,1643,1643,True,1643,1643,True,1.6401,0.001048,188.0
6,29,False,273,prompt,1966,1966,True,1966,1966,True,0.0729,0.000353,188.0
6,30,False,7952,prompt,310,310,True,310,310,True,3.2611,0.001744,188.0
6,31,True,275,prompt,253,253,True,3684,3684,True,1.2208,0.001119,188.0
6,32,False,512,prompt,8049,8049,True,8049,8049,True,3.1041,0.002245,188.0
6,33,False,6358,prompt,13,13,True,13,13,True,0.1827,0.001335,188.0
6,34,False,273,prompt,1107,1107,True,1107,1107,True,5.3396,0.002157,188.0
6,35,True,12927,prompt,31567,31567,True,31567,31567,True,0.0301,0.001672,188.0
6,36,False,1685,prompt,10558,10558,True,10558,10558,True,5.7702,0.000816,188.0
6,37,False,247,prompt,18857,18857,True,18857,18857,True,1.5733,0.00287,188.0
6,38,False,8825,prompt,310,310,True,310,310,True,0.4894,0.002573,188.0
6,39,True,12927,fhe,31567,31567,True,31567,31567,True,0.0301,0.000486,188.0
6,40,False,7888,prompt,452,452,True,452,452,True,0.547,0.001779,188.0
6,41,False,19767,prompt,7274,7274,True,7274,7274,True,0.5223,0.000872,188.0
6,42,False,9262,prompt,625,625,True,625,625,True,0.5603,0.002568,188.0
6,43,True,4394,fhe,665,665,True,665,665,True,0.5017,0.002278,188.0
6,44,False,4886,prompt,13,13,True,13,13,True,0.3671,0.00203,188.0
6,45,False,1007,prompt,13,13,True,13,13,True,0.3264,0.002603,188.0
6,46,False,670,prompt,253,253,True,253,253,True,0.9724,0.000754,188.0
6,47,True,512,fhe,1495,1495,True,1495,1495,True,0.0673,0.000722,188.0
6,48,False,12527,prompt,281,281,True,281,281,True,3.6521,0.000694,188.0
6,49,False,6255,prompt,9749,9749,True,9749,9749,True,0.8111,0.000921,188.0
6,50,False,13,prompt,285,285,True,285,285,True,0.4359,0.001463,188.0
6,51,False,11129,prompt,275,275,True,275,275,True,1.7447,0.000471,188.0
6,52,False,273,prompt,16045,16045,True,16045,16045,True,0.2124,0.003963,188.0
6,53,False,1039,prompt,281,281,True,281,281,True,0.8676,0.000769,188.0
6,54,False,7203,prompt,13,13,True,13,13,True,1.2383,0.000698,188.0
6,55,True,13,fhe,253,253,True,253,253,True,2.6539,0.000319,188.0
6,56,False,6448,prompt,275,275,True,275,275,True,0.0546,0.001126,188.0
6,57,False,1361,prompt,3657,3657,True,3657,3657,True,0.3349,0.00255,188.0
6,58,False,3710,prompt,17340,17340,True,17340,17340,True,0.418,0.005342,188.0
6,59,True,2326,prompt,1078,1078,True,1078,1078,True,3.8387,0.002329,188.0
6,60,False,253,prompt,28169,28169,True,28169,28169,True,0.0212,0.00065,188.0
6,61,False,1669,prompt,275,275,True,275,275,True,0.7759,0.000468,188.0
6,62,False,5321,prompt,2341,2341,True,2341,2341,True,1.3543,0.00106,188.0
6,63,False,534,prompt,6244,6244,True,6244,6244,True,0.3738,0.001467,188.0
7,0,False,3164,prompt,4887,4887,True,4887,4887,True,2.0011,0.001766,188.0
7,1,False,3666,prompt,19268,19268,True,19268,19268,True,5.5577,0.003288,188.0
7,2,False,8307,prompt,273,273,True,273,273,True,3.4277,0.001765,188.0
7,3,True,14847,fhe,17323,17323,True,17323,17323,True,0.114,0.000621,188.0
7,4,False,3811,prompt,21339,21339,True,21339,21339,True,0.4454,0.000814,188.0
7,5,False,253,prompt,987,987,True,987,987,True,1.6718,0.002219,188.0
7,6,False,13189,prompt,651,651,True,651,651,True,1.9761,0.0011,188.0
7,7,True,253,fhe,806,806,True,806,806,True,0.0506,0.000745,188.0
7,8,False,1024,prompt,285,285,True,285,285,True,4.2752,0.00193,188.0
7,9,False,1969,prompt,247,247,True,247,247,True,1.0085,0.002831,188.0
7,10,False,10268,prompt,253,253,True,253,253,True,1.8073,0.000615,188.0
7,11,True,14590,fhe,330,330,True,330,330,True,1.7399,0.000421,188.0
7,12,False,12405,prompt,275,275,True,275,275,True,0.2203,0.000334,188.0
7,13,False,5558,prompt,13,13,True,13,13,True,0.4453,0.000606,188.0
7,14,False,984,prompt,352,352,True,352,352,True,1.8499,0.000623,188.0
7,15,True,10544,fhe,407,407,True,407,407,True,0.9859,0.001234,188.0
7,16,False,495,prompt,14,14,True,14,14,True,0.875,0.000589,188.0
7,17,False,273,prompt,253,253,True,253,253,True,2.2923,0.001389,188.0
7,18,False,9572,prompt,347,347,True,347,347,True,1.0257,0.001313,188.0
7,19,True,253,fhe,2020,2020,True,2020,2020,True,0.2345,0.001973,188.0
7,20,False,13,prompt,285,285,True,285,285,True,0.3147,0.00129,188.0
7,21,False,281,prompt,16497,16497,True,16497,16497,True,1.2892,0.003806,188.0
7,22,False,1039,prompt,281,281,True,281,281,True,1.4517,0.002523,188.0
7,23,True,13,fhe,608,608,True,608,608,True,0.2404,0.000486,188.0
7,24,False,521,prompt,4679,4679,True,4679,4679,True,0.0584,0.000668,188.0
7,25,False,21231,prompt,382,382,True,382,382,True,6.9217,0.001048,188.0
7,26,False,13,prompt,352,352,True,352,352,True,0.3117,0.001495,188.0
7,27,True,15,fhe,187,187,True,187,187,True,1.1385,0.00127,188.0
7,28,False,1643,prompt,3038,3038,True,3038,3038,True,1.5938,0.000614,188.0
7,29,False,1966,prompt,2892,2892,True,2892,2892,True,4.0026,0.001175,188.0
7,30,False,310,prompt,326,326,True,326,326,True,0.8152,0.000913,188.0
7,31,True,3684,fhe,3968,3968,True,3968,3968,True,5.0615,0.002095,188.0
7,32,False,8049,prompt,43504,43504,True,43504,43504,True,2.1049,0.001982,188.0
7,33,False,285,prompt,521,521,True,521,521,True,0.905,0.002886,188.0
7,34,False,1107,prompt,13,13,True,13,13,True,0.6119,0.000679,188.0
7,35,True,31567,fhe,275,275,True,275,275,True,0.2472,0.001452,188.0
7,36,False,10558,prompt,673,673,True,673,673,True,1.0543,0.001434,188.0
7,37,False,5313,prompt,273,273,True,273,273,True,5.8406,0.000585,188.0
7,38,False,310,prompt,253,253,True,417,417,True,0.2887,0.000477,188.0
7,39,True,31567,fhe,275,275,True,275,275,True,0.2472,0.000871,188.0
7,40,False,2226,prompt,275,275,True,275,275,True,0.7021,0.002677,188.0
7,41,False,7274,prompt,281,281,True,281,281,True,1.7521,0.00075,188.0
7,42,False,18595,prompt,323,323,True,323,323,True,0.0253,0.000794,188.0
7,43,True,665,fhe,476,476,True,476,476,True,0.1515,0.005316,188.0
7,44,False,13,prompt,285,285,True,285,285,True,0.3791,0.000757,188.0
7,45,False,13,prompt,285,285,True,285,285,True,0.8145,0.000424,188.0
7,46,False,21646,prompt,310,310,True,310,310,True,1.5678,0.001127,188.0
7,47,True,1495,fhe,13,13,True,13,13,True,0.2518,0.000916,188.0
7,48,False,281,prompt,253,253,True,253,253,True,2.2073,0.000512,188.0
7,49,False,9749,prompt,326,326,True,326,326,True,1.392,0.000784,188.0
7,50,False,342,prompt,689,689,True,689,689,True,0.3268,0.00086,188.0
7,51,False,275,prompt,253,253,True,253,253,True,3.9337,0.000367,188.0
7,52,False,8660,prompt,13,13,True,13,13,True,0.3799,0.000668,188.0
7,53,False,1066,prompt,247,247,True,247,247,True,0.5271,0.000404,188.0
7,54,True,984,prompt,597,597,True,597,597,True,0.5363,0.001424,188.0
7,55,True,253,fhe,43093,43093,True,43093,43093,True,1.5276,0.001058,188.0
7,56,False,26485,prompt,12572,12572,True,12572,12572,True,3.1748,0.000824,188.0
7,57,False,275,prompt,253,253,True,253,253,True,1.3672,0.001345,188.0
7,58,False,2442,prompt,323,323,True,323,323,True,1.9368,0.001982,188.0
7,59,True,1078,fhe,13,13,True,13,13,True,0.8365,0.001592,188.0
7,60,False,11186,prompt,2252,2252,True,2252,2252,True,0.118,0.004018,188.0
7,61,False,275,prompt,253,253,True,253,253,True,0.0326,0.00073,188.0
7,62,False,1824,prompt,310,310,True,310,310,True,2.2659,0.000463,188.0
7,63,True,6244,prompt,6455,6455,True,6455,6455,True,0.1395,0.00088,188.0
8,0,False,4887,prompt,253,253,True,616,616,True,0.4858,0.00535,188.0
8,1,False,19268,prompt,253,253,True,253,253,True,1.9215,0.00148,188.0
8,2,False,273,prompt,6763,6763,True,6763,6763,True,0.3857,0.002408,188.0
8,3,True,17323,fhe,13,13,True,13,13,True,2.0158,0.000405,188.0
8,4,False,2181,prompt,1925,1925,True,1925,1925,True,0.9364,0.001121,188.0
8,5,False,2515,prompt,403,403,True,403,403,True,2.0917,0.001545,188.0
8,6,True,651,prompt,564,564,True,564,564,True,0.5049,0.00238,188.0
8,7,True,806,fhe,1643,1643,True,1643,1643,True,0.5527,0.002561,188.0
8,8,False,285,prompt,840,840,True,840,840,True,2.4203,0.000409,188.0
8,9,False,671,prompt,1929,1929,True,1929,1929,True,0.8319,0.001238,188.0
8,10,True,1142,prompt,3417,3417,True,3417,3417,True,0.1038,0.000654,188.0
8,11,True,330,fhe,13,13,True,13,13,True,1.0264,0.000359,188.0
8,12,False,275,prompt,247,247,True,247,247,True,1.6213,0.001445,188.0
8,13,False,1824,prompt,15,15,True,15,15,True,0.1434,0.000795,188.0
8,14,False,697,prompt,3626,3626,True,3626,3626,True,0.1136,0.001443,188.0
8,15,True,407,fhe,253,253,True,4633,4633,True,1.3798,0.001086,188.0
8,16,False,37,prompt,2317,2317,True,2317,2317,True,1.224,0.000849,188.0
8,17,False,46373,prompt,2505,2505,True,2505,2505,True,1.0963,0.001499,188.0
8,18,False,347,prompt,247,247,True,247,247,True,1.3499,0.000975,188.0
8,19,True,2020,fhe,273,273,True,273,273,True,3.0827,0.000868,188.0
8,20,False,751,prompt,247,247,True,247,247,True,1.0712,0.000582,188.0
8,21,False,16497,prompt,13,13,True,13,13,True,0.1415,0.000349,188.0
8,22,False,387,prompt,1878,1878,True,1878,1878,True,0.1565,0.00233,188.0
8,23,True,608,fhe,13,13,True,13,13,True,2.9947,0.00277,188.0
8,24,False,18307,prompt,2175,2175,True,2175,2175,True,1.0047,0.000762,188.0
8,25,False,382,prompt,41738,41738,True,41738,41738,True,9.1684,0.001997,188.0
8,26,False,10950,prompt,403,403,True,403,403,True,0.0972,0.00054,188.0
8,27,True,187,fhe,14,14,True,14,14,True,0.1363,0.001806,188.0
8,28,False,2909,prompt,1078,1078,True,1078,1078,True,0.4219,0.001425,188.0
8,29,False,2892,prompt,13,13,True,13,13,True,0.6283,0.00126,188.0
8,30,True,326,prompt,8588,8588,True,253,253,True,0.2725,0.000773,188.0
8,31,True,3968,fhe,13,13,True,13,13,True,0.96,0.000431,188.0
8,32,False,43504,prompt,403,403,True,403,403,True,5.8966,0.001861,188.0
8,33,False,6911,prompt,322,322,True,322,322,True,0.066,0.00144,188.0
8,34,False,13,prompt,285,285,True,285,285,True,0.2193,0.000504,188.0
8,35,True,275,fhe,253,253,True,253,253,True,2.5223,0.000321,188.0
8,36,False,1659,prompt,275,275,True,275,275,True,1.4006,0.000857,188.0
8,37,False,273,prompt,2929,2929,True,2929,2929,True,1.2664,0.006676,188.0
8,38,False,2120,prompt,273,273,True,273,273,True,3.6934,0.000802,188.0
8,39,True,275,fhe,253,253,True,253,253,True,2.5223,0.000715,188.0
8,40,False,327,prompt,13648,13648,True,13648,13648,True,0.234,0.000976,188.0
8,41,False,1690,prompt,253,253,True,253,253,True,0.3859,0.000911,188.0
8,42,False,323,prompt,253,253,True,253,253,True,0.4384,0.000791,188.0
8,43,True,476,fhe,11089,11089,True,11089,11089,True,0.401,0.002065,188.0
8,44,False,1014,prompt,2167,2167,True,2167,2167,True,0.0652,0.00347,188.0
8,45,False,533,prompt,597,597,True,253,253,True,0.7932,0.001034,188.0
8,46,False,310,prompt,326,326,True,326,326,True,1.1812,0.002092,188.0
8,47,True,13,fhe,285,285,True,285,285,True,1.2978,0.002818,188.0
8,48,False,253,prompt,21768,21768,True,21768,21768,True,0.5335,0.000473,188.0
8,49,False,326,prompt,11852,11852,True,11852,11852,True,0.997,0.002105,188.0
8,50,False,9790,prompt,273,273,True,273,273,True,3.8469,0.00127,188.0
8,51,True,253,prompt,1533,1533,True,1533,1533,True,3.8793,0.001774,188.0
8,52,False,13,prompt,285,285,True,285,285,True,2.0012,0.000344,188.0
8,53,False,281,prompt,253,253,True,253,253,True,2.1239,0.000469,188.0
8,54,True,597,fhe,476,476,True,476,476,True,0.1783,0.002087,188.0
8,55,True,43093,fhe,13,13,True,310,310,True,0.718,0.000837,188.0
8,56,False,48088,prompt,26485,26485,True,26485,26485,True,0.5637,0.000403,188.0
8,57,False,13538,prompt,253,253,True,253,253,True,0.7278,0.001423,188.0
8,58,False,323,prompt,21047,21047,True,21047,21047,True,0.9126,0.002145,188.0
8,59,True,13,fhe,285,285,True,285,285,True,0.3689,0.000918,188.0
8,60,False,28169,prompt,285,285,True,285,285,True,0.4797,0.00155,188.0
8,61,False,16109,prompt,2515,2515,True,2515,2515,True,0.7794,0.00206,188.0
8,62,False,387,prompt,1728,1728,True,1728,1728,True,0.0787,0.000648,188.0
8,63,True,6455,fhe,23993,23993,True,23993,23993,True,1.4099,0.000707,188.0
9,0,False,616,prompt,1027,1027,True,16483,16483,True,1.5982,0.005326,188.0
9,1,False,849,prompt,253,253,True,253,253,True,1.31,0.002024,188.0
9,2,True,25866,prompt,273,273,True,273,273,True,4.1023,0.000403,188.0
9,3,True,13,fhe,253,253,True,253,253,True,2.7923,0.000681,188.0
9,4,False,1925,prompt,247,247,True,15727,15727,True,0.8048,0.002293,188.0
9,5,False,403,prompt,987,987,True,987,987,True,1.76,0.001506,188.0
9,6,True,564,fhe,281,281,True,281,281,True,0.7418,0.001189,188.0
9,7,True,1643,fhe,1107,1107,True,1107,1107,True,2.3309,0.002864,188.0
9,8,False,840,prompt,13,13,True,13,13,True,0.2528,0.001406,188.0
9,9,False,1929,prompt,347,347,True,347,347,True,5.7514,0.0006,188.0
9,10,True,3417,fhe,273,273,True,273,273,True,0.5372,0.000671,188.0
9,11,True,13,fhe,534,534,True,534,534,True,0.4326,0.001807,188.0
9,12,False,247,prompt,1388,1388,True,1388,1388,True,0.5806,0.0025,188.0
9,13,False,15,prompt,187,187,True,187,187,True,0.3162,0.001236,188.0
9,14,True,13154,prompt,403,403,True,403,403,True,0.8367,0.002726,188.0
9,15,True,4633,fhe,6273,6273,True,6273,6273,True,2.9122,0.005135,188.0
9,16,False,2317,prompt,13,13,True,13,13,True,0.7338,0.001233,188.0
9,17,False,2505,prompt,15,15,True,15,15,True,0.1267,0.000375,188.0
9,18,True,253,prompt,954,954,True,954,954,True,0.9327,0.002008,188.0
9,19,True,273,fhe,253,253,True,697,697,True,1.224,0.000532,188.0
9,20,False,253,prompt,8090,8090,True,6505,6505,True,0.7931,0.003193,188.0
9,21,False,15,prompt,187,187,True,187,187,True,0.4006,0.001287,188.0
9,22,False,2360,prompt,281,281,True,281,281,True,0.9685,0.001305,188.0
9,23,True,13,fhe,721,721,True,721,721,True,0.9036,0.000419,188.0
9,24,False,4730,prompt,13,13,True,13,13,True,1.0447,0.000766,188.0
9,25,False,41738,prompt,10643,10643,True,10643,10643,True,1.7967,0.000573,188.0
9,26,False,452,prompt,281,281,True,281,281,True,0.0975,0.001211,188.0
9,27,True,14,fhe,380,380,True,380,380,True,1.0718,0.000364,188.0
9,28,False,846,prompt,253,253,True,4888,4888,True,0.6077,0.000706,188.0
9,29,False,15,prompt,733,733,True,733,733,True,0.4884,0.000454,188.0
9,30,True,253,fhe,8588,8588,True,3438,3438,True,0.7125,0.003609,188.0
9,31,True,13,fhe,285,285,True,285,285,True,0.9866,0.001702,188.0
9,32,False,403,prompt,4569,4569,True,4569,4569,True,3.1577,0.001516,188.0
9,33,False,10520,prompt,13,13,True,13,13,True,0.6217,0.000968,188.0
9,34,False,323,prompt,3253,3253,True,3253,3253,True,0.1215,0.001286,188.0
9,35,True,253,fhe,1533,1533,True,1533,1533,True,4.3124,0.000653,188.0
9,36,False,275,prompt,253,253,True,253,253,True,1.9543,0.000643,188.0
9,37,False,7154,prompt,5253,5253,True,5253,5253,True,1.8329,0.002388,188.0
9,38,True,273,prompt,1495,1495,True,1495,1495,True,0.2544,0.00288,188.0
9,39,True,253,fhe,1533,1533,True,1533,1533,True,4.3124,0.000646,188.0
9,40,False,44091,prompt,17546,17546,True,17546,17546,True,3.0312,0.00463,188.0
9,41,False,10843,prompt,13,13,True,13,13,True,2.3353,0.001537,188.0
9,42,False,6493,prompt,281,281,True,281,281,True,0.9587,0.001725,188.0
9,43,True,11089,fhe,432,432,True,432,432,True,2.7865,0.000836,188.0
9,44,False,672,prompt,352,352,True,352,352,True,0.0783,0.000783,188.0
9,45,False,597,prompt,403,403,True,1335,1335,True,0.7943,0.002907,188.0
9,46,True,326,prompt,597,597,True,597,597,True,2.7977,0.001536,188.0
9,47,True,285,fhe,253,253,True,352,352,True,0.8648,0.000889,188.0
9,48,False,2620,prompt,21768,21768,True,21768,21768,True,2.4709,0.001969,188.0
9,49,False,11852,prompt,253,253,True,253,253,True,1.6949,0.000464,188.0
9,50,False,273,prompt,952,952,True,952,952,True,0.2358,0.002569,188.0
9,51,True,1533,fhe,13,13,True,13,13,True,0.5374,0.000496,188.0
9,52,False,16269,prompt,13,13,True,285,285,True,1.1793,0.001067,188.0
9,53,False,253,prompt,6150,6150,True,6150,6150,True,1.9765,0.000771,188.0
9,54,True,476,fhe,457,457,True,457,457,True,0.357,0.002155,188.0
9,55,True,310,fhe,253,253,True,247,247,True,0.4198,0.000838,188.0
9,56,False,5041,prompt,12572,12572,True,10,10,True,0.3415,0.00065,188.0
9,57,False,3998,prompt,4723,4723,True,4723,4723,True,0.6881,0.002384,188.0
9,58,False,10106,prompt,1320,1320,True,1320,1320,True,0.1265,0.000893,188.0
9,59,True,285,fhe,253,253,True,253,253,True,0.4001,0.001208,188.0
9,60,False,1078,prompt,253,253,True,597,597,True,0.8421,0.001304,188.0
9,61,False,2329,prompt,13,13,True,13,13,True,0.0133,0.001228,188.0
9,62,False,1728,prompt,310,310,True,310,310,True,3.6308,0.000768,188.0
9,63,True,23993,fhe,715,715,True,715,715,True,1.7166,0.000731,188.0
10,0,False,2675,prompt,285,285,True,285,285,True,0.6953,0.002428,188.0
10,1,False,353,prompt,5696,5696,True,5696,5696,True,0.017,0.001521,188.0
10,2,True,273,fhe,6114,6114,True,6114,6114,True,0.8292,0.001561,188.0
10,3,True,253,fhe,5396,5396,True,5396,5396,True,0.6418,0.000669,188.0
10,4,False,15727,prompt,15,15,True,15,15,True,0.5494,0.000662,188.0
10,5,False,987,prompt,323,323,True,281,281,True,0.3957,0.001072,188.0
10,6,True,281,fhe,253,253,True,253,253,True,1.3146,0.000321,188.0
10,7,True,1107,fhe,13,13,True,13,13,True,0.4475,0.00073,188.0
10,8,False,13,prompt,533,533,True,533,533,True,0.7482,0.000384,188.0
10,9,False,347,prompt,346,346,True,346,346,True,0.79,0.001222,188.0
10,10,True,273,fhe,23816,23816,True,23816,23816,True,0.087,0.001255,188.0
10,11,True,534,fhe,310,310,True,310,310,True,1.2871,0.001443,188.0
10,12,False,2014,prompt,1388,1388,True,1388,1388,True,1.8607,0.002909,188.0
10,13,False,831,prompt,310,310,True,2097,2097,True,0.7693,0.005007,188.0
10,14,True,403,fhe,1077,1077,True,1077,1077,True,0.8307,0.00575,188.0
10,15,True,6273,fhe,323,323,True,323,323,True,0.2167,0.000489,188.0
10,16,False,13,prompt,285,285,True,285,285,True,0.6357,0.001332,188.0
10,17,False,7465,prompt,15,15,True,15,15,True,0.71,0.001669,188.0
10,18,True,954,fhe,1774,1774,True,1774,1774,True,0.8796,0.000816,188.0
10,19,True,697,fhe,14636,14636,True,14636,14636,True,1.2159,0.001236,188.0
10,20,False,23467,prompt,273,273,True,273,273,True,3.6279,0.000949,188.0
10,21,False,3808,prompt,11515,11515,True,11515,11515,True,0.0178,0.000589,188.0
10,22,True,407,prompt,2360,2360,True,253,253,True,0.175,0.001982,188.0
10,23,True,721,fhe,13,13,True,13,13,True,3.4396,0.001727,188.0
10,24,False,13,prompt,344,344,True,344,344,True,1.861,0.000936,188.0
10,25,False,37116,prompt,10944,10944,True,10944,10944,True,0.2885,0.002464,188.0
10,26,True,644,prompt,2820,2820,True,2820,2820,True,0.4328,0.002929,188.0
10,27,True,380,fhe,6505,6505,True,6505,6505,True,0.0616,0.000705,188.0
10,28,False,3578,prompt,258,258,True,258,258,True,0.1635,0.001183,188.0
10,29,False,733,prompt,310,310,True,310,310,True,0.7024,0.003873,188.0
10,30,True,3438,fhe,310,310,True,403,403,True,1.9369,0.002503,188.0
10,31,True,285,fhe,253,253,True,352,352,True,0.4322,0.001378,188.0
10,32,False,4569,prompt,323,323,True,323,323,True,8.5802,0.00073,188.0
10,33,False,5189,prompt,253,253,True,253,253,True,0.8898,0.00176,188.0
10,34,False,247,prompt,5235,5235,True,5235,5235,True,1.2117,0.003856,188.0
10,35,True,1533,fhe,13,13,True,13,13,True,0.9652,0.001619,188.0
10,36,False,253,prompt,1533,1533,True,1533,1533,True,0.3588,0.002754,188.0
10,37,False,5253,prompt,13,13,True,13,13,True,0.7598,0.001322,188.0
10,38,True,1495,fhe,13,13,True,15,15,True,0.0552,0.000794,188.0
10,39,True,1533,fhe,13,13,True,13,13,True,0.9652,0.000586,188.0
10,40,False,3216,prompt,13,13,True,13,13,True,0.9821,0.003522,188.0
10,41,False,13,prompt,3646,3646,True,7248,7248,True,0.3044,0.000887,188.0
10,42,True,534,prompt,651,651,True,651,651,True,0.7105,0.001019,188.0
10,43,True,432,fhe,253,253,True,247,247,True,0.0472,0.001489,188.0
10,44,False,253,prompt,2553,2553,True,2553,2553,True,0.3056,0.001512,188.0
10,45,False,403,prompt,1335,1335,True,1335,1335,True,0.4673,0.0014,188.0
10,46,True,597,fhe,403,403,True,403,403,True,1.8667,0.003268,188.0
10,47,True,352,fhe,310,310,True,310,310,True,2.6518,0.002436,188.0
10,48,False,21768,prompt,13,13,True,13,13,True,0.3111,0.001307,188.0
10,49,False,670,prompt,337,337,True,337,337,True,0.1939,0.001448,188.0
10,50,False,1027,prompt,3417,3417,True,3417,3417,True,2.5774,0.001219,188.0
10,51,True,13,fhe,387,387,True,387,387,True,0.2335,0.000727,188.0
10,52,False,13,prompt,285,285,True,285,285,True,0.7823,0.001937,188.0
10,53,False,6150,prompt,13,13,True,13,13,True,0.2355,0.001624,188.0
10,54,True,457,fhe,85,85,True,85,85,True,9.7484,0.002443,188.0
10,55,True,247,fhe,2201,2201,True,2201,2201,True,0.014,0.00126,188.0
10,56,False,27738,prompt,13,13,True,13,13,True,0.6891,0.002573,188.0
10,57,False,2923,prompt,15,15,True,15,15,True,0.0547,0.000578,188.0
10,58,False,285,prompt,17340,17340,True,17340,17340,True,0.1361,0.001311,188.0
10,59,True,253,fhe,13649,13649,True,13649,13649,True,0.1355,0.001142,188.0
10,60,False,253,prompt,8762,8762,True,8762,8762,True,0.3741,0.001618,188.0
10,61,False,323,prompt,247,247,True,247,247,True,0.4579,0.001303,188.0
10,62,True,310,prompt,281,281,True,407,407,True,1.519,0.001915,188.0
10,63,True,715,fhe,5793,5793,True,5793,5793,True,0.5695,0.001149,188.0
11,0,False,5289,prompt,15,15,True,15,15,True,0.2504,0.001464,188.0
11,1,False,9747,prompt,282,282,True,282,282,True,2.9559,0.002432,188.0
11,2,True,6114,fhe,275,275,True,275,275,True,0.4643,0.001703,188.0
11,3,True,5396,fhe,17323,17323,True,17323,17323,True,3.3635,0.000787,188.0
11,4,False,15,prompt,380,380,True,380,380,True,0.1961,0.000607,188.0
11,5,False,15,prompt,187,187,True,187,187,True,0.4691,0.00183,188.0
11,6,True,253,fhe,2143,2143,True,6335,6335,True,0.2666,0.000952,188.0
11,7,True,13,fhe,533,533,True,533,533,True,0.2896,0.000922,188.0
11,8,False,285,prompt,253,253,True,253,253,True,0.1577,0.000519,188.0
11,9,False,10844,prompt,18571,18571,True,12235,12235,True,0.8571,0.003345,188.0
11,10,True,23816,fhe,13,13,True,13,13,True,0.4777,0.002321,188.0
11,11,True,310,fhe,5667,5667,True,5667,5667,True,0.615,0.001154,188.0
11,12,False,1388,prompt,13,13,True,13,13,True,0.3218,0.000545,188.0
11,13,False,2969,prompt,958,958,True,958,958,True,1.4019,0.001004,188.0
11,14,True,1077,fhe,4030,4030,True,4030,4030,True,0.6363,0.005112,188.0
11,15,True,323,fhe,247,247,True,247,247,True,1.0003,0.001275,188.0
11,16,False,534,prompt,310,310,True,2097,2097,True,0.3926,0.001647,188.0
11,17,False,342,prompt,436,436,True,436,436,True,1.7681,0.002666,188.0
11,18,True,1774,fhe,3389,3389,True,3389,3389,True,0.534,0.001246,188.0
11,19,True,14636,fhe,310,310,True,310,310,True,2.8506,0.000785,188.0
11,20,False,273,prompt,247,247,True,247,247,True,0.6356,0.005356,188.0
11,21,False,6266,prompt,253,253,True,253,253,True,0.436,0.000454,188.0
11,22,True,253,fhe,897,897,True,897,897,True,0.3691,0.001697,188.0
11,23,True,13,fhe,818,818,True,818,818,True,2.466,0.00055,188.0
11,24,False,344,prompt,369,369,True,369,369,True,0.1396,0.003647,188.0
11,25,False,10944,prompt,403,403,True,403,403,True,0.0721,0.000673,188.0
11,26,True,2820,fhe,281,281,True,281,281,True,4.3998,0.00038,188.0
11,27,True,6505,fhe,403,403,True,403,403,True,1.4988,0.000659,188.0
11,28,False,15,prompt,15971,15971,True,15971,15971,True,2.4445,0.002415,188.0
11,29,False,11359,prompt,2739,2739,True,2739,2739,True,1.8264,0.000763,188.0
11,30,True,403,fhe,253,253,True,625,625,True,0.3148,0.00113,188.0
11,31,True,352,fhe,310,310,True,14221,14221,True,0.9317,0.001492,188.0
11,32,False,323,prompt,512,512,True,4130,4130,True,4.2044,0.001935,188.0
11,33,False,253,prompt,806,806,True,806,806,True,0.1822,0.006015,188.0
11,34,False,5235,prompt,273,273,True,273,273,True,4.1272,0.000672,188.0
11,35,True,13,fhe,285,285,True,285,285,True,0.5328,0.000671,188.0
11,36,False,3874,prompt,13,13,True,13,13,True,0.215,0.000555,188.0
11,37,False,15,prompt,15971,15971,True,15971,15971,True,1.4619,0.001091,188.0
11,38,True,15,fhe,733,733,True,733,733,True,0.4451,0.000387,188.0
11,39,True,13,fhe,285,285,True,285,285,True,0.5328,0.001271,188.0
11,40,False,275,prompt,253,253,True,253,253,True,2.6025,0.000387,188.0
11,41,False,17940,prompt,26911,26911,True,26911,26911,True,0.3671,0.002031,188.0
11,42,True,651,fhe,452,452,True,452,452,True,0.1294,0.00237,188.0
11,43,True,247,fhe,2798,2798,True,2798,2798,True,0.125,0.002315,188.0
11,44,False,14593,prompt,310,310,True,1268,1268,True,1.5416,0.001895,188.0
11,45,False,1077,prompt,1892,1892,True,1892,1892,True,0.1411,0.001335,188.0
11,46,True,403,fhe,417,417,True,417,417,True,0.0557,0.002868,188.0
11,47,True,310,fhe,253,253,True,253,253,True,1.5685,0.000575,188.0
11,48,False,15,prompt,380,380,True,380,380,True,0.0192,0.000627,188.0
11,49,False,337,prompt,275,275,True,275,275,True,0.9579,0.001164,188.0
11,50,False,9351,prompt,273,273,True,273,273,True,2.7134,0.00079,188.0
11,51,True,387,fhe,854,854,True,854,854,True,0.7489,0.000408,188.0
11,52,False,285,prompt,4888,4888,True,4888,4888,True,0.9331,0.002068,188.0
11,53,False,15,prompt,380,380,True,380,380,True,0.0491,0.001616,188.0
11,54,True,85,fhe,1973,1973,True,1089,1089,True,0.6501,0.004051,188.0
11,55,True,2201,fhe,13120,13120,True,13120,13120,True,0.1347,0.002576,188.0
11,56,False,13,prompt,1283,1283,True,1283,1283,True,1.762,0.00051,188.0
11,57,False,407,prompt,8493,8493,True,8493,8493,True,0.5527,0.004087,188.0
11,58,False,42197,prompt,10858,10858,True,10858,10858,True,1.1471,0.002892,188.0
11,59,True,13649,fhe,369,369,True,369,369,True,0.1493,0.00289,188.0
11,60,False,1824,prompt,1959,1959,True,1959,1959,True,1.5833,0.001275,188.0
11,61,False,247,prompt,1048,1048,True,1048,1048,True,1.6895,0.000791,188.0
11,62,True,407,fhe,970,970,True,970,970,True,1.5914,0.002376,188.0
11,63,True,5793,fhe,2341,2341,True,2341,2341,True,4.7885,0.002147,188.0
12,0,False,13,prompt,534,534,True,534,534,True,0.1517,0.000676,188.0
12,1,False,282,prompt,1173,1173,True,1173,1173,True,8.1053,0.004665,188.0
12,2,True,275,fhe,253,253,True,253,253,True,0.417,0.001458,188.0
12,3,True,17323,fhe,13,13,True,285,285,True,2.2049,0.002487,188.0
12,4,False,2091,prompt,368,368,True,368,368,True,0.4017,0.001123,188.0
12,5,False,733,prompt,476,476,True,310,310,True,0.273,0.002193,188.0
12,6,True,6335,fhe,281,281,True,285,285,True,0.2064,0.001428,188.0
12,7,True,533,fhe,352,352,True,352,352,True,0.0897,0.00194,188.0
12,8,False,11260,prompt,403,403,True,403,403,True,0.973,0.001173,188.0
12,9,False,11172,prompt,2728,2728,True,2728,2728,True,4.397,0.002532,188.0
12,10,True,13,fhe,1690,1690,True,1690,1690,True,0.6804,0.002148,188.0
12,11,True,5667,fhe,323,323,True,323,323,True,2.3027,0.000739,188.0
12,12,False,15,prompt,187,187,True,187,187,True,0.748,0.000408,188.0
12,13,False,958,prompt,310,310,True,2789,2789,True,0.1602,0.002145,188.0
12,14,True,4030,fhe,15,15,True,15,15,True,0.3674,0.001848,188.0
12,15,True,247,fhe,1740,1740,True,1740,1740,True,0.1251,0.000676,188.0
12,16,False,2097,prompt,326,326,True,326,326,True,1.5475,0.002496,188.0
12,17,False,436,prompt,18366,18366,True,18366,18366,True,0.2812,0.001347,188.0
12,18,True,3389,fhe,275,275,True,275,275,True,0.8875,0.000661,188.0
12,19,True,310,fhe,12660,12660,True,12660,12660,True,1.2786,0.000782,188.0
12,20,False,247,prompt,2419,2419,True,2419,2419,True,1.8743,0.0061,188.0
12,21,False,247,prompt,3159,3159,True,3159,3159,True,0.3703,0.001054,188.0
12,22,True,897,fhe,273,273,True,273,273,True,5.074,0.001863,188.0
12,23,True,818,fhe,13,13,True,13,13,True,3.8881,0.001445,188.0
12,24,False,369,prompt,4888,4888,True,4888,4888,True,0.1117,0.004205,188.0
12,25,False,921,prompt,326,326,True,326,326,True,1.3538,0.0022,188.0
12,26,True,281,fhe,2096,2096,True,2096,2096,True,0.3228,0.006755,188.0
12,27,True,403,fhe,17958,17958,True,17958,17958,True,0.2284,0.001046,188.0
12,28,False,5595,prompt,273,273,True,273,273,True,0.1126,0.001557,188.0
12,29,False,2739,prompt,5352,5352,True,5352,5352,True,1.1665,0.001128,188.0
12,30,True,625,fhe,6474,6474,True,6474,6474,True,0.0163,0.004357,188.0
12,31,True,14221,fhe,949,949,True,949,949,True,0.2325,0.003008,188.0
12,32,False,512,prompt,4292,4292,True,4292,4292,True,2.5021,0.002164,188.0
12,33,False,23147,prompt,21868,21868,True,21868,21868,True,0.2727,0.004549,188.0
12,34,True,273,prompt,6378,6378,True,6378,6378,True,0.701,0.004037,188.0
12,35,True,285,fhe,253,253,True,352,352,True,0.4632,0.002672,188.0
12,36,False,15,prompt,380,380,True,380,380,True,0.8542,0.001206,188.0
12,37,False,1500,prompt,15971,15971,True,15971,15971,True,1.2063,0.001295,188.0
12,38,True,733,fhe,310,310,True,457,457,True,1.5826,0.00132,188.0
12,39,True,285,fhe,253,253,True,352,352,True,0.4632,0.001336,188.0
12,40,False,31913,prompt,39536,39536,True,39536,39536,True,7.2244,0.002691,188.0
12,41,False,5593,prompt,13,13,True,285,285,True,1.4107,0.001307,188.0
12,42,True,452,fhe,4136,4136,True,4136,4136,True,0.2813,0.003783,188.0
12,43,True,2798,fhe,2983,2983,True,2983,2983,True,1.0607,0.002175,188.0
12,44,False,4453,prompt,6079,6079,True,6079,6079,True,0.3284,0.000989,188.0
12,45,False,2266,prompt,285,285,True,285,285,True,0.1319,0.001767,188.0
12,46,True,417,fhe,4228,4228,True,4228,4228,True,0.5568,0.001157,188.0
12,47,True,253,fhe,2603,2603,True,760,760,True,0.6046,0.000525,188.0
12,48,False,733,prompt,310,310,True,310,310,True,2.5921,0.002509,188.0
12,49,False,2558,prompt,273,273,True,273,273,True,1.6876,0.000948,188.0
12,50,False,273,prompt,16711,16711,True,16711,16711,True,0.1382,0.001963,188.0
12,51,True,854,fhe,13,13,True,13,13,True,5.6663,0.002413,188.0
12,52,False,5254,prompt,272,272,True,272,272,True,2.3638,0.001186,188.0
12,53,False,733,prompt,310,310,True,310,310,True,1.3446,0.002185,188.0
12,54,True,1089,fhe,2217,2217,True,2217,2217,True,0.5611,0.000874,188.0
12,55,True,13120,fhe,12235,12235,True,12235,12235,True,0.7489,0.000785,188.0
12,56,False,260,prompt,15,15,True,15,15,True,4.0945,0.00147,188.0
12,57,False,11850,prompt,253,253,True,253,253,True,0.5691,0.000698,188.0
12,58,True,1495,prompt,13,13,True,13,13,True,0.7683,0.002879,188.0
12,59,True,369,fhe,594,594,True,594,594,True,0.1466,0.003698,188.0
12,60,False,1959,prompt,13505,13505,True,13505,13505,True,9.6638,0.001533,188.0
12,61,False,1048,prompt,673,673,True,673,673,True,0.766,0.001106,188.0
12,62,True,970,fhe,247,247,True,247,247,True,1.673,0.00073,188.0
12,63,True,2341,fhe,15,15,True,15,15,True,1.0451,0.000283,188.0
13,0,False,253,prompt,8607,8607,True,8607,8607,True,0.2976,0.003901,188.0
13,1,False,1173,prompt,434,434,True,434,434,True,0.378,0.001316,188.0
13,2,True,253,fhe,45090,45090,True,45090,45090,True,1.4843,0.000541,188.0
13,3,True,285,fhe,253,253,True,253,253,True,5.9565,0.001042,188.0
13,4,False,15727,prompt,28468,28468,True,28468,28468,True,0.2682,0.001031,188.0
13,5,False,3198,prompt,247,247,True,247,247,True,0.1301,0.000557,188.0
13,6,True,285,fhe,1239,1239,True,1239,1239,True,0.1309,0.000909,188.0
13,7,True,352,fhe,310,310,True,588,588,True,0.4028,0.001466,188.0
13,8,False,403,prompt,642,642,True,642,642,True,1.9611,0.000936,188.0
13,9,False,2728,prompt,1969,1969,True,1969,1969,True,2.1446,0.00103,188.0
13,10,True,1690,fhe,253,253,True,6994,6994,True,1.2507,0.00152,188.0
13,11,True,323,fhe,253,253,True,253,253,True,1.4072,0.000713,188.0
13,12,False,1500,prompt,778,778,True,588,588,True,0.4981,0.001456,188.0
13,13,False,11359,prompt,253,253,True,253,253,True,0.9102,0.001443,188.0
13,14,True,15,fhe,187,187,True,187,187,True,0.0703,0.000727,188.0
13,15,True,1740,fhe,14,14,True,14,14,True,1.3134,0.001224,188.0
13,16,False,512,prompt,253,253,True,253,253,True,0.43,0.000721,188.0
13,17,False,23176,prompt,13,13,True,13,13,True,0.5278,0.001478,188.0
13,18,True,275,fhe,253,253,True,2448,2448,True,1.2985,0.001892,188.0
13,19,True,12660,fhe,3272,3272,True,3272,3272,True,0.9313,0.002903,188.0
13,20,False,10086,prompt,3652,3652,True,3652,3652,True,0.4774,0.002595,188.0
13,21,False,5471,prompt,273,273,True,273,273,True,1.8206,0.001439,188.0
13,22,True,273,fhe,247,247,True,247,247,True,0.2733,0.001513,188.0
13,23,True,13,fhe,854,854,True,854,854,True,1.2418,0.001792,188.0
13,24,False,2197,prompt,281,281,True,281,281,True,2.5645,0.000341,188.0
13,25,False,326,prompt,253,253,True,253,253,True,1.6839,0.002037,188.0
13,26,True,2096,fhe,849,849,True,849,849,True,1.0522,0.001035,188.0
13,27,True,17958,fhe,13,13,True,13,13,True,2.2278,0.001658,188.0
13,28,False,16479,prompt,15971,15971,True,15971,15971,True,1.2135,0.000641,188.0
13,29,False,432,prompt,15695,15695,True,15695,15695,True,1.3452,0.008023,188.0
13,30,True,6474,fhe,13,13,True,13,13,True,0.1271,0.001108,188.0
13,31,True,949,fhe,253,253,True,10869,10869,True,1.0174,0.000441,188.0
13,32,False,4292,prompt,390,390,True,390,390,True,10.2774,0.002233,188.0
13,33,False,23225,prompt,4114,4114,True,4114,4114,True,4.758,0.001796,188.0
13,34,True,6378,fhe,13,13,True,15,15,True,0.6248,0.000479,188.0
13,35,True,352,fhe,310,310,True,4428,4428,True,0.9165,0.001232,188.0
13,36,False,3452,prompt,1832,1832,True,1832,1832,True,4.5198,0.000792,188.0
13,37,False,4307,prompt,15971,15971,True,15971,15971,True,1.0108,0.001028,188.0
13,38,True,457,fhe,84,84,True,84,84,True,7.1332,0.003808,188.0
13,39,True,352,fhe,310,310,True,4428,4428,True,0.9165,0.000779,188.0
13,40,False,39536,prompt,13,13,True,13,13,True,0.5449,0.000968,188.0
13,41,False,13,prompt,285,285,True,285,285,True,1.0371,0.00132,188.0
13,42,True,4136,fhe,731,731,True,731,731,True,0.8544,0.001555,188.0
13,43,True,2983,fhe,15,15,True,15,15,True,0.9742,0.000881,188.0
13,44,False,1335,prompt,15,15,True,15,15,True,1.3145,0.001937,188.0
13,45,False,15,prompt,187,187,True,187,187,True,0.394,0.000668,188.0
13,46,True,4228,fhe,13,13,True,13,13,True,0.1229,0.000561,188.0
13,47,True,760,fhe,2603,2603,True,581,581,True,0.7679,0.000694,188.0
13,48,False,2506,prompt,457,457,True,457,457,True,1.0151,0.010607,188.0
13,49,False,273,prompt,253,253,True,253,253,True,2.4672,0.002863,188.0
13,50,False,16711,prompt,15,15,True,15,15,True,0.3126,0.001422,188.0
13,51,True,13,fhe,26,26,True,26,26,True,0.3631,0.005626,188.0
13,52,False,40167,prompt,13,13,True,15,15,True,0.0598,0.003518,188.0
13,53,False,270,prompt,1727,1727,True,1727,1727,True,3.9819,0.001537,188.0
13,54,True,2217,fhe,2739,2739,True,2739,2739,True,1.6766,0.002565,188.0
13,55,True,12235,fhe,13,13,True,323,323,True,0.1798,0.002385,188.0
13,56,False,15,prompt,1283,1283,True,1283,1283,True,0.9075,0.001717,188.0
13,57,False,247,prompt,5875,5875,True,5875,5875,True,2.2118,0.001403,188.0
13,58,True,13,fhe,253,253,True,253,253,True,2.1318,0.001374,188.0
13,59,True,594,fhe,2080,2080,True,2080,2080,True,0.2056,0.001516,188.0
13,60,False,13505,prompt,13,13,True,13,13,True,0.078,0.000502,188.0
13,61,False,673,prompt,15,15,True,15,15,True,0.4004,0.001649,188.0
13,62,True,247,fhe,1824,1824,True,1698,1698,True,0.9769,0.002851,188.0
13,63,True,15,fhe,380,380,True,380,380,True,0.0845,0.001209,188.0
14,0,False,4477,prompt,3630,3630,True,3630,3630,True,0.1198,0.001691,188.0
14,1,False,8131,prompt,253,253,True,253,253,True,1.672,0.000661,188.0
14,2,True,45090,fhe,10834,10834,True,10834,10834,True,4.2525,0.000668,188.0
14,3,True,253,fhe,11553,11553,True,11553,11553,True,0.1865,0.001728,188.0
14,4,False,310,prompt,10208,10208,True,10208,10208,True,0.9344,0.004101,188.0
14,5,False,1824,prompt,13,13,True,13,13,True,0.856,0.000918,188.0
14,6,True,1239,fhe,15,15,True,15,15,True,0.4092,0.002169,188.0
14,7,True,588,fhe,878,878,True,878,878,True,0.0238,0.003534,188.0
14,8,False,642,prompt,6517,6517,True,6517,6517,True,1.2736,0.000518,188.0
14,9,False,13,prompt,390,390,True,390,390,True,0.1049,0.000844,188.0
14,10,True,6994,fhe,17267,17267,True,17267,17267,True,4.5563,0.000801,188.0
14,11,True,253,fhe,2133,2133,True,2133,2133,True,0.1987,0.00247,188.0
14,12,False,17208,prompt,425,425,True,425,425,True,2.0957,0.000892,188.0
14,13,False,28169,prompt,432,432,True,432,432,True,0.0252,0.000573,188.0
14,14,True,187,fhe,510,510,True,510,510,True,0.2867,0.0004,188.0
14,15,True,14,fhe,2913,2913,True,2913,2913,True,6.748,0.001889,188.0
14,16,False,5113,prompt,403,403,True,403,403,True,0.6622,0.001092,188.0
14,17,False,873,prompt,273,273,True,273,273,True,3.2947,0.000596,188.0
14,18,True,2448,fhe,2892,2892,True,2892,2892,True,3.641,0.000915,188.0
14,19,True,3272,fhe,15,15,True,15,15,True,2.2636,0.00282,188.0
14,20,False,2419,prompt,15,15,True,15,15,True,0.2517,0.003081,188.0
14,21,False,13,prompt,247,247,True,690,690,True,0.1444,0.000712,188.0
14,22,True,247,fhe,17066,17066,True,17066,17066,True,1.2931,0.000799,188.0
14,23,True,854,fhe,13,13,True,13,13,True,3.6818,0.000692,188.0
14,24,False,281,prompt,253,253,True,253,253,True,0.5665,0.002256,188.0
14,25,False,3417,prompt,273,273,True,273,273,True,0.4373,0.001052,188.0
14,26,True,849,fhe,352,352,True,352,352,True,0.1168,0.002617,188.0
14,27,True,13,fhe,2969,2969,True,2969,2969,True,1.5963,0.003189,188.0
14,28,False,7320,prompt,745,745,True,745,745,True,0.0824,0.001297,188.0
14,29,False,15695,prompt,4837,4837,True,4837,4837,True,5.7646,0.003685,188.0
14,30,True,13,fhe,285,285,True,1223,1223,True,0.4566,0.003326,188.0
14,31,True,10869,fhe,13,13,True,15,15,True,1.5871,0.001823,188.0
14,32,False,390,prompt,275,275,True,275,275,True,10.508,0.00276,188.0
14,33,False,4114,prompt,7742,7742,True,7742,7742,True,2.3802,0.001564,188.0
14,34,True,15,fhe,380,380,True,380,380,True,0.3752,0.000771,188.0
14,35,True,4428,fhe,670,670,True,670,670,True,0.0771,0.00082,188.0
14,36,False,1832,prompt,403,403,True,403,403,True,1.1156,0.000605,188.0
14,37,False,4541,prompt,13,13,True,13,13,True,0.9509,0.000924,188.0
14,38,True,84,fhe,247,247,True,9338,9338,True,0.1912,0.001561,188.0
14,39,True,4428,fhe,670,670,True,670,670,True,0.0771,0.000684,188.0
14,40,False,15,prompt,380,380,True,380,380,True,0.351,0.000711,188.0
14,41,False,34871,prompt,13,13,True,285,285,True,1.7347,0.001658,188.0
14,42,True,731,fhe,281,281,True,281,281,True,4.8752,0.001937,188.0
14,43,True,15,fhe,187,187,True,187,187,True,0.6936,0.000454,188.0
14,44,False,15,prompt,187,187,True,187,187,True,0.3883,0.000397,188.0
14,45,False,25081,prompt,253,253,True,253,253,True,1.9043,0.000911,188.0
14,46,True,13,fhe,533,533,True,533,533,True,0.2197,0.000663,188.0
14,47,True,581,fhe,326,326,True,326,326,True,2.0608,0.000763,188.0
14,48,False,626,prompt,452,452,True,452,452,True,0.791,0.001072,188.0
14,49,False,253,prompt,3072,3072,True,3072,3072,True,1.5783,0.001732,188.0
14,50,True,275,prompt,1016,1016,True,1016,1016,True,0.8907,0.000519,188.0
14,51,True,26,fhe,2385,2385,True,2385,2385,True,0.3856,0.001615,188.0
14,52,False,15,prompt,380,380,True,380,380,True,0.1435,0.001056,188.0
14,53,False,1727,prompt,3790,3790,True,3790,3790,True,0.5285,0.000683,188.0
14,54,True,2739,fhe,281,281,True,281,281,True,1.0569,0.000371,188.0
14,55,True,323,fhe,253,253,True,10253,10253,True,0.8979,0.000612,188.0
14,56,False,5080,prompt,1283,1283,True,1283,1283,True,0.4934,0.002813,188.0
14,57,False,5875,prompt,3998,3998,True,2614,2614,True,0.5333,0.00468,188.0
14,58,True,253,fhe,2170,2170,True,2170,2170,True,0.0835,0.001842,188.0
14,59,True,2080,fhe,1977,1977,True,1977,1977,True,3.6738,0.001177,188.0
14,60,False,15,prompt,187,187,True,187,187,True,0.0548,0.002253,188.0
14,61,False,15,prompt,733,733,True,733,733,True,0.2013,0.000523,188.0
14,62,True,1698,fhe,14,14,True,14,14,True,1.9473,0.000969,188.0
14,63,True,380,fhe,1232,1232,True,1232,1232,True,1.6248,0.00132,188.0
15,0,False,1333,prompt,15,15,True,15,15,True,0.9111,0.001459,188.0
15,1,False,285,prompt,8131,8131,True,908,908,True,0.9867,0.001328,188.0
15,2,True,10834,fhe,15,15,True,15,15,True,0.2556,0.001003,188.0
15,3,True,11553,fhe,17323,17323,True,17323,17323,True,4.2676,0.002735,188.0
15,4,False,6804,prompt,342,342,True,342,342,True,2.8717,0.000367,188.0
15,5,False,13,prompt,1708,1708,True,1708,1708,True,0.3415,0.000626,188.0
15,6,True,15,fhe,187,187,True,187,187,True,0.5666,0.000491,188.0
15,7,True,878,fhe,281,281,True,281,281,True,1.7212,0.000744,188.0
15,8,False,6517,prompt,15,15,True,15,15,True,2.7643,0.000622,188.0
15,9,False,32317,prompt,13,13,True,390,390,True,1.1647,0.001805,188.0
15,10,True,17267,fhe,13,13,True,15,15,True,1.4881,0.000733,188.0
15,11,True,2133,fhe,281,281,True,281,281,True,0.1,0.000399,188.0
15,12,False,253,prompt,425,425,True,425,425,True,3.5395,0.003755,188.0
15,13,False,432,prompt,24250,24250,True,24250,24250,True,2.1717,0.003253,188.0
15,14,True,510,fhe,25818,25818,True,25818,25818,True,1.2901,0.001563,188.0
15,15,True,2913,fhe,1307,1307,True,1307,1307,True,4.054,0.003038,188.0
15,16,False,452,prompt,247,247,True,281,281,True,0.4302,0.001985,188.0
15,17,False,273,prompt,16507,16507,True,16507,16507,True,0.3296,0.002686,188.0
15,18,True,2892,fhe,15,15,True,15,15,True,0.48,0.001754,188.0
15,19,True,15,fhe,187,187,True,187,187,True,0.1512,0.001429,188.0
15,20,False,15,prompt,380,380,True,380,380,True,0.2136,0.000545,188.0
15,21,False,285,prompt,2571,2571,True,2571,2571,True,0.346,0.001945,188.0
15,22,True,17066,fhe,15,15,True,15,15,True,0.272,0.002033,188.0
15,23,True,13,fhe,898,898,True,898,898,True,2.3462,0.000567,188.0
15,24,False,247,prompt,2143,2143,True,2143,2143,True,0.3628,0.001502,188.0
15,25,False,273,prompt,253,253,True,11783,11783,True,0.907,0.001331,188.0
15,26,True,352,fhe,11852,11852,True,588,588,True,0.327,0.001322,188.0
15,27,True,2969,fhe,13,13,True,13,13,True,2.0569,0.001296,188.0
15,28,False,1066,prompt,15971,15971,True,15971,15971,True,0.021,0.000825,188.0
15,29,False,4837,prompt,13,13,True,13,13,True,0.6917,0.001416,188.0
15,30,True,1223,fhe,253,253,True,253,253,True,2.593,0.004886,188.0
15,31,True,15,fhe,733,733,True,733,733,True,0.0784,0.001561,188.0
15,32,False,275,prompt,512,512,True,512,512,True,7.5085,0.001133,188.0
15,33,False,7742,prompt,313,313,True,313,313,True,0.0399,0.000721,188.0
15,34,True,380,fhe,18353,18353,True,18353,18353,True,0.3656,0.000927,188.0
15,35,True,670,fhe,2716,2716,True,2716,2716,True,1.1984,0.000376,188.0
15,36,False,326,prompt,452,452,True,452,452,True,0.4795,0.000917,188.0
15,37,False,13,prompt,285,285,True,285,285,True,0.1371,0.002053,188.0
15,38,True,9338,fhe,13,13,True,342,342,True,0.5562,0.00092,188.0
15,39,True,670,fhe,2716,2716,True,2716,2716,True,1.1984,0.001595,188.0
15,40,False,401,prompt,22711,22711,True,360,360,True,2.8383,0.004588,188.0
15,41,False,285,prompt,643,643,True,643,643,True,0.3623,0.002186,188.0
15,42,True,281,fhe,897,897,True,897,897,True,0.1877,0.003011,188.0
15,43,True,187,fhe,34,34,True,34,34,True,0.1756,0.002996,188.0
15,44,False,380,prompt,1824,1824,True,1824,1824,True,0.8102,0.001211,188.0
15,45,False,13,prompt,253,253,True,253,253,True,0.5305,0.001367,188.0
15,46,True,533,fhe,11485,11485,True,11485,11485,True,0.9062,0.000965,188.0
15,47,True,326,fhe,476,476,True,476,476,True,0.3259,0.001372,188.0
15,48,False,452,prompt,281,281,True,281,281,True,4.2105,0.002014,188.0
15,49,False,3072,prompt,15,15,True,15,15,True,0.7407,0.001095,188.0
15,50,True,1016,fhe,18794,18794,True,18794,18794,True,0.3361,0.000883,188.0
15,51,True,2385,fhe,17249,17249,True,17249,17249,True,0.8705,0.00051,188.0
15,52,False,32826,prompt,4888,4888,True,4888,4888,True,0.2633,0.002561,188.0
15,53,False,1475,prompt,253,253,True,16419,16419,True,0.7916,0.001922,188.0
15,54,True,281,fhe,3997,3997,True,3997,3997,True,0.9123,0.00489,188.0
15,55,True,10253,fhe,13,13,True,15,15,True,0.4906,0.001124,188.0
15,56,False,1283,prompt,13,13,True,1166,1166,True,0.1763,0.002983,188.0
15,57,False,2133,prompt,2801,2801,True,2801,2801,True,1.6337,0.000626,188.0
15,58,True,2170,fhe,310,310,True,310,310,True,0.8835,0.005686,188.0
15,59,True,1977,fhe,326,326,True,326,326,True,1.6624,0.000476,188.0
15,60,False,1583,prompt,403,403,True,403,403,True,0.4059,0.001513,188.0
15,61,False,10205,prompt,310,310,True,476,476,True,0.4155,0.001314,188.0
15,62,True,14,fhe,5449,5449,True,5449,5449,True,3.0853,0.003838,188.0
15,63,True,1232,fhe,310,310,True,273,273,True,0.9696,0.0007,188.0
16,0,False,15,prompt,187,187,True,187,187,True,2.0323,0.000573,188.0
16,1,False,6960,prompt,253,253,True,253,253,True,1.5829,0.000499,188.0
16,2,True,15,fhe,380,380,True,380,380,True,0.3395,0.00113,188.0
16,3,True,17323,fhe,15,15,True,15,15,True,1.3497,0.000784,188.0
16,4,False,342,prompt,1824,1824,True,1824,1824,True,2.2661,0.001772,188.0
16,5,False,26326,prompt,13,13,True,285,285,True,1.3929,0.001237,188.0
16,6,True,187,fhe,1628,1628,True,1628,1628,True,0.5446,0.001908,188.0
16,7,True,281,fhe,320,320,True,320,320,True,4.2695,0.00291,188.0
16,8,False,15,prompt,187,187,True,187,187,True,1.787,0.000455,188.0
16,9,False,390,prompt,32317,32317,True,14215,14215,True,0.7248,0.001885,188.0
16,10,True,15,fhe,187,187,True,187,187,True,0.8485,0.000662,188.0
16,11,True,281,fhe,3819,3819,True,3819,3819,True,0.1438,0.001915,188.0
16,12,False,7353,prompt,425,425,True,425,425,True,2.5573,0.002015,188.0
16,13,False,24250,prompt,13,13,True,13,13,True,0.0813,0.001051,188.0
16,14,True,25818,fhe,310,310,True,310,310,True,1.1314,0.000779,188.0
16,15,True,1307,fhe,15,15,True,15,15,True,0.5659,0.001212,188.0
16,16,False,1269,prompt,13,13,True,14,14,True,0.5786,0.009008,188.0
16,17,False,5540,prompt,16507,16507,True,16507,16507,True,0.1686,0.003835,188.0
16,18,True,15,fhe,733,733,True,733,733,True,1.3746,0.000377,188.0
16,19,True,187,fhe,510,510,True,510,510,True,0.3367,0.003277,188.0
16,20,False,380,prompt,8090,8090,True,1755,1755,True,0.0316,0.001525,188.0
16,21,False,2571,prompt,6266,6266,True,1333,1333,True,1.0908,0.000663,188.0
16,22,True,15,fhe,380,380,True,380,380,True,0.15,0.001462,188.0
16,23,True,898,fhe,13,13,True,13,13,True,3.8217,0.001009,188.0
16,24,False,36598,prompt,275,275,True,275,275,True,0.2203,0.000399,188.0
16,25,False,38713,prompt,20448,20448,True,20448,20448,True,2.8663,0.004092,188.0
16,26,True,588,fhe,2818,2818,True,2818,2818,True,3.1264,0.005907,188.0
16,27,True,13,fhe,285,285,True,268,268,True,0.364,0.000702,188.0
16,28,False,253,prompt,4888,4888,True,4888,4888,True,0.1643,0.001756,188.0
16,29,False,285,prompt,310,310,True,310,310,True,0.5436,0.003882,188.0
16,30,True,253,fhe,6158,6158,True,6158,6158,True,4.6631,0.001314,188.0
16,31,True,733,fhe,310,310,True,556,556,True,1.8302,0.001311,188.0
16,32,False,512,prompt,5989,5989,True,5989,5989,True,3.4288,0.005032,188.0
16,33,False,313,prompt,5883,5883,True,5883,5883,True,4.9271,0.001648,188.0
16,34,True,18353,fhe,1929,1929,True,1929,1929,True,0.7345,0.002146,188.0
16,35,True,2716,fhe,273,273,True,273,273,True,0.7652,0.001585,188.0
16,36,False,269,prompt,1428,1428,True,1428,1428,True,1.0202,0.00512,188.0
16,37,False,1078,prompt,15971,15971,True,15971,15971,True,0.7849,0.003029,188.0
16,38,True,342,fhe,1495,1495,True,12912,12912,True,1.9335,0.000746,188.0
16,39,True,2716,fhe,273,273,True,273,273,True,0.7652,0.00139,188.0
16,40,False,22711,prompt,3841,3841,True,3841,3841,True,0.5519,0.004397,188.0
16,41,False,26921,prompt,2544,2544,True,2544,2544,True,0.3676,0.000977,188.0
16,42,True,897,fhe,253,253,True,253,253,True,0.5893,0.001812,188.0
16,43,True,34,fhe,2798,2798,True,3332,1263,False,0.3228,0.001558,188.0
16,44,False,5101,prompt,310,310,True,22844,22844,True,1.0125,0.000618,188.0
16,45,False,597,prompt,403,403,True,3831,3831,True,0.8167,0.001093,188.0
16,46,True,11485,fhe,6890,6890,True,6890,6890,True,1.5366,0.002052,188.0
16,47,True,476,fhe,4711,4711,True,4711,4711,True,0.5611,0.002028,188.0
16,48,False,281,prompt,320,320,True,320,320,True,2.5863,0.001516,188.0
16,49,False,15,prompt,733,733,True,733,733,True,0.8127,0.000497,188.0
16,50,True,18794,fhe,15,15,True,15,15,True,1.166,0.000411,188.0
16,51,True,17249,fhe,313,313,True,313,313,True,0.9108,0.000451,188.0
16,52,False,8323,prompt,13,13,True,4888,4888,True,0.4007,0.001871,188.0
16,53,False,1892,prompt,16419,16419,True,16419,16419,True,1.5163,0.006511,188.0
16,54,True,3997,fhe,616,616,True,616,616,True,2.5898,0.000423,188.0
16,55,True,15,fhe,733,733,True,733,733,True,0.5774,0.001767,188.0
16,56,False,1093,prompt,13,13,True,28,28,True,0.897,0.000752,188.0
16,57,False,15,prompt,187,187,True,187,187,True,0.4412,0.000442,188.0
16,58,True,310,fhe,1024,1024,True,1024,1024,True,0.3278,0.001107,188.0
16,59,True,326,fhe,352,352,True,352,352,True,0.8505,0.000461,188.0
16,60,False,8778,prompt,6420,6420,True,6420,6420,True,0.9866,0.000787,188.0
16,61,False,285,prompt,7768,7768,True,7768,7768,True,0.519,0.002155,188.0
16,62,True,5449,fhe,16846,16846,True,16846,16846,True,1.2929,0.001567,188.0
16,63,True,273,fhe,7963,7963,True,7963,7963,True,3.7453,0.003222,188.0
17,0,False,45363,prompt,43928,43928,True,43928,43928,True,1.7683,0.003022,188.0
17,1,False,253,prompt,3603,3603,True,3603,3603,True,1.0771,0.001669,188.0
17,2,True,380,fhe,4146,4146,True,4146,4146,True,0.3133,0.001015,188.0
17,3,True,15,fhe,380,380,True,380,380,True,0.3141,0.00252,188.0
17,4,False,5890,prompt,1824,1824,True,1824,1824,True,3.2558,0.001107,188.0
17,5,False,13,prompt,285,285,True,285,285,True,1.0226,0.004041,188.0
17,6,True,1628,fhe,42,42,True,42,42,True,0.2043,0.002761,188.0
17,7,True,320,fhe,7932,7932,True,7932,7932,True,0.4163,0.004322,188.0
17,8,False,3808,prompt,11260,11260,True,4651,4651,True,0.3215,0.003231,188.0
17,9,False,1892,prompt,2980,2980,True,2980,2980,True,4.3118,0.003147,188.0
17,10,True,187,fhe,510,510,True,510,510,True,0.6449,0.00228,188.0
17,11,True,3819,fhe,745,745,True,745,745,True,0.5333,0.002855,188.0
17,12,False,425,prompt,291,291,True,291,291,True,5.7136,0.001487,188.0
17,13,False,512,prompt,8986,8986,True,8986,8986,True,1.1308,0.00249,188.0
17,14,True,310,fhe,1160,1160,True,1160,1160,True,0.3707,0.004682,188.0
17,15,True,15,fhe,380,380,True,380,380,True,1.0287,0.000445,188.0
17,16,False,13,prompt,340,340,True,340,340,True,0.5304,0.004664,188.0
17,17,False,3448,prompt,14635,14635,True,14635,14635,True,2.3692,0.001128,188.0
17,18,True,733,fhe,310,310,True,310,310,True,0.1386,0.003007,188.0
17,19,True,510,fhe,2020,2020,True,2020,2020,True,1.9083,0.002921,188.0
17,20,False,4585,prompt,3828,3828,True,3828,3828,True,0.9014,0.002273,188.0
17,21,False,6266,prompt,247,247,True,253,253,True,0.819,0.000798,188.0
17,22,True,380,fhe,806,806,True,806,806,True,0.1143,0.000876,188.0
17,23,True,13,fhe,884,884,True,884,884,True,2.5174,0.000854,188.0
17,24,False,281,prompt,1263,1263,True,1263,1263,True,0.6012,0.002313,188.0
17,25,False,316,prompt,13,13,True,13,13,True,0.4711,0.001721,188.0
17,26,True,2818,fhe,253,253,True,253,253,True,0.7572,0.000546,188.0
17,27,True,268,fhe,2966,2966,True,2966,2966,True,5.2579,0.00335,188.0
17,28,False,9645,prompt,84,84,True,84,84,True,3.5471,0.004259,188.0
17,29,False,2789,prompt,352,352,True,352,352,True,0.9193,0.003875,188.0
17,30,True,6158,fhe,403,403,True,1818,1818,True,2.1054,0.003808,188.0
17,31,True,556,fhe,247,247,True,247,247,True,0.6809,0.00148,188.0
17,32,False,5989,prompt,15,15,True,15,15,True,11.4772,0.002393,188.0
17,33,False,5883,prompt,35,35,True,35,35,True,0.9174,0.011919,188.0
17,34,True,1929,fhe,897,897,True,897,897,True,1.1772,0.003805,188.0
17,35,True,273,fhe,253,253,True,512,512,True,2.0182,0.000663,188.0
17,36,False,1428,prompt,13,13,True,13,13,True,0.1387,0.000727,188.0
17,37,False,253,prompt,15971,15971,True,15971,15971,True,0.9041,0.004184,188.0
17,38,True,12912,fhe,16711,16711,True,16711,16711,True,0.1163,0.001607,188.0
17,39,True,273,fhe,253,253,True,512,512,True,2.0182,0.000486,188.0
17,40,False,3841,prompt,403,403,True,403,403,True,1.4855,0.001859,188.0
17,41,False,1818,prompt,15,15,True,15,15,True,1.0521,0.000499,188.0
17,42,True,253,fhe,941,941,True,941,941,True,0.0528,0.000569,188.0
17,43,True,3332,fhe,1263,1263,True,1263,1263,True,3.0529,0.000522,188.0
17,44,False,2137,prompt,983,983,True,983,983,True,5.5475,0.002077,188.0
17,45,False,403,prompt,1160,1160,True,1160,1160,True,0.6404,0.001938,188.0
17,46,True,6890,fhe,15,15,True,15,15,True,1.5207,0.000779,188.0
17,47,True,4711,fhe,2341,2341,True,2341,2341,True,0.8902,0.002636,188.0
17,48,False,4549,prompt,281,281,True,281,281,True,2.4892,0.00125,188.0
17,49,False,1723,prompt,13,13,True,13,13,True,5.3591,0.000487,188.0
17,50,True,15,fhe,5815,5815,True,5815,5815,True,0.4585,0.001421,188.0
17,51,True,313,fhe,1099,1099,True,1099,1099,True,0.1743,0.002519,188.0
17,52,False,1339,prompt,275,275,True,275,275,True,1.183,0.000768,188.0
17,53,False,5561,prompt,13,13,True,13,13,True,0.4874,0.001869,188.0
17,54,True,616,fhe,2872,2872,True,2872,2872,True,2.1208,0.001093,188.0
17,55,True,733,fhe,310,310,True,6613,6613,True,1.427,0.002519,188.0
17,56,False,1108,prompt,3919,3919,True,3919,3919,True,0.4577,0.001229,188.0
17,57,False,35110,prompt,12134,12134,True,12134,12134,True,1.4648,0.001076,188.0
17,58,True,1024,fhe,247,247,True,247,247,True,0.1614,0.004336,188.0
17,59,True,352,fhe,369,369,True,3261,3261,True,1.1045,0.00195,188.0
17,60,False,275,prompt,2390,2390,True,2390,2390,True,0.4341,0.002536,188.0
17,61,False,7768,prompt,403,403,True,403,403,True,0.394,0.002888,188.0
17,62,True,16846,fhe,1481,1481,True,1481,1481,True,1.2143,0.001845,188.0
17,63,True,7963,fhe,15001,15001,True,15001,15001,True,5.9966,0.003504,188.0
18,0,False,43928,prompt,13,13,True,403,403,True,0.4332,0.000989,188.0
18,1,False,3603,prompt,275,275,True,275,275,True,0.5302,0.001607,188.0
18,2,True,4146,fhe,310,310,True,13,13,True,1.4877,0.000912,188.0
18,3,True,380,fhe,12927,12927,True,40277,40277,True,0.6512,0.000995,188.0
18,4,False,1824,prompt,13,13,True,13,13,True,2.5988,0.000749,188.0
18,5,False,285,prompt,1708,1708,True,1708,1708,True,0.0901,0.000897,188.0
18,6,True,42,fhe,651,651,True,457,457,True,0.4059,0.005236,188.0
18,7,True,7932,fhe,625,625,True,625,625,True,0.5561,0.001448,188.0
18,8,False,3417,prompt,403,403,True,273,273,True,0.1683,0.001082,188.0
18,9,False,2980,prompt,273,273,True,273,273,True,5.2141,0.000522,188.0
18,10,True,510,fhe,27693,27693,True,27693,27693,True,0.1079,0.000488,188.0
18,11,True,745,fhe,10332,10332,True,10332,10332,True,0.1105,0.004988,188.0
18,12,False,291,prompt,274,274,True,274,274,True,6.1491,0.006068,188.0
18,13,False,253,prompt,1039,1039,True,1039,1039,True,0.0897,0.001978,188.0
18,14,True,1160,fhe,432,432,True,432,432,True,0.5213,0.000774,188.0
18,15,True,380,fhe,4007,4007,True,3918,3918,True,0.8865,0.001213,188.0
18,16,False,340,prompt,13,13,True,285,285,True,1.537,0.003587,188.0
18,17,False,4836,prompt,8364,8364,True,8364,8364,True,5.7621,0.00343,188.0
18,18,True,310,fhe,253,253,True,247,247,True,1.0266,0.000858,188.0
18,19,True,2020,fhe,273,273,True,273,273,True,3.4401,0.002212,188.0
18,20,False,7139,prompt,403,403,True,403,403,True,1.6629,0.000636,188.0
18,21,False,247,prompt,5471,5471,True,3590,3590,True,1.6376,0.00319,188.0
18,22,True,806,fhe,1929,1929,True,1929,1929,True,1.1978,0.001459,188.0
18,23,True,884,fhe,13,13,True,13,13,True,3.4917,0.000754,188.0
18,24,False,4763,prompt,521,521,True,253,253,True,0.7039,0.001273,188.0
18,25,False,497,prompt,1246,1246,True,1246,1246,True,0.8263,0.001338,188.0
18,26,True,253,fhe,3126,3126,True,3126,3126,True,0.21,0.0028,188.0
18,27,True,2966,fhe,366,366,True,366,366,True,0.1496,0.002007,188.0
18,28,False,84,prompt,13,13,True,13,13,True,0.3513,0.000389,188.0
18,29,False,352,prompt,9075,9075,True,9075,9075,True,0.342,0.002072,188.0
18,30,True,1818,fhe,689,689,True,689,689,True,0.282,0.000571,188.0
18,31,True,247,fhe,31567,31567,True,31567,31567,True,0.2913,0.00323,188.0
18,32,False,15,prompt,45211,45211,True,45211,45211,True,4.3278,0.006581,188.0
18,33,False,35,prompt,10,10,True,10,10,True,0.2904,0.002461,188.0
18,34,True,897,fhe,273,273,True,369,369,True,1.9438,0.003591,188.0
18,35,True,512,fhe,253,253,True,253,253,True,2.1819,0.000711,188.0
18,36,False,512,prompt,1388,1388,True,1388,1388,True,0.7535,0.001913,188.0
18,37,False,7237,prompt,369,369,True,369,369,True,1.5166,0.002126,188.0
18,38,True,16711,fhe,13,13,True,326,326,True,0.2796,0.000846,188.0
18,39,True,512,fhe,253,253,True,253,253,True,2.1819,0.001678,188.0
18,40,False,403,prompt,4447,4447,True,4447,4447,True,0.9764,0.001205,188.0
18,41,False,15,prompt,187,187,True,187,187,True,0.8931,0.002362,188.0
18,42,True,941,fhe,281,281,True,275,275,True,0.5365,0.001195,188.0
18,43,True,1263,fhe,3863,3863,True,3863,3863,True,0.634,0.000824,188.0
18,44,False,983,prompt,253,253,True,352,352,True,1.3524,0.000534,188.0
18,45,False,2120,prompt,273,273,True,273,273,True,5.2287,0.002672,188.0
18,46,True,15,fhe,1583,1583,True,1583,1583,True,0.4685,0.000558,188.0
18,47,True,2341,fhe,15,15,True,15,15,True,0.6512,0.00063,188.0
18,48,False,281,prompt,253,253,True,776,776,True,1.5782,0.000876,188.0
18,49,False,13,prompt,352,352,True,352,352,True,0.2766,0.000463,188.0
18,50,True,5815,fhe,18794,18794,True,3417,3417,True,2.3239,0.001564,188.0
18,51,True,1099,fhe,13,13,True,13,13,True,6.8696,0.00068,188.0
18,52,False,275,prompt,253,253,True,253,253,True,1.029,0.003333,188.0
18,53,False,285,prompt,310,310,True,310,310,True,0.3713,0.000699,188.0
18,54,True,2872,fhe,15,15,True,15,15,True,0.7741,0.001936,188.0
18,55,True,6613,fhe,432,432,True,432,432,True,0.0608,0.001679,188.0
18,56,False,5080,prompt,1283,1283,True,3495,3495,True,0.6389,0.001283,188.0
18,57,False,3510,prompt,273,273,True,273,273,True,4.6139,0.001507,188.0
18,58,True,247,fhe,4633,4633,True,4633,4633,True,0.1702,0.002122,188.0
18,59,True,3261,fhe,751,751,True,751,751,True,2.0929,0.002959,188.0
18,60,False,247,prompt,9096,9096,True,9096,9096,True,0.0999,0.005647,188.0
18,61,False,7808,prompt,1265,1265,True,1265,1265,True,0.0914,0.001315,188.0
18,62,True,1481,fhe,15,15,True,15,15,True,1.2287,0.000588,188.0
18,63,True,15001,fhe,310,310,True,4648,4648,True,1.7729,0.002039,188.0
19,0,False,3153,prompt,275,275,True,275,275,True,1.8483,0.000549,188.0
19,1,False,347,prompt,597,597,True,597,597,True,0.0723,0.001518,188.0
19,2,True,13,fhe,253,253,True,247,247,True,0.3668,0.000765,188.0
19,3,True,40277,fhe,3835,3835,True,3835,3835,True,0.7477,0.002735,188.0
19,4,False,285,prompt,15727,15727,True,8618,8618,True,0.2978,0.001168,188.0
19,5,False,2329,prompt,281,281,True,281,281,True,1.4353,0.000583,188.0
19,6,True,457,fhe,69,69,True,69,69,True,0.4003,0.002078,188.0
19,7,True,625,fhe,2223,2223,True,2223,2223,True,0.7301,0.000649,188.0
19,8,False,1014,prompt,452,452,True,452,452,True,1.5298,0.001585,188.0
19,9,False,273,prompt,253,253,True,253,253,True,2.9145,0.000678,188.0
19,10,True,27693,fhe,310,310,True,6456,6456,True,1.3732,0.002062,188.0
19,11,True,10332,fhe,15,15,True,15,15,True,0.6527,0.000755,188.0
19,12,False,274,prompt,13,13,True,13,13,True,0.035,0.000902,188.0
19,13,False,1039,prompt,1066,1066,True,1066,1066,True,0.801,0.001792,188.0
19,14,True,432,fhe,253,253,True,253,253,True,1.577,0.000812,188.0
19,15,True,3918,fhe,310,310,True,310,310,True,1.7198,0.001823,188.0
19,16,False,13,prompt,1182,1182,True,1182,1182,True,2.0958,0.003658,188.0
19,17,False,8364,prompt,15,15,True,15,15,True,1.1343,0.000677,188.0
19,18,True,247,fhe,3389,3389,True,16204,16204,True,1.1524,0.001996,188.0
19,19,True,273,fhe,253,253,True,767,767,True,1.3099,0.002576,188.0
19,20,False,5195,prompt,562,562,True,562,562,True,0.7242,0.001406,188.0
19,21,False,2238,prompt,273,273,True,273,273,True,5.2693,0.001359,188.0
19,22,True,1929,fhe,3711,3711,True,3711,3711,True,0.5153,0.004066,188.0
19,23,True,13,fhe,1903,1903,True,1903,1903,True,2.1463,0.001787,188.0
19,24,False,247,prompt,4888,4888,True,4888,4888,True,1.0679,0.004064,188.0
19,25,False,20975,prompt,1246,1246,True,1246,1246,True,0.0337,0.001716,188.0
19,26,True,3126,fhe,15,15,True,15,15,True,0.863,0.001089,188.0
19,27,True,366,fhe,13,13,True,313,313,True,2.0906,0.000711,188.0
19,28,False,285,prompt,4581,4581,True,4581,4581,True,0.016,0.002221,188.0
19,29,False,9075,prompt,1175,1175,True,1175,1175,True,2.3119,0.001319,188.0
19,30,True,689,fhe,673,673,True,673,673,True,1.3207,0.001124,188.0
19,31,True,31567,fhe,273,273,True,273,273,True,0.4031,0.001473,188.0
19,32,False,45211,prompt,273,273,True,273,273,True,10.1727,0.003294,188.0
19,33,False,481,prompt,831,831,True,831,831,True,0.1081,0.002128,188.0
19,34,True,369,fhe,323,323,True,347,347,True,0.2746,0.002657,188.0
19,35,True,253,fhe,1824,1824,True,1824,1824,True,0.5949,0.001092,188.0
19,36,False,2360,prompt,403,403,True,403,403,True,0.3867,0.002033,188.0
19,37,False,1708,prompt,369,369,True,369,369,True,0.2377,0.002218,188.0
19,38,True,326,fhe,1361,1361,True,1361,1361,True,1.1105,0.001346,188.0
19,39,True,253,fhe,1824,1824,True,1824,1824,True,0.5949,0.001285,188.0
19,40,False,29239,prompt,275,275,True,949,949,True,2.0504,0.001325,188.0
19,41,False,733,prompt,310,310,True,310,310,True,1.127,0.001962,188.0
19,42,True,275,fhe,616,616,True,616,616,True,0.6538,0.000595,188.0
19,43,True,3863,fhe,275,275,True,275,275,True,3.374,0.000677,188.0
19,44,False,253,prompt,3216,3216,True,3216,3216,True,0.2895,0.001094,188.0
19,45,False,273,prompt,4688,4688,True,4688,4688,True,0.6619,0.001152,188.0
19,46,True,1583,fhe,403,403,True,1818,1818,True,0.7696,0.001018,188.0
19,47,True,15,fhe,380,380,True,380,380,True,0.0921,0.001128,188.0
19,48,False,512,prompt,253,253,True,273,273,True,0.6458,0.000391,188.0
19,49,False,352,prompt,310,310,True,476,476,True,1.7136,0.004059,188.0
19,50,True,3417,fhe,556,556,True,556,556,True,0.1832,0.000614,188.0
19,51,True,13,fhe,26,26,True,25,25,True,0.3502,0.003576,188.0
19,52,False,1048,prompt,13,13,True,20586,20586,True,1.6462,0.002467,188.0
19,53,False,12176,prompt,949,949,True,949,949,True,0.758,0.001178,188.0
19,54,True,15,fhe,1583,1583,True,1583,1583,True,0.2491,0.001517,188.0
19,55,True,432,fhe,253,253,True,253,253,True,2.4023,0.000793,188.0
19,56,False,1384,prompt,13,13,True,13,13,True,5.7292,0.001253,188.0
19,57,False,273,prompt,12134,12134,True,12134,12134,True,0.4926,0.002755,188.0
19,58,True,4633,fhe,22777,22777,True,22777,22777,True,1.8998,0.000895,188.0
19,59,True,751,fhe,247,247,True,247,247,True,0.3242,0.001574,188.0
19,60,False,1048,prompt,13,13,True,13,13,True,1.1983,0.004738,188.0
19,61,False,1614,prompt,253,253,True,253,253,True,0.2633,0.001167,188.0
19,62,True,15,fhe,187,187,True,187,187,True,0.6957,0.000501,188.0
19,63,True,4648,fhe,2341,2341,True,1708,1708,True,0.1692,0.00136,188.0
20,0,False,275,prompt,1781,1781,True,1781,1781,True,0.0947,0.001508,188.0
20,1,False,344,prompt,858,858,True,858,858,True,2.2283,0.002644,188.0
20,2,True,247,fhe,4177,4177,True,4177,4177,True,2.0597,0.000768,188.0
20,3,True,3835,fhe,625,625,True,625,625,True,0.1364,0.000796,188.0
20,4,False,12274,prompt,13,13,True,13,13,True,3.6627,0.000396,188.0
20,5,False,1078,prompt,352,352,True,352,352,True,2.3622,0.002804,188.0
20,6,True,69,fhe,564,564,True,1790,1790,True,0.0375,0.001618,188.0
20,7,True,2223,fhe,15,15,True,15,15,True,0.4372,0.000375,188.0
20,8,False,897,prompt,616,616,True,616,616,True,1.0239,0.002261,188.0
20,9,False,253,prompt,24908,24908,True,24908,24908,True,5.8345,0.001693,188.0
20,10,True,6456,fhe,310,310,True,556,556,True,0.0897,0.002877,188.0
20,11,True,15,fhe,187,187,True,187,187,True,1.1535,0.002596,188.0
20,12,False,285,prompt,840,840,True,840,840,True,1.0424,0.001261,188.0
20,13,False,281,prompt,253,253,True,253,253,True,5.113,0.000475,188.0
20,14,True,253,fhe,25818,25818,True,1066,1066,True,0.276,0.001386,188.0
20,15,True,310,fhe,10544,10544,True,10544,10544,True,1.872,0.001872,188.0
20,16,False,285,prompt,1182,1182,True,1182,1182,True,6.3604,0.001251,188.0
20,17,False,15,prompt,187,187,True,187,187,True,0.0742,0.000967,188.0
20,18,True,16204,fhe,273,273,True,273,273,True,1.6812,0.001452,188.0
20,19,True,767,fhe,14636,14636,True,9701,9701,True,0.4623,0.002658,188.0
20,20,False,616,prompt,492,492,True,492,492,True,0.5324,0.005134,188.0
20,21,False,273,prompt,5471,5471,True,5471,5471,True,2.3873,0.001989,188.0
20,22,True,3711,fhe,273,273,True,4645,4645,True,1.9179,0.001065,188.0
20,23,True,1903,fhe,13,13,True,13,13,True,3.8023,0.001075,188.0
20,24,False,11080,prompt,4730,4730,True,4888,4888,True,0.1693,0.001254,188.0
20,25,False,5939,prompt,4768,4768,True,4768,4768,True,0.9406,0.001152,188.0
20,26,True,15,fhe,187,187,True,187,187,True,1.4836,0.000904,188.0
20,27,True,313,fhe,3113,3113,True,3113,3113,True,0.5939,0.001334,188.0
20,28,False,3597,prompt,281,281,True,281,281,True,3.5147,0.0005,188.0
20,29,False,1805,prompt,15,15,True,13,13,True,0.9477,0.001011,188.0
20,30,True,673,fhe,15,15,True,15,15,True,1.0117,0.0017,188.0
20,31,True,273,fhe,670,670,True,670,670,True,0.8325,0.001005,188.0
20,32,False,273,prompt,667,667,True,667,667,True,7.2934,0.001494,188.0
20,33,False,3010,prompt,685,685,True,685,685,True,0.791,0.003474,188.0
20,34,True,347,fhe,247,247,True,271,271,True,1.5534,0.003717,188.0
20,35,True,1824,fhe,327,327,True,327,327,True,0.4975,0.00048,188.0
20,36,False,1091,prompt,281,281,True,281,281,True,1.9083,0.001782,188.0
20,37,False,812,prompt,3986,3986,True,3986,3986,True,0.8438,0.002189,188.0
20,38,True,1361,fhe,281,281,True,281,281,True,0.0272,0.000746,188.0
20,39,True,1824,fhe,327,327,True,327,327,True,0.4975,0.001662,188.0
20,40,False,275,prompt,253,253,True,253,253,True,3.0941,0.001273,188.0
20,41,False,310,prompt,247,247,True,247,247,True,0.3169,0.000922,188.0
20,42,True,616,fhe,2561,2561,True,2561,2561,True,0.0879,0.005259,188.0
20,43,True,275,fhe,253,253,True,253,253,True,3.0083,0.000603,188.0
20,44,False,2553,prompt,273,273,True,273,273,True,0.1086,0.001421,188.0
20,45,False,1355,prompt,14910,14910,True,14910,14910,True,0.294,0.001682,188.0
20,46,True,1818,fhe,13,13,True,275,275,True,0.436,0.002121,188.0
20,47,True,380,fhe,5101,5101,True,5101,5101,True,1.5078,0.000596,188.0
20,48,False,2620,prompt,21768,21768,True,273,273,True,1.9458,0.001272,188.0
20,49,False,14280,prompt,281,281,True,281,281,True,3.8645,0.001285,188.0
20,50,True,556,fhe,697,697,True,697,697,True,0.0846,0.00084,188.0
20,51,True,25,fhe,2385,2385,True,1867,1867,True,0.4406,0.001198,188.0
20,52,False,8965,prompt,273,273,True,273,273,True,4.1408,0.000704,188.0
20,53,False,949,prompt,253,253,True,16419,16419,True,0.4709,0.00074,188.0
20,54,True,1583,fhe,1973,1973,True,671,671,True,0.6211,0.002127,188.0
20,55,True,253,fhe,43093,43093,True,27325,27325,True,0.6825,0.001089,188.0
20,56,False,13,prompt,1283,1283,True,42549,42549,True,0.2974,0.000948,188.0
20,57,False,18098,prompt,285,285,True,285,285,True,1.194,0.001247,188.0
20,58,True,22777,fhe,12095,12095,True,12095,12095,True,1.7437,0.004189,188.0
20,59,True,247,fhe,10058,10058,True,10058,10058,True,0.9277,0.001069,188.0
20,60,False,1386,prompt,13,13,True,13,13,True,0.9296,0.000532,188.0
20,61,False,253,prompt,6871,6871,True,6871,6871,True,0.3256,0.001721,188.0
20,62,True,187,fhe,510,510,True,510,510,True,0.257,0.000536,188.0
20,63,True,1708,fhe,2341,2341,True,281,281,True,1.847,0.00046,188.0
21,0,False,2266,prompt,2675,2675,True,2390,2390,True,2.083,0.004041,188.0
21,1,False,3562,prompt,731,731,True,731,731,True,0.7725,0.000665,188.0
21,2,True,4177,fhe,13,13,True,13,13,True,2.5,0.001887,188.0
21,3,True,625,fhe,685,685,True,685,685,True,5.7365,0.002351,188.0
21,4,False,13,prompt,352,352,True,352,352,True,1.1973,0.000551,188.0
21,5,False,352,prompt,476,476,True,588,588,True,0.9706,0.001035,188.0
21,6,True,1790,fhe,1066,1066,True,1066,1066,True,0.3444,0.00071,188.0
21,7,True,15,fhe,187,187,True,187,187,True,0.966,0.000562,188.0
21,8,False,295,prompt,5519,5519,True,5519,5519,True,0.2937,0.001936,188.0
21,9,False,24908,prompt,1969,1969,True,1969,1969,True,3.4709,0.000911,188.0
21,10,True,556,fhe,644,644,True,644,644,True,0.4488,0.000851,188.0
21,11,True,187,fhe,510,510,True,510,510,True,0.3245,0.000816,188.0
21,12,False,15814,prompt,352,352,True,352,352,True,1.0792,0.002723,188.0
21,13,False,253,prompt,1755,1755,True,1755,1755,True,0.4197,0.003335,188.0
21,14,True,1066,fhe,273,273,True,273,273,True,0.6476,0.000896,188.0
21,15,True,10544,fhe,323,323,True,281,281,True,0.1074,0.001676,188.0
21,16,False,1182,prompt,11627,11627,True,11627,11627,True,2.1574,0.002101,188.0
21,17,False,831,prompt,7741,7741,True,7741,7741,True,0.4715,0.000827,188.0
21,18,True,273,fhe,7185,7185,True,7185,7185,True,1.4818,0.001357,188.0
21,19,True,9701,fhe,14636,14636,True,14636,14636,True,0.497,0.002621,188.0
21,20,False,6207,prompt,2224,2224,True,2224,2224,True,5.8857,0.002938,188.0
21,21,False,8588,prompt,15,15,True,15,15,True,0.9582,0.000697,188.0
21,22,True,4645,fhe,253,253,True,253,253,True,1.5543,0.002182,188.0
21,23,True,13,fhe,1249,1249,True,1249,1249,True,3.8065,0.000536,188.0
21,24,False,17541,prompt,4730,4730,True,3733,3733,True,2.2024,0.000884,188.0
21,25,False,625,prompt,7561,7561,True,7561,7561,True,3.5704,0.007138,188.0
21,26,True,187,fhe,510,510,True,510,510,True,0.4525,0.001201,188.0
21,27,True,3113,fhe,247,247,True,247,247,True,0.1035,0.001088,188.0
21,28,False,281,prompt,755,755,True,755,755,True,1.2495,0.002945,188.0
21,29,False,15,prompt,733,733,True,23790,23790,True,0.0716,0.001596,188.0
21,30,True,15,fhe,187,187,True,187,187,True,0.5461,0.00074,188.0
21,31,True,670,fhe,337,337,True,337,337,True,0.0991,0.001475,188.0
21,32,False,667,prompt,6875,6875,True,6875,6875,True,5.2889,0.001709,188.0
21,33,False,685,prompt,247,247,True,247,247,True,1.6847,0.001507,188.0
21,34,True,271,fhe,4166,4166,True,4166,4166,True,0.764,0.010297,188.0
21,35,True,327,fhe,6149,6149,True,6149,6149,True,0.252,0.000521,188.0
21,36,False,342,prompt,616,616,True,616,616,True,0.4445,0.00262,188.0
21,37,False,1818,prompt,352,352,True,352,352,True,0.0206,0.00218,188.0
21,38,True,281,fhe,2740,2740,True,2740,2740,True,0.4656,0.003814,188.0
21,39,True,327,fhe,6149,6149,True,6149,6149,True,0.252,0.00106,188.0
21,40,False,253,prompt,3216,3216,True,6149,6149,True,0.1683,0.001012,188.0
21,41,False,25899,prompt,407,407,True,407,407,True,1.8999,0.00142,188.0
21,42,True,2561,fhe,15,15,True,15,15,True,0.7665,0.002823,188.0
21,43,True,253,fhe,6698,6698,True,6698,6698,True,1.1622,0.000491,188.0
21,44,False,285,prompt,253,253,True,5997,5997,True,0.7606,0.001262,188.0
21,45,False,8470,prompt,1925,1925,True,1925,1925,True,0.5605,0.000435,188.0
21,46,True,275,fhe,1979,1979,True,1979,1979,True,0.4765,0.001301,188.0
21,47,True,5101,fhe,310,310,True,310,310,True,2.394,0.002662,188.0
21,48,False,387,prompt,2378,2378,True,2378,2378,True,1.3928,0.001838,188.0
21,49,False,281,prompt,320,320,True,320,320,True,0.848,0.00193,188.0
21,50,True,697,fhe,1211,1211,True,1211,1211,True,5.8758,0.00119,188.0
21,51,True,1867,fhe,23899,23899,True,23899,23899,True,0.1791,0.001248,188.0
21,52,False,273,prompt,1708,1708,True,1708,1708,True,1.6992,0.001788,188.0
21,53,False,2602,prompt,16419,16419,True,16419,16419,True,0.6516,0.002444,188.0
21,54,True,671,fhe,1973,1973,True,452,452,True,1.1026,0.00282,188.0
21,55,True,27325,fhe,281,281,True,281,281,True,1.2147,0.00049,188.0
21,56,False,42549,prompt,10,10,True,10,10,True,0.7367,0.000761,188.0
21,57,False,13,prompt,15737,15737,True,15737,15737,True,1.5179,0.003336,188.0
21,58,True,12095,fhe,15,15,True,15,15,True,0.1864,0.00371,188.0
21,59,True,10058,fhe,14261,14261,True,14261,14261,True,0.7711,0.001499,188.0
21,60,False,16745,prompt,751,751,True,751,751,True,3.8001,0.001112,188.0
21,61,False,1892,prompt,6871,6871,True,6871,6871,True,0.8456,0.002167,188.0
21,62,True,510,fhe,1698,1698,True,20316,20316,True,0.0131,0.000689,188.0
21,63,True,281,fhe,4711,4711,True,4711,4711,True,0.078,0.001849,188.0
22,0,False,2675,prompt,2390,2390,True,2390,2390,True,2.0362,0.000685,188.0
22,1,False,253,prompt,15316,15316,True,15316,15316,True,1.6812,0.000864,188.0
22,2,True,13,fhe,310,310,True,285,285,True,2.1526,0.001206,188.0
22,3,True,685,fhe,767,767,True,767,767,True,0.0875,0.001965,188.0
22,4,False,352,prompt,11330,11330,True,11330,11330,True,0.5564,0.000764,188.0
22,5,False,588,prompt,14638,14638,True,14638,14638,True,1.4641,0.005981,188.0
22,6,True,1066,fhe,285,285,True,342,342,True,0.4746,0.000406,188.0
22,7,True,187,fhe,510,510,True,510,510,True,0.148,0.003065,188.0
22,8,False,1136,prompt,447,447,True,447,447,True,5.1111,0.002772,188.0
22,9,False,1969,prompt,310,310,True,310,310,True,2.1945,0.000704,188.0
22,10,True,644,fhe,2444,2444,True,2444,2444,True,1.164,0.006046,188.0
22,11,True,510,fhe,9279,9279,True,9279,9279,True,0.2562,0.000808,188.0
22,12,False,352,prompt,896,896,True,896,896,True,0.3056,0.005206,188.0
22,13,False,5004,prompt,273,273,True,273,273,True,0.1124,0.001312,188.0
22,14,True,273,fhe,253,253,True,16396,16396,True,0.1191,0.000755,188.0
22,15,True,281,fhe,247,247,True,247,247,True,1.4791,0.000513,188.0
22,16,False,10103,prompt,15,15,True,15,15,True,0.5467,0.001839,188.0
22,17,False,7741,prompt,3797,3797,True,3797,3797,True,0.4173,0.000623,188.0
22,18,True,7185,fhe,323,323,True,323,323,True,0.5467,0.000453,188.0
22,19,True,14636,fhe,310,310,True,18207,18207,True,2.2281,0.002056,188.0
22,20,False,2224,prompt,1840,1840,True,1840,1840,True,0.9349,0.000581,188.0
22,21,False,390,prompt,5471,5471,True,1375,1375,True,0.0295,0.000715,188.0
22,22,True,253,fhe,1899,1899,True,1899,1899,True,0.3052,0.000908,188.0
22,23,True,1249,fhe,13,13,True,13,13,True,3.3224,0.000879,188.0
22,24,False,4730,prompt,15,15,True,15,15,True,0.9836,0.000799,188.0
22,25,False,7561,prompt,685,685,True,685,685,True,1.2549,0.000807,188.0
22,26,True,510,fhe,1263,1263,True,1263,1263,True,0.5077,0.000634,188.0
22,27,True,247,fhe,1643,1643,True,1643,1643,True,0.9704,0.003218,188.0
22,28,False,4600,prompt,15,15,True,13,13,True,0.0836,0.001852,188.0
22,29,False,496,prompt,1635,1635,True,1635,1635,True,0.4095,0.00125,188.0
22,30,True,187,fhe,9832,9832,True,9832,9832,True,0.4343,0.001067,188.0
22,31,True,337,fhe,13,13,True,13,13,True,1.3696,0.001286,188.0
22,32,False,6875,prompt,8049,8049,True,8049,8049,True,4.5608,0.004582,188.0
22,33,False,2145,prompt,1107,1107,True,1107,1107,True,2.2758,0.004988,188.0
22,34,True,4166,fhe,16502,16502,True,16502,16502,True,1.0716,0.001325,188.0
22,35,True,6149,fhe,15,15,True,15,15,True,1.5267,0.000459,188.0
22,36,False,616,prompt,37507,37507,True,37507,37507,True,1.3706,0.002592,188.0
22,37,False,15,prompt,187,187,True,187,187,True,0.0838,0.000537,188.0
22,38,True,2740,fhe,1066,1066,True,1066,1066,True,3.9699,0.001809,188.0
22,39,True,6149,fhe,15,15,True,15,15,True,1.5267,0.000607,188.0
22,40,False,6149,prompt,434,434,True,434,434,True,1.1843,0.000606,188.0
22,41,False,2250,prompt,407,407,True,407,407,True,0.8874,0.002337,188.0
22,42,True,15,fhe,187,187,True,187,187,True,0.0476,0.000399,188.0
22,43,True,6698,fhe,4082,4082,True,4082,4082,True,1.2797,0.002103,188.0
22,44,False,690,prompt,273,273,True,273,273,True,2.0219,0.001067,188.0
22,45,False,13,prompt,1925,1925,True,1925,1925,True,0.9312,0.0018,188.0
22,46,True,1979,fhe,13,13,True,285,285,True,1.046,0.001327,188.0
22,47,True,310,fhe,253,253,True,247,247,True,0.7685,0.001649,188.0
22,48,False,2378,prompt,13,13,True,13,13,True,0.1741,0.001775,188.0
22,49,False,1408,prompt,275,275,True,275,275,True,7.2468,0.003062,188.0
22,50,True,1211,fhe,4451,4451,True,4451,4451,True,0.9033,0.001209,188.0
22,51,True,23899,fhe,10,10,True,10,10,True,0.2591,0.001361,188.0
22,52,False,9055,prompt,5101,5101,True,5101,5101,True,0.0493,0.003046,188.0
22,53,False,6149,prompt,13,13,True,13,13,True,0.022,0.001379,188.0
22,54,True,452,fhe,281,281,True,247,247,True,1.4123,0.002508,188.0
22,55,True,281,fhe,253,253,True,253,253,True,2.3102,0.000789,188.0
22,56,False,10,prompt,369,369,True,369,369,True,3.5125,0.000486,188.0
22,57,False,15737,prompt,13,13,True,285,285,True,1.0721,0.001719,188.0
22,58,True,15,fhe,187,187,True,187,187,True,0.394,0.001153,188.0
22,59,True,14261,fhe,275,275,True,275,275,True,0.2173,0.002001,188.0
22,60,False,751,prompt,247,247,True,271,271,True,1.9539,0.000918,188.0
22,61,False,14370,prompt,10688,10688,True,10688,10688,True,0.0968,0.002635,188.0
22,62,True,20316,fhe,17504,17504,True,17504,17504,True,1.2687,0.000721,188.0
22,63,True,4711,fhe,2341,2341,True,36984,2739,False,0.5023,0.00298,188.0
23,0,False,2390,prompt,13,13,True,326,326,True,1.3758,0.000795,188.0
23,1,False,25792,prompt,280,280,True,280,280,True,3.3272,0.000785,188.0
23,2,True,285,fhe,253,253,True,512,512,True,0.4183,0.001242,188.0
23,3,True,767,fhe,14,14,True,14,14,True,2.2424,0.001486,188.0
23,4,False,9513,prompt,281,281,True,281,281,True,4.5206,0.001805,188.0
23,5,False,3135,prompt,281,281,True,281,281,True,1.8507,0.001898,188.0
23,6,True,342,fhe,731,731,True,731,731,True,0.8703,0.000813,188.0
23,7,True,510,fhe,1682,1682,True,1682,1682,True,0.2945,0.000642,188.0
23,8,False,447,prompt,281,281,True,281,281,True,1.2348,0.000456,188.0
23,9,False,310,prompt,247,247,True,247,247,True,0.7036,0.000963,188.0
23,10,True,2444,fhe,342,342,True,342,342,True,0.403,0.0006,188.0
23,11,True,9279,fhe,310,310,True,671,671,True,1.8935,0.001483,188.0
23,12,False,1728,prompt,281,281,True,281,281,True,1.5163,0.001997,188.0
23,13,False,15,prompt,187,187,True,187,187,True,1.5384,0.000703,188.0
23,14,True,16396,fhe,13,13,True,13,13,True,0.1922,0.002836,188.0
23,15,True,247,fhe,1740,1740,True,2620,2620,True,1.2412,0.002278,188.0
23,16,False,15,prompt,380,380,True,187,187,True,0.5643,0.000494,188.0
23,17,False,12453,prompt,253,253,True,253,253,True,2.4193,0.002182,188.0
23,18,True,323,fhe,253,253,True,512,512,True,0.4234,0.001112,188.0
23,19,True,18207,fhe,12660,12660,True,12660,12660,True,1.8036,0.001248,188.0
23,20,False,2080,prompt,1840,1840,True,1840,1840,True,0.8685,0.000634,188.0
23,21,False,247,prompt,5471,5471,True,3590,3590,True,1.9063,0.004667,188.0
23,22,True,1899,fhe,273,273,True,273,273,True,4.0576,0.000534,188.0
23,23,True,13,fhe,2145,2145,True,2145,2145,True,3.3811,0.001702,188.0
23,24,False,387,prompt,253,253,True,253,253,True,2.4324,0.000772,188.0
23,25,False,1475,prompt,253,253,True,253,253,True,4.7168,0.000718,188.0
23,26,True,1263,fhe,13,13,True,273,273,True,0.9898,0.001047,188.0
23,27,True,1643,fhe,1355,1355,True,1355,1355,True,0.0739,0.002851,188.0
23,28,False,15,prompt,187,187,True,187,187,True,0.1903,0.0022,188.0
23,29,False,690,prompt,11048,11048,True,11048,11048,True,1.1576,0.001884,188.0
23,30,True,9832,fhe,18458,18458,True,18458,18458,True,2.2558,0.002287,188.0
23,31,True,13,fhe,1518,1518,True,1518,1518,True,0.1471,0.003045,188.0
23,32,False,8049,prompt,17315,17315,True,17315,17315,True,4.0051,0.002292,188.0
23,33,False,6494,prompt,1107,1107,True,1107,1107,True,3.2138,0.003118,188.0
23,34,True,16502,fhe,323,323,True,275,275,True,0.5308,0.000558,188.0
23,35,True,15,fhe,733,733,True,733,733,True,0.1715,0.001353,188.0
23,36,False,10654,prompt,327,327,True,327,327,True,0.4529,0.001682,188.0
23,37,False,2091,prompt,703,703,True,703,703,True,0.3627,0.0018,188.0
23,38,True,1066,fhe,8708,8708,True,8708,8708,True,0.405,0.000531,188.0
23,39,True,15,fhe,733,733,True,733,733,True,0.1715,0.000596,188.0
23,40,False,84,prompt,23396,23396,True,23396,23396,True,0.2683,0.000994,188.0
23,41,False,326,prompt,310,310,True,12453,12453,True,0.5529,0.001714,188.0
23,42,True,187,fhe,510,510,True,510,510,True,1.1095,0.001763,188.0
23,43,True,4082,fhe,25101,25101,True,25101,25101,True,4.8205,0.001833,188.0
23,44,False,273,prompt,253,253,True,352,352,True,1.3569,0.000569,188.0
23,45,False,751,prompt,253,253,True,253,253,True,0.4477,0.003405,188.0
23,46,True,285,fhe,5281,5281,True,5281,5281,True,1.4839,0.001095,188.0
23,47,True,247,fhe,4177,4177,True,4177,4177,True,2.1124,0.002446,188.0
23,48,False,13,prompt,533,533,True,533,533,True,1.1827,0.000488,188.0
23,49,False,275,prompt,5870,5870,True,5870,5870,True,5.1652,0.002197,188.0
23,50,True,4451,fhe,5319,5319,True,5319,5319,True,0.2098,0.003027,188.0
23,51,True,10,fhe,1840,1840,True,1840,1840,True,2.5418,0.002722,188.0
23,52,False,1708,prompt,13,13,True,326,326,True,0.3129,0.00152,188.0
23,53,False,15,prompt,733,733,True,187,187,True,0.3547,0.000546,188.0
23,54,True,247,fhe,1892,1892,True,1892,1892,True,0.9076,0.002972,188.0
23,55,True,253,fhe,4410,4410,True,4410,4410,True,1.4334,0.003079,188.0
23,56,False,369,prompt,271,271,True,271,271,True,1.3687,0.001933,188.0
23,57,False,285,prompt,2644,2644,True,2644,2644,True,1.4443,0.001469,188.0
23,58,True,187,fhe,510,510,True,510,510,True,2.1251,0.001957,188.0
23,59,True,275,fhe,253,253,True,253,253,True,1.8763,0.002011,188.0
23,60,False,253,prompt,8105,8105,True,8105,8105,True,0.1939,0.0023,188.0
23,61,False,5148,prompt,715,715,True,715,715,True,1.1773,0.002685,188.0
23,62,True,17504,fhe,13677,13677,True,13677,13677,True,7.1204,0.001315,188.0
23,63,True,36984,fhe,13,13,True,13,13,True,0.4861,0.001127,188.0
24,0,False,326,prompt,476,476,True,476,476,True,0.1095,0.001429,188.0
24,1,False,280,prompt,5270,5270,True,5270,5270,True,3.1786,0.000463,188.0
24,2,True,512,fhe,253,253,True,643,643,True,0.3929,0.000932,188.0
24,3,True,14,fhe,29988,29988,True,29988,29988,True,1.3167,0.001093,188.0
24,4,False,281,prompt,1756,1756,True,1756,1756,True,0.2769,0.000956,188.0
24,5,False,281,prompt,1756,1756,True,1756,1756,True,1.117,0.002874,188.0
24,6,True,731,fhe,285,285,True,285,285,True,0.3188,0.000622,188.0
24,7,True,1682,fhe,673,673,True,673,673,True,0.7401,0.000807,188.0
24,8,False,281,prompt,1361,1361,True,3997,3997,True,1.0242,0.001471,188.0
24,9,False,247,prompt,2728,2728,True,1846,1846,True,0.2353,0.001929,188.0
24,10,True,342,fhe,253,253,True,697,697,True,1.0846,0.003108,188.0
24,11,True,671,fhe,4428,4428,True,4428,4428,True,0.6654,0.001411,188.0
24,12,False,275,prompt,617,617,True,617,617,True,0.1379,0.000705,188.0
24,13,False,23645,prompt,476,476,True,476,476,True,0.284,0.001737,188.0
24,14,True,13,fhe,16396,16396,True,285,285,True,0.0746,0.001753,188.0
24,15,True,2620,fhe,14,14,True,807,807,True,1.9698,0.001933,188.0
24,16,False,380,prompt,2317,2317,True,3520,3520,True,0.58,0.000835,188.0
24,17,False,954,prompt,273,273,True,273,273,True,1.8266,0.001095,188.0
24,18,True,512,fhe,20086,20086,True,20086,20086,True,1.5169,0.001859,188.0
24,19,True,12660,fhe,3272,3272,True,7759,7759,True,1.3177,0.006485,188.0
24,20,False,1840,prompt,253,253,True,253,253,True,2.6692,0.002147,188.0
24,21,False,673,prompt,273,273,True,2180,2180,True,0.4968,0.000568,188.0
24,22,True,273,fhe,253,253,True,253,253,True,2.2911,0.00267,188.0
24,23,True,2145,fhe,13,13,True,13,13,True,3.8975,0.003087,188.0
24,24,False,253,prompt,3564,3564,True,3564,3564,True,0.9019,0.000648,188.0
24,25,False,253,prompt,20902,20902,True,20902,20902,True,0.2662,0.001783,188.0
24,26,True,273,fhe,7952,7952,True,4156,4156,True,0.5975,0.002991,188.0
24,27,True,1355,fhe,9970,9970,True,9970,9970,True,1.1667,0.004841,188.0
24,28,False,329,prompt,1643,1643,True,1643,1643,True,2.7811,0.005306,188.0
24,29,False,5053,prompt,13,13,True,13,13,True,1.1805,0.002052,188.0
24,30,True,18458,fhe,310,310,True,27,27,True,1.1679,0.000684,188.0
24,31,True,1518,fhe,13,13,True,6278,6278,True,1.6013,0.001016,188.0
24,32,False,17315,prompt,66,66,True,66,66,True,5.552,0.00519,188.0
24,33,False,1107,prompt,3622,3622,True,3622,3622,True,2.0865,0.000556,188.0
24,34,True,275,fhe,253,253,True,253,253,True,1.7663,0.001269,188.0
24,35,True,733,fhe,310,310,True,556,556,True,1.5751,0.001817,188.0
24,36,False,1335,prompt,13195,13195,True,13195,13195,True,1.1247,0.004214,188.0
24,37,False,253,prompt,789,789,True,789,789,True,0.0652,0.001806,188.0
24,38,True,8708,fhe,2647,2647,True,2647,2647,True,1.6746,0.00405,188.0
24,39,True,733,fhe,310,310,True,556,556,True,1.5751,0.001773,188.0
24,40,False,2553,prompt,835,835,True,835,835,True,0.1173,0.002865,188.0
24,41,False,5644,prompt,281,281,True,281,281,True,4.7545,0.003277,188.0
24,42,True,510,fhe,1982,1982,True,2199,2199,True,0.8537,0.000706,188.0
24,43,True,25101,fhe,1119,1119,True,1119,1119,True,1.4359,0.000757,188.0
24,44,False,253,prompt,1824,1824,True,1824,1824,True,2.1336,0.004238,188.0
24,45,False,247,prompt,23470,23470,True,23470,23470,True,0.5569,0.005966,188.0
24,46,True,5281,fhe,13,13,True,347,347,True,1.0113,0.00172,188.0
24,47,True,4177,fhe,13,13,True,984,984,True,0.6574,0.000893,188.0
24,48,False,533,prompt,352,352,True,352,352,True,1.4647,0.001982,188.0
24,49,False,5870,prompt,13,13,True,285,285,True,0.3796,0.000548,188.0
24,50,True,5319,fhe,13,13,True,285,285,True,0.7264,0.000305,188.0
24,51,True,1840,fhe,6150,6150,True,6150,6150,True,3.1531,0.001374,188.0
24,52,False,15,prompt,380,380,True,380,380,True,0.9508,0.001081,188.0
24,53,False,6061,prompt,673,673,True,673,673,True,0.8724,0.001685,188.0
24,54,True,1892,fhe,673,673,True,673,673,True,5.5689,0.001483,188.0
24,55,True,4410,fhe,11936,11936,True,11936,11936,True,5.4141,0.000479,188.0
24,56,False,271,prompt,2448,2448,True,2448,2448,True,3.131,0.003352,188.0
24,57,False,27495,prompt,452,452,True,452,452,True,0.1332,0.001195,188.0
24,58,True,510,fhe,2670,2670,True,2670,2670,True,0.1928,0.001048,188.0
24,59,True,253,fhe,8467,8467,True,8467,8467,True,0.5794,0.000835,188.0
24,60,False,4857,prompt,346,346,True,346,346,True,0.3178,0.001545,188.0
24,61,False,715,prompt,20035,20035,True,6871,6871,True,0.0788,0.001908,188.0
24,62,True,13677,fhe,32636,32636,True,32636,32636,True,0.0432,0.002713,188.0
24,63,True,13,fhe,534,534,True,7768,7768,True,0.6027,0.001087,188.0
25,0,False,29406,prompt,281,281,True,281,281,True,1.896,0.002736,188.0
25,1,False,5270,prompt,15,15,True,273,273,True,0.3495,0.000836,188.0
25,2,True,643,fhe,6114,6114,True,6114,6114,True,3.6336,0.001213,188.0
25,3,True,29988,fhe,273,273,True,273,273,True,5.1864,0.000943,188.0
25,4,False,6008,prompt,598,598,True,598,598,True,0.2534,0.000738,188.0
25,5,False,1756,prompt,15,15,True,15,15,True,2.2065,0.000421,188.0
25,6,True,285,fhe,2312,2312,True,2312,2312,True,0.2744,0.001853,188.0
25,7,True,673,fhe,281,281,True,281,281,True,3.0934,0.001281,188.0
25,8,False,3997,prompt,616,616,True,616,616,True,2.277,0.002698,188.0
25,9,False,8984,prompt,326,273,False,326,326,True,0.0058,0.000647,188.0
25,10,True,697,fhe,10471,10471,True,10471,10471,True,1.7872,0.003362,188.0
25,11,True,4428,fhe,247,247,True,9840,9840,True,0.13,0.001187,188.0
25,12,False,247,prompt,2714,2714,True,2714,2714,True,0.6417,0.003438,188.0
25,13,False,476,prompt,3153,3153,True,3153,3153,True,0.6708,0.005634,188.0
25,14,True,285,fhe,352,352,True,352,352,True,0.1879,0.001003,188.0
25,15,True,807,fhe,1307,1307,True,1307,1307,True,5.6625,0.002854,188.0
25,16,False,1182,prompt,14,14,True,14,14,True,0.031,0.00199,188.0
25,17,False,1846,prompt,5161,5161,True,5161,5161,True,0.06,0.002391,188.0
25,18,True,20086,fhe,13,13,True,13,13,True,0.0951,0.00068,188.0
25,19,True,7759,fhe,15,15,True,15,15,True,1.1664,0.002291,188.0
25,20,False,3253,prompt,2010,2010,True,2010,2010,True,3.5287,0.001019,188.0
25,21,False,273,prompt,1388,1388,True,1388,1388,True,0.4685,0.001021,188.0
25,22,True,253,fhe,5101,5101,True,5101,5101,True,0.7174,0.003544,188.0
25,23,True,13,fhe,1638,1638,True,1638,1638,True,0.8829,0.002551,188.0
25,24,False,3564,prompt,273,273,True,273,273,True,7.0067,0.002197,188.0
25,25,False,21609,prompt,685,685,True,685,685,True,1.5079,0.00221,188.0
25,26,True,4156,fhe,7952,7952,True,18384,18384,True,0.3271,0.009592,188.0
25,27,True,9970,fhe,582,582,True,582,582,True,0.1336,0.004723,188.0
25,28,False,1643,prompt,273,273,True,273,273,True,0.2883,0.007508,188.0
25,29,False,13,prompt,7043,7043,True,7043,7043,True,1.9326,0.0009,188.0
25,30,True,27,fhe,380,380,True,380,380,True,0.5498,0.000436,188.0
25,31,True,6278,fhe,6574,6574,True,6574,6574,True,0.5137,0.001093,188.0
25,32,False,66,prompt,943,943,True,943,943,True,3.4551,0.007061,188.0
25,33,False,3622,prompt,13,13,True,13,13,True,2.2414,0.001136,188.0
25,34,True,253,fhe,2393,2393,True,2393,2393,True,0.0827,0.003709,188.0
25,35,True,556,fhe,247,247,True,247,247,True,0.7803,0.001438,188.0
25,36,False,13195,prompt,15,15,True,13,13,True,0.0803,0.001181,188.0
25,37,False,5101,prompt,43256,43256,True,43256,43256,True,0.2053,0.001595,188.0
25,38,True,2647,fhe,13,13,True,285,285,True,0.2681,0.001214,188.0
25,39,True,556,fhe,247,247,True,247,247,True,0.7803,0.002913,188.0
25,40,False,13,prompt,835,835,True,835,835,True,0.1469,0.004364,188.0
25,41,False,281,prompt,253,253,True,253,253,True,1.0823,0.002913,188.0
25,42,True,2199,fhe,369,369,True,369,369,True,0.1805,0.003604,188.0
25,43,True,1119,fhe,326,326,True,326,326,True,2.6595,0.000684,188.0
25,44,False,1824,prompt,6882,6882,True,6882,6882,True,0.0866,0.001056,188.0
25,45,False,39088,prompt,15,15,True,342,342,True,0.1911,0.001082,188.0
25,46,True,347,fhe,253,253,True,253,253,True,0.5095,0.000612,188.0
25,47,True,984,fhe,352,352,True,352,352,True,2.6295,0.001774,188.0
25,48,False,352,prompt,476,476,True,476,476,True,0.1308,0.000927,188.0
25,49,False,594,prompt,352,352,True,627,627,True,1.0473,0.001483,188.0
25,50,True,285,fhe,310,310,True,310,310,True,0.3613,0.000946,188.0
25,51,True,6150,fhe,1268,1268,True,1268,1268,True,3.1451,0.000947,188.0
25,52,False,6707,prompt,398,398,True,398,398,True,3.2062,0.001346,188.0
25,53,False,6763,prompt,273,273,True,273,273,True,3.102,0.000945,188.0
25,54,True,673,fhe,4560,4560,True,4560,4560,True,2.4176,0.005057,188.0
25,55,True,11936,fhe,13,13,True,285,285,True,1.1517,0.000485,188.0
25,56,False,8118,prompt,2448,2448,True,2448,2448,True,1.3852,0.002036,188.0
25,57,False,403,prompt,1869,1869,True,6566,6566,True,0.0525,0.002461,188.0
25,58,True,2670,fhe,310,310,True,273,273,True,1.0826,0.000798,188.0
25,59,True,8467,fhe,15,15,True,15,15,True,1.1266,0.002502,188.0
25,60,False,657,prompt,13,13,True,13,13,True,0.0864,0.000854,188.0
25,61,False,2602,prompt,6871,6871,True,6871,6871,True,1.4251,0.003909,188.0
25,62,True,32636,fhe,970,970,True,326,326,True,0.5133,0.004784,188.0
25,63,True,7768,fhe,13,13,True,285,285,True,1.3055,0.001164,188.0
26,0,False,281,prompt,4017,4017,True,4017,4017,True,0.6972,0.008112,188.0
26,1,False,374,prompt,15,15,True,15,15,True,6.6738,0.002246,188.0
26,2,True,6114,fhe,403,403,True,403,403,True,0.8025,0.001179,188.0
26,3,True,273,fhe,253,253,True,7565,7565,True,2.2227,0.000859,188.0
26,4,False,253,prompt,8618,8618,True,8618,8618,True,1.2295,0.006819,188.0
26,5,False,15,prompt,187,187,True,187,187,True,0.542,0.002613,188.0
26,6,True,2312,fhe,670,670,True,670,670,True,0.9476,0.000604,188.0
26,7,True,281,fhe,4444,4444,True,4444,4444,True,0.8054,0.001658,188.0
26,8,False,285,prompt,1557,1557,True,1557,1557,True,0.2853,0.00596,188.0
26,9,False,326,prompt,11852,11852,True,11852,11852,True,0.8392,0.003446,188.0
26,10,True,10471,fhe,281,281,True,281,281,True,1.4609,0.001107,188.0
26,11,True,9840,fhe,14,14,True,14,14,True,2.4899,0.002052,188.0
26,12,False,2714,prompt,14795,14795,True,30747,30747,True,0.0752,0.001347,188.0
26,13,False,11883,prompt,275,275,True,275,275,True,0.8972,0.001965,188.0
26,14,True,352,fhe,310,310,True,556,556,True,1.8976,0.001246,188.0
26,15,True,1307,fhe,407,407,True,13,13,True,0.6309,0.000915,188.0
26,16,False,14,prompt,10565,10565,True,10565,10565,True,1.4136,0.007687,188.0
26,17,False,5161,prompt,7465,7465,True,11073,11073,True,1.7282,0.004362,188.0
26,18,True,13,fhe,285,285,True,285,285,True,0.9701,0.001919,188.0
26,19,True,15,fhe,187,187,True,187,187,True,2.8334,0.002035,188.0
26,20,False,2010,prompt,13,13,True,13,13,True,0.6847,0.001272,188.0
26,21,False,1388,prompt,15,15,True,15,15,True,0.7936,0.000947,188.0
26,22,True,5101,fhe,369,369,True,369,369,True,0.4192,0.00181,188.0
26,23,True,1638,fhe,13,13,True,13,13,True,3.7893,0.000553,188.0
26,24,False,273,prompt,253,253,True,253,253,True,0.7341,0.000499,188.0
26,25,False,285,prompt,253,253,True,14847,14847,True,0.6349,0.001784,188.0
26,26,True,18384,fhe,310,310,True,310,310,True,0.5497,0.002557,188.0
26,27,True,582,fhe,285,285,True,342,342,True,0.8911,0.001317,188.0
26,28,False,11791,prompt,275,275,True,275,275,True,0.4277,0.001951,188.0
26,29,False,5820,prompt,452,452,True,452,452,True,0.9816,0.002419,188.0
26,30,True,380,fhe,3276,3276,True,3276,3276,True,0.0614,0.001664,188.0
26,31,True,6574,fhe,313,313,True,313,313,True,0.5699,0.000795,188.0
26,32,False,943,prompt,320,320,True,320,320,True,5.2758,0.004756,188.0
26,33,False,436,prompt,7742,7742,True,3678,3678,True,2.2136,0.002763,188.0
26,34,True,2393,fhe,655,655,True,655,655,True,0.2849,0.002155,188.0
26,35,True,247,fhe,2264,2264,True,2264,2264,True,0.0082,0.005117,188.0
26,36,False,15,prompt,187,187,True,187,187,True,0.0216,0.000717,188.0
26,37,False,574,prompt,873,873,True,873,873,True,0.4553,0.002719,188.0
26,38,True,285,fhe,2740,2740,True,1978,1978,True,0.3847,0.002873,188.0
26,39,True,247,fhe,4644,2264,False,4644,2264,False,0.0082,0.006156,188.0
26,40,False,534,prompt,403,403,True,476,476,True,1.106,0.001004,188.0
26,41,False,1786,prompt,14892,14892,True,7756,7756,True,0.9182,0.00093,188.0
26,42,True,369,fhe,4158,4158,True,4158,4158,True,0.1331,0.001537,188.0
26,43,True,326,fhe,9097,9097,True,9097,9097,True,1.4462,0.001173,188.0
26,44,False,22844,prompt,281,13,False,281,281,True,0.001,0.000585,188.0
26,45,False,1160,prompt,273,273,True,432,432,True,2.1427,0.002214,188.0
26,46,True,253,fhe,1824,1824,True,1824,1824,True,0.765,0.001948,188.0
26,47,True,352,fhe,310,310,True,556,556,True,2.3486,0.000662,188.0
26,48,False,943,prompt,320,320,True,320,320,True,0.0065,0.001409,188.0
26,49,False,3095,prompt,665,665,True,665,665,True,0.3892,0.001885,188.0
26,50,True,310,fhe,4451,4451,True,247,247,True,0.6875,0.000945,188.0
26,51,True,1268,fhe,15,15,True,15,15,True,1.3271,0.00055,188.0
26,52,False,398,prompt,497,497,True,497,497,True,0.2078,0.0015,188.0
26,53,False,273,prompt,1107,1107,True,1107,1107,True,3.3082,0.000975,188.0
26,54,True,4560,fhe,2739,2739,True,253,253,True,1.1994,0.00127,188.0
26,55,True,285,fhe,310,310,True,310,840,False,1.3808,0.001036,188.0
26,56,False,14,prompt,7878,7878,True,7878,7878,True,5.3855,0.001567,188.0
26,57,False,6793,prompt,275,275,True,4973,4973,True,1.8253,0.001821,188.0
26,58,True,273,fhe,253,253,True,253,253,True,2.4904,0.000393,188.0
26,59,True,15,fhe,187,187,True,187,187,True,1.5949,0.000437,188.0
26,60,False,15,prompt,1583,1583,True,380,380,True,0.6636,0.002148,188.0
26,61,False,2502,prompt,20035,20035,True,6871,6871,True,0.0541,0.006219,188.0
26,62,True,326,fhe,368,368,True,368,368,True,0.5864,0.000838,188.0
26,63,True,285,fhe,643,643,True,643,643,True,0.3201,0.001982,188.0
27,0,False,269,prompt,423,423,True,423,423,True,6.9321,0.002066,188.0
27,1,False,15,prompt,3666,3666,True,15108,15108,True,1.8201,0.001148,188.0
27,2,True,403,fhe,6114,6114,True,629,629,True,0.1398,0.000736,188.0
27,3,True,7565,fhe,434,434,True,434,434,True,0.0814,0.000776,188.0
27,4,False,36984,prompt,275,275,True,275,275,True,1.3109,0.002636,188.0
27,5,False,2635,prompt,352,352,True,352,352,True,1.0014,0.001915,188.0
27,6,True,670,fhe,752,752,True,752,752,True,0.7249,0.002574,188.0
27,7,True,4444,fhe,10583,10583,True,10583,10583,True,1.4784,0.003289,188.0
27,8,False,1557,prompt,323,323,True,323,323,True,6.9963,0.001194,188.0
27,9,False,6634,prompt,672,672,True,672,672,True,2.0655,0.001066,188.0
27,10,True,281,fhe,1287,1287,True,1287,1287,True,0.5242,0.001102,188.0
27,11,True,14,fhe,5546,5546,True,5546,5546,True,4.5128,0.004405,188.0
27,12,False,12607,prompt,15,15,True,326,326,True,0.3903,0.001769,188.0
27,13,False,253,prompt,24250,24250,True,5412,5412,True,0.6539,0.003991,188.0
27,14,True,556,fhe,247,247,True,247,247,True,0.995,0.002838,188.0
27,15,True,13,fhe,285,285,True,285,285,True,1.6384,0.000633,188.0
27,16,False,10565,prompt,310,310,True,273,273,True,2.0666,0.002318,188.0
27,17,False,1273,prompt,3448,3448,True,14,14,True,2.2811,0.000682,188.0
27,18,True,285,fhe,352,352,True,352,352,True,1.2625,0.000479,188.0
27,19,True,187,fhe,510,510,True,2042,2042,True,0.7308,0.001041,188.0
27,20,False,15,prompt,380,380,True,187,187,True,0.4645,0.00236,188.0
27,21,False,15,prompt,187,187,True,187,187,True,1.347,0.001313,188.0
27,22,True,369,fhe,1160,1160,True,1160,1160,True,1.4164,0.001919,188.0
27,23,True,13,fhe,1458,1458,True,1458,1458,True,2.5569,0.001075,188.0
27,24,False,253,prompt,6445,6445,True,6445,6445,True,1.0045,0.001135,188.0
27,25,False,3729,prompt,14847,14847,True,14847,14847,True,1.6895,0.000905,188.0
27,26,True,310,fhe,1925,1925,True,1925,1925,True,0.6248,0.003452,188.0
27,27,True,342,fhe,247,247,True,253,253,True,1.2211,0.001611,188.0
27,28,False,22238,prompt,13,13,True,13,13,True,1.0819,0.002263,188.0
27,29,False,497,prompt,6726,6726,True,6726,6726,True,0.4296,0.002511,188.0
27,30,True,3276,fhe,273,273,True,273,273,True,0.816,0.001546,188.0
27,31,True,313,fhe,19,19,True,19,19,True,0.0414,0.003181,188.0
27,32,False,320,prompt,20023,20023,True,20023,20023,True,6.3355,0.004931,188.0
27,33,False,7742,prompt,369,369,True,369,369,True,1.8939,0.002607,188.0
27,34,True,655,fhe,394,394,True,394,394,True,9.0972,0.003899,188.0
27,35,True,2264,fhe,4644,4644,True,4644,4644,True,0.714,0.001983,188.0
27,36,False,9730,prompt,285,285,True,285,285,True,0.4935,0.003435,188.0
27,37,False,873,prompt,13,13,True,13,13,True,2.1146,0.000357,188.0
27,38,True,1978,fhe,352,352,True,352,352,True,0.1417,0.001038,188.0
27,39,True,4644,fhe,273,273,True,273,273,True,2.0517,0.000797,188.0
27,40,False,25526,prompt,21379,21379,True,21379,21379,True,0.0587,0.001127,188.0
27,41,False,13,prompt,2675,2675,True,2675,2675,True,0.2942,0.002281,188.0
27,42,True,4158,fhe,281,281,True,407,407,True,2.1555,0.001877,188.0
27,43,True,9097,fhe,665,665,True,342,342,True,0.2441,0.002088,188.0
27,44,False,715,prompt,253,253,True,253,253,True,4.4235,0.001003,188.0
27,45,False,273,prompt,5961,5961,True,5961,5961,True,0.068,0.002061,188.0
27,46,True,1824,fhe,9727,9727,True,9727,9727,True,0.1594,0.000553,188.0
27,47,True,556,fhe,247,247,True,271,271,True,0.0204,0.000646,188.0
27,48,False,320,prompt,2104,2104,True,2104,2104,True,1.1352,0.000791,188.0
27,49,False,342,prompt,24532,24532,True,24532,24532,True,1.0597,0.002611,188.0
27,50,True,247,fhe,4858,4858,True,4858,4858,True,0.0007,0.001911,188.0
27,51,True,15,fhe,733,733,True,733,733,True,0.3957,0.000406,188.0
27,52,False,2206,prompt,275,275,True,327,327,True,0.2752,0.001499,188.0
27,53,False,1107,prompt,13,13,True,13,13,True,1.0455,0.000659,188.0
27,54,True,253,fhe,2739,2739,True,987,987,True,0.1076,0.004194,188.0
27,55,True,310,fhe,253,253,True,581,581,True,1.032,0.001507,188.0
27,56,False,7878,prompt,39208,39208,True,39208,39208,True,2.1479,0.000791,188.0
27,57,False,275,prompt,40536,40536,True,40536,40536,True,0.9989,0.005171,188.0
27,58,True,253,fhe,9129,9129,True,9129,9129,True,0.9578,0.002984,188.0
27,59,True,187,fhe,510,510,True,3,3,True,0.8478,0.000853,188.0
27,60,False,380,prompt,11260,11260,True,11260,11260,True,0.7372,0.001437,188.0
27,61,False,11687,prompt,15,15,True,13,13,True,0.7953,0.000914,188.0
27,62,True,368,fhe,897,897,True,897,897,True,1.5562,0.001721,188.0
27,63,True,643,fhe,8708,8708,True,8708,8708,True,0.5827,0.000833,188.0
28,0,False,423,prompt,745,745,True,745,745,True,5.0923,0.002518,188.0
28,1,False,11149,prompt,562,562,True,562,562,True,2.0877,0.000748,188.0
28,2,True,629,fhe,273,273,True,273,273,True,6.0549,0.000825,188.0
28,3,True,434,fhe,2553,2553,True,2553,2553,True,2.9497,0.002174,188.0
28,4,False,275,prompt,253,253,True,10238,10238,True,1.7868,0.001456,188.0
28,5,False,247,prompt,8357,8357,True,4444,4444,True,2.0039,0.001749,188.0
28,6,True,752,fhe,597,597,True,597,597,True,1.8014,0.000429,188.0
28,7,True,10583,fhe,310,310,True,8357,8357,True,1.8921,0.00066,188.0
28,8,False,323,prompt,616,616,True,616,616,True,1.6285,0.001126,188.0
28,9,False,275,prompt,253,253,True,952,952,True,0.4699,0.002177,188.0
28,10,True,1287,fhe,247,247,True,247,247,True,1.7466,0.002183,188.0
28,11,True,5546,fhe,302,302,True,302,302,True,9.2077,0.003044,188.0
28,12,False,15,prompt,380,380,True,380,380,True,0.0495,0.000628,188.0
28,13,False,8986,prompt,275,275,True,275,275,True,0.7565,0.000989,188.0
28,14,True,247,fhe,4030,1077,False,2602,2602,True,0.0036,0.008921,188.0
28,15,True,285,fhe,253,253,True,778,778,True,0.1834,0.00063,188.0
28,16,False,310,prompt,253,253,True,253,253,True,0.9746,0.001284,188.0
28,17,False,9646,prompt,7465,7465,True,6936,6936,True,0.9526,0.001481,188.0
28,18,True,352,fhe,310,310,True,369,369,True,0.6907,0.003793,188.0
28,19,True,2042,fhe,368,368,True,368,368,True,0.3033,0.001401,188.0
28,20,False,23195,prompt,253,253,True,731,731,True,1.4481,0.00077,188.0
28,21,False,20727,prompt,247,247,True,253,253,True,0.9755,0.000719,188.0
28,22,True,1160,fhe,407,407,True,275,275,True,0.0971,0.000701,188.0
28,23,True,1458,fhe,13,13,True,13,13,True,3.8244,0.002386,188.0
28,24,False,34955,prompt,15,15,True,15,15,True,0.197,0.000492,188.0
28,25,False,7531,prompt,685,685,True,685,685,True,1.2743,0.00079,188.0
28,26,True,1925,fhe,7952,7952,True,12015,12015,True,0.9672,0.004485,188.0
28,27,True,253,fhe,24390,24390,True,24390,24390,True,0.2136,0.004617,188.0
28,28,False,285,prompt,9047,9047,True,9047,9047,True,0.4223,0.001339,188.0
28,29,False,2378,prompt,4136,4136,True,4136,4136,True,0.1863,0.004288,188.0
28,30,True,273,fhe,253,253,True,247,247,True,1.3525,0.000663,188.0
28,31,True,19,fhe,13,13,True,3041,3041,True,2.3705,0.001873,188.0
28,32,False,20023,prompt,760,760,True,760,760,True,5.3169,0.001784,188.0
28,33,False,369,prompt,23128,23128,True,23128,23128,True,0.4614,0.001557,188.0
28,34,True,394,fhe,5331,5331,True,5331,5331,True,3.215,0.000789,188.0
28,35,True,4644,fhe,273,273,True,273,273,True,3.8034,0.001256,188.0
28,36,False,275,prompt,616,616,True,1048,1048,True,0.333,0.000867,188.0
28,37,False,13,prompt,703,703,True,703,703,True,0.7148,0.00066,188.0
28,38,True,352,fhe,432,432,True,432,432,True,1.0982,0.001591,188.0
28,39,True,273,fhe,670,670,True,5512,5512,True,1.405,0.000833,188.0
28,40,False,15401,prompt,285,285,True,285,285,True,0.2503,0.000502,188.0
28,41,False,6021,prompt,13,13,True,390,390,True,0.2574,0.003688,188.0
28,42,True,407,fhe,253,253,True,253,253,True,0.858,0.000808,188.0
28,43,True,342,fhe,2798,2798,True,14215,14215,True,1.097,0.004292,188.0
28,44,False,253,prompt,2329,2329,True,2329,2329,True,0.7403,0.001545,188.0
28,45,False,8805,prompt,15,15,True,390,390,True,1.0288,0.001341,188.0
28,46,True,9727,fhe,949,949,True,949,949,True,0.5626,0.00257,188.0
28,47,True,271,fhe,14779,14779,True,14779,14779,True,0.062,0.00248,188.0
28,48,False,27389,prompt,13,13,True,285,285,True,0.5949,0.001546,188.0
28,49,False,247,prompt,2021,2021,True,2021,2021,True,0.6343,0.004439,188.0
28,50,True,4858,fhe,3417,3417,True,1387,1387,True,0.0998,0.000565,188.0
28,51,True,733,fhe,310,310,True,8696,8696,True,2.4782,0.001621,188.0
28,52,False,387,prompt,711,711,True,711,711,True,1.1236,0.001239,188.0
28,53,False,13,prompt,253,253,True,352,352,True,0.344,0.000745,188.0
28,54,True,987,fhe,1659,1659,True,1659,1659,True,0.9404,0.003493,188.0
28,55,True,581,fhe,273,273,True,273,273,True,5.882,0.000919,188.0
28,56,False,2675,prompt,8460,8460,True,8460,8460,True,0.3454,0.003331,188.0
28,57,False,40536,prompt,326,326,True,326,326,True,0.2354,0.001351,188.0
28,58,True,9129,fhe,2846,2846,True,2846,2846,True,1.8798,0.001777,188.0
28,59,True,3,fhe,1147,1147,True,1147,1147,True,0.0569,0.001458,188.0
28,60,False,12621,prompt,19826,19826,True,19826,19826,True,0.6367,0.000914,188.0
28,61,False,15,prompt,380,380,True,380,380,True,0.3376,0.001161,188.0
28,62,True,897,fhe,247,247,True,642,642,True,1.9475,0.001697,188.0
28,63,True,8708,fhe,7006,7006,True,7006,7006,True,0.8223,0.002881,188.0
29,0,False,745,prompt,36207,36207,True,36207,36207,True,0.6774,0.002929,188.0
29,1,False,562,prompt,253,253,True,326,326,True,0.1606,0.001491,188.0
29,2,True,273,fhe,253,253,True,253,253,True,0.3914,0.001189,188.0
29,3,True,2553,fhe,13,13,True,13,13,True,0.5871,0.000745,188.0
29,4,False,253,prompt,12274,12274,True,10238,10238,True,0.4565,0.006222,188.0
29,5,False,1355,prompt,8357,8357,True,2408,2408,True,1.4853,0.001211,188.0
29,6,True,597,fhe,497,497,True,497,497,True,1.6494,0.001699,188.0
29,7,True,8357,fhe,310,310,True,310,310,True,3.0977,0.001956,188.0
29,8,False,47268,prompt,15,15,True,15,15,True,0.079,0.000837,188.0
29,9,False,253,prompt,24908,24908,True,9246,9246,True,0.5003,0.002698,188.0
29,10,True,247,fhe,5700,5700,True,5700,5700,True,1.6594,0.001966,188.0
29,11,True,302,fhe,1751,1751,True,1751,1751,True,6.5846,0.012479,188.0
29,12,False,25081,prompt,253,253,True,617,617,True,0.1688,0.000664,188.0
29,13,False,275,prompt,253,253,True,6749,6749,True,0.157,0.002068,188.0
29,14,True,2602,fhe,13,13,True,14542,14542,True,0.5747,0.00103,188.0
29,15,True,778,fhe,320,320,True,320,320,True,0.4012,0.003751,188.0
29,16,False,20277,prompt,281,281,True,281,281,True,4.0398,0.000792,188.0
29,17,False,46373,prompt,2505,2505,True,17438,17438,True,1.5366,0.00226,188.0
29,18,True,369,fhe,253,253,True,6704,6704,True,0.5003,0.0012,188.0
29,19,True,368,fhe,452,452,True,452,452,True,0.5692,0.004393,188.0
29,20,False,731,prompt,13,13,True,403,403,True,0.7087,0.002434,188.0
29,21,False,824,prompt,3000,3000,True,11515,11515,True,1.2133,0.00139,188.0
29,22,True,275,fhe,1458,1458,True,1458,1458,True,0.07,0.001105,188.0
29,23,True,13,fhe,1668,1668,True,1668,1668,True,3.6032,0.001914,188.0
29,24,False,15,prompt,754,754,True,754,754,True,0.138,0.00225,188.0
29,25,False,13,prompt,285,285,True,685,685,True,1.4288,0.001331,188.0
29,26,True,12015,fhe,255,255,True,255,255,True,1.5614,0.001956,188.0
29,27,True,24390,fhe,256,256,True,256,256,True,0.8323,0.001034,188.0
29,28,False,9047,prompt,253,253,True,253,253,True,3.0699,0.002292,188.0
29,29,False,5087,prompt,281,281,True,281,281,True,0.7722,0.001147,188.0
29,30,True,247,fhe,2133,2133,True,2133,2133,True,0.4052,0.005469,188.0
29,31,True,3041,fhe,6278,6278,True,10771,10771,True,1.5584,0.002218,188.0
29,32,False,760,prompt,275,275,True,762,762,True,3.3003,0.002101,188.0
29,33,False,516,prompt,25779,25779,True,25779,25779,True,2.1844,0.007195,188.0
29,34,True,5331,fhe,13,13,True,13,13,True,0.1501,0.0006,188.0
29,35,True,273,fhe,670,670,True,5512,5512,True,1.4107,0.003913,188.0
29,36,False,17023,prompt,19750,19750,True,19750,19750,True,0.0781,0.001547,188.0
29,37,False,253,prompt,13497,13497,True,13497,13497,True,0.1401,0.002913,188.0
29,38,True,432,fhe,458,458,True,458,458,True,0.0935,0.002817,188.0
29,39,True,5512,fhe,337,337,True,337,337,True,0.0856,0.003387,188.0
29,40,False,285,prompt,643,643,True,643,643,True,0.0719,0.001058,188.0
29,41,False,285,prompt,1786,1786,True,2675,2675,True,0.3811,0.002841,188.0
29,42,True,253,fhe,1982,1982,True,3313,3313,True,0.5447,0.000751,188.0
29,43,True,14215,fhe,12235,12235,True,12235,12235,True,0.1579,0.010898,188.0
29,44,False,2329,prompt,13,13,True,281,281,True,0.0941,0.004195,188.0
29,45,False,15,prompt,187,187,True,187,187,True,0.2757,0.00108,188.0
29,46,True,949,fhe,731,731,True,731,731,True,0.514,0.002358,188.0
29,47,True,14779,fhe,2408,2408,True,2408,2408,True,0.3804,0.001221,188.0
29,48,False,273,prompt,253,253,True,752,752,True,1.1241,0.000838,188.0
29,49,False,2885,prompt,390,390,True,390,390,True,0.0895,0.002494,188.0
29,50,True,1387,fhe,273,273,True,432,432,True,0.5462,0.000708,188.0
29,51,True,8696,fhe,275,275,True,327,327,True,0.8332,0.001374,188.0
29,52,False,5536,prompt,7180,7180,True,7180,7180,True,1.3453,0.001399,188.0
29,53,False,1014,prompt,253,253,True,247,247,True,1.1086,0.003846,188.0
29,54,True,1659,fhe,281,281,True,281,281,True,3.2077,0.000948,188.0
29,55,True,273,fhe,253,253,True,253,253,True,3.462,0.000342,188.0
29,56,False,8460,prompt,254,254,True,254,254,True,5.2296,0.000645,188.0
29,57,False,326,prompt,778,778,True,778,778,True,0.0094,0.001061,188.0
29,58,True,2846,fhe,273,273,True,369,369,True,0.9593,0.003056,188.0
29,59,True,1147,fhe,434,434,True,434,434,True,0.2907,0.004015,188.0
29,60,False,387,prompt,253,253,True,253,253,True,3.4899,0.001894,188.0
29,61,False,41999,prompt,13,13,True,13,13,True,0.1911,0.003138,188.0
29,62,True,642,fhe,625,625,True,625,625,True,4.0279,0.004595,188.0
29,63,True,7006,fhe,15,15,True,326,326,True,0.9768,0.000395,188.0
30,0,False,36207,prompt,13,13,True,285,285,True,0.8035,0.000547,188.0
30,1,False,3082,prompt,273,273,True,273,273,True,0.2126,0.001145,188.0
30,2,True,253,fhe,45090,45090,True,45090,45090,True,1.4626,0.002066,188.0
30,3,True,13,fhe,285,285,True,533,533,True,1.8746,0.001576,188.0
30,4,False,17652,prompt,13,13,True,13,13,True,0.3226,0.001082,188.0
30,5,False,5230,prompt,588,588,True,985,985,True,0.2993,0.001,188.0
30,6,True,497,fhe,4361,4361,True,4361,4361,True,1.9151,0.002715,188.0
30,7,True,310,fhe,275,275,True,275,275,True,1.2683,0.000398,188.0
30,8,False,15,prompt,187,187,True,187,187,True,1.1171,0.001351,188.0
30,9,False,24908,prompt,326,326,True,281,281,True,0.5953,0.001002,188.0
30,10,True,5700,fhe,281,281,True,323,323,True,0.6108,0.00106,188.0
30,11,True,1751,fhe,13,13,True,285,285,True,2.0768,0.000873,188.0
30,12,False,253,prompt,30747,30747,True,30747,30747,True,0.4144,0.002994,188.0
30,13,False,253,prompt,6749,6749,True,6749,6749,True,0.0985,0.01056,188.0
30,14,True,14542,fhe,15,15,True,326,326,True,0.1763,0.001237,188.0
30,15,True,320,fhe,294,294,True,294,294,True,3.3469,0.002358,188.0
30,16,False,314,prompt,281,281,True,281,281,True,2.4232,0.000691,188.0
30,17,False,2505,prompt,7465,7465,True,6936,6936,True,1.1044,0.001691,188.0
30,18,True,6704,fhe,407,407,True,407,407,True,0.588,0.001002,188.0
30,19,True,452,fhe,247,247,True,247,247,True,0.7134,0.000811,188.0
30,20,False,310,prompt,247,247,True,271,271,True,0.0836,0.001091,188.0
30,21,False,3000,prompt,310,310,True,310,310,True,1.2234,0.000951,188.0
30,22,True,1458,fhe,3079,3079,True,3079,3079,True,0.0549,0.001165,188.0
30,23,True,1668,fhe,13,13,True,13,13,True,3.828,0.003399,188.0
30,24,False,754,prompt,369,369,True,840,840,True,0.6333,0.001319,188.0
30,25,False,672,prompt,253,253,True,597,597,True,1.0333,0.000822,188.0
30,26,True,255,fhe,1497,1497,True,1497,1497,True,5.4622,0.005615,188.0
30,27,True,256,fhe,1000,1000,True,1000,1000,True,5.3915,0.00329,188.0
30,28,False,1355,prompt,2390,2390,True,2390,2390,True,0.5848,0.002964,188.0
30,29,False,275,prompt,7043,7043,True,7043,7043,True,5.0581,0.003075,188.0
30,30,True,2133,fhe,273,273,True,273,273,True,1.333,0.00132,188.0
30,31,True,10771,fhe,19,19,True,15818,15818,True,2.3009,0.007199,188.0
30,32,False,275,prompt,4569,4569,True,4569,4569,True,4.5642,0.002185,188.0
30,33,False,25779,prompt,327,327,True,327,327,True,0.2074,0.000619,188.0
30,34,True,13,fhe,285,285,True,285,285,True,0.0133,0.001321,188.0
30,35,True,5512,fhe,374,374,True,374,374,True,0.1142,0.000572,188.0
30,36,False,19269,prompt,13,13,True,13,13,True,0.271,0.001478,188.0
30,37,False,5406,prompt,369,369,True,369,369,True,2.125,0.00717,188.0
30,38,True,458,fhe,5250,5250,True,5250,5250,True,4.3234,0.008743,188.0
30,39,True,337,fhe,13,13,True,13,13,True,0.4977,0.003037,188.0
30,40,False,3678,prompt,13,13,True,715,715,True,0.0945,0.001073,188.0
30,41,False,2675,prompt,3646,3646,True,3988,3988,True,1.179,0.003855,188.0
30,42,True,3313,fhe,6875,6875,True,6875,6875,True,2.5382,0.001575,188.0
30,43,True,12235,fhe,2728,2728,True,2728,2728,True,3.9287,0.009409,188.0
30,44,False,15,prompt,380,380,True,831,831,True,0.6834,0.001453,188.0
30,45,False,831,prompt,310,310,True,310,310,True,0.9979,0.001613,188.0
30,46,True,731,fhe,13,13,True,13,13,True,0.1107,0.000701,188.0
30,47,True,2408,fhe,273,273,True,273,273,True,5.9855,0.00085,188.0
30,48,False,247,prompt,2176,2176,True,2176,2176,True,0.1386,0.001042,188.0
30,49,False,390,prompt,40239,40239,True,40239,40239,True,2.7826,0.001342,188.0
30,50,True,432,fhe,512,512,True,512,512,True,0.1019,0.000453,188.0
30,51,True,327,fhe,253,253,True,253,253,True,3.849,0.00057,188.0
30,52,False,7180,prompt,13,13,True,342,342,True,1.6231,0.001828,188.0
30,53,False,247,prompt,8281,8281,True,1355,1355,True,0.0769,0.006404,188.0
30,54,True,281,fhe,1973,1973,True,15178,15178,True,0.3165,0.003319,188.0
30,55,True,253,fhe,1533,1533,True,954,954,True,0.3799,0.004606,188.0
30,56,False,254,prompt,13,13,True,285,285,True,1.0339,0.000899,188.0
30,57,False,4796,prompt,253,253,True,253,253,True,2.6057,0.004171,188.0
30,58,True,369,fhe,806,806,True,806,806,True,0.332,0.002543,188.0
30,59,True,434,fhe,751,751,True,1077,1077,True,0.3028,0.001944,188.0
30,60,False,253,prompt,1755,1755,True,1755,1755,True,0.7829,0.002774,188.0
30,61,False,285,prompt,643,643,True,643,643,True,0.0918,0.00553,188.0
30,62,True,625,fhe,685,685,True,685,685,True,5.5467,0.001009,188.0
30,63,True,326,fhe,403,403,True,403,403,True,1.2706,0.0024,188.0
31,0,False,13,prompt,285,285,True,285,285,True,0.8194,0.003859,188.0
31,1,False,273,prompt,5793,5793,True,5793,5793,True,0.2774,0.00104,188.0
31,2,True,45090,fhe,10834,10834,True,10834,10834,True,5.0867,0.000969,188.0
31,3,True,533,fhe,760,760,True,760,760,True,0.2214,0.000806,188.0
31,4,False,15,prompt,380,380,True,380,380,True,0.4156,0.000831,188.0
31,5,False,32804,prompt,697,697,True,697,697,True,0.8094,0.001735,188.0
31,6,True,4361,fhe,13,13,True,1806,1806,True,0.0471,0.000447,188.0
31,7,True,275,fhe,253,253,True,2393,2393,True,1.2714,0.000421,188.0
31,8,False,2053,prompt,295,295,True,4651,4651,True,0.2177,0.001279,188.0
31,9,False,273,prompt,253,253,True,253,253,True,2.8356,0.001406,188.0
31,10,True,323,fhe,253,253,True,15233,15233,True,0.0052,0.001758,188.0
31,11,True,285,fhe,9840,9840,True,643,643,True,0.1212,0.001584,188.0
31,12,False,288,prompt,422,422,True,422,422,True,4.0697,0.001004,188.0
31,13,False,3644,prompt,13,13,True,13,13,True,1.1075,0.00272,188.0
31,14,True,326,fhe,310,310,True,476,476,True,1.187,0.000672,188.0
31,15,True,294,fhe,14,14,True,43514,43514,True,1.5577,0.003617,188.0
31,16,False,15616,prompt,342,342,True,342,342,True,0.8865,0.001398,188.0
31,17,False,7465,prompt,13,13,True,13,13,True,0.3711,0.00282,188.0
31,18,True,407,fhe,253,253,True,3918,3918,True,0.345,0.002431,188.0
31,19,True,247,fhe,19037,19037,True,987,987,True,1.8752,0.003112,188.0
31,20,False,247,prompt,3828,3828,True,3828,3828,True,1.0215,0.001546,188.0
31,21,False,310,prompt,247,247,True,751,751,True,0.3271,0.001399,188.0
31,22,True,3079,fhe,407,407,True,407,407,True,1.2262,0.000593,188.0
31,23,True,13,fhe,1722,1722,True,1722,1722,True,1.5878,0.000772,188.0
31,24,False,2210,prompt,281,281,True,762,762,True,1.4523,0.000505,188.0
31,25,False,253,prompt,7952,7952,True,7952,7952,True,2.0956,0.001652,188.0
31,26,True,1497,fhe,15,15,True,15,15,True,0.8256,0.001745,188.0
31,27,True,1000,fhe,366,366,True,456,456,True,1.7443,0.012965,188.0
31,28,False,10988,prompt,13,13,True,13,13,True,0.0259,0.001262,188.0
31,29,False,7043,prompt,281,281,True,281,281,True,0.3012,0.002459,188.0
31,30,True,273,fhe,1824,1824,True,1824,1824,True,1.8231,0.000885,188.0
31,31,True,15818,fhe,10,10,True,10,10,True,0.2714,0.001506,188.0
31,32,False,4569,prompt,7533,7533,True,7533,7533,True,4.7053,0.004547,188.0
31,33,False,327,prompt,253,253,True,512,512,True,2.0238,0.000713,188.0
31,34,True,285,fhe,352,352,True,352,352,True,0.462,0.002039,188.0
31,35,True,374,fhe,13,13,True,13,13,True,0.964,0.004611,188.0
31,36,False,4459,prompt,616,616,True,327,327,True,0.0075,0.00259,188.0
31,37,False,369,prompt,3426,3426,True,3426,3426,True,0.0637,0.005293,188.0
31,38,True,5250,fhe,562,562,True,562,562,True,0.0137,0.001192,188.0
31,39,True,13,fhe,14744,14744,True,14744,14744,True,0.0551,0.010049,188.0
31,40,False,15,prompt,380,380,True,380,380,True,0.5552,0.001497,188.0
31,41,False,7823,prompt,326,326,True,11205,11205,True,2.0081,0.005255,188.0
31,42,True,6875,fhe,6807,6807,True,6807,6807,True,4.8816,0.000809,188.0
31,43,True,2728,fhe,497,497,True,497,497,True,0.1705,0.00145,188.0
31,44,False,4855,prompt,3473,3473,True,3473,3473,True,0.369,0.003105,188.0
31,45,False,2216,prompt,4483,4483,True,4483,4483,True,0.4762,0.002292,188.0
31,46,True,13,fhe,285,285,True,594,594,True,2.2636,0.001198,188.0
31,47,True,273,fhe,2341,2341,True,4250,4250,True,1.6227,0.004243,188.0
31,48,False,1436,prompt,434,434,True,434,434,True,0.315,0.001632,188.0
31,49,False,40239,prompt,342,342,True,665,665,True,0.4806,0.000827,188.0
31,50,True,512,fhe,643,643,True,643,643,True,1.1509,0.000476,188.0
31,51,True,253,fhe,5680,5680,True,5680,5680,True,0.0941,0.001078,188.0
31,52,False,285,prompt,9047,9047,True,9047,9047,True,0.3304,0.001177,188.0
31,53,False,1355,prompt,5542,5542,True,5542,5542,True,0.2594,0.004651,188.0
31,54,True,15178,fhe,15,15,True,13,13,True,0.1052,0.000487,188.0
31,55,True,954,fhe,1774,1774,True,1774,1774,True,2.9918,0.002653,188.0
31,56,False,13,prompt,8406,8406,True,8406,8406,True,0.7322,0.001057,188.0
31,57,False,10696,prompt,285,285,True,285,285,True,0.3575,0.001203,188.0
31,58,True,806,fhe,6888,6888,True,6888,6888,True,0.1057,0.003185,188.0
31,59,True,1077,fhe,13,13,True,4722,4722,True,0.6778,0.001469,188.0
31,60,False,2914,prompt,273,273,True,273,273,True,0.5617,0.000763,188.0
31,61,False,4166,prompt,6848,6848,True,6848,6848,True,0.7193,0.004359,188.0
31,62,True,685,fhe,337,337,True,337,337,True,0.3026,0.001118,188.0
31,63,True,403,fhe,908,908,True,908,908,True,1.2834,0.000601,188.0
32,0,False,5727,prompt,253,253,True,253,253,True,2.0135,0.001895,188.0
32,1,False,6003,prompt,323,323,True,326,326,True,0.0087,0.001173,188.0
32,2,True,10834,fhe,20970,20970,True,20970,20970,True,0.1466,0.001232,188.0
32,3,True,760,fhe,670,670,True,670,670,True,0.4249,0.00054,188.0
32,4,False,1284,prompt,253,253,True,253,253,True,0.5702,0.001591,188.0
32,5,False,562,prompt,697,697,True,697,697,True,0.2193,0.002037,188.0
32,6,True,1806,fhe,753,753,True,753,753,True,0.3589,0.001355,188.0
32,7,True,2393,fhe,7203,7203,True,7203,7203,True,2.4916,0.002291,188.0
32,8,False,346,prompt,79,79,True,79,79,True,2.1492,0.00226,188.0
32,9,False,253,prompt,9246,9246,True,9246,9246,True,2.1081,0.008084,188.0
32,10,True,15233,fhe,6994,6994,True,6994,6994,True,2.5474,0.001721,188.0
32,11,True,643,fhe,40536,40536,True,40536,40536,True,0.1115,0.001386,188.0
32,12,False,422,prompt,13,13,True,13,13,True,0.7393,0.003026,188.0
32,13,False,1824,prompt,13,13,True,13,13,True,0.7158,0.000585,188.0
32,14,True,476,fhe,320,320,True,320,320,True,2.438,0.005604,188.0
32,15,True,43514,fhe,323,323,True,387,387,True,0.8869,0.00042,188.0
32,16,False,281,prompt,253,253,True,253,253,True,3.1115,0.00274,188.0
32,17,False,313,prompt,20,20,True,20,20,True,0.2939,0.002446,188.0
32,18,True,3918,fhe,24958,24958,True,24958,24958,True,0.6801,0.000651,188.0
32,19,True,987,fhe,19037,19037,True,6907,6907,True,2.4237,0.006252,188.0
32,20,False,5026,prompt,3828,3828,True,3828,3828,True,0.7186,0.000885,188.0
32,21,False,751,prompt,4715,4715,True,4715,4715,True,3.1157,0.00101,188.0
32,22,True,407,fhe,253,253,True,253,253,True,0.1476,0.003873,188.0
32,23,True,1722,fhe,13,13,True,13,13,True,3.3125,0.000906,188.0
32,24,False,1077,prompt,2393,2393,True,2393,2393,True,0.1474,0.002315,188.0
32,25,False,7952,prompt,369,369,True,369,369,True,1.8402,0.003467,188.0
32,26,True,15,fhe,28678,28678,True,28678,28678,True,0.2789,0.001058,188.0
32,27,True,456,fhe,15,15,True,390,390,True,0.6075,0.001638,188.0
32,28,False,14518,prompt,1066,1066,True,1977,1977,True,1.0599,0.00121,188.0
32,29,False,3185,prompt,273,273,True,273,273,True,4.3329,0.00093,188.0
32,30,True,1824,fhe,310,310,True,16149,16149,True,0.8275,0.002395,188.0
32,31,True,10,fhe,285,285,True,326,326,True,1.4234,0.0016,188.0
32,32,False,7533,prompt,285,285,True,285,285,True,8.5746,0.001211,188.0
32,33,False,253,prompt,23147,23147,True,10325,10325,True,1.1161,0.001336,188.0
32,34,True,352,fhe,369,369,True,310,310,True,0.6604,0.00459,188.0
32,35,True,13,fhe,14744,14744,True,14744,14744,True,0.2497,0.006209,188.0
32,36,False,12783,prompt,273,273,True,273,273,True,2.0373,0.003785,188.0
32,37,False,6699,prompt,15,15,True,15,15,True,1.5104,0.00076,188.0
32,38,True,562,fhe,15,15,True,715,715,True,0.1451,0.001788,188.0
32,39,True,14744,fhe,13,13,True,6494,23664,False,2.0396,0.002162,188.0
32,40,False,8582,prompt,468,468,True,468,468,True,5.1684,0.005731,188.0
32,41,False,326,prompt,403,403,True,403,403,True,0.2766,0.001602,188.0
32,42,True,6807,fhe,313,313,True,313,313,True,0.5418,0.000596,188.0
32,43,True,497,fhe,625,625,True,625,625,True,0.4902,0.003018,188.0
32,44,False,1840,prompt,253,253,True,253,253,True,2.88,0.00112,188.0
32,45,False,14935,prompt,253,253,True,253,253,True,1.1496,0.001234,188.0
32,46,True,594,fhe,326,326,True,352,352,True,0.4197,0.002264,188.0
32,47,True,4250,fhe,13,13,True,281,281,True,0.04,0.000546,188.0
32,48,False,13,prompt,1659,1659,True,1659,1659,True,0.1296,0.002093,188.0
32,49,False,342,prompt,24532,24532,True,24532,24532,True,0.6121,0.001597,188.0
32,50,True,643,fhe,16711,16711,True,3811,3811,True,0.8263,0.000788,188.0
32,51,True,5680,fhe,875,875,True,875,875,True,1.1083,0.000837,188.0
32,52,False,3531,prompt,689,689,True,689,689,True,0.2686,0.000663,188.0
32,53,False,5542,prompt,476,476,True,476,476,True,1.257,0.000751,188.0
32,54,True,13,fhe,594,594,True,594,594,True,0.4934,0.000357,188.0
32,55,True,1774,fhe,1824,1824,True,1824,1824,True,0.4644,0.00586,188.0
32,56,False,390,prompt,1080,1080,True,1080,1080,True,5.448,0.002822,188.0
32,57,False,275,prompt,253,253,True,253,253,True,3.8297,0.001165,188.0
32,58,True,6888,fhe,275,275,True,275,275,True,0.2298,0.002331,188.0
32,59,True,4722,fhe,281,281,True,281,281,True,0.4315,0.0014,188.0
32,60,False,2987,prompt,253,253,True,697,697,True,0.1007,0.003204,188.0
32,61,False,4017,prompt,253,253,True,6871,6871,True,1.4111,0.000894,188.0
32,62,True,337,fhe,15,15,True,16,16,True,0.7955,0.004522,188.0
32,63,True,908,fhe,407,407,True,275,275,True,0.7953,0.001951,188.0
33,0,False,416,prompt,15,15,True,263,263,True,0.3834,0.00102,188.0
33,1,False,327,prompt,253,253,True,247,247,True,1.2861,0.001108,188.0
33,2,True,20970,fhe,15,15,True,15,15,True,0.6939,0.000784,188.0
33,3,True,670,fhe,581,581,True,581,581,True,0.1873,0.00052,188.0
33,4,False,352,prompt,1057,1057,True,1057,1057,True,0.683,0.000961,188.0
33,5,False,285,prompt,17202,17202,True,17202,17202,True,0.0016,0.000846,188.0
33,6,True,753,fhe,253,253,True,581,581,True,0.3091,0.000764,188.0
33,7,True,7203,fhe,13,13,True,672,672,True,0.5134,0.001266,188.0
33,8,False,1201,prompt,14,14,True,14,14,True,0.497,0.001951,188.0
33,9,False,9682,prompt,2473,2473,True,2473,2473,True,7.0195,0.003398,188.0
33,10,True,6994,fhe,17267,17267,True,8800,8800,True,3.2116,0.000924,188.0
33,11,True,40536,fhe,326,326,True,326,326,True,0.3328,0.000506,188.0
33,12,False,13,prompt,703,703,True,703,703,True,0.5598,0.001531,188.0
33,13,False,762,prompt,253,253,True,6749,6749,True,0.9749,0.001113,188.0
33,14,True,320,fhe,39239,39239,True,39239,39239,True,0.7555,0.005958,188.0
33,15,True,387,fhe,667,667,True,667,667,True,0.6667,0.003904,188.0
33,16,False,253,prompt,1269,1269,True,6415,6415,True,0.2607,0.002767,188.0
33,17,False,2887,prompt,253,253,True,253,253,True,0.4133,0.00193,188.0
33,18,True,24958,fhe,15915,15915,True,15915,15915,True,8.7758,0.000521,188.0
33,19,True,6907,fhe,13,13,True,13,13,True,0.7819,0.00071,188.0
33,20,False,4759,prompt,39625,39625,True,39625,39625,True,0.5364,0.00152,188.0
33,21,False,5909,prompt,247,247,True,253,253,True,1.6456,0.002582,188.0
33,22,True,253,fhe,13986,13986,True,13986,13986,True,0.0892,0.000695,188.0
33,23,True,13,fhe,1283,1283,True,1283,1283,True,2.6834,0.00139,188.0
33,24,False,2822,prompt,281,281,True,1146,1146,True,0.614,0.000664,188.0
33,25,False,369,prompt,34562,34562,True,34562,34562,True,0.0745,0.005174,188.0
33,26,True,28678,fhe,1818,1818,True,5859,5859,True,0.1515,0.002137,188.0
33,27,True,390,fhe,256,256,True,281,281,True,1.3576,0.007249,188.0
33,28,False,2469,prompt,731,731,True,731,731,True,0.406,0.001652,188.0
33,29,False,273,prompt,2583,2583,True,2583,2583,True,0.7829,0.002539,188.0
33,30,True,16149,fhe,7293,7293,True,7293,7293,True,0.504,0.002909,188.0
33,31,True,326,fhe,310,310,True,6536,6536,True,1.1359,0.001622,188.0
33,32,False,285,prompt,342,342,True,342,342,True,3.3711,0.001794,188.0
33,33,False,8467,prompt,13,13,True,13,13,True,0.5736,0.001164,188.0
33,34,True,310,fhe,1335,1335,True,1335,1335,True,2.6477,0.002767,188.0
33,35,True,14744,fhe,13,13,True,6494,6494,True,2.2325,0.00113,188.0
33,36,False,273,prompt,2739,2739,True,2739,2739,True,0.1235,0.001721,188.0
33,37,True,15,prompt,187,187,True,187,187,True,1.4418,0.002171,188.0
33,38,True,715,fhe,253,253,True,634,634,True,2.5162,0.00153,188.0
33,39,True,6494,fhe,23664,23664,True,23664,23664,True,4.4184,0.000758,188.0
33,40,False,468,prompt,2478,2478,True,2478,2478,True,6.8515,0.005455,188.0
33,41,False,22846,prompt,1786,1786,True,253,253,True,0.5135,0.00284,188.0
33,42,True,313,fhe,4883,4883,True,4883,4883,True,6.6983,0.007469,188.0
33,43,True,625,fhe,2779,2779,True,2779,2779,True,1.3099,0.001752,188.0
33,44,False,253,prompt,17836,17836,True,11129,3216,False,0.3308,0.003079,188.0
33,45,False,253,prompt,14910,14910,True,14910,14910,True,0.8092,0.002227,188.0
33,46,True,352,fhe,310,310,True,457,457,True,1.5985,0.007587,188.0
33,47,True,281,fhe,1918,1918,True,1918,1918,True,0.69,0.004277,188.0
33,48,False,1659,prompt,13,13,True,390,390,True,1.2314,0.000482,188.0
33,49,False,24532,prompt,556,556,True,556,556,True,0.2632,0.001879,188.0
33,50,True,3811,fhe,1841,1841,True,1841,1841,True,0.0872,0.000935,188.0
33,51,True,875,fhe,35020,35020,True,35020,35020,True,0.3112,0.000883,188.0
33,52,False,616,prompt,22513,22513,True,22513,22513,True,1.1475,0.001302,188.0
33,53,False,476,prompt,2489,2489,True,2489,2489,True,0.4495,0.001,188.0
33,54,True,594,fhe,597,597,True,597,597,True,2.2978,0.00151,188.0
33,55,True,1824,fhe,1576,1576,True,1576,1576,True,5.0868,0.003308,188.0
33,56,False,1080,prompt,13,13,True,13,13,True,3.5186,0.001877,188.0
33,57,False,253,prompt,2133,2133,True,2133,2133,True,2.7462,0.006495,188.0
33,58,True,275,fhe,253,253,True,253,253,True,0.8265,0.00081,188.0
33,59,True,281,fhe,923,923,True,923,923,True,1.4827,0.001512,188.0
33,60,False,31056,prompt,281,281,True,281,281,True,0.783,0.001764,188.0
33,61,False,6871,prompt,432,432,True,432,432,True,1.8241,0.006861,188.0
33,62,True,16,fhe,19,19,True,19,19,True,1.0759,0.006107,188.0
33,63,True,275,fhe,253,253,True,512,512,True,0.7468,0.000868,188.0
34,0,False,261,prompt,601,601,True,601,601,True,1.2193,0.004903,188.0
34,1,False,253,prompt,15316,15316,True,15316,15316,True,2.0927,0.002601,188.0
34,2,True,15,fhe,187,187,True,187,187,True,0.1247,0.001478,188.0
34,3,True,581,fhe,14,14,True,2626,2626,True,2.707,0.000845,188.0
34,4,False,40724,prompt,13,13,True,598,598,True,0.6993,0.003635,188.0
34,5,False,7819,prompt,715,715,True,715,715,True,0.2102,0.000737,188.0
34,6,True,581,fhe,273,273,True,273,273,True,0.5247,0.001692,188.0
34,7,True,672,fhe,253,253,True,253,253,True,1.032,0.001292,188.0
34,8,False,6672,prompt,3,3,True,3,3,True,3.0986,0.0019,188.0
34,9,False,2473,prompt,985,985,True,985,985,True,4.9509,0.002288,188.0
34,10,True,8800,fhe,7625,7625,True,7625,7625,True,1.3083,0.001288,188.0
34,11,True,326,fhe,476,476,True,476,476,True,0.1921,0.002102,188.0
34,12,False,643,prompt,29015,29015,True,29015,29015,True,1.7379,0.002702,188.0
34,13,False,253,prompt,6749,6749,True,6749,6749,True,3.6113,0.003397,188.0
34,14,True,39239,fhe,715,715,True,715,715,True,2.0316,0.000501,188.0
34,15,True,667,fhe,673,673,True,673,673,True,3.0327,0.000865,188.0
34,16,False,6415,prompt,273,273,True,273,273,True,1.0994,0.001391,188.0
34,17,False,2708,prompt,481,481,True,481,481,True,0.1222,0.000555,188.0
34,18,True,15915,fhe,327,327,True,327,327,True,0.2576,0.002238,188.0
34,19,True,13,fhe,368,368,True,840,840,True,0.5775,0.000599,188.0
34,20,False,10699,prompt,13,13,True,1160,1160,True,0.2881,0.002716,188.0
34,21,False,247,prompt,3497,3497,True,3497,3497,True,0.0825,0.001568,188.0
34,22,True,13986,fhe,7281,7281,True,7281,7281,True,0.4801,0.000931,188.0
34,23,True,1283,fhe,13,13,True,13,13,True,3.3516,0.002389,188.0
34,24,False,18738,prompt,253,253,True,253,253,True,1.2052,0.001236,188.0
34,25,False,625,prompt,2660,2660,True,2660,2660,True,0.173,0.004037,188.0
34,26,True,5859,fhe,310,310,True,2175,2175,True,1.5491,0.000649,188.0
34,27,True,281,fhe,302,302,True,302,302,True,7.41,0.011943,188.0
34,28,False,275,prompt,253,253,True,616,616,True,1.5706,0.003296,188.0
34,29,False,2583,prompt,15,15,True,281,281,True,0.3235,0.000372,188.0
34,30,True,7293,fhe,327,327,True,327,327,True,1.0066,0.000943,188.0
34,31,True,6536,fhe,968,968,True,968,968,True,7.2597,0.001851,188.0
34,32,False,342,prompt,4569,4569,True,1463,1463,True,2.5486,0.002106,188.0
34,33,False,13,prompt,285,285,True,6153,6153,True,2.0283,0.001245,188.0
34,34,True,1335,fhe,908,908,True,7561,7561,True,2.1928,0.001478,188.0
34,35,True,6494,fhe,23664,23664,True,23664,23664,True,4.2026,0.002273,188.0
34,36,False,9711,prompt,13,13,True,13,13,True,0.2196,0.001052,188.0
34,37,True,187,fhe,510,510,True,688,688,True,1.5506,0.000595,188.0
34,38,True,634,fhe,10329,10329,True,6244,6244,True,0.9696,0.002596,188.0
34,39,True,23664,fhe,28666,28666,True,28666,28666,True,1.5083,0.003664,188.0
34,40,False,2478,prompt,275,275,True,387,387,True,0.1726,0.002263,188.0
34,41,False,3687,prompt,1786,1786,True,1786,1786,True,2.5137,0.00087,188.0
34,42,True,4883,fhe,39,39,True,39,39,True,6.9578,0.003871,188.0
34,43,True,2779,fhe,281,281,True,281,281,True,2.4217,0.001414,188.0
34,44,False,19607,prompt,13,13,True,627,627,True,1.0511,0.001961,188.0
34,45,False,2133,prompt,2118,2118,True,2118,2118,True,0.1929,0.001867,188.0
34,46,True,457,fhe,84,84,True,84,84,True,9.0919,0.006254,188.0
34,47,True,1918,fhe,745,745,True,745,745,True,0.6729,0.000918,188.0
34,48,False,13,prompt,390,390,True,390,390,True,0.1654,0.002204,188.0
34,49,False,310,prompt,387,387,True,387,387,True,0.1703,0.002996,188.0
34,50,True,1841,fhe,15,15,True,327,327,True,1.9571,0.001573,188.0
34,51,True,35020,fhe,285,285,True,285,285,True,0.7442,0.001348,188.0
34,52,False,7223,prompt,13,13,True,281,281,True,0.1175,0.000886,188.0
34,53,False,1113,prompt,306,306,True,306,306,True,6.6473,0.005594,188.0
34,54,True,597,fhe,1973,1973,True,564,564,True,0.1832,0.001095,188.0
34,55,True,1576,fhe,275,275,True,327,327,True,1.7686,0.002871,188.0
34,56,False,13,prompt,285,285,True,285,285,True,2.1786,0.001945,188.0
34,57,False,3998,prompt,15,15,True,15,15,True,0.5758,0.000762,188.0
34,58,True,253,fhe,2393,2393,True,2393,2393,True,0.5749,0.000504,188.0
34,59,True,923,fhe,849,849,True,849,849,True,0.0732,0.001903,188.0
34,60,False,13,prompt,285,285,True,285,285,True,1.1032,0.005302,188.0
34,61,False,407,prompt,9046,9046,True,9046,9046,True,0.3678,0.003289,188.0
34,62,True,19,fhe,253,253,True,271,271,True,0.2642,0.002856,188.0
34,63,True,512,fhe,3811,3811,True,3811,3811,True,0.2895,0.001779,188.0
35,0,False,601,prompt,434,434,True,434,434,True,0.6067,0.0035,188.0
35,1,False,1655,prompt,15316,15316,True,15316,15316,True,2.3432,0.003035,188.0
35,2,True,187,fhe,510,510,True,510,510,True,1.5611,0.00107,188.0
35,3,True,2626,fhe,273,273,True,310,310,True,2.5595,0.000671,188.0
35,4,False,13,prompt,352,352,True,352,352,True,0.3952,0.003086,188.0
35,5,False,2584,prompt,253,253,True,253,253,True,3.1294,0.001884,188.0
35,6,True,273,fhe,253,253,True,253,253,True,1.2633,0.000306,188.0
35,7,True,253,fhe,8825,8825,True,8825,8825,True,0.337,0.00221,188.0
35,8,False,3,prompt,4651,4651,True,4651,4651,True,0.2671,0.001288,188.0
35,9,False,985,prompt,15,15,True,15,15,True,0.7654,0.000598,188.0
35,10,True,7625,fhe,15,15,True,285,285,True,0.2888,0.000534,188.0
35,11,True,476,fhe,1361,1361,True,1361,1361,True,1.0767,0.003481,188.0
35,12,False,29015,prompt,9580,9580,True,9580,9580,True,1.0805,0.004253,188.0
35,13,False,6749,prompt,15,15,True,13,13,True,0.0758,0.000781,188.0
35,14,True,715,fhe,17848,17848,True,17848,17848,True,0.7978,0.000697,188.0
35,15,True,673,fhe,15,15,True,15,15,True,0.3608,0.000592,188.0
35,16,False,273,prompt,253,253,True,253,253,True,4.2171,0.003815,188.0
35,17,True,481,prompt,187,187,True,187,187,True,1.2522,0.002278,188.0
35,18,True,327,fhe,4247,4247,True,4247,4247,True,0.5713,0.001305,188.0
35,19,True,840,fhe,253,253,True,253,253,True,0.6425,0.001331,188.0
35,20,False,835,prompt,253,253,True,512,512,True,2.0665,0.000636,188.0
35,21,False,1355,prompt,3497,3497,True,3497,3497,True,0.5188,0.001335,188.0
35,22,True,7281,fhe,25895,25895,True,25895,25895,True,5.0138,0.008803,188.0
35,23,True,13,fhe,655,655,True,655,655,True,2.8246,0.00113,188.0
35,24,False,18465,prompt,7367,7367,True,7367,7367,True,3.6983,0.002265,188.0
35,25,False,33595,prompt,15,15,True,15,15,True,0.0064,0.000619,188.0
35,26,True,2175,fhe,253,253,True,2544,2544,True,0.38,0.002312,188.0
35,27,True,302,fhe,742,742,True,742,742,True,9.8502,0.003753,188.0
35,28,False,253,prompt,13862,13862,True,13862,13862,True,0.6842,0.003477,188.0
35,29,True,15,prompt,187,187,True,187,187,True,0.7323,0.000461,188.0
35,30,True,327,fhe,253,253,True,697,697,True,0.4842,0.001313,188.0
35,31,True,968,fhe,715,715,True,715,715,True,1.4692,0.000653,188.0
35,32,False,4569,prompt,17087,17087,True,17087,17087,True,3.772,0.01746,188.0
35,33,False,760,prompt,281,281,True,281,281,True,0.138,0.002999,188.0
35,34,True,7561,fhe,908,908,True,908,908,True,3.9382,0.005211,188.0
35,35,True,23664,fhe,28666,28666,True,28666,28666,True,1.8366,0.005559,188.0
35,36,False,6773,prompt,281,281,True,281,281,True,0.492,0.000866,188.0
35,37,True,688,fhe,253,253,True,253,253,True,1.5044,0.000356,188.0
35,38,True,6244,fhe,15,15,True,15,15,True,0.4168,0.000606,188.0
35,39,True,28666,fhe,313,313,True,313,313,True,0.3197,0.000616,188.0
35,40,False,387,prompt,841,841,True,841,841,True,0.178,0.001305,188.0
35,41,False,17382,prompt,275,275,True,275,275,True,0.1554,0.000469,188.0
35,42,True,39,fhe,10,10,True,10,10,True,0.3567,0.001324,188.0
35,43,True,281,fhe,3150,3150,True,3150,3150,True,0.2729,0.00487,188.0
35,44,False,352,prompt,820,820,True,820,820,True,0.1048,0.001729,188.0
35,45,False,320,prompt,625,625,True,625,625,True,0.0902,0.001219,188.0
35,46,True,84,fhe,1774,1774,True,1892,1892,True,1.1909,0.000658,188.0
35,47,True,745,fhe,15,15,True,275,275,True,0.2873,0.00044,188.0
35,48,False,390,prompt,2181,2181,True,2181,2181,True,1.7172,0.001085,188.0
35,49,False,625,prompt,2779,2779,True,2779,2779,True,2.6787,0.001217,188.0
35,50,True,327,fhe,7565,7565,True,7565,7565,True,0.0817,0.000659,188.0
35,51,True,285,fhe,27061,27061,True,27061,27061,True,0.0442,0.00131,188.0
35,52,False,1293,prompt,2819,2819,True,2819,2819,True,0.0771,0.003844,188.0
35,53,False,306,prompt,247,247,True,562,562,True,0.5684,0.001333,188.0
35,54,True,564,fhe,281,281,True,896,896,True,1.5907,0.001303,188.0
35,55,True,327,fhe,6149,6149,True,6149,6149,True,0.2319,0.000387,188.0
35,56,False,8406,prompt,13,13,True,13,13,True,3.2313,0.0004,188.0
35,57,False,285,prompt,3657,3657,True,3657,3657,True,0.3497,0.003393,188.0
35,58,True,2393,fhe,655,655,True,655,655,True,0.1245,0.002924,188.0
35,59,True,849,fhe,253,253,True,841,841,True,0.5982,0.005485,188.0
35,60,False,594,prompt,253,253,True,597,597,True,0.3351,0.001015,188.0
35,61,False,7562,prompt,352,352,True,352,352,True,1.277,0.001444,188.0
35,62,True,271,fhe,16416,16416,True,16416,16416,True,1.1679,0.001775,188.0
35,63,True,3811,fhe,16711,16711,True,16711,16711,True,0.2305,0.000763,188.0
36,0,False,457,prompt,84,84,True,84,84,True,10.7586,0.001836,188.0
36,1,False,25792,prompt,280,280,True,280,280,True,3.3233,0.000692,188.0
36,2,True,510,fhe,4146,4146,True,4146,4146,True,1.5797,0.00164,188.0
36,3,True,310,fhe,6107,6107,True,6107,6107,True,1.3689,0.001858,188.0
36,4,False,352,prompt,11330,11330,True,11330,11330,True,0.7805,0.003039,188.0
36,5,False,253,prompt,1708,1708,True,1708,1708,True,1.8718,0.00277,188.0
36,6,True,253,fhe,8290,8290,True,8290,8290,True,0.1243,0.002997,188.0
36,7,True,8825,fhe,310,310,True,3276,3276,True,1.256,0.003079,188.0
36,8,False,18740,prompt,403,403,True,778,778,True,1.2203,0.001305,188.0
36,9,True,15,prompt,367,367,True,367,367,True,0.1409,0.003531,188.0
36,10,True,285,fhe,281,281,True,616,616,True,0.1429,0.001215,188.0
36,11,True,1361,fhe,281,281,True,4017,4017,True,0.0195,0.001986,188.0
36,12,False,1509,prompt,253,253,True,327,327,True,1.6385,0.00084,188.0
36,13,True,15,prompt,187,187,True,187,187,True,1.8922,0.000705,188.0
36,14,True,17848,fhe,15,15,True,390,390,True,1.135,0.000569,188.0
36,15,True,15,fhe,380,380,True,187,187,True,0.4204,0.000686,188.0
36,16,False,253,prompt,1789,1789,True,1789,1789,True,0.0822,0.004006,188.0
36,17,True,187,fhe,1552,1552,True,1552,1552,True,0.5829,0.001079,188.0
36,18,True,4247,fhe,337,337,True,337,337,True,3.2179,0.001575,188.0
36,19,True,253,fhe,2020,2020,True,2020,2020,True,2.3174,0.001028,188.0
36,20,False,954,prompt,273,273,True,6244,6244,True,1.804,0.004082,188.0
36,21,False,3497,prompt,281,281,True,715,715,True,0.3113,0.000546,188.0
36,22,True,25895,fhe,3344,3344,True,3344,3344,True,0.7022,0.00047,188.0
36,23,True,655,fhe,13,13,True,13,13,True,3.2872,0.004417,188.0
36,24,False,7367,prompt,13,13,True,13,13,True,2.7386,0.000633,188.0
36,25,False,285,prompt,253,253,True,5890,5890,True,0.3281,0.003021,188.0
36,26,True,2544,fhe,275,275,True,275,275,True,2.5837,0.00062,188.0
36,27,True,742,fhe,15,15,True,28,28,True,0.8615,0.000763,188.0
36,28,False,3644,prompt,15,15,True,13,13,True,0.8697,0.001196,188.0
36,29,True,187,fhe,510,510,True,510,510,True,0.7671,0.001298,188.0
36,30,True,697,fhe,4328,4328,True,4328,4328,True,0.3388,0.002211,188.0
36,31,True,715,fhe,253,253,True,253,253,True,3.3629,0.002552,188.0
36,32,False,17087,prompt,390,390,True,390,390,True,5.7403,0.001339,188.0
36,33,False,247,prompt,1643,1643,True,1643,1643,True,2.2238,0.004938,188.0
36,34,True,908,fhe,3063,3063,True,3063,3063,True,1.0168,0.000496,188.0
36,35,True,28666,fhe,313,313,True,313,313,True,0.539,0.001237,188.0
36,36,False,598,prompt,253,253,True,281,281,True,0.1244,0.001978,188.0
36,37,True,253,fhe,2393,2393,True,2393,2393,True,0.0228,0.00082,188.0
36,38,True,15,fhe,187,187,True,187,187,True,0.9775,0.001238,188.0
36,39,True,313,fhe,18,18,True,18,18,True,0.1212,0.012082,188.0
36,40,False,269,prompt,22711,22711,True,22711,22711,True,4.77,0.002902,188.0
36,41,True,15,prompt,187,187,True,187,187,True,1.3182,0.000786,188.0
36,42,True,10,fhe,285,285,True,285,285,True,0.6841,0.000956,188.0
36,43,True,3150,fhe,432,432,True,685,685,True,0.7949,0.001633,188.0
36,44,False,820,prompt,3017,3017,True,3017,3017,True,8.4474,0.00419,188.0
36,45,False,2266,prompt,13,13,True,285,285,True,0.0271,0.001185,188.0
36,46,True,1892,fhe,281,281,True,281,281,True,3.8143,0.002384,188.0
36,47,True,275,fhe,697,697,True,697,697,True,1.0545,0.003628,188.0
36,48,False,1789,prompt,15,15,True,15,15,True,1.2487,0.001954,188.0
36,49,False,2779,prompt,281,281,True,281,281,True,3.7563,0.001303,188.0
36,50,True,7565,fhe,15,15,True,15,15,True,2.8816,0.000835,188.0
36,51,True,27061,fhe,13,13,True,13,13,True,0.8878,0.001255,188.0
36,52,False,247,prompt,17834,17834,True,17834,17834,True,0.2428,0.002446,188.0
36,53,False,247,prompt,17836,17836,True,17836,17836,True,0.0711,0.002904,188.0
36,54,True,896,fhe,281,281,True,281,281,True,2.6167,0.001098,188.0
36,55,True,6149,fhe,15,15,True,15,15,True,1.4756,0.000684,188.0
36,56,False,285,prompt,390,390,True,39208,39208,True,1.0933,0.000637,188.0
36,57,False,6294,prompt,1066,1066,True,1066,1066,True,0.952,0.002293,188.0
36,58,True,655,fhe,394,394,True,394,394,True,8.2903,0.001379,188.0
36,59,True,841,fhe,11123,11123,True,6114,6114,True,0.9791,0.000855,188.0
36,60,False,253,prompt,806,806,True,806,806,True,0.1208,0.001185,188.0
36,61,False,253,prompt,6871,6871,True,2553,2553,True,0.3869,0.001757,188.0
36,62,True,16416,fhe,273,273,True,313,313,True,2.2959,0.002078,188.0
36,63,True,16711,fhe,15,15,True,15,15,True,1.4796,0.001527,188.0
37,0,False,84,prompt,320,320,True,320,320,True,0.2776,0.001736,188.0
37,1,False,280,prompt,5270,5270,True,5270,5270,True,3.1763,0.001494,188.0
37,2,True,4146,fhe,310,310,True,310,310,True,2.4428,0.003767,188.0
37,3,True,6107,fhe,407,407,True,407,407,True,2.1517,0.001615,188.0
37,4,False,4245,prompt,745,745,True,745,745,True,3.089,0.000567,188.0
37,5,False,3216,prompt,15,15,True,15,15,True,0.7327,0.000851,188.0
37,6,True,8290,fhe,13,13,True,13,13,True,0.4106,0.001071,188.0
37,7,True,3276,fhe,310,310,True,310,310,True,3.0205,0.001083,188.0
37,8,False,1053,prompt,626,626,True,626,626,True,1.9788,0.008702,188.0
37,9,True,367,fhe,2350,2350,True,2350,2350,True,6.6367,0.003626,188.0
37,10,True,616,fhe,20571,20571,True,20571,20571,True,0.1094,0.004121,188.0
37,11,True,4017,fhe,253,253,True,1411,1411,True,0.1518,0.001557,188.0
37,12,False,253,prompt,425,425,True,31371,31371,True,1.9693,0.001656,188.0
37,13,True,187,fhe,510,510,True,510,510,True,0.4584,0.000815,188.0
37,14,True,390,fhe,39239,39239,True,908,908,True,0.9736,0.000964,188.0
37,15,True,187,fhe,510,510,True,34,34,True,1.8059,0.000678,188.0
37,16,False,3148,prompt,15,15,True,2553,2553,True,0.1754,0.000875,188.0
37,17,True,1552,fhe,7741,7741,True,1885,1885,True,1.1921,0.000703,188.0
37,18,True,337,fhe,13,13,True,13,13,True,5.0883,0.00047,188.0
37,19,True,2020,fhe,273,273,True,273,273,True,2.3111,0.00142,188.0
37,20,False,273,prompt,253,253,True,253,253,True,4.429,0.001243,188.0
37,21,False,715,prompt,253,253,True,253,253,True,0.1568,0.000997,188.0
37,22,True,3344,fhe,3889,3889,True,3889,3889,True,1.2304,0.002362,188.0
37,23,True,13,fhe,1384,1384,True,1384,1384,True,3.3958,0.00085,188.0
37,24,False,2994,prompt,13,13,True,13,13,True,2.578,0.000546,188.0
37,25,False,11134,prompt,13,13,True,15,15,True,0.0791,0.000611,188.0
37,26,True,275,fhe,253,253,True,8588,8588,True,0.2882,0.0009,188.0
37,27,True,28,fhe,253,253,True,597,597,True,1.0599,0.001699,188.0
37,28,False,15,prompt,187,187,True,187,187,True,0.6447,0.000478,188.0
37,29,True,510,fhe,3159,3159,True,3159,3159,True,0.2682,0.000752,188.0
37,30,True,4328,fhe,13,13,True,275,275,True,0.0651,0.001253,188.0
37,31,True,253,fhe,14847,14847,True,14847,14847,True,2.3379,0.001395,188.0
37,32,False,390,prompt,643,643,True,643,643,True,8.1166,0.00693,188.0
37,33,False,1643,prompt,4289,4289,True,4289,4289,True,0.9513,0.005333,188.0
37,34,True,3063,fhe,15,15,True,15,15,True,1.3683,0.001375,188.0
37,35,True,313,fhe,18,18,True,18,18,True,0.4046,0.007142,188.0
37,36,False,253,prompt,8281,8281,True,8281,8281,True,0.8251,0.001091,188.0
37,37,True,2393,fhe,4131,4131,True,4131,4131,True,1.0791,0.00092,188.0
37,38,True,187,fhe,510,510,True,510,510,True,0.2579,0.003394,188.0
37,39,True,18,fhe,15,15,True,15,15,True,1.7516,0.002221,188.0
37,40,False,22711,prompt,1306,1306,True,311,311,True,0.0711,0.002905,188.0
37,41,True,187,fhe,19895,19895,True,510,510,True,0.0978,0.001887,188.0
37,42,True,285,fhe,253,253,True,310,310,True,0.8073,0.00288,188.0
37,43,True,685,fhe,9097,9097,True,1110,1110,True,0.5828,0.00088,188.0
37,44,False,3017,prompt,285,285,True,1066,1066,True,0.09,0.000734,188.0
37,45,False,1293,prompt,1146,1146,True,1146,1146,True,0.037,0.004137,188.0
37,46,True,281,fhe,3283,3283,True,3283,3283,True,1.0873,0.01111,188.0
37,47,True,697,fhe,5161,5161,True,5161,5161,True,2.7476,0.003458,188.0
37,48,False,15,prompt,187,187,True,187,187,True,1.8153,0.001466,188.0
37,49,False,281,prompt,1287,1287,True,1287,1287,True,1.4089,0.006101,188.0
37,50,True,15,fhe,187,187,True,187,187,True,0.6378,0.000826,188.0
37,51,True,13,fhe,285,285,True,285,285,True,1.9347,0.000845,188.0
37,52,False,3590,prompt,15,15,True,281,281,True,1.2781,0.001632,188.0
37,53,False,3676,prompt,17836,17836,True,17836,17836,True,0.5717,0.000759,188.0
37,54,True,281,fhe,253,253,True,253,253,True,1.2343,0.002614,188.0
37,55,True,15,fhe,733,733,True,380,380,True,0.3551,0.000735,188.0
37,56,False,3054,prompt,1342,1342,True,1342,1342,True,5.053,0.003203,188.0
37,57,False,1066,prompt,253,253,True,1959,1959,True,1.9037,0.006846,188.0
37,58,True,394,fhe,5331,5331,True,5331,5331,True,3.4076,0.000458,188.0
37,59,True,6114,fhe,403,403,True,403,403,True,1.125,0.004096,188.0
37,60,False,7038,prompt,273,273,True,273,273,True,0.0319,0.002657,188.0
37,61,False,1824,prompt,432,432,True,432,432,True,0.1107,0.003652,188.0
37,62,True,313,fhe,17,17,True,17,17,True,0.2028,0.003649,188.0
37,63,True,15,fhe,187,187,True,187,187,True,0.4508,0.001517,188.0
38,0,False,277,prompt,35706,35706,True,35706,35706,True,2.9827,0.003573,188.0
38,1,False,5270,prompt,15,15,True,495,495,True,0.3486,0.000588,188.0
38,2,True,310,fhe,247,247,True,247,247,True,0.5665,0.00064,188.0
38,3,True,407,fhe,1824,1824,True,1824,1824,True,1.3852,0.003325,188.0
38,4,False,745,prompt,6315,6315,True,6315,6315,True,1.2077,0.000799,188.0
38,5,True,15,prompt,380,380,True,380,380,True,0.4262,0.00218,188.0
38,6,True,13,fhe,665,665,True,665,665,True,2.1983,0.000545,188.0
38,7,True,310,fhe,670,670,True,670,670,True,0.3353,0.004649,188.0
38,8,False,626,prompt,878,878,True,878,878,True,0.4645,0.001679,188.0
38,9,True,2350,fhe,310,310,True,476,476,True,1.3712,0.003511,188.0
38,10,True,20571,fhe,15,15,True,275,275,True,0.7553,0.000752,188.0
38,11,True,1411,fhe,2923,2923,True,2923,2923,True,1.123,0.001027,188.0
38,12,False,425,prompt,291,291,True,291,291,True,7.4248,0.001517,188.0
38,13,True,510,fhe,6749,6749,True,954,954,True,0.8942,0.002522,188.0
38,14,True,908,fhe,281,281,True,281,281,True,0.3682,0.001974,188.0
38,15,True,34,fhe,4007,4007,True,12674,12674,True,0.0583,0.000837,188.0
38,16,False,13,prompt,285,285,True,594,594,True,0.4635,0.001548,188.0
38,17,True,1885,fhe,310,310,True,310,310,True,0.6545,0.001118,188.0
38,18,True,13,fhe,43450,43450,True,43450,43450,True,2.2631,0.002645,188.0
38,19,True,273,fhe,253,253,True,512,512,True,1.9468,0.003618,188.0
38,20,False,253,prompt,9313,9313,True,23993,23993,True,0.8055,0.002169,188.0
38,21,False,1529,prompt,1533,1533,True,1533,1533,True,0.9581,0.000727,188.0
38,22,True,3889,fhe,388,388,True,388,388,True,1.3077,0.000567,188.0
38,23,True,1384,fhe,13,13,True,13,13,True,3.2319,0.001278,188.0
38,24,False,13,prompt,533,533,True,533,533,True,1.0426,0.001274,188.0
38,25,False,685,prompt,3063,3063,True,3063,3063,True,0.4389,0.001144,188.0
38,26,True,8588,fhe,13,13,True,285,285,True,0.2428,0.001229,188.0
38,27,True,597,fhe,403,403,True,452,452,True,1.7955,0.001262,188.0
38,28,False,2058,prompt,253,253,True,670,670,True,0.1736,0.002171,188.0
38,29,True,3159,fhe,7043,7043,True,773,773,True,1.4835,0.002608,188.0
38,30,True,275,fhe,253,253,True,5886,5886,True,0.5621,0.001492,188.0
38,31,True,14847,fhe,17323,17323,True,17323,17323,True,4.6289,0.001194,188.0
38,32,False,643,prompt,20446,20446,True,20446,20446,True,5.8293,0.008116,188.0
38,33,False,2233,prompt,13,13,True,3041,3041,True,1.3607,0.010328,188.0
38,34,True,15,fhe,187,187,True,187,187,True,0.5735,0.000656,188.0
38,35,True,18,fhe,15,15,True,15,15,True,1.6376,0.002378,188.0
38,36,False,9685,prompt,13,13,True,13,13,True,0.0761,0.00523,188.0
38,37,True,4131,fhe,13,13,True,13,13,True,1.4502,0.000468,188.0
38,38,True,510,fhe,8825,8825,True,1175,1175,True,0.2633,0.00193,188.0
38,39,True,15,fhe,19,19,True,19,19,True,0.121,0.004287,188.0
38,40,False,3841,prompt,403,403,True,476,476,True,0.1753,0.001569,188.0
38,41,True,510,fhe,1786,1786,True,3313,3313,True,0.5613,0.001297,188.0
38,42,True,310,fhe,629,629,True,629,629,True,0.4341,0.003651,188.0
38,43,True,1110,fhe,1293,1293,True,1293,1293,True,1.5844,0.001056,188.0
38,44,False,285,prompt,6882,6882,True,6882,6882,True,1.1167,0.001177,188.0
38,45,False,1146,prompt,1512,1512,True,1512,1512,True,0.4855,0.002122,188.0
38,46,True,3283,fhe,4555,4555,True,4555,4555,True,0.3531,0.00254,188.0
38,47,True,5161,fhe,15,15,True,15,15,True,0.5302,0.002014,188.0
38,48,False,1198,prompt,1650,1650,True,1650,1650,True,1.8595,0.000412,188.0
38,49,False,1287,prompt,253,253,True,253,253,True,0.1412,0.001495,188.0
38,50,True,187,fhe,510,510,True,510,510,True,0.7596,0.000683,188.0
38,51,True,285,fhe,310,310,True,352,352,True,1.8795,0.003175,188.0
38,52,False,15,prompt,380,380,True,380,380,True,0.242,0.000843,188.0
38,53,False,17836,prompt,15,15,True,275,275,True,0.1358,0.000748,188.0
38,54,True,253,fhe,15178,15178,True,1711,1711,True,0.9993,0.00091,188.0
38,55,True,380,fhe,43093,43093,True,43093,43093,True,1.8684,0.001253,188.0
38,56,False,1342,prompt,15,15,True,665,665,True,0.0972,0.000411,188.0
38,57,False,5511,prompt,875,875,True,875,875,True,2.8111,0.000931,188.0
38,58,True,5331,fhe,407,407,True,407,407,True,0.3165,0.00067,188.0
38,59,True,403,fhe,9046,9046,True,9046,9046,True,0.1253,0.003871,188.0
38,60,False,1379,prompt,253,253,True,7819,7819,True,0.8554,0.002199,188.0
38,61,False,1977,prompt,432,432,True,432,432,True,1.6777,0.001959,188.0
38,62,True,17,fhe,15,15,True,15,15,True,6.6836,0.008693,188.0
38,63,True,187,fhe,510,510,True,510,510,True,1.7516,0.003309,188.0
39,0,False,35706,prompt,403,403,True,403,403,True,0.5351,0.00298,188.0
39,1,False,27,prompt,495,495,True,495,495,True,0.3887,0.000869,188.0
39,2,True,247,fhe,4177,4177,True,10864,10864,True,1.3425,0.001385,188.0
39,3,True,1824,fhe,15,15,True,15,15,True,1.3749,0.001114,188.0
39,4,False,247,prompt,3678,3678,True,3678,3678,True,1.5794,0.002806,188.0
39,5,True,380,fhe,8357,8357,True,4444,4444,True,0.8225,0.002897,188.0
39,6,True,665,fhe,369,369,True,369,369,True,0.0713,0.002724,188.0
39,7,True,670,fhe,2456,2456,True,2456,2456,True,0.1434,0.002747,188.0
39,8,False,1646,prompt,281,281,True,281,281,True,4.3549,0.000865,188.0
39,9,True,476,fhe,2847,2847,True,2847,2847,True,0.3336,0.001431,188.0
39,10,True,275,fhe,253,253,True,253,253,True,1.4526,0.001069,188.0
39,11,True,2923,fhe,13,13,True,13,13,True,0.1696,0.001131,188.0
39,12,False,291,prompt,274,274,True,274,274,True,5.8457,0.005631,188.0
39,13,True,954,fhe,1774,1774,True,1774,1774,True,0.6662,0.005507,188.0
39,14,True,281,fhe,1056,1056,True,1056,1056,True,3.4393,0.000903,188.0
39,15,True,12674,fhe,7431,7431,True,7431,7431,True,0.8191,0.000855,188.0
39,16,False,342,prompt,253,253,True,253,253,True,2.2594,0.000912,188.0
39,17,True,310,fhe,671,671,True,671,671,True,0.4883,0.000815,188.0
39,18,True,43450,fhe,15,15,True,15,15,True,1.1422,0.001114,188.0
39,19,True,512,fhe,253,253,True,1264,1264,True,0.3085,0.001426,188.0
39,20,False,5074,prompt,3153,3153,True,3153,3153,True,0.8197,0.001697,188.0
39,21,False,1495,prompt,15,15,True,15,15,True,0.9169,0.00069,188.0
39,22,True,388,fhe,483,483,True,483,483,True,2.5172,0.002183,188.0
39,23,True,13,fhe,3127,3127,True,3127,3127,True,2.7512,0.000833,188.0
39,24,False,533,prompt,344,344,True,344,344,True,0.8782,0.004313,188.0
39,25,False,387,prompt,1246,1246,True,1246,1246,True,4.1784,0.000565,188.0
39,26,True,285,fhe,7952,7952,True,7952,7952,True,2.8774,0.002703,188.0
39,27,True,452,fhe,247,247,True,247,247,True,1.9156,0.000832,188.0
39,28,False,1016,prompt,4660,4660,True,4660,4660,True,0.2324,0.006748,188.0
39,29,True,773,fhe,40918,40918,True,40918,40918,True,1.6206,0.002004,188.0
39,30,True,5886,fhe,281,281,True,281,281,True,6.0686,0.001928,188.0
39,31,True,17323,fhe,15,15,True,745,745,True,0.3307,0.000741,188.0
39,32,False,20446,prompt,15,15,True,15,15,True,9.1188,0.001729,188.0
39,33,False,13,prompt,933,933,True,933,933,True,7.293,0.002713,188.0
39,34,True,187,fhe,510,510,True,510,510,True,0.8925,0.00474,188.0
39,35,True,15,fhe,19,19,True,19,19,True,0.0849,0.008185,188.0
39,36,False,5018,prompt,281,281,True,281,281,True,0.7264,0.002207,188.0
39,37,True,13,fhe,253,253,True,253,253,True,0.5447,0.001387,188.0
39,38,True,1175,fhe,3668,3668,True,3668,3668,True,0.9804,0.004444,188.0
39,39,True,19,fhe,1269,1269,True,1269,1269,True,0.8097,0.003276,188.0
39,40,False,476,prompt,3986,3986,True,3986,3986,True,1.2587,0.009843,188.0
39,41,True,3313,fhe,4775,4775,True,4775,4775,True,1.0445,0.001448,188.0
39,42,True,629,fhe,273,273,True,273,273,True,5.9435,0.000742,188.0
39,43,True,1293,fhe,2798,2798,True,2798,2798,True,0.6311,0.001643,188.0
39,44,False,9580,prompt,84,84,True,84,84,True,8.821,0.000664,188.0
39,45,False,5536,prompt,15,15,True,390,390,True,0.977,0.003299,188.0
39,46,True,4555,fhe,849,849,True,849,849,True,0.1365,0.000416,188.0
39,47,True,15,fhe,380,380,True,733,733,True,0.9433,0.001176,188.0
39,48,False,1650,prompt,13,13,True,13,13,True,2.8788,0.000915,188.0
39,49,False,253,prompt,9749,9749,True,1617,1617,True,0.0349,0.001722,188.0
39,50,True,510,fhe,6963,6963,True,6963,6963,True,0.351,0.001881,188.0
39,51,True,352,fhe,310,310,True,556,556,True,2.2654,0.004484,188.0
39,52,False,33341,prompt,253,253,True,253,253,True,1.6291,0.00066,188.0
39,53,True,15,prompt,187,187,True,187,187,True,0.6989,0.00043,188.0
39,54,True,1711,fhe,15178,15178,True,15178,15178,True,0.9361,0.003276,188.0
39,55,True,43093,fhe,310,310,True,7121,7121,True,0.9251,0.001901,188.0
39,56,False,15,prompt,187,187,True,187,187,True,0.0988,0.001415,188.0
39,57,False,8123,prompt,875,875,True,875,875,True,0.7146,0.000758,188.0
39,58,True,407,fhe,253,253,True,253,253,True,0.2243,0.001117,188.0
39,59,True,9046,fhe,937,937,True,937,937,True,0.3961,0.004382,188.0
39,60,False,7819,prompt,15,15,True,12060,12060,True,0.5962,0.001367,188.0
39,61,True,15,prompt,187,187,True,187,187,True,0.7474,0.00397,188.0
39,62,True,15,fhe,22,22,True,22,22,True,0.2177,0.007913,188.0
39,63,True,510,fhe,1232,1232,True,1232,1232,True,1.3733,0.0013,188.0
40,0,False,1128,prompt,4609,4609,True,4609,4609,True,1.0038,0.00409,188.0
40,1,False,3666,prompt,19268,19268,True,19268,19268,True,5.3657,0.007741,188.0
40,2,True,10864,fhe,4177,4177,True,4023,4023,True,1.0885,0.000937,188.0
40,3,True,15,fhe,380,380,True,187,187,True,0.5226,0.000794,188.0
40,4,False,3678,prompt,326,326,True,326,326,True,0.851,0.001853,188.0
40,5,True,4444,fhe,310,310,True,310,310,True,0.566,0.001759,188.0
40,6,True,369,fhe,247,247,True,247,247,True,0.6501,0.001007,188.0
40,7,True,2456,fhe,3272,3272,True,3272,3272,True,1.3295,0.001095,188.0
40,8,False,281,prompt,320,320,True,320,320,True,0.6685,0.00157,188.0
40,9,True,2847,fhe,3075,3075,True,3075,3075,True,1.0239,0.00245,188.0
40,10,True,253,fhe,2454,2454,True,2454,2454,True,0.1369,0.000791,188.0
40,11,True,13,fhe,2798,2798,True,2798,2798,True,2.0833,0.001695,188.0
40,12,False,274,prompt,281,281,True,281,281,True,1.6809,0.004292,188.0
40,13,True,1774,fhe,2181,2181,True,2181,2181,True,1.8838,0.001048,188.0
40,14,True,1056,fhe,14234,14234,True,14234,14234,True,0.294,0.001534,188.0
40,15,True,7431,fhe,310,310,True,1364,1364,True,0.4171,0.003532,188.0
40,16,False,253,prompt,1182,1182,True,1182,1182,True,0.4489,0.001938,188.0
40,17,True,671,fhe,2130,2130,True,2130,2130,True,3.522,0.001335,188.0
40,18,True,15,fhe,187,187,True,187,187,True,0.872,0.002065,188.0
40,19,True,1264,fhe,14636,14636,True,14636,14636,True,0.4271,0.000895,188.0
40,20,False,3153,prompt,15,15,True,285,285,True,0.7887,0.001115,188.0
40,21,True,15,prompt,187,187,True,187,187,True,1.9703,0.00137,188.0
40,22,True,483,fhe,257,257,True,257,257,True,4.0535,0.00603,188.0
40,23,True,3127,fhe,13,13,True,13,13,True,3.409,0.004494,188.0
40,24,False,521,prompt,3392,3392,True,3392,3392,True,0.4907,0.002179,188.0
40,25,False,1246,prompt,15,15,True,15,15,True,1.0505,0.001316,188.0
40,26,True,7952,fhe,15,15,True,689,689,True,0.0275,0.000768,188.0
40,27,True,247,fhe,4030,4030,True,4030,4030,True,0.6804,0.001234,188.0
40,28,False,3523,prompt,13,13,True,13,13,True,1.2353,0.001916,188.0
40,29,True,40918,fhe,668,668,True,668,668,True,3.9137,0.00335,188.0
40,30,True,281,fhe,253,253,True,253,253,True,3.0776,0.001205,188.0
40,31,True,745,fhe,253,253,True,253,253,True,1.7666,0.002908,188.0
40,32,False,15,prompt,21108,21108,True,21108,21108,True,2.3151,0.00236,188.0
40,33,False,933,prompt,1107,1107,True,1107,1107,True,4.2065,0.002289,188.0
40,34,True,510,fhe,806,806,True,806,806,True,0.1964,0.002494,188.0
40,35,True,19,fhe,1269,1269,True,1269,1269,True,0.5377,0.002033,188.0
40,36,False,15,prompt,187,187,True,187,187,True,0.0567,0.00132,188.0
40,37,True,253,fhe,3416,3416,True,3416,3416,True,0.4861,0.001086,188.0
40,38,True,3668,fhe,310,310,True,32,32,True,2.2438,0.001257,188.0
40,39,True,1269,fhe,8437,8437,True,8437,8437,True,0.9445,0.002105,188.0
40,40,False,3986,prompt,598,598,True,598,598,True,0.4185,0.001112,188.0
40,41,True,4775,fhe,11981,11981,True,11981,11981,True,0.2819,0.00182,188.0
40,42,True,273,fhe,253,253,True,247,247,True,0.6786,0.001575,188.0
40,43,True,2798,fhe,2728,2728,True,3237,3237,True,1.7043,0.004348,188.0
40,44,False,84,prompt,715,715,True,625,625,True,0.2677,0.001242,188.0
40,45,True,15,prompt,187,187,True,187,187,True,1.3214,0.001319,188.0
40,46,True,849,fhe,1199,1199,True,1199,1199,True,0.3503,0.001606,188.0
40,47,True,733,fhe,310,310,True,671,671,True,2.0114,0.00077,188.0
40,48,False,13,prompt,253,253,True,604,604,True,0.1945,0.001363,188.0
40,49,False,8984,prompt,15,15,True,3746,3746,True,1.0688,0.000404,188.0
40,50,True,6963,fhe,41635,41635,True,41635,41635,True,4.8223,0.001847,188.0
40,51,True,556,fhe,247,247,True,247,247,True,0.4318,0.004101,188.0
40,52,False,253,prompt,8099,8099,True,8099,8099,True,0.2159,0.001599,188.0
40,53,True,187,fhe,510,510,True,510,510,True,1.0695,0.001606,188.0
40,54,True,15178,fhe,15,15,True,285,285,True,0.0294,0.002563,188.0
40,55,True,7121,fhe,310,310,True,556,556,True,1.2846,0.001369,188.0
40,56,False,2732,prompt,253,253,True,253,253,True,0.4385,0.000849,188.0
40,57,False,273,prompt,253,253,True,1959,1959,True,2.1024,0.003439,188.0
40,58,True,253,fhe,5112,5112,True,5112,5112,True,1.2444,0.001275,188.0
40,59,True,937,fhe,753,753,True,753,753,True,1.6786,0.000536,188.0
40,60,False,15,prompt,380,380,True,2091,2091,True,0.8238,0.001267,188.0
40,61,True,187,fhe,510,510,True,510,510,True,1.0148,0.001767,188.0
40,62,True,22,fhe,5499,5499,True,5499,5499,True,0.5565,0.002218,188.0
40,63,True,1232,fhe,273,273,True,9513,9513,True,1.7854,0.001694,188.0
41,0,False,4609,prompt,3153,3153,True,403,403,True,1.1788,0.001326,188.0
41,1,False,19268,prompt,253,253,True,253,253,True,1.4122,0.000861,188.0
41,2,True,4023,fhe,273,273,True,273,273,True,5.3704,0.000569,188.0
41,3,True,187,fhe,510,510,True,48,48,True,2.618,0.002015,188.0
41,4,False,326,prompt,5997,5997,True,5997,5997,True,0.3369,0.001331,188.0
41,5,True,310,fhe,4704,4704,True,4704,4704,True,0.7512,0.000997,188.0
41,6,True,247,fhe,8474,8474,True,8474,8474,True,0.3852,0.000597,188.0
41,7,True,3272,fhe,39,39,True,39,39,True,1.0121,0.001347,188.0
41,8,False,513,prompt,2712,2712,True,2712,2712,True,0.4734,0.002209,188.0
41,9,True,3075,fhe,13,13,True,285,285,True,1.9079,0.000754,188.0
41,10,True,2454,fhe,273,273,True,273,273,True,7.8633,0.003533,188.0
41,11,True,2798,fhe,2728,2728,True,2728,2728,True,4.7629,0.001629,188.0
41,12,False,432,prompt,253,253,True,581,581,True,0.5838,0.002468,188.0
41,13,True,2181,fhe,281,281,True,670,670,True,0.4558,0.00081,188.0
41,14,True,14234,fhe,15,15,True,15,15,True,1.2076,0.001108,188.0
41,15,True,1364,fhe,320,320,True,452,452,True,0.2194,0.00325,188.0
41,16,False,2762,prompt,1269,1269,True,1269,1269,True,1.839,0.001436,188.0
41,17,True,2130,fhe,275,275,True,275,275,True,0.3851,0.003583,188.0
41,18,True,187,fhe,510,510,True,1147,1147,True,1.7472,0.001881,188.0
41,19,True,14636,fhe,310,310,True,310,310,True,2.5545,0.002253,188.0
41,20,False,15,prompt,187,187,True,187,187,True,0.1097,0.000694,188.0
41,21,True,187,fhe,510,510,True,510,510,True,1.0495,0.000613,188.0
41,22,True,257,fhe,15,15,True,313,313,True,0.3913,0.001071,188.0
41,23,True,13,fhe,3307,3307,True,3307,3307,True,2.7786,0.000748,188.0
41,24,False,3392,prompt,13,13,True,17163,17163,True,1.2042,0.000944,188.0
41,25,True,15,prompt,187,187,True,187,187,True,0.7188,0.003763,188.0
41,26,True,689,fhe,673,673,True,673,673,True,1.481,0.000541,188.0
41,27,True,4030,fhe,13,13,True,1127,1127,True,0.3378,0.000831,188.0
41,28,False,247,prompt,6194,6194,True,637,637,True,0.2634,0.001729,188.0
41,29,True,668,fhe,3249,3249,True,3249,3249,True,0.7382,0.000954,188.0
41,30,True,253,fhe,5101,5101,True,5101,5101,True,2.2352,0.001658,188.0
41,31,True,253,fhe,8852,8852,True,8852,8852,True,2.7815,0.003971,188.0
41,32,False,21108,prompt,285,285,True,285,285,True,4.6351,0.004651,188.0
41,33,False,1107,prompt,846,846,True,846,846,True,2.7256,0.002573,188.0
41,34,True,806,fhe,1929,1929,True,6264,6264,True,0.0483,0.006404,188.0
41,35,True,1269,fhe,8437,8437,True,8437,8437,True,0.8573,0.001038,188.0
41,36,False,443,prompt,48059,48059,True,48059,48059,True,0.6796,0.000682,188.0
41,37,True,3416,fhe,369,369,True,6225,6225,True,0.9554,0.004235,188.0
41,38,True,32,fhe,1422,1422,True,1422,1422,True,0.6703,0.002969,188.0
41,39,True,8437,fhe,19,19,True,17,17,True,0.1746,0.000503,188.0
41,40,False,3925,prompt,3272,3272,True,3272,3272,True,0.8374,0.003866,188.0
41,41,True,11981,fhe,313,313,True,313,313,True,0.087,0.004645,188.0
41,42,True,247,fhe,4067,4067,True,4067,4067,True,1.0425,0.002126,188.0
41,43,True,3237,fhe,15,15,True,13,13,True,1.6043,0.001206,188.0
41,44,False,715,prompt,16173,16173,True,16173,16173,True,2.5976,0.005746,188.0
41,45,True,187,fhe,510,510,True,510,510,True,1.0483,0.003935,188.0
41,46,True,1199,fhe,1824,1824,True,273,273,True,1.3018,0.000826,188.0
41,47,True,671,fhe,556,556,True,4428,4428,True,1.4245,0.001761,188.0
41,48,False,247,prompt,1436,1436,True,5406,5406,True,0.3996,0.001231,188.0
41,49,True,15,prompt,187,187,True,187,187,True,0.9746,0.001121,188.0
41,50,True,41635,fhe,273,273,True,273,273,True,0.039,0.000502,188.0
41,51,True,247,fhe,2264,2264,True,2264,2264,True,0.7221,0.003274,188.0
41,52,False,2914,prompt,3369,3369,True,3369,3369,True,1.0956,0.00181,188.0
41,53,True,510,fhe,954,954,True,954,954,True,0.2789,0.001656,188.0
41,54,True,285,fhe,1973,1973,True,1265,1265,True,0.521,0.001761,188.0
41,55,True,556,fhe,644,644,True,644,644,True,0.288,0.000822,188.0
41,56,False,34528,prompt,432,432,True,432,432,True,0.4756,0.001732,188.0
41,57,False,3998,prompt,1341,1341,True,1341,1341,True,1.6216,0.005112,188.0
41,58,True,5112,fhe,46041,46041,True,46041,46041,True,0.9429,0.000775,188.0
41,59,True,753,fhe,1263,1263,True,1263,1263,True,0.069,0.001179,188.0
41,60,False,2058,prompt,253,253,True,253,253,True,2.0061,0.00182,188.0
41,61,True,510,fhe,20035,20035,True,10688,10688,True,0.2953,0.004825,188.0
41,62,True,5499,fhe,17121,17121,True,17121,17121,True,2.2135,0.004242,188.0
41,63,True,9513,fhe,342,342,True,342,342,True,0.4182,0.002717,188.0
42,0,False,452,prompt,247,247,True,247,247,True,0.4952,0.001663,188.0
42,1,False,849,prompt,253,253,True,253,253,True,1.1309,0.00106,188.0
42,2,True,273,fhe,9946,9946,True,9946,9946,True,0.7823,0.00218,188.0
42,3,True,48,fhe,8705,8705,True,8705,8705,True,0.0764,0.003807,188.0
42,4,False,4948,prompt,27892,27892,True,27892,27892,True,0.9177,0.002802,188.0
42,5,True,4704,fhe,281,281,True,281,281,True,1.6612,0.000641,188.0
42,6,True,8474,fhe,387,387,True,387,387,True,0.7134,0.001632,188.0
42,7,True,39,fhe,15,15,True,313,313,True,0.132,0.001382,188.0
42,8,False,667,prompt,5237,5237,True,5237,5237,True,0.6154,0.004871,188.0
42,9,True,285,fhe,25699,25699,True,25699,25699,True,0.4916,0.002833,188.0
42,10,True,273,fhe,7952,7952,True,7952,7952,True,0.5213,0.00133,188.0
42,11,True,2728,fhe,13,13,True,13,13,True,0.7017,0.000608,188.0
42,12,False,6208,prompt,281,281,True,281,281,True,5.0194,0.001069,188.0
42,13,True,670,fhe,6749,6749,True,436,436,True,0.2379,0.002362,188.0
42,14,True,15,fhe,187,187,True,733,32632,False,0.3942,0.002629,188.0
42,15,True,452,fhe,644,644,True,644,644,True,0.1099,0.001063,188.0
42,16,False,1182,prompt,14,14,True,7844,7844,True,1.1946,0.001765,188.0
42,17,True,275,fhe,253,253,True,253,253,True,2.154,0.000619,188.0
42,18,True,1147,fhe,310,310,True,310,310,True,0.208,0.003965,188.0
42,19,True,310,fhe,12660,12660,True,16951,16951,True,2.029,0.002057,188.0
42,20,False,15997,prompt,1652,1652,True,1652,1652,True,0.2103,0.00413,188.0
42,21,True,510,fhe,3159,3159,True,3159,3159,True,0.1783,0.001085,188.0
42,22,True,313,fhe,1010,1010,True,1010,1010,True,1.182,0.001631,188.0
42,23,True,3307,fhe,13,13,True,13,13,True,3.5969,0.003146,188.0
42,24,False,574,prompt,25415,25415,True,25415,25415,True,0.6731,0.001136,188.0
42,25,True,187,fhe,510,510,True,510,510,True,1.766,0.00118,188.0
42,26,True,673,fhe,15,15,True,15,15,True,0.6456,0.000943,188.0
42,27,True,1127,fhe,15,15,True,387,387,True,0.3297,0.000547,188.0
42,28,False,637,prompt,369,369,True,369,369,True,1.2256,0.005394,188.0
42,29,True,3249,fhe,432,432,True,432,432,True,5.8107,0.000563,188.0
42,30,True,5101,fhe,15,15,True,390,390,True,0.4689,0.001357,188.0
42,31,True,8852,fhe,273,273,True,273,273,True,3.037,0.001281,188.0
42,32,False,285,prompt,1563,1563,True,1563,1563,True,4.5898,0.006416,188.0
42,33,False,846,prompt,253,253,True,253,253,True,3.3646,0.001147,188.0
42,34,True,6264,fhe,897,897,True,2898,2898,True,0.9873,0.00327,188.0
42,35,True,8437,fhe,19,19,True,17,17,True,0.1926,0.001106,188.0
42,36,False,48059,prompt,285,285,True,285,285,True,0.5892,0.002758,188.0
42,37,True,6225,fhe,275,275,True,275,275,True,0.331,0.000974,188.0
42,38,True,1422,fhe,476,476,True,476,476,True,0.8357,0.004046,188.0
42,39,True,17,fhe,23664,34703,False,34703,34703,True,0.0124,0.00092,188.0
42,40,False,3272,prompt,36,36,True,36,36,True,2.1231,0.001501,188.0
42,41,True,313,fhe,47,47,True,47,47,True,2.5216,0.006352,188.0
42,42,True,4067,fhe,3434,3434,True,3434,3434,True,0.2093,0.000715,188.0
42,43,True,13,fhe,285,285,True,285,285,True,0.8523,0.003131,188.0
42,44,False,16173,prompt,15,15,True,15,15,True,0.5398,0.001059,188.0
42,45,True,510,fhe,14910,14910,True,14910,14910,True,1.2397,0.001818,188.0
42,46,True,273,fhe,247,247,True,247,247,True,0.6675,0.000996,188.0
42,47,True,4428,fhe,247,247,True,9946,9946,True,0.9331,0.001185,188.0
42,48,False,12494,prompt,1537,1537,True,1537,1537,True,0.8981,0.002742,188.0
42,49,True,187,fhe,10859,10859,True,8836,8836,True,0.3741,0.001227,188.0
42,50,True,273,fhe,1495,1495,True,1495,1495,True,1.6995,0.002677,188.0
42,51,True,2264,fhe,19099,19099,True,19099,19099,True,0.3588,0.001604,188.0
42,52,False,8597,prompt,13,13,True,369,369,True,0.1511,0.002426,188.0
42,53,True,954,fhe,8530,8530,True,8530,8530,True,0.5893,0.002433,188.0
42,54,True,1265,fhe,689,689,True,689,689,True,0.702,0.001611,188.0
42,55,True,644,fhe,247,247,True,908,908,True,0.1913,0.001193,188.0
42,56,False,432,prompt,21245,21245,True,21245,21245,True,1.8974,0.002524,188.0
42,57,False,8837,prompt,15,15,True,15,15,True,1.5814,0.001832,188.0
42,58,True,46041,fhe,7406,7406,True,7406,7406,True,0.1396,0.003083,188.0
42,59,True,1263,fhe,820,820,True,820,820,True,0.4704,0.000508,188.0
42,60,False,2360,prompt,13,13,True,597,597,True,0.7337,0.000614,188.0
42,61,True,10688,fhe,273,273,True,273,273,True,2.1434,0.001066,188.0
42,62,True,17121,fhe,10,10,True,10,10,True,4.1774,0.001538,188.0
42,63,True,342,fhe,23993,23993,True,6315,6315,True,0.1053,0.002533,188.0
43,0,False,21076,prompt,2675,2675,True,2675,2675,True,2.7714,0.001307,188.0
43,1,False,3603,prompt,403,403,True,403,403,True,0.9568,0.000924,188.0
43,2,True,9946,fhe,285,285,True,3678,3678,True,0.1051,0.001097,188.0
43,3,True,8705,fhe,1824,1824,True,5254,5254,True,0.5559,0.004707,188.0
43,4,False,1355,prompt,27892,27892,True,27892,27892,True,3.7004,0.001997,188.0
43,5,True,281,fhe,1756,1756,True,14638,14638,True,2.3586,0.001735,188.0
43,6,True,387,fhe,253,253,True,253,253,True,1.3204,0.000937,188.0
43,7,True,313,fhe,740,740,True,740,740,True,0.4679,0.003184,188.0
43,8,False,1805,prompt,685,685,True,685,685,True,1.202,0.000623,188.0
43,9,True,25699,fhe,275,275,True,672,672,True,1.2691,0.00245,188.0
43,10,True,7952,fhe,1818,1818,True,1818,1818,True,6.4778,0.003019,188.0
43,11,True,13,fhe,285,285,True,8401,8401,True,1.6263,0.001702,188.0
43,12,False,281,prompt,6208,6208,True,30781,30781,True,0.5857,0.006272,188.0
43,13,True,436,fhe,310,310,True,11562,11562,True,0.1886,0.001507,188.0
43,14,True,733,fhe,310,310,True,434,434,True,1.4247,0.001319,188.0
43,15,True,644,fhe,10544,10544,True,5686,5686,True,0.4603,0.001464,188.0
43,16,False,14,prompt,10565,10565,True,10565,10565,True,3.6114,0.010222,188.0
43,17,True,253,fhe,1563,1563,True,1563,1563,True,6.2046,0.000878,188.0
43,18,True,310,fhe,247,247,True,581,581,True,0.1023,0.002333,188.0
43,19,True,16951,fhe,3272,3272,True,3272,3272,True,0.3635,0.001195,188.0
43,20,False,1652,prompt,9313,9313,True,23993,23993,True,0.6246,0.001677,188.0
43,21,True,3159,fhe,773,773,True,773,773,True,0.0884,0.005189,188.0
43,22,True,1010,fhe,3583,3583,True,3583,3583,True,0.1729,0.001477,188.0
43,23,True,13,fhe,3495,3495,True,3495,3495,True,1.8688,0.0011,188.0
43,24,False,643,prompt,5827,5827,True,5827,5827,True,0.3122,0.001685,188.0
43,25,True,510,fhe,22852,22852,True,22852,22852,True,1.0198,0.001014,188.0
43,26,True,15,fhe,28678,28678,True,45273,45273,True,0.1476,0.003319,188.0
43,27,True,387,fhe,253,253,True,253,253,True,2.9547,0.000922,188.0
43,28,False,7428,prompt,7808,7808,True,7808,7808,True,0.3988,0.003983,188.0
43,29,True,432,fhe,253,253,True,253,253,True,2.0208,0.003225,188.0
43,30,True,390,fhe,643,643,True,643,643,True,0.1585,0.003276,188.0
43,31,True,273,fhe,10869,10869,True,10869,10869,True,1.2576,0.000844,188.0
43,32,False,1563,prompt,253,253,True,253,253,True,7.1578,0.003325,188.0
43,33,False,253,prompt,7967,7967,True,7967,7967,True,0.759,0.001409,188.0
43,34,True,2898,fhe,273,273,True,273,273,True,1.539,0.00408,188.0
43,35,True,17,fhe,34703,34703,True,34703,34703,True,0.0198,0.002046,188.0
43,36,False,9096,prompt,253,253,True,18332,18332,True,0.1589,0.001613,188.0
43,37,True,275,fhe,253,253,True,2914,2914,True,1.0248,0.001982,188.0
43,38,True,476,fhe,897,897,True,897,897,True,0.0608,0.003287,188.0
43,39,True,34703,fhe,3641,3641,True,3641,3641,True,4.197,0.002818,188.0
43,40,False,330,prompt,313,313,True,313,313,True,0.9417,0.002787,188.0
43,41,True,47,fhe,18582,18582,True,18582,18582,True,1.6924,0.001577,188.0
43,42,True,3434,fhe,281,281,True,1925,1925,True,2.2015,0.0007,188.0
43,43,True,285,fhe,326,326,True,1014,1014,True,0.8711,0.003619,188.0
43,44,False,15,prompt,380,380,True,187,187,True,1.2647,0.000598,188.0
43,45,True,14910,fhe,403,403,True,275,275,True,0.236,0.00125,188.0
43,46,True,247,fhe,1818,1818,True,8281,8281,True,1.2577,0.002022,188.0
43,47,True,9946,fhe,13,13,True,13,13,True,0.5643,0.001271,188.0
43,48,False,670,prompt,247,247,True,247,247,True,0.0743,0.001018,188.0
43,49,True,8836,fhe,342,342,True,665,665,True,1.4359,0.004673,188.0
43,50,True,1495,fhe,403,403,True,452,452,True,2.0785,0.001109,188.0
43,51,True,19099,fhe,273,273,True,273,273,True,5.7908,0.000691,188.0
43,52,False,247,prompt,2829,2829,True,2829,2829,True,0.4449,0.002939,188.0
43,53,True,8530,fhe,8281,8281,True,21646,21646,True,0.4842,0.003178,188.0
43,54,True,689,fhe,15,15,True,969,969,True,1.6282,0.001598,188.0
43,55,True,908,fhe,323,323,True,347,347,True,0.7245,0.0006,188.0
43,56,False,21245,prompt,13,13,True,275,275,True,0.4701,0.000595,188.0
43,57,True,15,prompt,187,187,True,187,187,True,1.912,0.000649,188.0
43,58,True,7406,fhe,14,14,True,14,14,True,1.4876,0.001197,188.0
43,59,True,820,fhe,14,14,True,14,14,True,2.441,0.002271,188.0
43,60,False,253,prompt,11260,11260,True,11260,11260,True,1.5167,0.001312,188.0
43,61,True,273,fhe,20035,20035,True,20035,20035,True,0.2484,0.003841,188.0
43,62,True,10,fhe,273,273,True,273,273,True,4.0172,0.001189,188.0
43,63,True,6315,fhe,21295,21295,True,21295,21295,True,5.3928,0.000973,188.0
44,0,False,2675,prompt,13403,13403,True,13403,13403,True,1.2218,0.001507,188.0
44,1,False,275,prompt,253,253,True,247,247,True,1.6124,0.00062,188.0
44,2,True,3678,fhe,13,13,True,326,326,True,0.2314,0.001789,188.0
44,3,True,5254,fhe,17355,17355,True,17355,17355,True,2.8955,0.003519,188.0
44,4,False,27892,prompt,326,326,True,326,326,True,0.3145,0.001584,188.0
44,5,True,14638,fhe,4024,4024,True,4024,4024,True,7.0399,0.005902,188.0
44,6,True,253,fhe,673,673,True,673,673,True,2.2049,0.001235,188.0
44,7,True,740,fhe,3272,3272,True,3272,3272,True,5.0743,0.005048,188.0
44,8,False,685,prompt,253,253,True,253,253,True,0.3408,0.001679,188.0
44,9,True,672,fhe,253,253,True,7824,7824,True,0.8698,0.000922,188.0
44,10,True,1818,fhe,15,15,True,15,15,True,1.6411,0.000846,188.0
44,11,True,8401,fhe,13,13,True,13,13,True,0.6883,0.00066,188.0
44,12,False,6208,prompt,13,13,True,13,13,True,0.6645,0.000925,188.0
44,13,True,11562,fhe,310,310,True,310,310,True,2.8627,0.000625,188.0
44,14,True,434,fhe,671,671,True,671,671,True,0.8625,0.000922,188.0
44,15,True,5686,fhe,275,275,True,275,275,True,3.6038,0.000589,188.0
44,16,False,10565,prompt,13458,13458,True,13458,13458,True,0.6798,0.00089,188.0
44,17,True,1563,fhe,21453,21453,True,21453,21453,True,3.0621,0.005995,188.0
44,18,True,581,fhe,273,273,True,273,273,True,5.5822,0.000633,188.0
44,19,True,3272,fhe,15,15,True,15,15,True,2.2367,0.000902,188.0
44,20,False,23993,prompt,14190,14190,True,14190,14190,True,0.8721,0.00234,188.0
44,21,True,773,fhe,84,84,True,84,84,True,0.1459,0.001933,188.0
44,22,True,3583,fhe,14,14,True,14,14,True,0.3396,0.000886,188.0
44,23,True,3495,fhe,13,13,True,13,13,True,3.9446,0.001797,188.0
44,24,False,5827,prompt,15,15,True,323,323,True,0.3985,0.001348,188.0
44,25,True,22852,fhe,1924,1924,True,1924,1924,True,2.1941,0.002822,188.0
44,26,True,45273,fhe,897,897,True,897,897,True,0.0628,0.000832,188.0
44,27,True,253,fhe,9092,9092,True,9092,9092,True,2.7744,0.002513,188.0
44,28,False,2112,prompt,253,253,True,253,253,True,1.7921,0.002648,188.0
44,29,True,253,fhe,12760,12760,True,12760,12760,True,1.1357,0.00094,188.0
44,30,True,643,fhe,2603,2603,True,2603,2603,True,0.517,0.001523,188.0
44,31,True,10869,fhe,15,15,True,15,15,True,1.4187,0.002096,188.0
44,32,False,253,prompt,5252,5252,True,5252,5252,True,4.6141,0.001965,188.0
44,33,False,7967,prompt,14332,14332,True,14332,14332,True,5.4668,0.000656,188.0
44,34,True,273,fhe,36941,36941,True,29312,29312,True,0.9569,0.001876,188.0
44,35,True,34703,fhe,3641,3641,True,3641,3641,True,4.5675,0.008556,188.0
44,36,False,18332,prompt,13,13,True,13,13,True,1.8234,0.001625,188.0
44,37,True,2914,fhe,273,273,True,273,273,True,4.8145,0.000582,188.0
44,38,True,897,fhe,247,247,True,40910,40910,True,0.2846,0.000816,188.0
44,39,True,3641,fhe,481,481,True,481,481,True,0.0756,0.00337,188.0
44,40,False,760,prompt,323,323,True,323,323,True,0.3177,0.00118,188.0
44,41,True,18582,fhe,10,10,True,10,10,True,1.6937,0.001365,188.0
44,42,True,1925,fhe,253,253,True,253,253,True,2.5382,0.000924,188.0
44,43,True,1014,fhe,1110,1110,True,672,672,True,0.1921,0.003693,188.0
44,44,False,2091,prompt,253,253,True,436,436,True,0.8435,0.00131,188.0
44,45,True,275,fhe,253,253,True,634,634,True,1.4235,0.00103,188.0
44,46,True,8281,fhe,588,588,True,588,588,True,0.0666,0.001012,188.0
44,47,True,13,fhe,38244,38244,True,38244,38244,True,0.3895,0.001769,188.0
44,48,False,253,prompt,8588,8588,True,8588,8588,True,0.9244,0.001866,188.0
44,49,True,665,fhe,452,452,True,452,452,True,1.5797,0.002162,188.0
44,50,True,452,fhe,1027,1027,True,1142,1142,True,0.0233,0.002285,188.0
44,51,True,273,fhe,854,854,True,577,577,True,0.4786,0.001586,188.0
44,52,False,3416,prompt,2206,2206,True,6225,6225,True,0.2679,0.006836,188.0
44,53,True,21646,fhe,403,403,True,403,403,True,0.6673,0.001749,188.0
44,54,True,969,fhe,15,15,True,15,15,True,2.3325,0.002247,188.0
44,55,True,347,fhe,247,247,True,271,271,True,2.242,0.000732,188.0
44,56,False,13,prompt,344,344,True,344,344,True,0.4851,0.001841,188.0
44,57,True,187,fhe,510,510,True,510,510,True,0.5616,0.000783,188.0
44,58,True,14,fhe,32618,32618,True,32618,32618,True,0.5574,0.004749,188.0
44,59,True,14,fhe,7582,7582,True,7582,7582,True,5.1065,0.002916,188.0
44,60,False,29447,prompt,310,310,True,310,310,True,0.1233,0.001229,188.0
44,61,True,20035,fhe,310,310,True,7024,7024,True,0.348,0.001997,188.0
44,62,True,273,fhe,1824,1824,True,1824,1824,True,4.8995,0.002223,188.0
44,63,True,21295,fhe,13,13,True,313,313,True,0.1903,0.002463,188.0
45,0,False,13403,prompt,1128,1128,True,285,285,True,1.4148,0.001178,188.0
45,1,False,253,prompt,15316,15316,True,15316,15316,True,0.7454,0.000966,188.0
45,2,True,326,fhe,310,310,True,556,556,True,1.6921,0.001864,188.0
45,3,True,17355,fhe,310,310,True,6634,6634,True,0.8352,0.001096,188.0
45,4,False,15,prompt,2091,2091,True,380,380,True,0.1337,0.000763,188.0
45,5,True,4024,fhe,15,15,True,15,15,True,0.6093,0.000414,188.0
45,6,True,673,fhe,15,15,True,15,15,True,1.1724,0.000774,188.0
45,7,True,3272,fhe,36,36,True,36,36,True,4.3793,0.000911,188.0
45,8,False,22167,prompt,5439,5439,True,5439,5439,True,1.3198,0.001635,188.0
45,9,True,7824,fhe,13,13,True,13,13,True,1.4812,0.001208,188.0
45,10,True,15,fhe,187,187,True,380,380,True,0.7707,0.00094,188.0
45,11,True,13,fhe,285,285,True,285,285,True,1.9471,0.005063,188.0
45,12,False,15,prompt,380,380,True,380,380,True,0.4225,0.001381,188.0
45,13,True,310,fhe,326,326,True,326,326,True,1.6835,0.001797,188.0
45,14,True,671,fhe,908,908,True,1925,1925,True,1.3184,0.001064,188.0
45,15,True,275,fhe,253,253,True,253,253,True,4.2482,0.000417,188.0
45,16,False,13633,prompt,432,432,True,432,432,True,0.6438,0.006012,188.0
45,17,True,21453,fhe,27,27,True,27,27,True,4.7054,0.001762,188.0
45,18,True,273,fhe,253,253,True,253,253,True,2.8563,0.001697,188.0
45,19,True,15,fhe,187,187,True,187,187,True,2.8137,0.002866,188.0
45,20,False,14190,prompt,253,253,True,841,841,True,2.2868,0.002314,188.0
45,21,True,84,fhe,324,324,True,324,324,True,0.2329,0.002992,188.0
45,22,True,14,fhe,1010,1036,False,1036,1036,True,0.0035,0.025769,188.0
45,23,True,13,fhe,2164,2164,True,2164,2164,True,1.857,0.000886,188.0
45,24,False,323,prompt,779,779,True,779,779,True,3.3779,0.000735,188.0
45,25,True,1924,fhe,2722,2722,True,2722,2722,True,0.2309,0.00148,188.0
45,26,True,897,fhe,941,941,True,941,941,True,0.3112,0.000842,188.0
45,27,True,9092,fhe,15,15,True,15,15,True,0.7651,0.000634,188.0
45,28,False,253,prompt,3540,3540,True,3540,3540,True,0.4244,0.003653,188.0
45,29,True,12760,fhe,3159,3159,True,3159,3159,True,1.7577,0.002684,188.0
45,30,True,2603,fhe,273,273,True,273,273,True,3.0036,0.002114,188.0
45,31,True,15,fhe,380,380,True,380,380,True,0.6093,0.000562,188.0
45,32,False,5252,prompt,39933,39933,True,39933,39933,True,3.7447,0.002967,188.0
45,33,False,14332,prompt,13,13,True,15,15,True,0.0383,0.001929,188.0
45,34,True,29312,fhe,369,369,True,5866,5866,True,0.9555,0.002705,188.0
45,35,True,3641,fhe,481,481,True,481,481,True,0.0698,0.005365,188.0
45,36,False,285,prompt,253,253,True,1625,1625,True,0.1118,0.00335,188.0
45,37,True,273,fhe,253,253,True,253,253,True,1.275,0.000724,188.0
45,38,True,40910,fhe,281,281,True,347,347,True,1.6101,0.002616,188.0
45,39,True,481,fhe,733,733,True,380,380,True,0.3059,0.000711,188.0
45,40,False,884,prompt,281,281,True,281,281,True,1.1951,0.00068,188.0
45,41,True,10,fhe,310,310,True,369,369,True,0.6256,0.001239,188.0
45,42,True,253,fhe,3313,3313,True,3313,3313,True,1.0129,0.002794,188.0
45,43,True,672,fhe,253,253,True,597,597,True,0.7199,0.001179,188.0
45,44,False,253,prompt,5101,5101,True,3276,3276,True,1.2694,0.003485,188.0
45,45,True,634,fhe,2133,2133,True,29564,29564,True,1.5188,0.006103,188.0
45,46,True,588,fhe,1818,1818,True,2685,2685,True,2.1079,0.003068,188.0
45,47,True,38244,fhe,13,13,True,13,13,True,2.0706,0.000554,188.0
45,48,False,9830,prompt,273,273,True,273,273,True,2.3698,0.000752,188.0
45,49,True,452,fhe,24532,24532,True,644,644,True,0.5174,0.00176,188.0
45,50,True,1142,fhe,1027,1027,True,22620,22620,True,1.592,0.005792,188.0
45,51,True,577,fhe,13,13,True,13,13,True,6.7015,0.003489,188.0
45,52,False,43407,prompt,617,617,True,617,617,True,0.5987,0.001175,188.0
45,53,True,403,fhe,253,253,True,253,253,True,2.3242,0.000629,188.0
45,54,True,15,fhe,187,187,True,187,187,True,1.643,0.003233,188.0
45,55,True,271,fhe,1774,1774,True,9129,9129,True,2.4074,0.001917,188.0
45,56,False,344,prompt,3395,3395,True,3395,3395,True,1.1379,0.005658,188.0
45,57,True,510,fhe,1263,1263,True,1263,1263,True,0.3494,0.001849,188.0
45,58,True,32618,fhe,367,367,True,367,367,True,0.2486,0.001748,188.0
45,59,True,7582,fhe,5119,5119,True,5119,5119,True,0.0539,0.00041,188.0
45,60,False,27945,prompt,327,327,True,327,327,True,0.1639,0.002504,188.0
45,61,True,7024,fhe,327,327,True,327,327,True,2.083,0.002507,188.0
45,62,True,1824,fhe,591,591,True,591,591,True,0.276,0.001474,188.0
45,63,True,313,fhe,5915,5915,True,5915,5915,True,3.9717,0.004639,188.0
46,0,False,1128,prompt,609,609,True,609,609,True,0.9018,0.005818,188.0
46,1,False,367,prompt,47605,47605,True,47605,47605,True,0.5241,0.021761,188.0
46,2,True,556,fhe,644,644,True,644,644,True,0.7813,0.000908,188.0
46,3,True,6634,fhe,672,672,True,672,672,True,2.853,0.004322,188.0
46,4,False,380,prompt,27892,27892,True,27892,27892,True,0.7886,0.001234,188.0
46,5,True,15,fhe,187,187,True,187,187,True,1.2513,0.001215,188.0
46,6,True,15,fhe,187,187,True,773,773,True,0.4084,0.001133,188.0
46,7,True,36,fhe,481,481,True,481,481,True,0.8589,0.007296,188.0
46,8,False,5439,prompt,407,407,True,407,407,True,1.6015,0.000636,188.0
46,9,True,13,fhe,285,285,True,1791,1791,True,0.3165,0.004001,188.0
46,10,True,380,fhe,5700,5700,True,2098,2098,True,0.64,0.001249,188.0
46,11,True,285,fhe,643,643,True,15174,15174,True,0.661,0.001286,188.0
46,12,False,1583,prompt,840,840,True,840,840,True,1.3496,0.001058,188.0
46,13,True,326,fhe,352,352,True,352,352,True,1.4292,0.000876,188.0
46,14,True,1925,fhe,25818,25818,True,25818,25818,True,1.7713,0.002079,188.0
46,15,True,253,fhe,1986,1986,True,1986,1986,True,2.4563,0.001917,188.0
46,16,False,4404,prompt,253,253,True,253,253,True,4.2876,0.00077,188.0
46,17,True,27,fhe,187,187,True,187,187,True,1.7813,0.00143,188.0
46,18,True,253,fhe,954,954,True,954,954,True,2.3785,0.000673,188.0
46,19,True,187,fhe,2042,2042,True,1992,1992,True,1.1026,0.000792,188.0
46,20,False,253,prompt,3216,3216,True,3216,3216,True,1.8119,0.002537,188.0
46,21,True,324,fhe,668,668,True,668,668,True,0.9863,0.003855,188.0
46,22,True,1036,fhe,1762,1762,True,1762,1762,True,0.0486,0.004134,188.0
46,23,True,2164,fhe,13,13,True,13,13,True,3.8721,0.004193,188.0
46,24,False,779,prompt,15,15,True,15,15,True,0.0698,0.000934,188.0
46,25,True,2722,fhe,326,326,True,326,326,True,2.6893,0.002153,188.0
46,26,True,941,fhe,432,432,True,432,432,True,1.406,0.002235,188.0
46,27,True,15,fhe,187,187,True,187,187,True,1.6828,0.001572,188.0
46,28,False,5147,prompt,13,13,True,13,13,True,1.0293,0.000714,188.0
46,29,True,3159,fhe,773,773,True,3779,3779,True,0.5413,0.002894,188.0
46,30,True,273,fhe,4250,4250,True,4250,4250,True,1.1458,0.002347,188.0
46,31,True,380,fhe,31567,31567,True,31567,31567,True,0.3773,0.000752,188.0
46,32,False,39933,prompt,273,273,True,273,273,True,10.5683,0.002531,188.0
46,33,True,15,prompt,380,380,True,380,380,True,0.6103,0.000773,188.0
46,34,True,5866,fhe,275,275,True,275,275,True,3.2113,0.002231,188.0
46,35,True,481,fhe,733,733,True,380,380,True,0.266,0.000796,188.0
46,36,False,3343,prompt,323,323,True,323,323,True,1.11,0.003169,188.0
46,37,True,253,fhe,13497,13497,True,13497,13497,True,0.7651,0.002222,188.0
46,38,True,347,fhe,247,247,True,271,271,True,2.0496,0.002266,188.0
46,39,True,380,fhe,12927,12927,True,40277,40277,True,1.815,0.003101,188.0
46,40,False,7892,prompt,2708,2708,True,2708,2708,True,1.3115,0.000985,188.0
46,41,True,369,fhe,8671,8671,True,8671,8671,True,0.3834,0.001272,188.0
46,42,True,3313,fhe,6875,6875,True,6875,6875,True,2.8227,0.000679,188.0
46,43,True,597,fhe,497,497,True,574,574,True,0.4682,0.001587,188.0
46,44,False,16173,prompt,403,403,True,403,403,True,1.0702,0.001264,188.0
46,45,True,29564,fhe,403,403,True,1361,1361,True,2.0104,0.001728,188.0
46,46,True,2685,fhe,275,275,True,387,387,True,1.1224,0.000857,188.0
46,47,True,13,fhe,285,285,True,7768,7768,True,1.1233,0.000883,188.0
46,48,False,273,prompt,253,253,True,253,253,True,0.4908,0.001182,188.0
46,49,True,644,fhe,11245,11245,True,11245,11245,True,2.7111,0.001757,188.0
46,50,True,22620,fhe,13,13,True,281,281,True,0.7623,0.000653,188.0
46,51,True,13,fhe,26,26,True,24,24,True,0.3157,0.011169,188.0
46,52,False,12282,prompt,285,327,False,327,327,True,0.0023,0.003071,188.0
46,53,True,253,fhe,43093,43093,True,43093,43093,True,0.4315,0.002083,188.0
46,54,True,187,fhe,510,510,True,510,510,True,0.8169,0.004175,188.0
46,55,True,9129,fhe,13120,13120,True,5454,5454,True,1.2361,0.001932,188.0
46,56,False,3395,prompt,247,247,True,247,247,True,1.0342,0.000521,188.0
46,57,True,1263,fhe,13,13,True,369,369,True,0.1709,0.001212,188.0
46,58,True,367,fhe,2653,2653,True,2653,2653,True,2.6309,0.001245,188.0
46,59,True,5119,fhe,611,611,True,611,611,True,0.0179,0.000304,188.0
46,60,False,327,prompt,253,253,True,253,253,True,1.076,0.001699,188.0
46,61,True,327,fhe,253,253,True,697,697,True,1.3835,0.003367,188.0
46,62,True,591,fhe,7017,7017,True,7017,7017,True,0.4871,0.003603,188.0
46,63,True,5915,fhe,19,19,True,19,19,True,6.7135,0.002839,188.0
47,0,False,22732,prompt,320,320,True,320,320,True,0.5951,0.00563,188.0
47,1,True,15,prompt,46,46,True,46,46,True,0.7043,0.001428,188.0
47,2,True,644,fhe,13195,13195,True,13195,13195,True,0.1019,0.009175,188.0
47,3,True,672,fhe,253,253,True,49900,49900,True,0.2762,0.00233,188.0
47,4,False,27892,prompt,6054,6054,True,6054,6054,True,0.1617,0.003285,188.0
47,5,True,187,fhe,510,510,True,510,510,True,0.3332,0.001403,188.0
47,6,True,773,fhe,3726,3726,True,3726,3726,True,0.7693,0.002286,188.0
47,7,True,481,fhe,1310,1310,True,1310,1310,True,0.1502,0.000504,188.0
47,8,False,407,prompt,4651,4651,True,4651,4651,True,0.6551,0.001878,188.0
47,9,True,1791,fhe,1531,1531,True,1531,1531,True,0.131,0.002619,188.0
47,10,True,2098,fhe,310,310,True,5841,5841,True,0.0765,0.002589,188.0
47,11,True,15174,fhe,15,15,True,15,15,True,1.9865,0.000655,188.0
47,12,False,7989,prompt,253,253,True,616,616,True,0.7219,0.001735,188.0
47,13,True,352,fhe,310,310,True,6569,6569,True,1.5796,0.002356,188.0
47,14,True,25818,fhe,13,314,False,314,314,True,0.0016,0.00434,188.0
47,15,True,1986,fhe,2077,2077,True,2077,2077,True,6.7247,0.001957,188.0
47,16,False,253,prompt,1182,1182,True,1755,1755,True,0.2219,0.002567,188.0
47,17,True,187,fhe,1552,1552,True,14,14,True,0.1612,0.002746,188.0
47,18,True,954,fhe,1774,1774,True,8530,8530,True,0.5533,0.004406,188.0
47,19,True,1992,fhe,1089,1089,True,1089,1089,True,1.5194,0.00296,188.0
47,20,False,3216,prompt,13,13,True,2708,2708,True,0.7112,0.000707,188.0
47,21,True,668,fhe,310,310,True,3249,3249,True,0.8506,0.001801,188.0
47,22,True,1762,fhe,481,481,True,481,481,True,0.5179,0.003135,188.0
47,23,True,13,fhe,2030,2030,True,2030,2030,True,0.7469,0.002258,188.0
47,24,False,15,prompt,754,754,True,187,187,True,0.9389,0.001971,188.0
47,25,True,326,fhe,253,253,True,253,253,True,1.9711,0.000939,188.0
47,26,True,432,fhe,8588,8588,True,247,247,True,0.6069,0.000747,188.0
47,27,True,187,fhe,14,14,True,510,510,True,4.7084,0.001189,188.0
47,28,False,37005,prompt,521,521,True,521,521,True,0.7432,0.000774,188.0
47,29,True,3779,fhe,316,316,True,316,316,True,0.141,0.0047,188.0
47,30,True,4250,fhe,15,15,True,15,15,True,1.9746,0.003129,188.0
47,31,True,31567,fhe,310,310,True,4428,4428,True,1.8733,0.001136,188.0
47,32,False,273,prompt,512,512,True,512,512,True,7.5657,0.004142,188.0
47,33,True,380,fhe,7742,7742,True,806,806,True,0.0832,0.004994,188.0
47,34,True,275,fhe,253,253,True,1283,1283,True,0.5392,0.000481,188.0
47,35,True,380,fhe,12927,12927,True,40277,40277,True,1.7983,0.004313,188.0
47,36,False,323,prompt,253,253,True,441,441,True,0.4907,0.001733,188.0
47,37,True,13497,fhe,13,13,True,285,285,True,1.2239,0.001865,188.0
47,38,True,271,fhe,8708,8708,True,5667,5667,True,0.8733,0.003392,188.0
47,39,True,40277,fhe,3835,3835,True,3835,3835,True,0.101,0.005116,188.0
47,40,False,2708,prompt,253,253,True,6150,6150,True,1.3167,0.001375,188.0
47,41,True,8671,fhe,407,407,True,407,407,True,0.0158,0.000582,188.0
47,42,True,6875,fhe,6807,6807,True,10286,10286,True,2.3917,0.000593,188.0
47,43,True,574,fhe,2798,2798,True,642,642,True,0.3405,0.002526,188.0
47,44,False,1756,prompt,1781,1781,True,1781,1781,True,0.5446,0.004122,188.0
47,45,True,1361,fhe,368,368,True,368,368,True,0.322,0.002657,188.0
47,46,True,387,fhe,247,247,True,667,667,True,0.2541,0.003884,188.0
47,47,True,7768,fhe,13,13,True,13,13,True,2.0976,0.003222,188.0
47,48,False,247,prompt,37422,37422,True,37422,37422,True,0.0542,0.001987,188.0
47,49,True,11245,fhe,342,342,True,342,342,True,4.0334,0.000783,188.0
47,50,True,281,fhe,1016,1016,True,581,581,True,1.0253,0.002316,188.0
47,51,True,24,fhe,2385,2385,True,1839,1839,True,0.0265,0.005436,188.0
47,52,False,715,prompt,247,247,True,617,617,True,0.2964,0.002701,188.0
47,53,True,43093,fhe,13,13,True,13,13,True,1.021,0.000941,188.0
47,54,True,510,fhe,15178,15178,True,5343,5343,True,0.4688,0.00244,188.0
47,55,True,5454,fhe,7622,7622,True,7622,7622,True,4.5765,0.001778,188.0
47,56,False,247,prompt,6657,6657,True,6657,6657,True,0.4023,0.001474,188.0
47,57,True,369,fhe,5196,5196,True,5196,5196,True,0.4791,0.000922,188.0
47,58,True,2653,fhe,24830,24830,True,24830,24830,True,10.1636,0.006098,188.0
47,59,True,611,fhe,15,15,True,405,405,True,0.9082,0.001214,188.0
47,60,False,7107,prompt,3216,3216,True,3216,3216,True,0.6065,0.003372,188.0
47,61,True,697,fhe,4719,4719,True,4719,4719,True,0.899,0.005488,188.0
47,62,True,7017,fhe,15,15,True,13,13,True,0.5582,0.000828,188.0
47,63,True,19,fhe,10,10,True,10,10,True,1.1529,0.00293,188.0
48,0,False,1089,prompt,3746,3746,True,3746,3746,True,0.7799,0.001226,188.0
48,1,True,46,fhe,15,15,True,15,15,True,6.3415,0.003394,188.0
48,2,True,13195,fhe,323,323,True,323,323,True,1.6191,0.001974,188.0
48,3,True,49900,fhe,16924,16924,True,16924,16924,True,0.4684,0.002517,188.0
48,4,False,403,prompt,1355,1355,True,1160,1160,True,0.3331,0.001714,188.0
48,5,True,510,fhe,8357,8357,True,806,806,True,0.2221,0.004726,188.0
48,6,True,3726,fhe,457,457,True,457,457,True,0.2102,0.003916,188.0
48,7,True,1310,fhe,368,368,True,368,368,True,0.7549,0.004345,188.0
48,8,False,2243,prompt,84,84,True,84,84,True,0.934,0.002232,188.0
48,9,True,1531,fhe,11441,11441,True,11441,11441,True,1.3634,0.001301,188.0
48,10,True,5841,fhe,323,323,True,327,327,True,2.2013,0.000713,188.0
48,11,True,15,fhe,187,187,True,187,187,True,2.6998,0.000814,188.0
48,12,False,352,prompt,281,281,True,562,562,True,0.2906,0.00179,188.0
48,13,True,6569,fhe,387,387,True,387,387,True,0.0564,0.001173,188.0
48,14,True,314,fhe,25818,25818,True,25818,25818,True,2.0889,0.004288,188.0
48,15,True,2077,fhe,13,13,True,390,390,True,0.9174,0.000778,188.0
48,16,False,27025,prompt,15,15,True,434,434,True,0.8081,0.000684,188.0
48,17,True,14,fhe,444,444,True,444,444,True,0.4909,0.001196,188.0
48,18,True,8530,fhe,7177,7177,True,7177,7177,True,2.0192,0.00369,188.0
48,19,True,1089,fhe,253,253,True,253,253,True,3.0678,0.001499,188.0
48,20,False,13,prompt,594,594,True,594,594,True,0.182,0.001861,188.0
48,21,True,3249,fhe,432,432,True,432,432,True,5.1125,0.003579,188.0
48,22,True,481,fhe,754,754,True,754,754,True,0.8236,0.001942,188.0
48,23,True,2030,fhe,13,13,True,13,13,True,3.9572,0.00248,188.0
48,24,False,3032,prompt,3392,3392,True,3101,3101,True,1.4512,0.001063,188.0
48,25,True,253,fhe,7952,7952,True,806,806,True,0.566,0.004758,188.0
48,26,True,247,fhe,5235,5235,True,5235,5235,True,0.5763,0.001768,188.0
48,27,True,510,fhe,6505,6505,True,12405,12405,True,0.2023,0.00101,188.0
48,28,False,253,prompt,3369,3369,True,3369,3369,True,0.4716,0.011234,188.0
48,29,True,316,fhe,13,13,True,313,313,True,1.9077,0.001469,188.0
48,30,True,15,fhe,380,380,True,43669,43669,True,1.1354,0.000978,188.0
48,31,True,4428,fhe,670,670,True,625,625,True,0.0576,0.001379,188.0
48,32,False,512,prompt,4753,4753,True,4753,4753,True,5.0784,0.001421,188.0
48,33,True,806,fhe,6114,6114,True,6114,6114,True,0.9553,0.001875,188.0
48,34,True,1283,fhe,1867,1867,True,1867,1867,True,0.3628,0.001234,188.0
48,35,True,40277,fhe,3835,3835,True,3835,3835,True,0.1307,0.003653,188.0
48,36,False,2712,prompt,326,326,True,281,281,True,0.5972,0.003006,188.0
48,37,True,285,fhe,3407,3407,True,3407,3407,True,0.4113,0.001235,188.0
48,38,True,5667,fhe,629,629,True,629,629,True,0.9482,0.001369,188.0
48,39,True,3835,fhe,670,670,True,625,625,True,0.5005,0.001202,188.0
48,40,False,253,prompt,2553,2553,True,2553,2553,True,1.9042,0.004034,188.0
48,41,True,407,fhe,253,253,True,253,253,True,2.0136,0.000517,188.0
48,42,True,10286,fhe,27761,27761,True,27761,27761,True,3.8773,0.000802,188.0
48,43,True,642,fhe,5917,5917,True,5917,5917,True,0.1802,0.003887,188.0
48,44,False,5536,prompt,13,13,True,2217,2217,True,1.2619,0.000685,188.0
48,45,True,368,fhe,2118,2118,True,2118,2118,True,1.6511,0.002806,188.0
48,46,True,667,fhe,1677,1677,True,1677,1677,True,0.1489,0.001698,188.0
48,47,True,13,fhe,285,285,True,14164,14164,True,1.4336,0.002502,188.0
48,48,False,32712,prompt,1537,1537,True,1537,1537,True,1.5062,0.000886,188.0
48,49,True,342,fhe,24532,24532,True,24532,24532,True,4.2817,0.003941,188.0
48,50,True,581,fhe,1529,1529,True,1529,1529,True,6.6453,0.001157,188.0
48,51,True,1839,fhe,278,278,True,278,278,True,0.8033,0.001354,188.0
48,52,False,4895,prompt,14874,14874,True,14874,14874,True,0.3494,0.002619,188.0
48,53,True,13,fhe,253,253,True,253,253,True,2.1476,0.000578,188.0
48,54,True,5343,fhe,41714,41714,True,41714,41714,True,0.7642,0.000784,188.0
48,55,True,7622,fhe,13,13,True,1580,1580,True,0.065,0.002728,188.0
48,56,False,6657,prompt,273,273,True,273,273,True,0.3351,0.001305,188.0
48,57,True,5196,fhe,407,407,True,327,327,True,1.2627,0.001032,188.0
48,58,True,24830,fhe,13,13,True,372,372,True,0.5947,0.000502,188.0
48,59,True,405,fhe,2146,2146,True,2146,2146,True,7.1171,0.006424,188.0
48,60,False,4910,prompt,13,13,True,390,390,True,0.2387,0.001094,188.0
48,61,True,4719,fhe,275,275,True,13,13,True,0.3031,0.002337,188.0
48,62,True,13,fhe,390,390,True,390,390,True,0.214,0.002244,188.0
48,63,True,10,fhe,285,285,True,1146,1146,True,0.4171,0.004036,188.0
49,0,False,17120,prompt,342,342,True,342,342,True,0.2532,0.00236,188.0
49,1,True,15,fhe,52,52,True,52,52,True,0.141,0.000926,188.0
49,2,True,323,fhe,25866,25866,True,9790,9790,True,0.0125,0.000891,188.0
49,3,True,16924,fhe,7419,7419,True,7419,7419,True,2.2461,0.003129,188.0
49,4,False,18195,prompt,275,275,True,407,407,True,0.6134,0.000943,188.0
49,5,True,806,fhe,3213,3213,True,3213,3213,True,1.549,0.000969,188.0
49,6,True,457,fhe,69,69,True,69,69,True,6.5369,0.006334,188.0
49,7,True,368,fhe,403,403,True,403,403,True,0.1884,0.001166,188.0
49,8,False,285,prompt,12247,12247,True,12247,12247,True,1.0483,0.002389,188.0
49,9,True,11441,fhe,13,13,True,13,13,True,1.8005,0.000632,188.0
49,10,True,327,fhe,13001,13001,True,13001,13001,True,0.1429,0.000739,188.0
49,11,True,187,fhe,510,510,True,34,34,True,1.2025,0.001195,188.0
49,12,False,342,prompt,616,616,True,616,616,True,2.5173,0.006168,188.0
49,13,True,387,fhe,253,253,True,2360,2360,True,1.0417,0.00154,188.0
49,14,True,25818,fhe,15,15,True,15,15,True,0.0684,0.001634,188.0
49,15,True,390,fhe,452,452,True,452,452,True,0.0927,0.000592,188.0
49,16,False,15,prompt,380,380,True,187,187,True,0.797,0.001811,188.0
49,17,True,444,fhe,3305,3305,True,3305,3305,True,0.6399,0.009013,188.0
49,18,True,7177,fhe,275,275,True,275,275,True,1.2997,0.001246,188.0
49,19,True,253,fhe,2020,2020,True,2557,2557,True,2.0623,0.003162,188.0
49,20,False,594,prompt,253,253,True,627,627,True,1.3271,0.001305,188.0
49,21,True,432,fhe,253,253,True,253,253,True,1.8531,0.001363,188.0
49,22,True,754,fhe,908,908,True,908,908,True,0.2436,0.007651,188.0
49,23,True,13,fhe,3436,3436,True,3436,3436,True,2.6329,0.00183,188.0
49,24,False,806,prompt,4327,4327,True,4327,4327,True,0.1505,0.001148,188.0
49,25,True,806,fhe,3417,3417,True,2758,2758,True,0.0907,0.002789,188.0
49,26,True,5235,fhe,273,273,True,273,273,True,8.9144,0.002846,188.0
49,27,True,12405,fhe,403,403,True,3176,3176,True,2.0891,0.003598,188.0
49,28,False,17727,prompt,342,342,True,342,342,True,0.0537,0.003291,188.0
49,29,True,313,fhe,7779,7779,True,7779,7779,True,0.3142,0.003415,188.0
49,30,True,43669,fhe,310,310,True,476,476,True,0.8333,0.003043,188.0
49,31,True,625,fhe,685,685,True,685,685,True,3.375,0.005068,188.0
49,32,False,4753,prompt,908,908,True,908,908,True,4.7105,0.00162,188.0
49,33,True,6114,fhe,285,285,True,497,497,True,0.0361,0.008415,188.0
49,34,True,1867,fhe,13,13,True,672,672,True,0.8961,0.001283,188.0
49,35,True,3835,fhe,670,670,True,625,625,True,0.5299,0.000947,188.0
49,36,False,326,prompt,1537,1537,True,1537,1537,True,0.5551,0.000619,188.0
49,37,True,3407,fhe,281,281,True,281,281,True,1.665,0.001434,188.0
49,38,True,629,fhe,273,273,True,273,273,True,6.0288,0.000853,188.0
49,39,True,625,fhe,685,685,True,685,685,True,6.7545,0.002003,188.0
49,40,False,2553,prompt,15,15,True,15,15,True,0.2169,0.000995,188.0
49,41,True,253,fhe,3313,3313,True,1986,1986,True,0.306,0.000984,188.0
49,42,True,27761,fhe,313,313,True,313,313,True,1.0271,0.00186,188.0
49,43,True,5917,fhe,273,273,True,273,273,True,1.0912,0.000609,188.0
49,44,False,13,prompt,597,597,True,597,597,True,0.528,0.003621,188.0
49,45,True,2118,fhe,15,15,True,285,285,True,0.3872,0.00257,188.0
49,46,True,1677,fhe,2774,2774,True,2774,2774,True,0.2237,0.004331,188.0
49,47,True,14164,fhe,13,13,True,13,13,True,2.3134,0.00184,188.0
49,48,False,651,prompt,320,320,True,417,417,True,1.6527,0.003854,188.0
49,49,True,24532,fhe,403,403,True,403,403,True,0.6398,0.003073,188.0
49,50,True,1529,fhe,13,13,True,13,13,True,0.2124,0.000936,188.0
49,51,True,278,fhe,313,313,True,313,313,True,3.209,0.000959,188.0
49,52,False,5098,prompt,15,15,True,15,15,True,0.1071,0.000657,188.0
49,53,True,253,fhe,43093,43093,True,443,443,True,0.5449,0.00204,188.0
49,54,True,41714,fhe,617,617,True,617,617,True,1.2443,0.001519,188.0
49,55,True,1580,fhe,253,253,True,387,387,True,0.3155,0.001216,188.0
49,56,False,273,prompt,253,253,True,253,253,True,4.4514,0.001224,188.0
49,57,True,327,fhe,3754,3754,True,3754,3754,True,0.7777,0.001766,188.0
49,58,True,372,fhe,826,826,True,826,826,True,1.0754,0.002174,188.0
49,59,True,2146,fhe,273,273,True,273,273,True,0.5503,0.001694,188.0
49,60,False,285,prompt,253,253,True,40584,40584,True,0.53,0.001068,188.0
49,61,True,13,fhe,253,253,True,534,534,True,0.5569,0.001599,188.0
49,62,True,390,fhe,670,670,True,670,670,True,1.2429,0.000604,188.0
49,63,True,1146,fhe,11516,11516,True,11516,11516,True,0.5641,0.005445,188.0
50,0,False,1977,prompt,432,432,True,432,432,True,2.5627,0.001654,188.0
50,1,True,52,fhe,15,15,True,15,15,True,5.8297,0.006862,188.0
50,2,True,9790,fhe,273,273,True,273,273,True,3.6402,0.000515,188.0
50,3,True,7419,fhe,13,13,True,432,432,True,0.7401,0.003204,188.0
50,4,False,3304,prompt,253,253,True,253,253,True,1.8984,0.00363,188.0
50,5,True,3213,fhe,275,275,True,275,275,True,0.219,0.000438,188.0
50,6,True,69,fhe,2312,2312,True,1333,1333,True,0.4847,0.002344,188.0
50,7,True,403,fhe,4983,4983,True,4983,4983,True,0.2566,0.0022,188.0
50,8,False,12247,prompt,13,13,True,3815,3815,True,0.7768,0.001358,188.0
50,9,True,13,fhe,285,285,True,14855,14855,True,0.6655,0.002465,188.0
50,10,True,13001,fhe,281,281,True,281,281,True,2.0336,0.001182,188.0
50,11,True,34,fhe,1263,1263,True,1263,1263,True,0.7239,0.001614,188.0
50,12,False,616,prompt,15926,15926,True,15926,15926,True,1.6093,0.003584,188.0
50,13,True,2360,fhe,15,15,True,13,13,True,0.1521,0.001005,188.0
50,14,True,15,fhe,187,187,True,187,187,True,1.4658,0.001861,188.0
50,15,True,452,fhe,644,644,True,6940,6940,True,1.7414,0.001967,188.0
50,16,False,6000,prompt,1789,1789,True,1789,1789,True,1.0882,0.002809,188.0
50,17,True,3305,fhe,187,187,True,299,299,True,1.329,0.001373,188.0
50,18,True,275,fhe,2448,2448,True,2448,2448,True,1.0532,0.000929,188.0
50,19,True,2557,fhe,273,273,True,273,273,True,3.4135,0.001392,188.0
50,20,False,253,prompt,7139,7139,True,6505,6505,True,0.0104,0.00168,188.0
50,21,True,253,fhe,12760,12760,True,12760,12760,True,0.4446,0.002367,188.0
50,22,True,908,fhe,247,247,True,352,352,True,0.2172,0.001682,188.0
50,23,True,3436,fhe,13,13,True,13,13,True,3.7993,0.003781,188.0
50,24,False,8208,prompt,369,369,True,369,369,True,2.4057,0.000801,188.0
50,25,True,2758,fhe,273,273,True,273,273,True,5.8432,0.001109,188.0
50,26,True,273,fhe,4973,4973,True,4973,4973,True,2.2416,0.001085,188.0
50,27,True,3176,fhe,275,275,True,275,275,True,1.2864,0.002029,188.0
50,28,False,342,prompt,521,521,True,521,521,True,1.7332,0.001474,188.0
50,29,True,7779,fhe,481,481,True,481,481,True,0.3976,0.003932,188.0
50,30,True,476,fhe,320,320,True,320,320,True,0.8134,0.001657,188.0
50,31,True,685,fhe,2716,2716,True,2716,2716,True,2.0153,0.000558,188.0
50,32,False,908,prompt,275,275,True,275,275,True,8.8394,0.001476,188.0
50,33,True,497,fhe,5686,5686,True,5686,5686,True,1.585,0.001261,188.0
50,34,True,672,fhe,247,247,True,247,247,True,0.5637,0.00251,188.0
50,35,True,625,fhe,685,685,True,685,685,True,6.7563,0.001986,188.0
50,36,False,11521,prompt,15,15,True,432,432,True,0.0958,0.001017,188.0
50,37,True,281,fhe,6848,6848,True,6848,6848,True,1.6564,0.001653,188.0
50,38,True,273,fhe,634,634,True,634,634,True,1.4679,0.001088,188.0
50,39,True,685,fhe,2716,2716,True,5571,5571,True,0.8627,0.002145,188.0
50,40,False,15,prompt,187,187,True,187,187,True,0.1293,0.001884,188.0
50,41,True,1986,fhe,14726,14726,True,14726,14726,True,1.8996,0.002056,188.0
50,42,True,313,fhe,4883,4883,True,47,47,True,2.8743,0.007257,188.0
50,43,True,273,fhe,2798,2798,True,2798,2798,True,1.7343,0.001693,188.0
50,44,False,9313,prompt,11521,11521,True,11521,11521,True,0.506,0.004489,188.0
50,45,True,285,fhe,1329,1329,True,1329,1329,True,0.2752,0.000969,188.0
50,46,True,2774,fhe,15,15,True,15,15,True,1.0215,0.000761,188.0
50,47,True,13,fhe,285,285,True,25524,25524,True,1.6681,0.000941,188.0
50,48,False,320,prompt,247,247,True,271,271,True,0.89,0.003292,188.0
50,49,True,403,fhe,625,625,True,387,387,True,0.2271,0.001324,188.0
50,50,True,13,fhe,533,533,True,533,533,True,0.574,0.001484,188.0
50,51,True,313,fhe,1036,1036,True,1036,1036,True,0.078,0.00763,188.0
50,52,False,15,prompt,187,187,True,187,187,True,0.0574,0.002107,188.0
50,53,True,443,fhe,6525,6525,True,6525,6525,True,4.5027,0.002797,188.0
50,54,True,617,fhe,11624,11624,True,11624,11624,True,2.6275,0.003003,188.0
50,55,True,387,fhe,1878,1878,True,1878,1878,True,7.7895,0.001118,188.0
50,56,False,253,prompt,39208,39208,True,39208,39208,True,0.3131,0.002211,188.0
50,57,True,3754,fhe,13,13,True,342,342,True,0.3468,0.000848,188.0
50,58,True,826,fhe,367,367,True,367,367,True,3.4722,0.001395,188.0
50,59,True,273,fhe,253,253,True,253,253,True,2.5646,0.000374,188.0
50,60,False,20126,prompt,28169,28169,True,24740,24740,True,0.5615,0.002161,188.0
50,61,True,534,fhe,310,310,True,476,476,True,1.7486,0.002934,188.0
50,62,True,670,fhe,337,337,True,581,581,True,0.1611,0.001489,188.0
50,63,True,11516,fhe,715,715,True,715,715,True,1.0947,0.000853,188.0
51,0,False,432,prompt,247,247,True,247,247,True,0.5329,0.001262,188.0
51,1,True,15,fhe,15316,15316,True,15316,15316,True,0.0239,0.001506,188.0
51,2,True,273,fhe,1107,1107,True,1107,1107,True,5.5738,0.003975,188.0
51,3,True,432,fhe,1016,1016,True,1016,1016,True,0.2796,0.003666,188.0
51,4,False,253,prompt,17652,17652,True,10238,10238,True,0.2822,0.003111,188.0
51,5,True,275,fhe,253,253,True,5675,5675,True,0.7524,0.00617,188.0
51,6,True,1333,fhe,13,13,True,13,13,True,2.127,0.000599,188.0
51,7,True,4983,fhe,634,634,True,634,634,True,0.2046,0.004398,188.0
51,8,False,3815,prompt,15,15,True,15,15,True,0.1582,0.000546,188.0
51,9,True,14855,fhe,13,13,True,13,13,True,1.376,0.004193,188.0
51,10,True,281,fhe,1379,1379,True,1379,1379,True,0.6523,0.00757,188.0
51,11,True,1263,fhe,3863,3863,True,3863,3863,True,1.2147,0.003489,188.0
51,12,False,15926,prompt,13,13,True,13,13,True,0.9128,0.001435,188.0
51,13,True,13,fhe,672,672,True,672,672,True,0.9117,0.001152,188.0
51,14,True,187,fhe,56,56,True,1231,1231,True,0.232,0.000858,188.0
51,15,True,6940,fhe,275,275,True,627,627,True,1.0103,0.00081,188.0
51,16,False,8335,prompt,273,273,True,556,556,True,0.9165,0.000896,188.0
51,17,True,299,fhe,12323,12323,True,12323,12323,True,1.0474,0.010963,188.0
51,18,True,2448,fhe,2892,2892,True,2892,2892,True,4.0344,0.005408,188.0
51,19,True,273,fhe,247,247,True,271,271,True,0.6576,0.001374,188.0
51,20,False,9741,prompt,5254,5254,True,5254,5254,True,1.0187,0.00087,188.0
51,21,True,12760,fhe,3159,3159,True,256,256,True,2.1136,0.001736,188.0
51,22,True,352,fhe,281,281,True,281,281,True,2.3445,0.000511,188.0
51,23,True,13,fhe,3435,3435,True,3435,3435,True,1.5191,0.00126,188.0
51,24,False,574,prompt,644,644,True,644,644,True,5.5243,0.003296,188.0
51,25,True,273,fhe,253,253,True,436,436,True,1.4229,0.001523,188.0
51,26,True,4973,fhe,13,13,True,13,13,True,0.1156,0.000385,188.0
51,27,True,275,fhe,9959,9959,True,9959,9959,True,0.1483,0.00114,188.0
51,28,False,247,prompt,7356,7356,True,7356,7356,True,2.8514,0.002052,188.0
51,29,True,481,fhe,380,380,True,380,380,True,0.2894,0.002272,188.0
51,30,True,320,fhe,4080,4080,True,4080,4080,True,2.58,0.005127,188.0
51,31,True,2716,fhe,273,273,True,273,273,True,0.6996,0.00049,188.0
51,32,False,275,prompt,247,247,True,247,247,True,10.4289,0.001693,188.0
51,33,True,5686,fhe,275,275,True,275,275,True,0.6785,0.00363,188.0
51,34,True,247,fhe,5112,5112,True,5112,5112,True,0.0452,0.006133,188.0
51,35,True,685,fhe,2716,2716,True,5571,5571,True,0.897,0.001121,188.0
51,36,False,15,prompt,187,187,True,187,187,True,0.5219,0.000898,188.0
51,37,True,6848,fhe,15,15,True,352,352,True,0.1626,0.000631,188.0
51,38,True,634,fhe,10329,10329,True,48110,48110,True,2.3381,0.00474,188.0
51,39,True,5571,fhe,2558,2558,True,2558,2558,True,0.4883,0.00515,188.0
51,40,False,21307,prompt,1495,1495,True,1495,1495,True,0.8303,0.001455,188.0
51,41,True,14726,fhe,4214,4214,True,4214,4214,True,1.5056,0.001543,188.0
51,42,True,47,fhe,1410,1410,True,1410,1410,True,0.0848,0.004738,188.0
51,43,True,2798,fhe,2728,2728,True,4433,4433,True,2.1893,0.00351,188.0
51,44,False,11521,prompt,15,15,True,327,327,True,0.0573,0.001,188.0
51,45,True,1329,fhe,634,634,True,634,634,True,2.0055,0.002216,188.0
51,46,True,15,fhe,187,187,True,187,187,True,2.0183,0.000782,188.0
51,47,True,25524,fhe,13,13,True,13,13,True,2.6095,0.002224,188.0
51,48,False,8558,prompt,27389,27389,True,27389,27389,True,2.1883,0.001462,188.0
51,49,True,387,fhe,2495,2495,True,2495,2495,True,0.1466,0.001286,188.0
51,50,True,533,fhe,597,597,True,597,597,True,0.3312,0.001258,188.0
51,51,True,1036,fhe,13,13,True,13,13,True,6.7264,0.003072,188.0
51,52,False,13529,prompt,369,369,True,369,369,True,1.4632,0.001108,188.0
51,53,True,6525,fhe,13,13,True,13,13,True,2.2867,0.000521,188.0
51,54,True,11624,fhe,275,275,True,327,327,True,0.9878,0.001543,188.0
51,55,True,1878,fhe,253,253,True,253,253,True,2.1342,0.000551,188.0
51,56,False,39208,prompt,382,382,True,382,382,True,2.411,0.003185,188.0
51,57,True,342,fhe,247,247,True,1029,1029,True,1.2294,0.002269,188.0
51,58,True,367,fhe,2653,2653,True,2653,2653,True,13.5964,0.004234,188.0
51,59,True,253,fhe,2499,2499,True,2499,2499,True,1.9473,0.000594,188.0
51,60,False,24740,prompt,84,84,True,84,84,True,7.6485,0.002493,188.0
51,61,True,476,fhe,320,320,True,320,320,True,1.7887,0.010111,188.0
51,62,True,581,fhe,14,14,True,5926,5926,True,1.4599,0.001519,188.0
51,63,True,715,fhe,6315,6315,True,247,247,True,0.6269,0.001144,188.0
52,0,False,247,prompt,41143,41143,True,41143,41143,True,1.0324,0.003336,188.0
52,1,True,15316,fhe,2829,2829,True,2829,2829,True,5.9044,0.004378,188.0
52,2,True,1107,fhe,15,15,True,15,15,True,1.1017,0.001275,188.0
52,3,True,1016,fhe,643,643,True,643,643,True,7.2443,0.003477,188.0
52,4,False,17652,prompt,13,13,True,347,347,True,0.47,0.002955,188.0
52,5,True,5675,fhe,247,247,True,247,247,True,2.4178,0.001198,188.0
52,6,True,13,fhe,2802,2802,True,2802,2802,True,5.0859,0.000838,188.0
52,7,True,634,fhe,10329,10329,True,10329,10329,True,0.221,0.006035,188.0
52,8,False,513,prompt,15,15,True,15,15,True,0.1194,0.002371,188.0
52,9,True,13,fhe,39856,39856,True,39856,39856,True,0.4996,0.007575,188.0
52,10,True,1379,fhe,5018,5018,True,5018,5018,True,0.5373,0.005709,188.0
52,11,True,3863,fhe,275,275,True,275,275,True,2.6774,0.001569,188.0
52,12,False,1919,prompt,352,352,True,597,597,True,0.6457,0.008002,188.0
52,13,True,672,fhe,253,253,True,9208,9208,True,1.8006,0.002552,188.0
52,14,True,1231,fhe,3292,3292,True,3292,3292,True,1.1828,0.006778,188.0
52,15,True,627,fhe,323,323,True,323,323,True,1.2901,0.001458,188.0
52,16,False,273,prompt,2929,2929,True,2929,2929,True,0.5767,0.003723,188.0
52,17,True,12323,fhe,187,187,True,187,187,True,2.6997,0.004638,188.0
52,18,True,2892,fhe,15,15,True,13,13,True,0.0814,0.001336,188.0
52,19,True,271,fhe,6907,6907,True,6907,6907,True,4.0665,0.004803,188.0
52,20,False,5254,prompt,310,310,True,310,310,True,3.086,0.002746,188.0
52,21,True,256,fhe,324,324,True,472,472,True,0.8932,0.001325,188.0
52,22,True,281,fhe,3653,3653,True,3653,3653,True,0.1656,0.001994,188.0
52,23,True,3435,fhe,13,13,True,13,13,True,4.0178,0.000703,188.0
52,24,False,644,prompt,281,281,True,281,281,True,3.2622,0.00065,188.0
52,25,True,436,fhe,1387,1387,True,1387,1387,True,0.7102,0.001376,188.0
52,26,True,13,fhe,1690,1690,True,1690,1690,True,0.8032,0.000591,188.0
52,27,True,9959,fhe,273,273,True,273,273,True,0.1225,0.003006,188.0
52,28,False,24627,prompt,15,15,True,13,13,True,0.5445,0.000874,188.0
52,29,True,380,fhe,3159,3159,True,3159,3159,True,2.4189,0.000771,188.0
52,30,True,4080,fhe,407,407,True,407,407,True,0.2776,0.001626,188.0
52,31,True,273,fhe,253,253,True,512,512,True,2.2598,0.000592,188.0
52,32,False,247,prompt,2199,2199,True,2199,2199,True,4.8837,0.001364,188.0
52,33,True,275,fhe,253,253,True,841,841,True,0.3653,0.000836,188.0
52,34,True,5112,fhe,3554,3554,True,3554,3554,True,2.6972,0.001863,188.0
52,35,True,5571,fhe,2558,2558,True,2558,2558,True,0.502,0.000902,188.0
52,36,False,2896,prompt,253,253,True,1388,1388,True,0.2587,0.000617,188.0
52,37,True,352,fhe,15,15,True,342,342,True,1.795,0.000714,188.0
52,38,True,48110,fhe,10934,10934,True,10934,10934,True,1.4318,0.002555,188.0
52,39,True,2558,fhe,273,273,True,273,273,True,6.0889,0.000522,188.0
52,40,False,19665,prompt,476,476,True,778,778,True,0.1346,0.001051,188.0
52,41,True,4214,fhe,14184,14184,True,14184,14184,True,6.4613,0.001166,188.0
52,42,True,1410,fhe,481,481,True,481,481,True,0.8163,0.003057,188.0
52,43,True,4433,fhe,13,13,True,13,13,True,0.3809,0.002293,188.0
52,44,False,327,prompt,253,253,True,731,731,True,1.6015,0.003794,188.0
52,45,True,634,fhe,2133,2133,True,2644,2644,True,2.515,0.005282,188.0
52,46,True,187,fhe,510,510,True,1276,1276,True,1.1249,0.002053,188.0
52,47,True,13,fhe,285,285,True,285,285,True,1.6815,0.005003,188.0
52,48,False,5304,prompt,13,13,True,28,28,True,0.7215,0.00159,188.0
52,49,True,2495,fhe,323,323,True,323,323,True,0.1753,0.000649,188.0
52,50,True,597,fhe,403,403,True,9184,9184,True,1.1869,0.001691,188.0
52,51,True,13,fhe,26,26,True,26673,26673,True,0.453,0.002719,188.0
52,52,False,275,prompt,253,253,True,253,253,True,2.4027,0.002941,188.0
52,53,True,13,fhe,253,253,True,253,253,True,0.1719,0.002381,188.0
52,54,True,327,fhe,253,253,True,253,253,True,1.0827,0.002662,188.0
52,55,True,253,fhe,673,673,True,673,673,True,0.2085,0.001038,188.0
52,56,False,382,prompt,4866,4866,True,4866,4866,True,5.7055,0.002105,188.0
52,57,True,1029,fhe,2308,2308,True,2308,2308,True,1.9315,0.00424,188.0
52,58,True,2653,fhe,24830,24830,True,24830,24830,True,9.7631,0.005549,188.0
52,59,True,2499,fhe,273,273,True,273,273,True,5.8889,0.002071,188.0
52,60,False,84,prompt,15,15,True,835,835,True,0.5111,0.001704,188.0
52,61,True,320,fhe,4080,4080,True,4080,4080,True,1.446,0.002054,188.0
52,62,True,5926,fhe,591,591,True,1046,1046,True,1.6753,0.001238,188.0
52,63,True,247,fhe,12570,12570,True,12570,12570,True,0.3862,0.002708,188.0
53,0,False,4322,prompt,281,281,True,625,625,True,0.6509,0.002699,188.0
53,1,True,2829,fhe,403,403,True,403,403,True,1.8743,0.00126,188.0
53,2,True,15,fhe,380,380,True,733,733,True,0.7016,0.000858,188.0
53,3,True,643,fhe,13,13,True,390,390,True,0.0754,0.000922,188.0
53,4,False,285,prompt,253,253,True,2847,2847,True,0.5355,0.001302,188.0
53,5,True,247,fhe,8357,8357,True,5202,5202,True,1.3666,0.008092,188.0
53,6,True,2802,fhe,42,42,True,1276,1276,True,0.5953,0.00254,188.0
53,7,True,10329,fhe,275,275,True,432,432,True,0.9501,0.001836,188.0
53,8,False,13,prompt,533,533,True,533,533,True,0.3916,0.000605,188.0
53,9,True,39856,fhe,1255,1255,True,1255,1255,True,7.1397,0.001392,188.0
53,10,True,5018,fhe,281,281,True,281,281,True,3.8104,0.003069,188.0
53,11,True,275,fhe,253,253,True,253,253,True,3.4379,0.000479,188.0
53,12,False,954,prompt,273,273,True,403,403,True,2.3372,0.003991,188.0
53,13,True,9208,fhe,403,403,True,403,403,True,2.3574,0.000813,188.0
53,14,True,3292,fhe,25818,25818,True,25818,25818,True,1.0576,0.000759,188.0
53,15,True,323,fhe,387,387,True,387,387,True,2.2083,0.001625,188.0
53,16,False,2144,prompt,310,310,True,556,556,True,0.4478,0.002639,188.0
53,17,True,187,fhe,14,14,True,14,14,True,4.9821,0.003144,188.0
53,18,True,13,fhe,285,285,True,285,285,True,2.2674,0.00099,188.0
53,19,True,6907,fhe,13,13,True,13,13,True,3.8333,0.000907,188.0
53,20,False,310,prompt,6107,6107,True,6107,6107,True,0.2523,0.004923,188.0
53,21,True,472,fhe,261,261,True,261,261,True,0.4984,0.001785,188.0
53,22,True,3653,fhe,253,253,True,45271,45271,True,0.8812,0.003709,188.0
53,23,True,13,fhe,3349,3349,True,3349,3349,True,2.1405,0.001435,188.0
53,24,False,281,prompt,2489,2489,True,2489,2489,True,0.9503,0.002363,188.0
53,25,True,1387,fhe,5420,5420,True,5420,5420,True,0.5776,0.007159,188.0
53,26,True,1690,fhe,8588,8588,True,7313,7313,True,0.5758,0.001412,188.0
53,27,True,273,fhe,1264,1264,True,1264,1264,True,0.3969,0.001059,188.0
53,28,False,15,prompt,380,380,True,380,380,True,0.1576,0.000664,188.0
53,29,True,3159,fhe,7043,7043,True,310,310,True,0.4056,0.008855,188.0
53,30,True,407,fhe,10499,10499,True,10499,10499,True,0.0623,0.005384,188.0
53,31,True,512,fhe,253,253,True,45199,45199,True,1.0671,0.004289,188.0
53,32,False,2199,prompt,310,310,True,310,310,True,6.0298,0.004431,188.0
53,33,True,841,fhe,16173,16173,True,16173,16173,True,0.6335,0.006577,188.0
53,34,True,3554,fhe,382,382,True,382,382,True,6.5775,0.003714,188.0
53,35,True,2558,fhe,273,273,True,273,273,True,6.0761,0.001168,188.0
53,36,False,253,prompt,673,673,True,673,673,True,1.4992,0.000878,188.0
53,37,True,342,fhe,617,617,True,1824,1824,True,0.1035,0.002074,188.0
53,38,True,10934,fhe,15,15,True,15,15,True,0.9639,0.000666,188.0
53,39,True,273,fhe,253,253,True,7565,7565,True,1.6764,0.001438,188.0
53,40,False,2223,prompt,1756,1756,True,1756,1756,True,1.3541,0.003854,188.0
53,41,True,14184,fhe,275,275,True,275,275,True,2.0695,0.001388,188.0
53,42,True,481,fhe,380,380,True,380,380,True,0.5008,0.00123,188.0
53,43,True,13,fhe,597,597,True,616,616,True,0.517,0.000991,188.0
53,44,False,253,prompt,17836,17836,True,14700,14700,True,1.1203,0.002636,188.0
53,45,True,2644,fhe,2133,2133,True,2133,2133,True,3.979,0.000783,188.0
53,46,True,1276,fhe,310,310,True,1057,1057,True,0.585,0.003063,188.0
53,47,True,285,fhe,643,643,True,643,643,True,0.1618,0.002911,188.0
53,48,False,27471,prompt,13,13,True,13,13,True,0.1002,0.001115,188.0
53,49,True,323,fhe,6684,6684,True,6684,6684,True,1.6764,0.002982,188.0
53,50,True,9184,fhe,275,275,True,10260,10260,True,0.4676,0.002284,188.0
53,51,True,26673,fhe,23899,23899,True,4669,4669,True,3.3792,0.008997,188.0
53,52,False,253,prompt,2316,2316,True,2316,2316,True,2.0291,0.002555,188.0
53,53,True,253,fhe,43093,43093,True,2102,2102,True,0.0879,0.001931,188.0
53,54,True,253,fhe,3216,3216,True,3216,3216,True,2.0847,0.002608,188.0
53,55,True,673,fhe,273,273,True,273,273,True,4.7359,0.000966,188.0
53,56,False,4866,prompt,13,13,True,275,275,True,0.7397,0.001328,188.0
53,57,True,2308,fhe,273,273,True,273,273,True,7.0106,0.00174,188.0
53,58,True,24830,fhe,13,13,True,13,13,True,1.0844,0.000354,188.0
53,59,True,273,fhe,5002,5002,True,5002,5002,True,1.4188,0.000764,188.0
53,60,False,15,prompt,380,380,True,187,187,True,0.252,0.002,188.0
53,61,True,4080,fhe,407,407,True,970,970,True,1.1688,0.002969,188.0
53,62,True,1046,fhe,7017,7017,True,767,767,True,0.0935,0.003104,188.0
53,63,True,12570,fhe,273,273,True,1925,1925,True,0.6138,0.001988,188.0
54,0,False,253,prompt,954,954,True,954,954,True,1.2331,0.001189,188.0
54,1,True,403,fhe,2905,2905,True,2905,2905,True,0.089,0.001394,188.0
54,2,True,733,fhe,310,310,True,310,310,True,1.9507,0.001935,188.0
54,3,True,390,fhe,432,432,True,3007,3007,True,0.741,0.000874,188.0
54,4,False,1056,prompt,352,352,True,352,352,True,0.7374,0.004195,188.0
54,5,True,5202,fhe,310,310,True,432,432,True,2.01,0.003051,188.0
54,6,True,1276,fhe,457,457,True,513,513,True,0.3206,0.001711,188.0
54,7,True,432,fhe,8357,8357,True,12922,12922,True,2.3054,0.000911,188.0
54,8,False,2299,prompt,15,15,True,15,15,True,0.0115,0.001206,188.0
54,9,True,1255,fhe,13,13,True,13,13,True,1.1331,0.002072,188.0
54,10,True,281,fhe,4017,4017,True,4017,4017,True,0.3448,0.005976,188.0
54,11,True,253,fhe,6698,6698,True,6698,6698,True,1.0058,0.002779,188.0
54,12,False,273,prompt,253,253,True,253,253,True,0.5806,0.000677,188.0
54,13,True,403,fhe,1698,1698,True,1698,1698,True,0.4811,0.000907,188.0
54,14,True,25818,fhe,310,310,True,310,310,True,1.8774,0.002027,188.0
54,15,True,387,fhe,1878,1878,True,1878,1878,True,6.7607,0.002937,188.0
54,16,False,41358,prompt,247,247,True,581,581,True,0.84,0.002306,188.0
54,17,True,14,fhe,299,299,True,16132,16132,True,0.67,0.005099,188.0
54,18,True,285,fhe,352,352,True,352,352,True,0.703,0.001372,188.0
54,19,True,13,fhe,368,368,True,897,897,True,1.0095,0.001157,188.0
54,20,False,3644,prompt,285,285,True,285,285,True,0.5525,0.001832,188.0
54,21,True,261,fhe,13,13,True,313,313,True,2.6112,0.000948,188.0
54,22,True,45271,fhe,407,407,True,285,285,True,0.6218,0.000885,188.0
54,23,True,3349,fhe,13,13,True,13,13,True,4.1225,0.003819,188.0
54,24,False,35016,prompt,547,547,True,547,547,True,7.2631,0.002666,188.0
54,25,True,5420,fhe,275,275,True,275,275,True,1.0451,0.00222,188.0
54,26,True,7313,fhe,13,13,True,1160,1160,True,0.5655,0.002041,188.0
54,27,True,1264,fhe,281,281,True,281,281,True,0.5481,0.004206,188.0
54,28,False,2896,prompt,253,253,True,253,253,True,1.6512,0.002417,188.0
54,29,True,310,fhe,2905,2905,True,2905,2905,True,0.0817,0.000589,188.0
54,30,True,10499,fhe,253,253,True,253,253,True,3.0295,0.001148,188.0
54,31,True,45199,fhe,275,275,True,327,327,True,0.6571,0.002274,188.0
54,32,False,310,prompt,253,253,True,253,253,True,10.6803,0.002575,188.0
54,33,True,16173,fhe,13,13,True,273,273,True,0.2174,0.002871,188.0
54,34,True,382,fhe,13,13,True,4907,4907,True,0.186,0.001985,188.0
54,35,True,273,fhe,253,253,True,7565,7565,True,1.6951,0.000836,188.0
54,36,False,673,prompt,253,253,True,597,597,True,0.9956,0.00164,188.0
54,37,True,1824,fhe,4897,4897,True,4897,4897,True,1.6429,0.007216,188.0
54,38,True,15,fhe,187,187,True,3631,3631,True,0.3603,0.003332,188.0
54,39,True,7565,fhe,434,434,True,434,434,True,0.1,0.001169,188.0
54,40,False,34298,prompt,275,275,True,762,762,True,1.268,0.000587,188.0
54,41,True,275,fhe,22557,22557,True,22557,22557,True,1.0883,0.001226,188.0
54,42,True,380,fhe,427,427,True,427,427,True,1.0416,0.002831,188.0
54,43,True,616,fhe,2495,2495,True,2495,2495,True,1.6846,0.001419,188.0
54,44,False,28677,prompt,285,285,True,285,285,True,0.2708,0.002806,188.0
54,45,True,2133,fhe,15,15,True,15,15,True,1.9999,0.002333,188.0
54,46,True,1057,fhe,436,436,True,436,436,True,0.3679,0.000784,188.0
54,47,True,643,fhe,3603,3603,True,3603,3603,True,3.688,0.001138,188.0
54,48,False,15,prompt,187,187,True,187,187,True,1.5902,0.00163,188.0
54,49,True,6684,fhe,643,643,True,643,643,True,0.0933,0.00451,188.0
54,50,True,10260,fhe,275,275,True,275,275,True,0.3041,0.001769,188.0
54,51,True,4669,fhe,481,481,True,481,481,True,1.1688,0.000991,188.0
54,52,False,2316,prompt,369,369,True,369,369,True,0.8834,0.003057,188.0
54,53,True,2102,fhe,316,316,True,316,316,True,5.8112,0.005195,188.0
54,54,True,3216,fhe,13,13,True,390,390,True,1.5264,0.001655,188.0
54,55,True,273,fhe,253,253,True,253,253,True,2.8445,0.002288,188.0
54,56,False,13,prompt,285,285,True,285,285,True,2.2604,0.002055,188.0
54,57,True,273,fhe,247,247,True,1959,1959,True,0.1182,0.002613,188.0
54,58,True,13,fhe,665,665,True,665,665,True,2.068,0.000459,188.0
54,59,True,5002,fhe,13,13,True,387,387,True,1.8126,0.001307,188.0
54,60,False,496,prompt,253,253,True,7203,7203,True,1.2385,0.001602,188.0
54,61,True,970,fhe,247,247,True,271,271,True,1.1092,0.003082,188.0
54,62,True,767,fhe,2909,2909,True,2909,2909,True,1.1411,0.001117,188.0
54,63,True,1925,fhe,8383,8383,True,8383,8383,True,0.3362,0.006352,188.0
55,0,False,1805,prompt,1039,1039,True,1039,1039,True,0.1586,0.001027,188.0
55,1,True,2905,fhe,281,281,True,281,281,True,2.5808,0.001218,188.0
55,2,True,310,fhe,253,253,True,670,670,True,0.4182,0.000971,188.0
55,3,True,3007,fhe,504,504,True,504,504,True,6.0463,0.006224,188.0
55,4,False,352,prompt,6054,6054,True,6054,6054,True,2.4777,0.002568,188.0
55,5,True,432,fhe,8357,8357,True,12922,12922,True,0.3208,0.000843,188.0
55,6,True,513,fhe,368,368,True,368,368,True,3.4496,0.001134,188.0
55,7,True,12922,fhe,13,13,True,13,13,True,3.1319,0.003526,188.0
55,8,False,13,prompt,285,285,True,594,594,True,0.7031,0.000949,188.0
55,9,True,13,fhe,390,390,True,39838,39838,True,0.0724,0.008667,188.0
55,10,True,4017,fhe,6994,6994,True,6994,6994,True,2.6275,0.002921,188.0
55,11,True,6698,fhe,32212,32212,True,32212,32212,True,0.5437,0.002369,188.0
55,12,False,253,prompt,425,425,True,5558,5558,True,2.1546,0.003548,188.0
55,13,True,1698,fhe,15,15,True,285,285,True,0.3033,0.000407,188.0
55,14,True,310,fhe,247,247,True,271,271,True,0.9736,0.000772,188.0
55,15,True,1878,fhe,767,767,True,767,767,True,0.4152,0.002804,188.0
55,16,False,247,prompt,2317,2317,True,4644,4644,True,0.1315,0.009216,188.0
55,17,True,16132,fhe,299,299,True,6184,6184,True,0.9077,0.001584,188.0
55,18,True,352,fhe,310,310,True,556,556,True,0.2024,0.00336,188.0
55,19,True,897,fhe,253,253,True,253,253,True,2.0334,0.002608,188.0
55,20,False,285,prompt,5412,5412,True,5412,5412,True,0.9424,0.00518,188.0
55,21,True,313,fhe,84,84,True,66,66,True,0.8976,0.004105,188.0
55,22,True,285,fhe,31243,31243,True,31243,31243,True,2.5516,0.00329,188.0
55,23,True,13,fhe,3285,3285,True,3285,3285,True,1.5924,0.004007,188.0
55,24,False,547,prompt,779,779,True,779,779,True,4.0079,0.003429,188.0
55,25,True,275,fhe,253,253,True,3060,3060,True,1.9674,0.000965,188.0
55,26,True,1160,fhe,407,407,True,407,407,True,0.6428,0.002496,188.0
55,27,True,281,fhe,2620,2620,True,2620,2620,True,0.3996,0.00259,188.0
55,28,False,5101,prompt,24078,24078,True,24078,24078,True,5.364,0.002649,188.0
55,29,True,2905,fhe,281,281,True,281,281,True,5.9842,0.001672,188.0
55,30,True,253,fhe,3276,3276,True,2408,2408,True,1.9631,0.003638,188.0
55,31,True,327,fhe,6149,6149,True,6149,6149,True,0.318,0.001356,188.0
55,32,False,253,prompt,7934,7934,True,7934,7934,True,6.081,0.018365,188.0
55,33,True,273,fhe,3678,3678,True,3678,3678,True,1.4396,0.004762,188.0
55,34,True,4907,fhe,7406,7406,True,7406,7406,True,0.8046,0.002702,188.0
55,35,True,7565,fhe,434,434,True,434,434,True,0.1599,0.000564,188.0
55,36,False,253,prompt,5101,5101,True,5101,5101,True,1.0632,0.003865,188.0
55,37,True,4897,fhe,15,15,True,15,15,True,1.29,0.00223,188.0
55,38,True,3631,fhe,493,493,True,493,493,True,7.4495,0.01009,188.0
55,39,True,434,fhe,2553,2553,True,2553,2553,True,2.6053,0.004405,188.0
55,40,False,275,prompt,269,269,True,841,841,True,1.3685,0.005975,188.0
55,41,True,22557,fhe,15,15,True,347,347,True,0.7339,0.001983,188.0
55,42,True,427,fhe,1410,1410,True,2354,2354,True,3.0463,0.013687,188.0
55,43,True,2495,fhe,273,273,True,323,323,True,2.2506,0.001395,188.0
55,44,False,285,prompt,253,253,True,253,253,True,1.3418,0.001564,188.0
55,45,True,15,fhe,1583,1583,True,1583,1583,True,0.3928,0.000664,188.0
55,46,True,436,fhe,1599,1599,True,1599,1599,True,1.0535,0.002195,188.0
55,47,True,3603,fhe,15,15,True,15,15,True,0.4378,0.001848,188.0
55,48,False,329,prompt,5740,5740,True,5740,5740,True,1.5438,0.001393,188.0
55,49,True,643,fhe,6255,6255,True,19830,19830,True,1.627,0.001191,188.0
55,50,True,275,fhe,849,849,True,849,849,True,0.3452,0.001101,188.0
55,51,True,481,fhe,733,733,True,187,187,True,0.0835,0.003193,188.0
55,52,False,4455,prompt,281,281,True,281,281,True,2.2521,0.001589,188.0
55,53,True,316,fhe,13,13,True,13,13,True,2.0235,0.000616,188.0
55,54,True,390,fhe,327,327,True,327,327,True,0.1452,0.004807,188.0
55,55,True,253,fhe,22437,22437,True,22437,22437,True,0.0694,0.001621,188.0
55,56,False,21896,prompt,3872,3872,True,3872,3872,True,0.6483,0.000997,188.0
55,57,True,1959,fhe,26875,26875,True,26875,26875,True,2.0685,0.001722,188.0
55,58,True,665,fhe,4907,4907,True,4907,4907,True,2.2772,0.004703,188.0
55,59,True,387,fhe,12126,12126,True,12126,12126,True,0.4485,0.001916,188.0
55,60,False,7203,prompt,13,13,True,597,597,True,0.8554,0.001351,188.0
55,61,True,271,fhe,15301,15301,True,15301,15301,True,0.406,0.006397,188.0
55,62,True,2909,fhe,15,15,True,15,15,True,1.0531,0.001425,188.0
55,63,True,8383,fhe,15,15,True,15,15,True,0.8685,0.000581,188.0
56,0,False,4500,prompt,15,15,True,15,15,True,1.9305,0.002274,188.0
56,1,True,281,fhe,253,253,True,1016,1016,True,0.8096,0.001108,188.0
56,2,True,670,fhe,253,253,True,577,577,True,0.6722,0.000935,188.0
56,3,True,504,fhe,13,13,True,342,342,True,0.0664,0.00082,188.0
56,4,False,41153,prompt,15,15,True,598,598,True,0.9858,0.000519,188.0
56,5,True,12922,fhe,310,310,True,310,310,True,3.662,0.001485,188.0
56,6,True,368,fhe,1158,1158,True,1158,1158,True,1.2346,0.000954,188.0
56,7,True,13,fhe,368,368,True,368,368,True,0.8831,0.000945,188.0
56,8,False,285,prompt,597,597,True,597,597,True,0.1963,0.001841,188.0
56,9,True,39838,fhe,1981,1981,True,1981,1981,True,6.5222,0.015923,188.0
56,10,True,6994,fhe,17267,17267,True,17267,17267,True,2.2771,0.003243,188.0
56,11,True,32212,fhe,5489,5489,True,5489,5489,True,0.9177,0.001313,188.0
56,12,False,1824,prompt,556,556,True,556,556,True,0.5675,0.001589,188.0
56,13,True,285,fhe,253,253,True,627,627,True,2.0958,0.003747,188.0
56,14,True,271,fhe,9129,9129,True,9129,9129,True,1.1088,0.00168,188.0
56,15,True,767,fhe,1107,1107,True,1107,1107,True,2.863,0.001519,188.0
56,16,False,2014,prompt,6415,6415,True,6415,6415,True,1.3183,0.001783,188.0
56,17,True,6184,fhe,187,187,True,187,187,True,1.9697,0.003759,188.0
56,18,True,556,fhe,644,644,True,644,644,True,0.5875,0.001784,188.0
56,19,True,253,fhe,8462,8462,True,8462,8462,True,1.1964,0.001273,188.0
56,20,False,16109,prompt,15,15,True,15,15,True,1.509,0.000421,188.0
56,21,True,66,fhe,3159,3159,True,3159,3159,True,0.9401,0.001432,188.0
56,22,True,31243,fhe,15,15,True,323,323,True,0.1224,0.001136,188.0
56,23,True,3285,fhe,13,13,True,13,13,True,3.7162,0.003661,188.0
56,24,False,46087,prompt,80,80,True,80,80,True,5.5764,0.01104,188.0
56,25,True,3060,fhe,285,285,True,1309,1309,True,0.1729,0.002666,188.0
56,26,True,407,fhe,29388,29388,True,29388,29388,True,0.4716,0.00139,188.0
56,27,True,2620,fhe,13,13,True,591,591,True,1.2046,0.00193,188.0
56,28,False,24078,prompt,253,253,True,253,253,True,1.1196,0.000394,188.0
56,29,True,281,fhe,253,253,True,253,253,True,1.6696,0.003256,188.0
56,30,True,2408,fhe,273,273,True,273,273,True,5.0121,0.001744,188.0
56,31,True,6149,fhe,13,13,True,13,13,True,0.6538,0.001521,188.0
56,32,False,7934,prompt,8294,8294,True,8294,8294,True,6.7115,0.002763,188.0
56,33,True,3678,fhe,285,285,True,285,285,True,0.2409,0.001242,188.0
56,34,True,7406,fhe,388,388,True,388,388,True,0.2911,0.00205,188.0
56,35,True,434,fhe,2553,2553,True,2553,2553,True,2.4811,0.008939,188.0
56,36,False,16999,prompt,403,403,True,403,403,True,1.5976,0.000834,188.0
56,37,True,15,fhe,1500,1500,True,380,380,True,0.8507,0.00171,188.0
56,38,True,493,fhe,310,310,True,272,272,True,0.6761,0.002069,188.0
56,39,True,2553,fhe,13,13,True,2170,2170,True,1.0156,0.000588,188.0
56,40,False,841,prompt,3672,3672,True,3672,3672,True,0.6687,0.001197,188.0
56,41,True,347,fhe,247,247,True,247,247,True,0.8405,0.000671,188.0
56,42,True,2354,fhe,310,310,True,7465,7465,True,1.1513,0.004283,188.0
56,43,True,323,fhe,13889,13889,True,13889,13889,True,0.1279,0.001726,188.0
56,44,False,6613,prompt,1066,1066,True,1066,1066,True,0.1487,0.001888,188.0
56,45,True,1583,fhe,671,671,True,671,671,True,0.7844,0.005576,188.0
56,46,True,1599,fhe,323,323,True,323,323,True,0.5634,0.001828,188.0
56,47,True,15,fhe,380,380,True,187,187,True,0.766,0.000634,188.0
56,48,False,5740,prompt,273,273,True,273,273,True,2.3596,0.000746,188.0
56,49,True,19830,fhe,9360,9360,True,9360,9360,True,0.999,0.00257,188.0
56,50,True,849,fhe,597,597,True,597,597,True,3.3091,0.004135,188.0
56,51,True,187,fhe,510,510,True,510,510,True,0.1227,0.001542,188.0
56,52,False,281,prompt,320,320,True,320,320,True,0.5981,0.002056,188.0
56,53,True,13,fhe,253,253,True,253,253,True,0.0898,0.002681,188.0
56,54,True,327,fhe,247,247,True,28164,28164,True,0.5049,0.001157,188.0
56,55,True,22437,fhe,815,815,True,815,815,True,1.7046,0.002866,188.0
56,56,False,3877,prompt,323,323,True,323,323,True,0.7585,0.000777,188.0
56,57,True,26875,fhe,13,13,True,13,13,True,0.359,0.001017,188.0
56,58,True,4907,fhe,352,352,True,352,352,True,1.1913,0.000379,188.0
56,59,True,12126,fhe,16874,16874,True,16874,16874,True,0.5326,0.002326,188.0
56,60,False,253,prompt,11260,11260,True,11260,11260,True,1.656,0.001628,188.0
56,61,True,15301,fhe,15,15,True,824,824,True,1.1311,0.000822,188.0
56,62,True,15,fhe,187,187,True,1310,1310,True,0.5842,0.001141,188.0
56,63,True,15,fhe,4051,4051,True,4051,4051,True,1.1471,0.000993,188.0
57,0,False,15,prompt,187,187,True,187,187,True,2.5115,0.002146,188.0
57,1,True,1016,fhe,643,643,True,643,643,True,4.7976,0.003468,188.0
57,2,True,577,fhe,13,13,True,6494,6494,True,0.6812,0.001401,188.0
57,3,True,342,fhe,1016,1016,True,1016,1016,True,0.8188,0.002392,188.0
57,4,False,15,prompt,2091,2091,True,187,187,True,0.026,0.002452,188.0
57,5,True,310,fhe,281,281,True,281,281,True,2.2233,0.00289,188.0
57,6,True,1158,fhe,670,670,True,670,670,True,1.4908,0.00059,188.0
57,7,True,368,fhe,476,476,True,476,476,True,0.2429,0.002853,188.0
57,8,False,8607,prompt,403,403,True,452,452,True,0.0107,0.001478,188.0
57,9,True,1981,fhe,13,13,True,13,13,True,1.2687,0.000636,188.0
57,10,True,17267,fhe,432,432,True,432,432,True,0.3005,0.001115,188.0
57,11,True,5489,fhe,1119,1119,True,1119,1119,True,1.7535,0.000682,188.0
57,12,False,310,prompt,19360,19360,True,19360,19360,True,0.1959,0.002348,188.0
57,13,True,627,fhe,310,310,True,457,457,True,1.0465,0.000528,188.0
57,14,True,9129,fhe,1232,1232,True,1232,1232,True,0.4331,0.003536,188.0
57,15,True,1107,fhe,15,15,True,1078,1078,True,0.4922,0.001163,188.0
57,16,False,1899,prompt,13,13,True,327,327,True,0.2619,0.002022,188.0
57,17,True,187,fhe,14,14,True,1394,1394,True,3.0703,0.002901,188.0
57,18,True,644,fhe,15786,15786,True,15786,15786,True,0.3602,0.001875,188.0
57,19,True,8462,fhe,394,394,True,394,394,True,7.0774,0.006714,188.0
57,20,False,15,prompt,187,187,True,187,187,True,0.2309,0.001196,188.0
57,21,True,3159,fhe,4495,4495,True,4495,4495,True,0.3517,0.000784,188.0
57,22,True,323,fhe,253,253,True,521,521,True,0.7094,0.000756,188.0
57,23,True,13,fhe,1884,1884,True,1884,1884,True,1.9813,0.002067,188.0
57,24,False,80,prompt,281,281,True,281,281,True,1.2954,0.000645,188.0
57,25,True,1309,fhe,253,253,True,253,253,True,5.137,0.001832,188.0
57,26,True,29388,fhe,13,13,True,13,13,True,1.4766,0.00097,188.0
57,27,True,591,fhe,7368,7368,True,7368,7368,True,0.1083,0.001895,188.0
57,28,False,253,prompt,6194,6194,True,1735,1735,True,1.3554,0.00502,188.0
57,29,True,253,fhe,3159,3159,True,11308,11308,True,0.2952,0.001424,188.0
57,30,True,273,fhe,4250,4250,True,8609,8609,True,1.6357,0.005112,188.0
57,31,True,13,fhe,285,285,True,1690,1690,True,1.7078,0.003851,188.0
57,32,False,8294,prompt,273,273,True,273,273,True,11.0429,0.000892,188.0
57,33,True,285,fhe,8660,8660,True,8660,8660,True,4.8789,0.001705,188.0
57,34,True,388,fhe,18272,18272,True,18272,18272,True,0.2381,0.001405,188.0
57,35,True,2553,fhe,13,13,True,2170,2170,True,1.1011,0.001092,188.0
57,36,False,1527,prompt,13,13,True,13,13,True,1.6406,0.001225,188.0
57,37,True,380,fhe,3416,3416,True,3295,3295,True,0.4497,0.002694,188.0
57,38,True,272,fhe,310,310,True,7729,7729,True,1.1327,0.002155,188.0
57,39,True,2170,fhe,13,13,True,13,13,True,0.8349,0.000585,188.0
57,40,False,3672,prompt,13,13,True,984,984,True,0.7509,0.002234,188.0
57,41,True,247,fhe,4156,4156,True,4156,4156,True,1.0187,0.003424,188.0
57,42,True,7465,fhe,403,403,True,403,403,True,0.791,0.003384,188.0
57,43,True,13889,fhe,369,369,True,369,369,True,0.5814,0.00288,188.0
57,44,False,715,prompt,253,253,True,21646,21646,True,1.7483,0.002185,188.0
57,45,True,671,fhe,1361,1361,True,2186,2186,True,0.9803,0.003123,188.0
57,46,True,323,fhe,253,253,True,441,441,True,0.6385,0.001116,188.0
57,47,True,187,fhe,510,510,True,34,34,True,1.5969,0.008101,188.0
57,48,False,273,prompt,247,247,True,247,247,True,0.2245,0.002382,188.0
57,49,True,9360,fhe,13,13,True,824,824,True,1.5368,0.000636,188.0
57,50,True,597,fhe,8008,8008,True,8008,8008,True,0.1614,0.003586,188.0
57,51,True,510,fhe,4585,4585,True,49389,49389,True,0.1674,0.001382,188.0
57,52,False,452,prompt,4391,4391,True,4391,4391,True,0.344,0.001613,188.0
57,53,True,253,fhe,443,443,True,25056,25056,True,0.4511,0.00145,188.0
57,54,True,28164,fhe,13,13,True,13,13,True,0.4871,0.000492,188.0
57,55,True,815,fhe,50200,50200,True,50200,50200,True,3.6266,0.002426,188.0
57,56,False,323,prompt,521,521,True,521,521,True,3.8133,0.001799,188.0
57,57,True,13,fhe,534,534,True,534,534,True,1.4062,0.000977,188.0
57,58,True,352,fhe,323,323,True,846,846,True,0.331,0.002328,188.0
57,59,True,16874,fhe,15,15,True,15,15,True,0.4469,0.000475,188.0
57,60,False,1072,prompt,11260,11260,True,11260,11260,True,0.2743,0.002596,188.0
57,61,True,824,fhe,347,347,True,347,347,True,7.0831,0.003809,188.0
57,62,True,1310,fhe,368,368,True,634,634,True,2.6577,0.004081,188.0
57,63,True,4051,fhe,44612,44612,True,44612,44612,True,6.4948,0.002165,188.0
58,0,False,22660,prompt,1039,1039,True,1039,1039,True,3.2652,0.00167,188.0
58,1,True,643,fhe,15,15,True,495,495,True,0.3708,0.001134,188.0
58,2,True,6494,fhe,1107,1107,True,6574,6574,True,0.2755,0.002852,188.0
58,3,True,1016,fhe,643,643,True,643,643,True,7.5895,0.003206,188.0
58,4,False,22512,prompt,5997,5997,True,5997,5997,True,0.1379,0.001868,188.0
58,5,True,281,fhe,4444,4444,True,1379,1379,True,0.5197,0.00393,188.0
58,6,True,670,fhe,253,253,True,326,326,True,0.334,0.002029,188.0
58,7,True,476,fhe,1265,1265,True,1265,1265,True,1.2726,0.002707,188.0
58,8,False,452,prompt,13876,13876,True,13876,13876,True,0.4164,0.000854,188.0
58,9,True,13,fhe,390,390,True,390,390,True,0.6407,0.001967,188.0
58,10,True,432,fhe,7952,7952,True,4156,4156,True,0.7165,0.003984,188.0
58,11,True,1119,fhe,326,326,True,326,326,True,3.9218,0.00395,188.0
58,12,False,4783,prompt,15,15,True,15,15,True,0.0734,0.000574,188.0
58,13,True,457,fhe,84,84,True,84,84,True,8.0437,0.003257,188.0
58,14,True,1232,fhe,326,326,True,326,326,True,0.1889,0.002571,188.0
58,15,True,1078,fhe,1146,1146,True,1146,1146,True,0.8631,0.000692,188.0
58,16,False,2112,prompt,253,253,True,253,253,True,2.4304,0.004345,188.0
58,17,True,1394,fhe,5321,5321,True,5321,5321,True,0.1441,0.005239,188.0
58,18,True,15786,fhe,715,715,True,715,715,True,3.3384,0.003346,188.0
58,19,True,394,fhe,356,356,True,356,356,True,6.122,0.003841,188.0
58,20,False,5815,prompt,3828,3828,True,3828,3828,True,0.2115,0.00539,188.0
58,21,True,4495,fhe,773,773,True,773,773,True,3.1014,0.001516,188.0
58,22,True,521,fhe,21554,21554,True,21554,21554,True,0.1891,0.002468,188.0
58,23,True,1884,fhe,13,13,True,13,13,True,3.261,0.002505,188.0
58,24,False,281,prompt,247,247,True,247,247,True,0.3223,0.002365,188.0
58,25,True,253,fhe,10515,10515,True,10515,10515,True,0.5991,0.001933,188.0
58,26,True,13,fhe,8588,8588,True,13225,13225,True,0.7715,0.0022,188.0
58,27,True,7368,fhe,13,13,True,13,13,True,0.4479,0.001874,188.0
58,28,False,6194,prompt,369,369,True,369,369,True,0.8825,0.005108,188.0
58,29,True,11308,fhe,3159,3159,True,3159,3159,True,2.6908,0.002556,188.0
58,30,True,8609,fhe,7742,7742,True,7742,7742,True,0.0443,0.004386,188.0
58,31,True,1690,fhe,253,253,True,954,954,True,0.7684,0.0014,188.0
58,32,False,273,prompt,1016,1016,True,1016,1016,True,1.5955,0.002398,188.0
58,33,True,8660,fhe,13,13,True,326,326,True,0.607,0.000547,188.0
58,34,True,18272,fhe,39480,39480,True,39480,39480,True,0.2701,0.014137,188.0
58,35,True,2170,fhe,13,13,True,13,13,True,0.9575,0.000494,188.0
58,36,False,13,prompt,253,253,True,253,253,True,1.8634,0.000551,188.0
58,37,True,3295,fhe,369,369,True,2210,2210,True,1.3063,0.002741,188.0
58,38,True,7729,fhe,281,281,True,368,368,True,1.6441,0.002301,188.0
58,39,True,13,fhe,285,285,True,390,390,True,1.6385,0.001473,188.0
58,40,False,984,prompt,253,253,True,597,597,True,0.156,0.001387,188.0
58,41,True,4156,fhe,1786,1786,True,5700,5700,True,1.1141,0.00441,188.0
58,42,True,403,fhe,4158,4158,True,6034,6034,True,0.3014,0.003692,188.0
58,43,True,369,fhe,2169,2169,True,2169,2169,True,0.5054,0.001892,188.0
58,44,False,253,prompt,6150,6150,True,6150,6150,True,0.1006,0.00114,188.0
58,45,True,2186,fhe,634,634,True,634,634,True,1.2408,0.001475,188.0
58,46,True,441,fhe,32,32,True,32,32,True,2.6657,0.000915,188.0
58,47,True,34,fhe,4177,4177,True,4177,8859,False,2.4929,0.003918,188.0
58,48,False,247,prompt,1436,1436,True,6200,6200,True,1.6261,0.00332,188.0
58,49,True,824,fhe,347,347,True,347,347,True,8.8496,0.000804,188.0
58,50,True,8008,fhe,342,342,True,342,342,True,1.1901,0.000461,188.0
58,51,True,49389,fhe,333,333,True,333,333,True,0.1614,0.001367,188.0
58,52,False,4391,prompt,1580,1580,True,1580,1580,True,0.1927,0.000885,188.0
58,53,True,25056,fhe,13,13,True,7121,7121,True,1.717,0.003272,188.0
58,54,True,13,fhe,285,285,True,824,824,True,1.5648,0.002886,188.0
58,55,True,50200,fhe,84,84,True,84,84,True,0.9939,0.001689,188.0
58,56,False,521,prompt,390,390,True,39408,39408,True,1.1465,0.001942,188.0
58,57,True,534,fhe,403,403,True,476,476,True,1.2327,0.004445,188.0
58,58,True,846,fhe,521,521,True,521,521,True,0.063,0.000994,188.0
58,59,True,15,fhe,346,346,True,346,346,True,0.1646,0.0026,188.0
58,60,False,11260,prompt,1091,1091,True,1091,1091,True,0.4959,0.003603,188.0
58,61,True,347,fhe,247,247,True,247,247,True,0.5445,0.000915,188.0
58,62,True,634,fhe,16846,16846,True,4195,4195,True,2.4386,0.001877,188.0
58,63,True,44612,fhe,310,310,True,310,310,True,3.0332,0.002083,188.0
59,0,False,1039,prompt,13,13,True,13,13,True,6.6327,0.001824,188.0
59,1,True,495,fhe,15,15,True,15,15,True,6.67,0.001887,188.0
59,2,True,6574,fhe,2439,2439,True,2439,2439,True,0.6429,0.000588,188.0
59,3,True,643,fhe,15,15,True,15,15,True,0.5335,0.002656,188.0
59,4,False,432,prompt,253,253,True,253,253,True,3.3113,0.00152,188.0
59,5,True,1379,fhe,247,247,True,247,247,True,1.3411,0.002354,188.0
59,6,True,326,fhe,29200,29200,True,29200,29200,True,0.7965,0.001489,188.0
59,7,True,1265,fhe,253,253,True,342,342,True,0.0572,0.002081,188.0
59,8,False,19460,prompt,281,281,True,342,342,True,2.4217,0.001351,188.0
59,9,True,390,fhe,39856,39856,True,643,643,True,0.0438,0.003137,188.0
59,10,True,4156,fhe,18384,18384,True,18384,18384,True,2.5493,0.005068,188.0
59,11,True,326,fhe,9123,9123,True,9123,9123,True,0.2898,0.001374,188.0
59,12,False,15,prompt,380,380,True,380,380,True,0.5605,0.002846,188.0
59,13,True,84,fhe,642,642,True,642,642,True,0.8282,0.001576,188.0
59,14,True,326,fhe,556,556,True,369,369,True,1.0358,0.003225,188.0
59,15,True,1146,fhe,10544,10544,True,13410,13410,True,1.8897,0.004979,188.0
59,16,False,253,prompt,1182,1182,True,1182,1182,True,1.4075,0.002363,188.0
59,17,True,5321,fhe,27,27,True,598,598,True,1.718,0.002058,188.0
59,18,True,715,fhe,1142,1142,True,1142,1142,True,0.5041,0.003837,188.0
59,19,True,356,fhe,37173,37173,True,37173,37173,True,4.8267,0.004203,188.0
59,20,False,3828,prompt,273,273,True,556,556,True,0.0626,0.001924,188.0
59,21,True,773,fhe,84,84,True,936,936,True,1.3608,0.002567,188.0
59,22,True,21554,fhe,1131,1131,True,1131,1131,True,6.0209,0.003021,188.0
59,23,True,13,fhe,4562,4562,True,4562,4562,True,2.0073,0.000965,188.0
59,24,False,253,prompt,6445,6445,True,6445,6445,True,0.6642,0.001834,188.0
59,25,True,10515,fhe,38856,38856,True,38856,38856,True,1.0003,0.001408,188.0
59,26,True,13225,fhe,13,13,True,13,13,True,0.6599,0.003139,188.0
59,27,True,13,fhe,285,285,True,1016,1016,True,0.3436,0.00093,188.0
59,28,False,574,prompt,4817,4817,True,4817,4817,True,0.0511,0.001762,188.0
59,29,True,3159,fhe,3779,3779,True,3779,3779,True,0.2728,0.00123,188.0
59,30,True,7742,fhe,326,326,True,23128,23128,True,0.2315,0.002112,188.0
59,31,True,954,fhe,273,273,True,273,273,True,2.6693,0.002668,188.0
59,32,False,1016,prompt,2060,2060,True,2060,2060,True,4.215,0.002258,188.0
59,33,True,326,fhe,651,651,True,651,651,True,0.1826,0.005141,188.0
59,34,True,39480,fhe,6888,6888,True,6888,6888,True,0.6394,0.003239,188.0
59,35,True,13,fhe,285,285,True,390,390,True,1.604,0.001519,188.0
59,36,False,253,prompt,19750,19750,True,19750,19750,True,0.2407,0.001555,188.0
59,37,True,2210,fhe,432,432,True,432,432,True,1.0295,0.002379,188.0
59,38,True,368,fhe,281,281,True,761,761,True,1.9668,0.001268,188.0
59,39,True,390,fhe,670,670,True,4829,4829,True,1.6581,0.000916,188.0
59,40,False,273,prompt,253,253,True,616,616,True,2.0162,0.005075,188.0
59,41,True,5700,fhe,323,323,True,323,323,True,0.3536,0.000904,188.0
59,42,True,6034,fhe,281,281,True,281,281,True,2.9314,0.002489,188.0
59,43,True,2169,fhe,685,685,True,685,685,True,1.0506,0.000445,188.0
59,44,False,17795,prompt,15,15,True,326,326,True,1.0929,0.002032,188.0
59,45,True,634,fhe,14910,14910,True,15384,15384,True,1.5031,0.003235,188.0
59,46,True,32,fhe,187,187,True,187,187,True,2.2183,0.001338,188.0
59,47,True,4177,fhe,310,310,True,457,457,True,2.0771,0.00242,188.0
59,48,False,5768,prompt,1388,1388,True,1388,1388,True,0.1557,0.003024,188.0
59,49,True,347,fhe,24532,24532,True,27842,27842,True,0.2228,0.003678,188.0
59,50,True,342,fhe,1016,1016,True,1016,1016,True,0.5666,0.001061,188.0
59,51,True,333,fhe,284,284,True,284,284,True,5.3049,0.006,188.0
59,52,False,323,prompt,253,253,True,253,253,True,1.8128,0.002914,188.0
59,53,True,7121,fhe,13,13,True,13,13,True,2.6836,0.000965,188.0
59,54,True,824,fhe,347,347,True,347,347,True,6.2264,0.002382,188.0
59,55,True,84,fhe,13,13,True,13,13,True,0.0965,0.000937,188.0
59,56,False,41987,prompt,1981,1981,True,1981,1981,True,7.5774,0.011761,188.0
59,57,True,476,fhe,4723,4723,True,4723,4723,True,0.6333,0.003568,188.0
59,58,True,521,fhe,3331,3331,True,3331,3331,True,0.0119,0.003423,188.0
59,59,True,346,fhe,1147,1147,True,1231,1231,True,0.6766,0.00184,188.0
59,60,False,1091,prompt,281,281,True,281,281,True,1.3457,0.00107,188.0
59,61,True,247,fhe,10688,10688,True,8487,8487,True,0.7614,0.002109,188.0
59,62,True,4195,fhe,1028,1028,True,1028,1028,True,11.1741,0.003218,188.0
59,63,True,310,fhe,840,840,True,840,840,True,0.2625,0.003936,188.0
60,0,False,13,prompt,253,253,True,597,597,True,1.2792,0.001458,188.0
60,1,True,15,fhe,3666,3666,True,15108,15108,True,1.0565,0.002316,188.0
60,2,True,2439,fhe,13,13,True,13,13,True,0.2266,0.003496,188.0
60,3,True,15,fhe,380,380,True,831,831,True,0.4089,0.000795,188.0
60,4,False,253,prompt,15727,15727,True,2329,2329,True,0.2677,0.001849,188.0
60,5,True,247,fhe,8357,8357,True,9968,9968,True,1.885,0.002354,188.0
60,6,True,29200,fhe,668,668,True,668,668,True,0.9582,0.001746,188.0
60,7,True,342,fhe,247,247,True,247,247,True,1.055,0.002143,188.0
60,8,False,281,prompt,4677,4677,True,4677,4677,True,0.1381,0.001703,188.0
60,9,True,643,fhe,5917,5917,True,5917,5917,True,1.2373,0.007217,188.0
60,10,True,18384,fhe,13,13,True,407,407,True,0.62,0.002682,188.0
60,11,True,9123,fhe,247,247,True,28580,28580,True,0.7362,0.00084,188.0
60,12,False,1737,prompt,310,310,True,597,597,True,0.0267,0.001567,188.0
60,13,True,642,fhe,23993,23993,True,23993,23993,True,1.0132,0.004765,188.0
60,14,True,369,fhe,908,908,True,3715,3715,True,1.0384,0.001536,188.0
60,15,True,13410,fhe,281,281,True,281,281,True,1.2056,0.001394,188.0
60,16,False,1182,prompt,14,14,True,7844,7844,True,2.6338,0.001724,188.0
60,17,True,598,fhe,281,281,True,281,281,True,9.8805,0.000525,188.0
60,18,True,1142,fhe,11515,11515,True,11515,11515,True,2.663,0.000847,188.0
60,19,True,37173,fhe,10012,10012,True,10012,10012,True,1.0343,0.001513,188.0
60,20,False,556,prompt,247,247,True,697,697,True,0.0448,0.003333,188.0
60,21,True,936,fhe,320,320,True,320,320,True,0.2366,0.002046,188.0
60,22,True,1131,fhe,15,15,True,15,15,True,1.094,0.001418,188.0
60,23,True,4562,fhe,13,13,True,13,13,True,3.2245,0.001793,188.0
60,24,False,25818,prompt,14,14,True,14,14,True,1.8802,0.002108,188.0
60,25,True,38856,fhe,36842,36842,True,36842,36842,True,0.8366,0.002579,188.0
60,26,True,13,fhe,285,285,True,285,285,True,2.7159,0.002514,188.0
60,27,True,1016,fhe,17514,17514,True,17514,17514,True,0.7215,0.002052,188.0
60,28,False,13405,prompt,253,253,True,253,253,True,2.5342,0.00049,188.0
60,29,True,3779,fhe,316,316,True,261,261,True,0.0518,0.003936,188.0
60,30,True,23128,fhe,407,407,True,432,432,True,0.0168,0.002331,188.0
60,31,True,273,fhe,253,253,True,253,253,True,4.1595,0.000648,188.0
60,32,False,2060,prompt,15,15,True,15,15,True,9.25,0.004607,188.0
60,33,True,651,fhe,1996,1996,True,1996,1996,True,0.1613,0.001345,188.0
60,34,True,6888,fhe,326,326,True,326,326,True,1.2342,0.001936,188.0
60,35,True,390,fhe,670,670,True,4829,4829,True,1.6607,0.000919,188.0
60,36,False,1388,prompt,310,310,True,556,556,True,0.7395,0.003717,188.0
60,37,True,432,fhe,253,253,True,253,253,True,1.9179,0.002665,188.0
60,38,True,761,fhe,21724,21724,True,21724,21724,True,6.2025,0.006164,188.0
60,39,True,4829,fhe,2716,2716,True,581,581,True,0.1347,0.000822,188.0
60,40,False,253,prompt,1029,1029,True,1029,1029,True,1.0277,0.002283,188.0
60,41,True,323,fhe,253,253,True,11138,11138,True,0.5231,0.001515,188.0
60,42,True,281,fhe,2085,2085,True,2085,2085,True,0.1587,0.002434,188.0
60,43,True,685,fhe,1110,1110,True,2622,2622,True,0.2003,0.001333,188.0
60,44,False,15,prompt,380,380,True,187,187,True,0.8544,0.000636,188.0
60,45,True,15384,fhe,275,275,True,2366,2366,True,0.1289,0.00072,188.0
60,46,True,187,fhe,1147,1147,True,1147,1147,True,0.0255,0.002923,188.0
60,47,True,457,fhe,84,84,True,84,84,True,10.7031,0.004774,188.0
60,48,False,1388,prompt,1537,1537,True,1537,1537,True,0.2077,0.004688,188.0
60,49,True,27842,fhe,8984,8984,True,8984,8984,True,4.3844,0.00376,188.0
60,50,True,1016,fhe,643,643,True,643,643,True,7.6688,0.001336,188.0
60,51,True,284,fhe,403,403,True,403,403,True,1.7204,0.003068,188.0
60,52,False,247,prompt,2014,2014,True,2014,2014,True,0.6272,0.001045,188.0
60,53,True,13,fhe,253,253,True,253,253,True,0.1765,0.000725,188.0
60,54,True,347,fhe,10583,10583,True,10583,10583,True,0.2083,0.000875,188.0
60,55,True,13,fhe,285,285,True,665,665,True,1.2008,0.003078,188.0
60,56,False,1981,prompt,390,390,True,39408,39408,True,1.5703,0.003283,188.0
60,57,True,4723,fhe,3882,3882,True,3882,3882,True,0.2356,0.001606,188.0
60,58,True,3331,fhe,13,13,True,13,13,True,0.4366,0.00136,188.0
60,59,True,1231,fhe,476,476,True,476,476,True,0.3728,0.002997,188.0
60,60,False,2112,prompt,253,253,True,253,253,True,3.9926,0.001887,188.0
60,61,True,8487,fhe,4311,4311,True,4311,4311,True,0.1275,0.000846,188.0
60,62,True,1028,fhe,292,292,True,292,292,True,1.9852,0.010685,188.0
60,63,True,840,fhe,11516,11516,True,7154,7154,True,1.745,0.00158,188.0
61,0,False,299,prompt,9896,9896,True,9896,9896,True,1.0797,0.001806,188.0
61,1,True,15108,fhe,1419,1419,True,1419,1419,True,5.6914,0.009169,188.0
61,2,True,13,fhe,285,285,True,285,285,True,1.5183,0.001758,188.0
61,3,True,831,fhe,4866,4866,True,4866,4866,True,0.7034,0.008159,188.0
61,4,False,14195,prompt,5997,5997,True,5997,5997,True,2.4892,0.001322,188.0
61,5,True,9968,fhe,432,432,True,273,273,True,0.2822,0.000512,188.0
61,6,True,668,fhe,187,187,True,187,187,True,4.496,0.001128,188.0
61,7,True,247,fhe,8357,8357,True,1355,1355,True,1.3624,0.002182,188.0
61,8,False,4677,prompt,562,562,True,562,562,True,5.9825,0.000968,188.0
61,9,True,5917,fhe,15,15,True,15,15,True,0.6325,0.000921,188.0
61,10,True,407,fhe,8493,8493,True,8493,8493,True,2.2699,0.001686,188.0
61,11,True,28580,fhe,778,778,True,778,778,True,0.4761,0.001369,188.0
61,12,False,4558,prompt,310,310,True,310,310,True,1.3075,0.001655,188.0
61,13,True,23993,fhe,281,281,True,281,281,True,0.1987,0.001024,188.0
61,14,True,3715,fhe,275,275,True,407,6763,False,1.2639,0.000579,188.0
61,15,True,281,fhe,1408,1408,True,1408,1408,True,0.0296,0.001686,188.0
61,16,False,14,prompt,10565,10565,True,10565,10565,True,4.7694,0.008122,188.0
61,17,True,281,fhe,3925,3925,True,3925,3925,True,1.1357,0.002471,188.0
61,18,True,11515,fhe,15,15,True,15,15,True,0.2474,0.000697,188.0
61,19,True,10012,fhe,15,15,True,27,27,True,0.9481,0.001356,188.0
61,20,False,697,prompt,1211,1211,True,1211,1211,True,5.9656,0.003099,188.0
61,21,True,320,fhe,8872,8872,True,8872,8872,True,1.5464,0.002441,188.0
61,22,True,15,fhe,187,187,True,187,187,True,0.7945,0.001069,188.0
61,23,True,13,fhe,4567,4567,True,4567,4567,True,1.1775,0.001205,188.0
61,24,False,14,prompt,961,961,True,961,961,True,0.6187,0.011736,188.0
61,25,True,36842,fhe,13,13,True,2180,2180,True,0.0323,0.000677,188.0
61,26,True,285,fhe,4382,7313,False,4382,4382,True,0.0031,0.000837,188.0
61,27,True,17514,fhe,1907,1907,True,1907,1907,True,0.8581,0.002426,188.0
61,28,False,253,prompt,9729,9729,True,9729,9729,True,0.7418,0.002887,188.0
61,29,True,261,fhe,13,13,True,4495,4495,True,1.6946,0.008824,188.0
61,30,True,432,fhe,253,253,True,271,271,True,0.5948,0.003561,188.0
61,31,True,253,fhe,45199,45199,True,1533,1533,True,0.0253,0.002028,188.0
61,32,False,15,prompt,1198,1198,True,1198,1198,True,4.671,0.001615,188.0
61,33,True,1996,fhe,2489,2489,True,2489,2489,True,0.7617,0.004841,188.0
61,34,True,326,fhe,253,253,True,9946,9946,True,0.1721,0.001507,188.0
61,35,True,4829,fhe,2716,2716,True,581,581,True,0.1754,0.001152,188.0
61,36,False,434,prompt,789,789,True,789,789,True,2.4381,0.009219,188.0
61,37,True,253,fhe,8467,8467,True,8467,8467,True,0.1248,0.00324,188.0
61,38,True,21724,fhe,8708,8708,True,8138,8138,True,0.737,0.002097,188.0
61,39,True,581,fhe,14,14,True,14,14,True,2.2483,0.000695,188.0
61,40,False,34562,prompt,9208,9208,True,9208,9208,True,2.2885,0.0052,188.0
61,41,True,11138,fhe,253,253,True,253,253,True,0.2808,0.004601,188.0
61,42,True,2085,fhe,247,247,True,10954,10954,True,0.3876,0.002155,188.0
61,43,True,2622,fhe,15,15,True,15,15,True,3.1876,0.00293,188.0
61,44,False,380,prompt,1824,1824,True,21646,21646,True,0.8568,0.001722,188.0
61,45,True,2366,fhe,13,13,True,281,281,True,0.1884,0.001224,188.0
61,46,True,1147,fhe,2097,2097,True,2097,2097,True,4.6277,0.002052,188.0
61,47,True,84,fhe,5161,5161,True,3276,3276,True,1.8023,0.006052,188.0
61,48,False,275,prompt,253,253,True,253,253,True,0.1357,0.000502,188.0
61,49,True,8984,fhe,13,13,True,285,285,True,1.5531,0.004142,188.0
61,50,True,643,fhe,15,15,True,15,15,True,0.5932,0.000587,188.0
61,51,True,403,fhe,253,253,True,4272,4272,True,1.4968,0.001317,188.0
61,52,False,4289,prompt,1107,1107,True,1107,1107,True,3.5793,0.001951,188.0
61,53,True,253,fhe,2102,2102,True,2102,2102,True,0.1307,0.002145,188.0
61,54,True,10583,fhe,13,13,True,265,265,True,1.1113,0.002587,188.0
61,55,True,665,fhe,908,908,True,4270,4270,True,0.6957,0.003555,188.0
61,56,False,390,prompt,2473,2473,True,2473,2473,True,1.8366,0.002373,188.0
61,57,True,3882,fhe,285,285,True,285,285,True,0.5765,0.000913,188.0
61,58,True,13,fhe,253,253,True,253,253,True,1.7896,0.00237,188.0
61,59,True,476,fhe,923,923,True,1024,1024,True,1.9826,0.007848,188.0
61,60,False,253,prompt,1072,1072,True,8852,8852,True,0.9415,0.005302,188.0
61,61,True,4311,fhe,15,15,True,15,15,True,2.2137,0.002227,188.0
61,62,True,292,fhe,310,310,True,556,556,True,1.7559,0.003185,188.0
61,63,True,7154,fhe,1066,1066,True,1066,1066,True,3.2954,0.00087,188.0
62,0,False,3465,prompt,3002,3002,True,3002,3002,True,3.3371,0.01541,188.0
62,1,True,1419,fhe,253,253,True,253,253,True,1.4279,0.002476,188.0
62,2,True,285,fhe,352,352,True,352,352,True,0.115,0.000934,188.0
62,3,True,4866,fhe,310,310,True,5997,5997,True,0.0362,0.003155,188.0
62,4,False,840,prompt,5997,5997,True,5997,5997,True,1.995,0.00187,188.0
62,5,True,273,fhe,253,253,True,253,253,True,1.1893,0.001944,188.0
62,6,True,187,fhe,510,510,True,510,510,True,0.387,0.00114,188.0
62,7,True,1355,fhe,8357,8357,True,2408,2408,True,0.2673,0.003824,188.0
62,8,False,562,prompt,2139,2139,True,2139,2139,True,0.1497,0.001779,188.0
62,9,True,15,fhe,187,187,True,187,187,True,0.2909,0.001732,188.0
62,10,True,8493,fhe,27160,27160,True,27160,27160,True,0.7034,0.001487,188.0
62,11,True,778,fhe,1361,1361,True,4796,4796,True,0.6539,0.003864,188.0
62,12,False,310,prompt,7141,7141,True,7141,7141,True,0.6973,0.006793,188.0
62,13,True,281,fhe,5890,5890,True,5890,5890,True,0.4495,0.00251,188.0
62,14,True,407,fhe,253,253,True,253,253,True,1.7323,0.001997,188.0
62,15,True,1408,fhe,323,323,True,323,323,True,2.669,0.000592,188.0
62,16,False,10565,prompt,13,13,True,13,13,True,0.466,0.001268,188.0
62,17,True,3925,fhe,6,6,True,6,6,True,2.6764,0.003004,188.0
62,18,True,15,fhe,187,187,True,380,380,True,0.4064,0.002864,188.0
62,19,True,27,fhe,187,187,True,187,187,True,4.5403,0.000763,188.0
62,20,False,1211,prompt,4451,4451,True,4451,4451,True,1.269,0.003238,188.0
62,21,True,8872,fhe,21372,21372,True,21372,21372,True,0.9781,0.00456,188.0
62,22,True,187,fhe,510,510,True,510,510,True,0.4667,0.002565,188.0
62,23,True,4567,fhe,13,13,True,13,13,True,3.3047,0.00147,188.0
62,24,False,961,prompt,22442,22442,True,22442,22442,True,1.6366,0.018544,188.0
62,25,True,2180,fhe,13,13,True,313,313,True,0.1881,0.000672,188.0
62,26,True,4382,fhe,3210,3210,True,3210,3210,True,1.4713,0.00182,188.0
62,27,True,1907,fhe,2620,2620,True,1740,1740,True,0.6765,0.003203,188.0
62,28,False,2644,prompt,1386,1386,True,1386,1386,True,0.3132,0.002806,188.0
62,29,True,4495,fhe,773,773,True,773,773,True,2.4769,0.003785,188.0
62,30,True,271,fhe,1789,1789,True,1789,1789,True,4.177,0.004677,188.0
62,31,True,1533,fhe,434,434,True,434,434,True,1.1367,0.001914,188.0
62,32,False,1198,prompt,2007,2007,True,2007,2007,True,5.2121,0.001786,188.0
62,33,True,2489,fhe,253,253,True,11123,11123,True,0.2662,0.000636,188.0
62,34,True,9946,fhe,369,369,True,3678,3678,True,0.2764,0.004107,188.0
62,35,True,581,fhe,14,14,True,14,14,True,2.2481,0.000763,188.0
62,36,False,5834,prompt,310,310,True,556,556,True,0.1697,0.001541,188.0
62,37,True,8467,fhe,13,13,True,13,13,True,1.1064,0.000656,188.0
62,38,True,8138,fhe,4753,4753,True,4753,4753,True,0.2136,0.001016,188.0
62,39,True,14,fhe,25512,25512,True,25512,25512,True,0.1851,0.007803,188.0
62,40,False,9208,prompt,15,15,True,15,15,True,0.2768,0.001935,188.0
62,41,True,253,fhe,1786,1786,True,1786,1786,True,3.4115,0.000834,188.0
62,42,True,10954,fhe,342,342,True,342,342,True,1.3459,0.000868,188.0
62,43,True,15,fhe,187,187,True,187,187,True,2.4095,0.000621,188.0
62,44,False,17795,prompt,4459,4459,True,4459,4459,True,0.3529,0.001104,188.0
62,45,True,281,fhe,1978,1978,True,1978,1978,True,0.4733,0.003745,188.0
62,46,True,2097,fhe,326,326,True,326,326,True,2.9842,0.00184,188.0
62,47,True,3276,fhe,310,310,True,7024,7024,True,1.5225,0.001399,188.0
62,48,False,253,prompt,5768,5768,True,2586,2586,True,1.2174,0.000878,188.0
62,49,True,285,fhe,27842,27842,True,1501,1501,True,0.0082,0.001428,188.0
62,50,True,15,fhe,3808,3808,True,3808,3808,True,0.052,0.001396,188.0
62,51,True,4272,fhe,715,715,True,715,715,True,3.2795,0.002184,188.0
62,52,False,1107,prompt,15,15,True,15,15,True,1.0372,0.000871,188.0
62,53,True,2102,fhe,316,316,True,80,80,True,5.7937,0.005114,188.0
62,54,True,265,fhe,13,13,True,13,13,True,0.9954,0.003586,188.0
62,55,True,4270,fhe,253,253,True,352,352,True,0.7711,0.001296,188.0
62,56,False,2473,prompt,13,13,True,13,13,True,0.2648,0.00196,188.0
62,57,True,285,fhe,2847,2847,True,2847,2847,True,1.1388,0.001115,188.0
62,58,True,253,fhe,5112,5112,True,5112,5112,True,1.1352,0.001798,188.0
62,59,True,1024,fhe,923,923,True,1007,1007,True,0.6677,0.001418,188.0
62,60,False,1072,prompt,7622,7622,True,7622,7622,True,0.263,0.004611,188.0
62,61,True,15,fhe,380,380,True,380,380,True,1.0958,0.003568,188.0
62,62,True,556,fhe,247,247,True,247,247,True,2.1336,0.005141,188.0
62,63,True,1066,fhe,715,715,True,715,715,True,1.898,0.001917,188.0
63,0,False,3002,prompt,2784,2784,True,2784,2784,True,3.4216,0.003461,188.0
63,1,True,253,fhe,3603,3603,True,1027,1027,True,1.2167,0.003428,188.0
63,2,True,352,fhe,310,310,True,4428,4428,True,1.5018,0.000804,188.0
63,3,True,5997,fhe,253,253,True,48833,48833,True,0.2531,0.003913,188.0
63,4,False,5239,prompt,253,253,True,598,598,True,0.5211,0.002624,188.0
63,5,True,253,fhe,8357,8357,True,2885,2885,True,0.2707,0.00131,188.0
63,6,True,510,fhe,8290,8290,True,6838,6838,True,1.4062,0.001692,188.0
63,7,True,2408,fhe,273,273,True,273,273,True,2.2892,0.003844,188.0
63,8,False,849,prompt,281,281,True,597,597,True,0.7267,0.001232,188.0
63,9,True,187,fhe,510,510,True,510,510,True,1.0069,0.005881,188.0
63,10,True,27160,fhe,3678,3678,True,3678,3678,True,1.8375,0.001915,188.0
63,11,True,4796,fhe,253,253,True,634,634,True,2.1677,0.000995,188.0
63,12,False,5026,prompt,13,13,True,2348,2348,True,0.0627,0.002008,188.0
63,13,True,5890,fhe,253,253,True,598,598,True,1.4691,0.000743,188.0
63,14,True,253,fhe,9129,9129,True,9129,9129,True,1.741,0.001503,188.0
63,15,True,323,fhe,253,253,True,253,253,True,0.6244,0.00239,188.0
63,16,False,285,prompt,310,310,True,476,476,True,0.4464,0.002421,188.0
63,17,True,6,fhe,745,745,True,745,745,True,3.1936,0.001192,188.0
63,18,True,380,fhe,444,444,True,3236,3236,True,0.4531,0.001294,188.0
63,19,True,187,fhe,2042,2042,True,66,66,True,0.1361,0.001372,188.0
63,20,False,6244,prompt,13,13,True,13,13,True,0.4192,0.002402,188.0
63,21,True,21372,fhe,380,380,True,380,380,True,0.6196,0.000858,188.0
63,22,True,510,fhe,806,806,True,18353,18353,True,1.1382,0.004449,188.0
63,23,True,13,fhe,5922,5922,True,5922,5922,True,0.304,0.001223,188.0
63,24,False,22442,prompt,13,13,True,13,13,True,1.555,0.001508,188.0
63,25,True,313,fhe,10383,10383,True,10383,10383,True,1.2282,0.001426,188.0
63,26,True,3210,fhe,15,15,True,15,15,True,1.0533,0.001823,188.0
63,27,True,1740,fhe,7590,7590,True,7590,7590,True,0.7997,0.001118,188.0
63,28,False,2586,prompt,13,13,True,13,13,True,0.6694,0.000808,188.0
63,29,True,773,fhe,7779,7779,True,936,936,True,0.6478,0.002328,188.0
63,30,True,1789,fhe,15,15,True,313,313,True,0.0365,0.000936,188.0
63,31,True,434,fhe,45199,45199,True,5352,5352,True,0.3847,0.004947,188.0
63,32,False,2007,prompt,1491,1491,True,1491,1491,True,4.9559,0.0017,188.0
63,33,True,11123,fhe,15,15,True,15,15,True,0.1026,0.001369,188.0
63,34,True,3678,fhe,812,812,True,812,812,True,0.4966,0.004831,188.0
63,35,True,14,fhe,25512,25512,True,25512,25512,True,0.1605,0.009446,188.0
63,36,False,556,prompt,644,644,True,644,644,True,1.8353,0.002083,188.0
63,37,True,13,fhe,285,285,True,417,417,True,0.7744,0.001969,188.0
63,38,True,4753,fhe,13,13,True,896,896,True,0.0404,0.001522,188.0
63,39,True,25512,fhe,394,394,True,394,394,True,4.6247,0.004934,188.0
63,40,False,285,prompt,253,253,True,3480,3480,True,1.6924,0.003394,188.0
63,41,True,1786,fhe,273,273,True,273,273,True,1.1098,0.001057,188.0
63,42,True,342,fhe,253,253,True,12925,12925,True,0.247,0.0034,188.0
63,43,True,187,fhe,510,510,True,510,510,True,0.8617,0.004467,188.0
63,44,False,4459,prompt,253,253,True,1977,1977,True,1.6924,0.002599,188.0
63,45,True,1978,fhe,368,368,True,731,731,True,0.5077,0.002347,188.0
63,46,True,326,fhe,21646,21646,True,359,359,True,0.0908,0.003034,188.0
63,47,True,7024,fhe,327,327,True,327,327,True,1.667,0.001941,188.0
63,48,False,13438,prompt,1537,1537,True,1537,1537,True,0.5935,0.000834,188.0
63,49,True,1501,fhe,14,14,True,14,14,True,3.2195,0.010899,188.0
63,50,True,3808,fhe,273,273,True,5074,5074,True,0.8496,0.002298,188.0
63,51,True,715,fhe,1264,1264,True,1264,1264,True,0.6363,0.000753,188.0
63,52,True,15,prompt,187,187,True,187,187,True,0.9456,0.001281,188.0
63,53,True,80,fhe,14,14,True,14,14,True,4.7343,0.002129,188.0
63,54,True,13,fhe,10583,10583,True,6505,6505,True,0.044,0.001402,188.0
63,55,True,352,fhe,281,281,True,281,281,True,1.1895,0.001951,188.0
63,56,False,285,prompt,390,390,True,39408,39408,True,0.3079,0.003478,188.0
63,57,True,2847,fhe,4723,4723,True,894,894,True,0.692,0.00155,188.0
63,58,True,5112,fhe,46041,46041,True,1342,1342,True,1.5765,0.004189,188.0
63,59,True,1007,fhe,387,387,True,896,896,True,0.9406,0.001206,188.0
63,60,False,3971,prompt,15,15,True,281,281,True,0.3333,0.000684,188.0
63,61,True,380,fhe,10688,10688,True,2169,2169,True,1.3358,0.002528,188.0
63,62,True,247,fhe,2685,2685,True,2685,2685,True,0.3745,0.001627,188.0
63,63,True,715,fhe,6315,6315,True,767,767,True,0.2718,0.001215,188.0
64,0,False,2784,prompt,327,327,True,327,327,True,1.2646,0.001964,188.0
64,1,True,1027,fhe,3603,3603,True,5793,5793,True,1.2135,0.003886,188.0
64,2,True,4428,fhe,670,670,True,625,625,True,1.3691,0.00352,188.0
64,3,True,48833,fhe,13,13,True,13,13,True,1.2963,0.002421,188.0
64,4,False,253,prompt,27892,27892,True,27892,27892,True,1.3402,0.007522,188.0
64,5,True,2885,fhe,5202,5202,True,5202,5202,True,0.86,0.002294,188.0
64,6,True,6838,fhe,651,651,True,840,840,True,1.0249,0.001246,188.0
64,7,True,273,fhe,8357,8357,True,8357,8357,True,1.0106,0.001263,188.0
64,8,False,11260,prompt,3037,3037,True,3037,3037,True,0.0957,0.001663,188.0
64,9,True,510,fhe,954,954,True,954,954,True,0.0049,0.003156,188.0
64,10,True,3678,fhe,14839,14839,True,14839,14839,True,4.3609,0.001983,188.0
64,11,True,634,fhe,2495,2495,True,2495,2495,True,2.4659,0.004993,188.0
64,12,False,14072,prompt,14795,14795,True,5558,5558,True,2.326,0.003352,188.0
64,13,True,598,fhe,253,253,True,253,253,True,3.0,0.00206,188.0
64,14,True,9129,fhe,10253,10253,True,10253,10253,True,1.4391,0.002337,188.0
64,15,True,253,fhe,3906,3906,True,3906,3906,True,0.1397,0.000701,188.0
64,16,False,556,prompt,247,247,True,697,697,True,0.3549,0.001203,188.0
64,17,True,745,fhe,253,253,True,253,253,True,3.6641,0.002543,188.0
64,18,True,3236,fhe,2715,2715,True,2715,2715,True,0.3511,0.000728,188.0
64,19,True,66,fhe,426,426,True,426,426,True,0.4987,0.002868,188.0
64,20,False,13,prompt,5074,5074,True,534,534,True,0.1497,0.00219,188.0
64,21,True,380,fhe,3159,3159,True,3159,3159,True,1.8748,0.00126,188.0
64,22,True,18353,fhe,1929,1929,True,8115,8115,True,1.0403,0.001211,188.0
64,23,True,5922,fhe,13,13,True,13,13,True,3.6237,0.002847,188.0
64,24,False,2136,prompt,13,13,True,13,13,True,1.5439,0.001347,188.0
64,25,True,10383,fhe,337,337,True,337,337,True,0.0103,0.000752,188.0
64,26,True,15,fhe,187,187,True,1583,1583,True,1.2444,0.001283,188.0
64,27,True,7590,fhe,932,932,True,932,932,True,4.2588,0.003795,188.0
64,28,True,15,prompt,187,187,True,187,187,True,1.1795,0.001973,188.0
64,29,True,936,fhe,320,320,True,320,320,True,0.888,0.001451,188.0
64,30,True,313,fhe,10328,10328,True,10328,10328,True,1.5902,0.00247,188.0
64,31,True,5352,fhe,1824,1824,True,1824,1824,True,3.9282,0.003565,188.0
64,32,False,1491,prompt,13,13,True,13,13,True,7.3377,0.000907,188.0
64,33,True,15,fhe,380,380,True,187,187,True,0.0044,0.001948,188.0
64,34,True,812,fhe,320,320,True,320,320,True,4.7272,0.001318,188.0
64,35,True,25512,fhe,394,394,True,394,394,True,4.6699,0.007571,188.0
64,36,False,2168,prompt,644,644,True,644,644,True,2.9218,0.00328,188.0
64,37,True,417,fhe,432,432,True,432,432,True,0.5119,0.002337,188.0
64,38,True,896,fhe,715,715,True,715,715,True,2.9843,0.001323,188.0
64,39,True,394,fhe,273,273,True,273,273,True,3.4914,0.001281,188.0
64,40,False,253,prompt,3480,3480,True,3480,3480,True,0.3932,0.01326,188.0
64,41,True,273,fhe,253,253,True,512,512,True,0.3828,0.000552,188.0
64,42,True,12925,fhe,327,327,True,327,327,True,0.8805,0.000517,188.0
64,43,True,510,fhe,1263,1263,True,8607,8607,True,0.7265,0.000946,188.0
64,44,False,352,prompt,1977,1977,True,1977,1977,True,0.9212,0.001149,188.0
64,45,True,731,fhe,275,275,True,432,432,True,0.4163,0.001623,188.0
64,46,True,359,fhe,878,878,True,878,878,True,0.3467,0.002453,188.0
64,47,True,327,fhe,697,697,True,849,849,True,0.1441,0.000925,188.0
64,48,False,1537,prompt,320,320,True,2486,2486,True,0.7829,0.003908,188.0
64,49,True,14,fhe,45134,45134,True,45134,45134,True,5.6955,0.004474,188.0
64,50,True,5074,fhe,403,403,True,3153,3153,True,0.4002,0.001965,188.0
64,51,True,1264,fhe,2022,2022,True,2022,2022,True,0.7798,0.001654,188.0
64,52,True,187,fhe,510,510,True,510,510,True,1.2218,0.001002,188.0
64,53,True,14,fhe,40,40,True,40,40,True,3.9517,0.004751,188.0
64,54,True,6505,fhe,13,13,True,13,13,True,2.7595,0.001816,188.0
64,55,True,281,fhe,4616,4616,True,4616,4616,True,0.7573,0.001505,188.0
64,56,False,1485,prompt,261,261,True,261,261,True,0.7409,0.006474,188.0
64,57,True,894,fhe,4723,4723,True,2471,2471,True,1.3505,0.007995,188.0
64,58,True,1342,fhe,7406,7406,True,25298,25298,True,0.892,0.002101,188.0
64,59,True,896,fhe,275,275,True,275,275,True,1.2713,0.001388,188.0
64,60,False,275,prompt,3186,3186,True,3186,3186,True,0.0843,0.001268,188.0
64,61,True,2169,fhe,253,253,True,253,253,True,3.2335,0.004349,188.0
64,62,True,2685,fhe,2281,2281,True,2281,2281,True,2.9686,0.002319,188.0
64,63,True,767,fhe,8094,8094,True,8094,8094,True,1.2749,0.003251,188.0
65,0,False,327,prompt,253,253,True,1016,1016,True,0.9033,0.001831,188.0
65,1,True,5793,fhe,3607,3607,True,3607,3607,True,0.3582,0.003564,188.0
65,2,True,625,fhe,685,685,True,685,685,True,3.1275,0.000713,188.0
65,3,True,13,fhe,36374,36374,True,36374,36374,True,0.6662,0.00171,188.0
65,4,False,10238,prompt,327,327,True,327,327,True,0.5432,0.00127,188.0
65,5,True,5202,fhe,15,15,True,390,390,True,0.9117,0.001501,188.0
65,6,True,840,fhe,651,651,True,4159,4159,True,0.4796,0.002434,188.0
65,7,True,8357,fhe,13,13,True,285,285,True,0.6836,0.000691,188.0
65,8,False,5649,prompt,432,432,True,432,432,True,3.1864,0.002414,188.0
65,9,True,954,fhe,1846,1846,True,1846,1846,True,2.7936,0.005416,188.0
65,10,True,14839,fhe,13,13,True,13,13,True,0.5003,0.003354,188.0
65,11,True,2495,fhe,273,273,True,273,273,True,2.1537,0.000779,188.0
65,12,False,14795,prompt,15,15,True,326,326,True,0.7518,0.002262,188.0
65,13,True,253,fhe,1824,1824,True,2553,2553,True,1.932,0.003108,188.0
65,14,True,10253,fhe,2458,2458,True,2458,2458,True,9.3491,0.002457,188.0
65,15,True,3906,fhe,15,15,True,15,15,True,2.3233,0.000622,188.0
65,16,False,247,prompt,3638,3638,True,3638,3638,True,0.1121,0.001996,188.0
65,17,True,253,fhe,4376,4376,True,4376,4376,True,3.6006,0.010494,188.0
65,18,True,2715,fhe,369,369,True,369,369,True,0.5879,0.001172,188.0
65,19,True,426,fhe,374,374,True,374,374,True,0.0224,0.001586,188.0
65,20,False,697,prompt,1211,1211,True,1211,1211,True,7.171,0.003384,188.0
65,21,True,3159,fhe,773,773,True,369,369,True,0.3734,0.001406,188.0
65,22,True,8115,fhe,273,273,True,497,497,True,1.2507,0.000921,188.0
65,23,True,13,fhe,5910,5910,True,5910,5910,True,0.6661,0.002465,188.0
65,24,False,13,prompt,533,533,True,285,285,True,0.7708,0.002198,188.0
65,25,True,337,fhe,15,15,True,3041,3041,True,1.8116,0.00096,188.0
65,26,True,1583,fhe,897,897,True,671,671,True,0.8447,0.003109,188.0
65,27,True,932,fhe,13,13,True,13,13,True,0.2683,0.002215,188.0
65,28,True,187,fhe,510,510,True,510,510,True,1.2874,0.001838,188.0
65,29,True,320,fhe,3779,3779,True,1425,1425,True,0.1143,0.001522,188.0
65,30,True,10328,fhe,347,347,True,347,347,True,6.29,0.001651,188.0
65,31,True,1824,fhe,15,15,True,15,15,True,1.3162,0.002866,188.0
65,32,False,13,prompt,7279,7279,True,7279,7279,True,3.522,0.002588,188.0
65,33,True,187,fhe,510,510,True,510,510,True,1.5308,0.003602,188.0
65,34,True,320,fhe,908,908,True,15676,15676,True,1.0114,0.002223,188.0
65,35,True,394,fhe,273,273,True,273,273,True,3.523,0.000536,188.0
65,36,False,644,prompt,16042,16042,True,16042,16042,True,0.032,0.004435,188.0
65,37,True,432,fhe,253,253,True,253,253,True,2.6163,0.00146,188.0
65,38,True,715,fhe,253,253,True,253,253,True,1.7582,0.001014,188.0
65,39,True,273,fhe,253,253,True,697,697,True,0.7604,0.000653,188.0
65,40,False,2701,prompt,1417,1417,True,1417,1417,True,0.6798,0.003626,188.0
65,41,True,512,fhe,952,952,True,952,952,True,2.1258,0.000984,188.0
65,42,True,327,fhe,849,849,True,849,849,True,2.4853,0.001867,188.0
65,43,True,8607,fhe,671,671,True,671,671,True,0.3624,0.001328,188.0
65,44,False,896,prompt,281,281,True,281,281,True,0.8821,0.000595,188.0
65,45,True,432,fhe,4886,4886,True,4886,4886,True,0.4319,0.005219,188.0
65,46,True,878,fhe,281,281,True,281,281,True,4.7654,0.00069,188.0
65,47,True,849,fhe,1199,1199,True,1199,1199,True,1.212,0.005526,188.0
65,48,False,2770,prompt,327,327,True,327,327,True,3.2393,0.000762,188.0
65,49,True,45134,fhe,4073,4073,True,4073,4073,True,7.6263,0.007624,188.0
65,50,True,3153,fhe,275,275,True,323,323,True,1.1223,0.002515,188.0
65,51,True,2022,fhe,4811,4811,True,4811,4811,True,0.6701,0.004038,188.0
65,52,True,510,fhe,6335,6335,True,2419,2419,True,0.0999,0.000776,188.0
65,53,True,40,fhe,606,606,True,606,606,True,3.1248,0.005504,188.0
65,54,True,13,fhe,390,390,True,2500,2500,True,0.8742,0.004825,188.0
65,55,True,4616,fhe,616,616,True,616,616,True,0.8405,0.002548,188.0
65,56,False,261,prompt,422,422,True,422,422,True,3.5897,0.005068,188.0
65,57,True,2471,fhe,15,15,True,15,15,True,1.2642,0.000575,188.0
65,58,True,25298,fhe,14,14,True,14,14,True,1.2251,0.001346,188.0
65,59,True,275,fhe,673,673,True,673,673,True,3.7496,0.002301,188.0
65,60,False,253,prompt,1072,7237,False,7237,7237,True,0.0067,0.004908,188.0
65,61,True,253,fhe,8487,8487,True,1180,1180,True,2.4021,0.004846,188.0
65,62,True,2281,fhe,273,273,True,273,273,True,2.6808,0.000686,188.0
65,63,True,8094,fhe,273,273,True,273,273,True,2.0322,0.001623,188.0
66,0,False,36207,prompt,457,457,True,778,778,True,0.0276,0.000937,188.0
66,1,True,3607,fhe,273,273,True,273,273,True,2.4318,0.001869,188.0
66,2,True,685,fhe,2716,2716,True,2716,2716,True,0.2465,0.001204,188.0
66,3,True,36374,fhe,265,265,True,265,265,True,5.2266,0.001183,188.0
66,4,False,275,prompt,3200,3200,True,3200,3200,True,0.5317,0.007105,188.0
66,5,True,390,fhe,11111,11111,True,11111,11111,True,1.2015,0.001091,188.0
66,6,True,4159,fhe,1066,1066,True,616,616,True,0.2403,0.001945,188.0
66,7,True,285,fhe,13237,13237,True,13237,13237,True,0.5695,0.001067,188.0
66,8,False,432,prompt,253,253,True,253,253,True,0.4236,0.003246,188.0
66,9,True,1846,fhe,19831,19831,True,19831,19831,True,0.0178,0.003176,188.0
66,10,True,13,fhe,285,285,True,534,534,True,0.377,0.003837,188.0
66,11,True,273,fhe,6684,6684,True,6684,6684,True,1.2515,0.002616,188.0
66,12,False,13,prompt,534,534,True,534,534,True,0.3632,0.005815,188.0
66,13,True,2553,fhe,273,273,True,273,273,True,0.1777,0.00187,188.0
66,14,True,2458,fhe,13,13,True,13,13,True,0.5423,0.001141,188.0
66,15,True,15,fhe,187,187,True,329,329,True,0.202,0.001337,188.0
66,16,False,2629,prompt,6907,6907,True,6907,6907,True,0.1937,0.004129,188.0
66,17,True,4376,fhe,273,273,True,323,323,True,1.5082,0.001554,188.0
66,18,True,369,fhe,3863,3863,True,3863,3863,True,0.7903,0.002887,188.0
66,19,True,374,fhe,559,559,True,559,559,True,1.1307,0.001272,188.0
66,20,False,1211,prompt,8825,8825,True,8825,8825,True,0.1404,0.001349,188.0
66,21,True,369,fhe,806,806,True,806,806,True,1.3867,0.002666,188.0
66,22,True,497,fhe,1160,1160,True,8392,8392,True,0.3639,0.001537,188.0
66,23,True,5910,fhe,13,13,True,13,13,True,3.6012,0.002478,188.0
66,24,False,594,prompt,326,326,True,326,326,True,0.5645,0.00263,188.0
66,25,True,3041,fhe,1107,1107,True,1107,1107,True,1.1074,0.002638,188.0
66,26,True,671,fhe,897,897,True,1007,1007,True,1.2825,0.002939,188.0
66,27,True,13,fhe,285,285,True,534,534,True,0.2992,0.001772,188.0
66,28,True,510,fhe,6194,6194,True,1735,1735,True,0.3931,0.001135,188.0
66,29,True,1425,fhe,23790,23790,True,23790,23790,True,0.2702,0.001383,188.0
66,30,True,347,fhe,253,253,True,253,253,True,0.1304,0.001112,188.0
66,31,True,15,fhe,187,187,True,187,187,True,0.0899,0.000838,188.0
66,32,False,7279,prompt,634,634,True,634,634,True,5.2775,0.001254,188.0
66,33,True,510,fhe,806,806,True,954,954,True,1.5868,0.001118,188.0
66,34,True,15676,fhe,281,281,True,281,281,True,1.8148,0.000712,188.0
66,35,True,273,fhe,253,253,True,697,697,True,0.7368,0.002394,188.0
66,36,False,4211,prompt,15,15,True,281,281,True,0.6992,0.001944,188.0
66,37,True,253,fhe,8467,8467,True,3216,3216,True,1.3593,0.001718,188.0
66,38,True,253,fhe,8825,8825,True,6149,6149,True,2.9984,0.001449,188.0
66,39,True,697,fhe,2264,2264,True,2264,2264,True,1.331,0.005135,188.0
66,40,False,1417,prompt,6186,6186,True,6186,6186,True,1.231,0.003582,188.0
66,41,True,952,fhe,15,15,True,15,15,True,0.4812,0.001087,188.0
66,42,True,849,fhe,281,281,True,281,281,True,2.9788,0.000559,188.0
66,43,True,671,fhe,1119,1119,True,3261,3261,True,1.7179,0.001849,188.0
66,44,False,1066,prompt,281,281,True,281,281,True,0.1198,0.000718,188.0
66,45,True,4886,fhe,15,15,True,1512,1512,True,1.3903,0.000811,188.0
66,46,True,281,fhe,320,320,True,320,320,True,1.0429,0.006914,188.0
66,47,True,1199,fhe,2341,2341,True,2280,2280,True,0.0761,0.000843,188.0
66,48,False,327,prompt,253,253,True,253,253,True,2.374,0.001293,188.0
66,49,True,4073,fhe,8984,8984,True,8984,8984,True,3.8281,0.001359,188.0
66,50,True,323,fhe,247,247,True,6763,6763,True,0.8384,0.002468,188.0
66,51,True,4811,fhe,27,27,True,27,27,True,0.4457,0.003035,188.0
66,52,True,2419,fhe,369,369,True,369,369,True,0.8576,0.011321,188.0
66,53,True,606,fhe,1999,1999,True,1999,1999,True,4.6588,0.01253,188.0
66,54,True,2500,fhe,17638,17638,True,17638,17638,True,5.8802,0.001541,188.0
66,55,True,616,fhe,10229,10229,True,10229,10229,True,0.6149,0.007316,188.0
66,56,False,422,prompt,390,390,True,26527,26527,True,0.0592,0.00103,188.0
66,57,True,15,fhe,380,380,True,380,380,True,1.3038,0.001899,188.0
66,58,True,14,fhe,32618,32618,True,44630,44630,True,0.1406,0.001062,188.0
66,59,True,673,fhe,285,285,True,285,285,True,0.0061,0.000959,188.0
66,60,False,8467,prompt,15,15,True,15,15,True,0.3395,0.001545,188.0
66,61,True,1180,fhe,13,13,True,13,13,True,1.6368,0.001531,188.0
66,62,True,273,fhe,1679,1679,True,1679,1679,True,0.6021,0.000903,188.0
66,63,True,273,fhe,6315,6315,True,9946,9946,True,0.693,0.002135,188.0
67,0,False,3133,prompt,281,281,True,751,751,True,1.3718,0.002173,188.0
67,1,True,273,fhe,3603,3603,True,3603,3603,True,0.1729,0.001852,188.0
67,2,True,2716,fhe,247,247,True,347,347,True,0.6625,0.002108,188.0
67,3,True,265,fhe,13,13,True,13,13,True,2.298,0.000875,188.0
67,4,False,697,prompt,1211,1211,True,1211,1211,True,0.793,0.001525,188.0
67,5,True,11111,fhe,538,538,True,538,538,True,5.7344,0.001615,188.0
67,6,True,616,fhe,1211,1211,True,1211,1211,True,1.0683,0.001087,188.0
67,7,True,13237,fhe,2572,2572,True,2572,2572,True,0.4549,0.00305,188.0
67,8,False,253,prompt,1557,1557,True,3361,3361,True,0.1801,0.004236,188.0
67,9,True,19831,fhe,273,273,True,273,273,True,1.4681,0.001192,188.0
67,10,True,534,fhe,403,403,True,403,403,True,0.882,0.003229,188.0
67,11,True,6684,fhe,2798,2798,True,14215,14215,True,0.2587,0.004365,188.0
67,12,False,7141,prompt,275,275,True,323,323,True,1.8296,0.00277,188.0
67,13,True,273,fhe,253,253,True,253,253,True,2.8754,0.001626,188.0
67,14,True,13,fhe,665,665,True,665,665,True,0.3837,0.001085,188.0
67,15,True,329,fhe,7431,7431,True,1436,1436,True,1.1832,0.000913,188.0
67,16,False,337,prompt,14,14,True,16,16,True,0.7411,0.002777,188.0
67,17,True,323,fhe,747,747,True,747,747,True,2.4074,0.007165,188.0
67,18,True,3863,fhe,275,275,True,275,275,True,2.7847,0.000487,188.0
67,19,True,559,fhe,374,374,True,270,270,True,0.3225,0.002781,188.0
67,20,False,22392,prompt,13,13,True,13,13,True,1.8348,0.000713,188.0
67,21,True,806,fhe,908,908,True,908,908,True,1.8231,0.00197,188.0
67,22,True,8392,fhe,407,407,True,327,327,True,0.4608,0.002113,188.0
67,23,True,13,fhe,5540,5540,True,5540,5540,True,0.425,0.001662,188.0
67,24,False,326,prompt,344,344,True,344,344,True,2.1944,0.000685,188.0
67,25,True,1107,fhe,3622,3622,True,3622,3622,True,5.0447,0.000695,188.0
67,26,True,1007,fhe,387,387,True,387,387,True,2.6467,0.003874,188.0
67,27,True,534,fhe,403,403,True,1527,1527,True,1.7324,0.005441,188.0
67,28,True,1735,fhe,4131,4131,True,4131,4131,True,0.1063,0.001127,188.0
67,29,True,23790,fhe,310,310,True,369,369,True,0.8611,0.001818,188.0
67,30,True,253,fhe,5101,5101,True,2553,2553,True,1.6803,0.005727,188.0
67,31,True,187,fhe,510,510,True,510,510,True,2.9243,0.00097,188.0
67,32,False,634,prompt,1375,1375,True,1375,1375,True,3.622,0.021391,188.0
67,33,True,954,fhe,8530,8530,True,8530,8530,True,0.6783,0.003971,188.0
67,34,True,281,fhe,4711,4711,True,4711,4711,True,0.5026,0.001353,188.0
67,35,True,697,fhe,2264,2264,True,2862,2862,True,1.4075,0.007671,188.0
67,36,True,15,prompt,187,187,True,187,187,True,0.8632,0.001072,188.0
67,37,True,3216,fhe,15,15,True,15,15,True,0.9922,0.001252,188.0
67,38,True,6149,fhe,13,13,True,13,13,True,0.7839,0.004945,188.0
67,39,True,2264,fhe,4644,4644,True,4644,4644,True,0.395,0.003865,188.0
67,40,False,11659,prompt,273,273,True,273,273,True,7.1644,0.001642,188.0
67,41,True,15,fhe,380,380,True,380,380,True,0.4154,0.001049,188.0
67,42,True,281,fhe,9798,9798,True,9798,9798,True,1.2167,0.006675,188.0
67,43,True,3261,fhe,387,387,True,387,387,True,2.4966,0.00088,188.0
67,44,False,281,prompt,253,253,True,253,253,True,3.6396,0.001085,188.0
67,45,True,1512,fhe,1199,1199,True,1199,1199,True,2.2522,0.004912,188.0
67,46,True,320,fhe,10182,10182,True,10182,10182,True,0.9738,0.001833,188.0
67,47,True,2280,fhe,352,352,True,352,352,True,0.9641,0.00115,188.0
67,48,False,13253,prompt,587,587,True,587,587,True,6.3868,0.002921,188.0
67,49,True,8984,fhe,313,313,True,313,313,True,0.0976,0.000868,188.0
67,50,True,6763,fhe,273,273,True,390,390,True,2.2461,0.00103,188.0
67,51,True,27,fhe,253,253,True,253,253,True,2.6158,0.003629,188.0
67,52,True,369,fhe,247,247,True,6325,6325,True,0.0031,0.003451,188.0
67,53,True,1999,fhe,13,13,True,13,13,True,2.5197,0.001934,188.0
67,54,True,17638,fhe,13,13,True,13,13,True,2.5852,0.001179,188.0
67,55,True,10229,fhe,285,285,True,2439,2439,True,0.1217,0.002129,188.0
67,56,False,21827,prompt,4123,4123,True,4123,4123,True,6.2854,0.00399,188.0
67,57,True,380,fhe,3754,3754,True,8607,8607,True,0.919,0.001391,188.0
67,58,True,44630,fhe,37191,37191,True,37191,37191,True,6.6202,0.001394,188.0
67,59,True,285,fhe,923,923,True,923,923,True,2.7398,0.001055,188.0
67,60,True,15,prompt,187,187,True,187,187,True,0.3979,0.000844,188.0
67,61,True,13,fhe,253,253,True,253,253,True,6.6344,0.001472,188.0
67,62,True,1679,fhe,685,685,True,685,685,True,3.0248,0.001148,188.0
67,63,True,9946,fhe,285,285,True,285,285,True,0.6437,0.002341,188.0
68,0,False,281,prompt,320,320,True,320,320,True,1.0627,0.004349,188.0
68,1,True,3603,fhe,275,275,True,1754,1754,True,0.5631,0.003819,188.0
68,2,True,347,fhe,1199,1199,True,1199,1199,True,3.1297,0.001068,188.0
68,3,True,13,fhe,285,285,True,44091,44091,True,2.0612,0.001519,188.0
68,4,False,2457,prompt,5281,5281,True,5281,5281,True,0.2552,0.001885,188.0
68,5,True,538,fhe,15,15,True,15,15,True,0.6897,0.000913,188.0
68,6,True,1211,fhe,6281,6281,True,6281,6281,True,1.3834,0.005815,188.0
68,7,True,2572,fhe,253,253,True,253,253,True,1.9358,0.002905,188.0
68,8,False,8385,prompt,15,15,True,273,273,True,0.5077,0.001306,188.0
68,9,True,273,fhe,367,367,True,367,367,True,3.7719,0.005461,188.0
68,10,True,403,fhe,8479,8479,True,8479,8479,True,0.007,0.006335,188.0
68,11,True,14215,fhe,2798,2798,True,2798,2798,True,3.1689,0.004769,188.0
68,12,False,275,prompt,247,247,True,10058,10058,True,0.2473,0.003955,188.0
68,13,True,253,fhe,1824,1824,True,14593,14593,True,1.8307,0.00979,188.0
68,14,True,665,fhe,908,908,True,497,497,True,0.4131,0.008058,188.0
68,15,True,1436,fhe,778,778,True,665,665,True,0.3936,0.001067,188.0
68,16,False,12132,prompt,7877,7877,True,7877,7877,True,0.0901,0.002899,188.0
68,17,True,747,fhe,3379,3379,True,3379,3379,True,2.2705,0.004564,188.0
68,18,True,275,fhe,1283,1283,True,1283,1283,True,1.0915,0.003154,188.0
68,19,True,270,fhe,559,559,True,559,559,True,1.0781,0.007027,188.0
68,20,False,13,prompt,285,285,True,285,285,True,1.2104,0.001486,188.0
68,21,True,908,fhe,275,275,True,275,275,True,1.1385,0.001347,188.0
68,22,True,327,fhe,247,247,True,2929,2929,True,0.7715,0.00321,188.0
68,23,True,5540,fhe,13,13,True,13,13,True,3.7598,0.005633,188.0
68,24,False,344,prompt,1537,1537,True,1537,1537,True,1.1572,0.000922,188.0
68,25,True,3622,fhe,481,481,True,481,481,True,0.4721,0.003445,188.0
68,26,True,387,fhe,253,253,True,752,752,True,0.0184,0.001037,188.0
68,27,True,1527,fhe,275,275,True,715,715,True,0.7695,0.004863,188.0
68,28,True,4131,fhe,253,253,True,253,253,True,0.7098,0.001436,188.0
68,29,True,369,fhe,908,908,True,908,908,True,0.9715,0.001823,188.0
68,30,True,2553,fhe,273,273,True,273,273,True,1.5059,0.00379,188.0
68,31,True,510,fhe,10550,10550,True,10550,10550,True,1.0557,0.003712,188.0
68,32,False,1375,prompt,457,457,True,457,457,True,1.4495,0.001544,188.0
68,33,True,8530,fhe,273,273,True,4177,4177,True,0.8565,0.001259,188.0
68,34,True,4711,fhe,4250,4250,True,4250,4250,True,1.0115,0.005643,188.0
68,35,True,2862,fhe,2553,2553,True,2553,2553,True,0.1084,0.003037,188.0
68,36,True,187,fhe,510,510,True,510,510,True,1.2768,0.000949,188.0
68,37,True,15,fhe,380,380,True,380,380,True,0.2055,0.001527,188.0
68,38,True,13,fhe,534,534,True,534,534,True,0.2951,0.007524,188.0
68,39,True,4644,fhe,15,15,True,15,15,True,1.3479,0.000458,188.0
68,40,False,273,prompt,7768,7768,True,7768,7768,True,0.0595,0.001443,188.0
68,41,True,380,fhe,427,427,True,427,427,True,1.6575,0.001023,188.0
68,42,True,9798,fhe,5859,5859,True,5859,5859,True,1.7478,0.001925,188.0
68,43,True,387,fhe,253,253,True,849,849,True,0.9168,0.003489,188.0
68,44,False,253,prompt,6150,6150,True,6150,6150,True,1.1686,0.003593,188.0
68,45,True,1199,fhe,15,15,True,390,390,True,1.5831,0.002525,188.0
68,46,True,10182,fhe,670,670,True,672,672,True,0.7012,0.000903,188.0
68,47,True,352,fhe,310,310,True,310,310,True,0.5762,0.000789,188.0
68,48,False,587,prompt,41868,41868,True,41868,41868,True,0.5874,0.002912,188.0
68,49,True,313,fhe,5736,5736,True,5736,5736,True,7.8396,0.005699,188.0
68,50,True,390,fhe,9790,9790,True,1014,1014,True,1.4143,0.001588,188.0
68,51,True,253,fhe,49389,49389,True,11186,11186,True,1.1845,0.003737,188.0
68,52,True,6325,fhe,15,15,True,15,15,True,0.1671,0.000462,188.0
68,53,True,13,fhe,253,253,True,253,253,True,0.8341,0.000448,188.0
68,54,True,13,fhe,390,390,True,3966,3966,True,0.7612,0.009201,188.0
68,55,True,2439,fhe,253,253,True,253,253,True,3.7608,0.000604,188.0
68,56,False,4123,prompt,635,635,True,635,635,True,8.414,0.006217,188.0
68,57,True,8607,fhe,1119,1119,True,1119,1119,True,0.9207,0.004841,188.0
68,58,True,37191,fhe,367,367,True,2070,2070,True,0.0646,0.000997,188.0
68,59,True,923,fhe,849,849,True,752,752,True,0.7444,0.002934,188.0
68,60,True,187,fhe,510,510,True,510,510,True,1.4115,0.000939,188.0
68,61,True,253,fhe,625,625,True,625,625,True,1.2516,0.004389,188.0
68,62,True,685,fhe,337,337,True,374,374,True,1.0015,0.003958,188.0
68,63,True,285,fhe,7768,7768,True,581,581,True,1.5359,0.003612,188.0
69,0,False,320,prompt,247,247,True,271,271,True,0.9444,0.004586,188.0
69,1,True,1754,fhe,327,327,True,2220,2220,True,2.5339,0.002996,188.0
69,2,True,1199,fhe,2280,2280,True,2280,2280,True,1.0479,0.00286,188.0
69,3,True,44091,fhe,36850,36850,True,36850,36850,True,2.2112,0.001422,188.0
69,4,False,5281,prompt,15,15,True,15,15,True,1.6272,0.001862,188.0
69,5,True,15,fhe,380,380,True,831,831,True,0.1467,0.001205,188.0
69,6,True,6281,fhe,13,13,True,1754,1754,True,0.5869,0.000893,188.0
69,7,True,253,fhe,2408,2408,True,1180,1180,True,1.7519,0.007854,188.0
69,8,True,15,prompt,187,187,True,187,187,True,2.7648,0.001212,188.0
69,9,True,367,fhe,2350,2350,True,2350,2350,True,7.882,0.007373,188.0
69,10,True,8479,fhe,4156,4156,True,22244,22244,True,0.7902,0.001058,188.0
69,11,True,2798,fhe,2728,2728,True,2728,2728,True,5.5496,0.000979,188.0
69,12,False,1341,prompt,1925,1925,True,1925,1925,True,0.2207,0.001039,188.0
69,13,True,14593,fhe,15,15,True,390,390,True,2.1408,0.003359,188.0
69,14,True,497,fhe,253,253,True,1929,1929,True,0.801,0.001324,188.0
69,15,True,665,fhe,310,310,True,556,556,True,0.3466,0.001801,188.0
69,16,False,9544,prompt,15,15,True,313,313,True,1.2593,0.001051,188.0
69,17,True,3379,fhe,45789,45789,True,45789,45789,True,1.144,0.031406,188.0
69,18,True,1283,fhe,3680,3680,True,3680,3680,True,0.7523,0.00333,188.0
69,19,True,559,fhe,260,260,True,260,260,True,2.4284,0.001792,188.0
69,20,False,285,prompt,697,697,True,690,690,True,1.0305,0.002192,188.0
69,21,True,275,fhe,253,253,True,4383,4383,True,1.0932,0.001262,188.0
69,22,True,2929,fhe,390,390,True,390,390,True,0.1577,0.002374,188.0
69,23,True,13,fhe,5345,5345,True,5345,5345,True,0.0476,0.001739,188.0
69,24,False,1537,prompt,452,452,True,452,452,True,0.1089,0.002778,188.0
69,25,True,481,fhe,380,380,True,380,380,True,0.2629,0.002247,188.0
69,26,True,752,fhe,310,310,True,6569,6569,True,0.1202,0.000697,188.0
69,27,True,715,fhe,247,247,True,25784,25784,True,0.3267,0.003545,188.0
69,28,True,253,fhe,6194,6194,True,6194,6194,True,3.3374,0.004164,188.0
69,29,True,908,fhe,281,281,True,347,347,True,0.3586,0.001478,188.0
69,30,True,273,fhe,253,253,True,253,253,True,1.3623,0.001236,188.0
69,31,True,10550,fhe,7121,7121,True,7121,7121,True,0.1309,0.001898,188.0
69,32,False,457,prompt,84,84,True,84,84,True,14.2895,0.001716,188.0
69,33,True,4177,fhe,275,275,True,14,14,True,0.035,0.001527,188.0
69,34,True,4250,fhe,285,285,True,285,285,True,0.2175,0.001128,188.0
69,35,True,2553,fhe,2170,2170,True,2170,2170,True,2.3777,0.001798,188.0
69,36,True,510,fhe,3874,3874,True,1735,1735,True,0.7788,0.003717,188.0
69,37,True,380,fhe,3416,3416,True,9830,9830,True,0.7914,0.002478,188.0
69,38,True,534,fhe,310,310,True,275,275,True,0.5114,0.004006,188.0
69,39,True,15,fhe,380,380,True,187,187,True,0.1575,0.000916,188.0
69,40,False,1959,prompt,7768,7768,True,7768,7768,True,0.3991,0.003855,188.0
69,41,True,427,fhe,6663,6663,True,6663,6663,True,0.7833,0.001282,188.0
69,42,True,5859,fhe,13,13,True,13,13,True,0.3875,0.002316,188.0
69,43,True,849,fhe,9097,9097,True,1199,1199,True,0.2056,0.001703,188.0
69,44,False,14593,prompt,13,13,True,835,835,True,0.0307,0.002841,188.0
69,45,True,390,fhe,1512,1512,True,10805,10805,True,0.6332,0.0071,188.0
69,46,True,672,fhe,359,359,True,970,970,True,1.5215,0.002551,188.0
69,47,True,310,fhe,1160,1160,True,1160,1160,True,3.2906,0.001794,188.0
69,48,False,27471,prompt,15,15,True,824,824,True,0.1233,0.001144,188.0
69,49,True,5736,fhe,3871,3871,True,3871,3871,True,9.363,0.014294,188.0
69,50,True,1014,fhe,9790,9790,True,8307,8307,True,2.8895,0.001271,188.0
69,51,True,11186,fhe,13,13,True,2919,2919,True,1.237,0.00479,188.0
69,52,True,15,fhe,380,380,True,380,380,True,1.0319,0.000747,188.0
69,53,True,253,fhe,2102,2102,True,2102,2102,True,0.7545,0.001119,188.0
69,54,True,3966,fhe,15,15,True,904,904,True,2.5262,0.001336,188.0
69,55,True,253,fhe,13438,13438,True,13438,13438,True,2.3353,0.001701,188.0
69,56,False,635,prompt,31537,31537,True,31537,31537,True,0.5944,0.001399,188.0
69,57,True,1119,fhe,326,326,True,326,326,True,3.5395,0.001198,188.0
69,58,True,2070,fhe,367,367,True,353,353,True,1.4268,0.003415,188.0
69,59,True,752,fhe,4592,4592,True,4592,4592,True,0.1968,0.001743,188.0
69,60,True,510,fhe,11260,11260,True,3471,3471,True,0.2913,0.002161,188.0
69,61,True,625,fhe,6871,6871,True,2779,2779,True,1.2622,0.002135,188.0
69,62,True,374,fhe,15,15,True,42616,42616,True,0.935,0.002055,188.0
69,63,True,581,fhe,12570,12570,True,12570,12570,True,2.9858,0.00092,188.0
70,0,False,1077,prompt,1774,1774,True,1774,1774,True,0.1374,0.003139,188.0
70,1,True,2220,fhe,616,616,True,616,616,True,0.0259,0.001363,188.0
70,2,True,2280,fhe,347,347,True,347,347,True,4.6011,0.00315,188.0
70,3,True,36850,fhe,6372,6372,True,6372,6372,True,9.1873,0.006347,188.0
70,4,True,15,prompt,187,187,True,187,187,True,1.4865,0.001146,188.0
70,5,True,831,fhe,310,310,True,2624,2624,True,1.5186,0.000993,188.0
70,6,True,1754,fhe,327,327,True,327,327,True,3.2998,0.001185,188.0
70,7,True,1180,fhe,273,273,True,273,273,True,3.4658,0.000613,188.0
70,8,True,187,fhe,4125,4125,True,4125,4125,True,0.1079,0.003541,188.0
70,9,True,2350,fhe,310,310,True,310,310,True,3.9872,0.001529,188.0
70,10,True,22244,fhe,273,273,True,6749,6749,True,1.599,0.001907,188.0
70,11,True,2728,fhe,15,15,True,407,407,True,0.3292,0.002229,188.0
70,12,False,273,prompt,253,253,True,253,253,True,2.2528,0.003167,188.0
70,13,True,390,fhe,24740,24740,True,24740,24740,True,0.6937,0.001278,188.0
70,14,True,1929,fhe,323,323,True,323,323,True,1.5772,0.000962,188.0
70,15,True,556,fhe,644,644,True,5608,5608,True,1.0431,0.001145,188.0
70,16,True,15,prompt,380,380,True,187,187,True,0.3814,0.003001,188.0
70,17,True,45789,fhe,13,13,True,13,13,True,4.783,0.002581,188.0
70,18,True,3680,fhe,13,13,True,13,13,True,0.8934,0.000998,188.0
70,19,True,260,fhe,187,187,True,187,187,True,0.7336,0.001456,188.0
70,20,False,697,prompt,1211,1211,True,1211,1211,True,5.5688,0.002002,188.0
70,21,True,4383,fhe,275,275,True,407,407,True,1.6018,0.000479,188.0
70,22,True,390,fhe,5534,5534,True,5534,5534,True,0.4471,0.002869,188.0
70,23,True,5345,fhe,13,13,True,13,13,True,3.8302,0.001378,188.0
70,24,False,320,prompt,2104,2104,True,2104,2104,True,2.079,0.001295,188.0
70,25,True,380,fhe,18353,18353,True,18353,18353,True,0.6029,0.001242,188.0
70,26,True,6569,fhe,281,281,True,672,672,True,1.6168,0.00065,188.0
70,27,True,25784,fhe,13,13,True,1724,1724,True,1.0722,0.001483,188.0
70,28,True,6194,fhe,6331,6331,True,6331,6331,True,0.1937,0.001293,188.0
70,29,True,347,fhe,247,247,True,247,247,True,2.4271,0.003472,188.0
70,30,True,253,fhe,5101,5101,True,6149,6149,True,0.1887,0.000712,188.0
70,31,True,7121,fhe,310,310,True,310,310,True,0.6308,0.001222,188.0
70,32,False,84,prompt,1133,1133,True,1133,1133,True,2.4508,0.004462,188.0
70,33,True,14,fhe,14692,14692,True,14692,14692,True,2.7372,0.009494,188.0
70,34,True,285,fhe,13978,13978,True,13978,13978,True,1.7835,0.002308,188.0
70,35,True,2170,fhe,15,15,True,15,15,True,1.2101,0.002354,188.0
70,36,True,1735,fhe,4131,4131,True,4131,4131,True,0.1313,0.001599,188.0
70,37,True,9830,fhe,497,497,True,497,497,True,1.5236,0.004646,188.0
70,38,True,275,fhe,1614,1614,True,1614,1614,True,4.7077,0.000977,188.0
70,39,True,187,fhe,510,510,True,510,510,True,3.5468,0.001355,188.0
70,40,False,1824,prompt,15,15,True,15,15,True,2.8259,0.00121,188.0
70,41,True,6663,fhe,369,369,True,3400,3400,True,0.123,0.003164,188.0
70,42,True,13,fhe,285,285,True,533,533,True,1.2409,0.005676,188.0
70,43,True,1199,fhe,2798,2798,True,4073,4073,True,0.4805,0.00181,188.0
70,44,False,835,prompt,352,352,True,597,597,True,1.5604,0.003472,188.0
70,45,True,10805,fhe,1066,1066,True,1066,1066,True,0.0589,0.00062,188.0
70,46,True,970,fhe,253,253,True,776,776,True,0.4247,0.002502,188.0
70,47,True,1160,fhe,273,273,True,598,598,True,1.565,0.002564,188.0
70,48,False,14,prompt,783,783,True,783,783,True,1.0857,0.00839,188.0
70,49,True,3871,fhe,481,481,True,481,481,True,1.8475,0.002227,188.0
70,50,True,8307,fhe,273,273,True,273,273,True,4.376,0.000606,188.0
70,51,True,2919,fhe,13,13,True,13,13,True,1.4689,0.002877,188.0
70,52,True,380,fhe,8099,8099,True,8099,8099,True,0.0069,0.001019,188.0
70,53,True,2102,fhe,316,316,True,376,376,True,3.9544,0.004833,188.0
70,54,True,904,fhe,285,285,True,285,285,True,2.8098,0.001432,188.0
70,55,True,13438,fhe,15,15,True,15,15,True,1.2308,0.002972,188.0
70,56,False,4028,prompt,15,15,True,15,15,True,1.5013,0.001106,188.0
70,57,True,326,fhe,253,253,True,7600,7600,True,0.1738,0.002189,188.0
70,58,True,353,fhe,899,899,True,899,899,True,2.8623,0.003032,188.0
70,59,True,4592,fhe,281,281,True,449,449,True,0.8569,0.00085,188.0
70,60,True,3471,fhe,3248,3248,True,3248,3248,True,7.9167,0.009142,188.0
70,61,True,2779,fhe,253,253,True,352,352,True,0.5185,0.003378,188.0
70,62,True,42616,fhe,591,591,True,591,591,True,1.5061,0.000692,188.0
70,63,True,12570,fhe,273,273,True,273,273,True,6.8283,0.000633,188.0
71,0,False,1774,prompt,323,323,True,323,323,True,0.2034,0.00068,188.0
71,1,True,616,fhe,13805,13805,True,13805,13805,True,1.2436,0.003073,188.0
71,2,True,347,fhe,253,253,True,776,776,True,1.4181,0.002966,188.0
71,3,True,6372,fhe,13,13,True,13,13,True,2.4233,0.001849,188.0
71,4,True,187,fhe,510,510,True,510,510,True,0.3569,0.002763,188.0
71,5,True,2624,fhe,310,310,True,85,85,True,0.2054,0.003585,188.0
71,6,True,327,fhe,253,253,True,253,253,True,0.4213,0.003977,188.0
71,7,True,273,fhe,1897,1897,True,1897,1897,True,0.0567,0.002592,188.0
71,8,True,4125,fhe,13,13,True,13,13,True,1.3899,0.001841,188.0
71,9,True,310,fhe,3075,3075,True,9081,9081,True,1.307,0.001915,188.0
71,10,True,6749,fhe,14526,14526,True,14526,14526,True,0.4851,0.003313,188.0
71,11,True,407,fhe,347,347,True,347,347,True,0.7421,0.002545,188.0
71,12,False,22612,prompt,1341,15,False,14,14,True,0.0111,0.002785,188.0
71,13,True,24740,fhe,15,15,True,15,15,True,2.291,0.001588,188.0
71,14,True,323,fhe,616,616,True,616,616,True,3.1669,0.002149,188.0
71,15,True,5608,fhe,347,347,True,347,347,True,0.1648,0.000846,188.0
71,16,True,187,fhe,510,510,True,510,510,True,2.0366,0.003914,188.0
71,17,True,13,fhe,285,285,True,285,285,True,6.983,0.002707,188.0
71,18,True,13,fhe,285,285,True,533,533,True,0.9534,0.0016,188.0
71,19,True,187,fhe,2811,2811,True,2811,2811,True,0.0442,0.001011,188.0
71,20,False,1211,prompt,2739,2739,True,2739,2739,True,0.9962,0.004147,188.0
71,21,True,407,fhe,253,253,True,253,253,True,1.0449,0.001028,188.0
71,22,True,5534,fhe,13,13,True,13,13,True,0.6075,0.002862,188.0
71,23,True,13,fhe,6480,6480,True,6480,6480,True,0.7651,0.005972,188.0
71,24,False,273,prompt,690,690,True,690,690,True,1.7212,0.001057,188.0
71,25,True,18353,fhe,22852,22852,True,1929,1929,True,0.3231,0.001142,188.0
71,26,True,672,fhe,253,253,True,952,952,True,0.2969,0.00094,188.0
71,27,True,1724,fhe,28264,28264,True,28264,28264,True,2.8183,0.002034,188.0
71,28,True,6331,fhe,387,387,True,387,387,True,1.8187,0.002351,188.0
71,29,True,247,fhe,9921,9921,True,9921,9921,True,0.0745,0.003432,188.0
71,30,True,6149,fhe,390,390,True,10,10,True,0.0089,0.000957,188.0
71,31,True,310,fhe,253,253,True,581,581,True,0.6258,0.002521,188.0
71,32,False,1133,prompt,3305,3305,True,3305,3305,True,4.9173,0.012026,188.0
71,33,True,14692,fhe,11123,11123,True,2919,2919,True,0.0112,0.001094,188.0
71,34,True,13978,fhe,15,15,True,15,15,True,1.4828,0.000794,188.0
71,35,True,15,fhe,380,380,True,187,187,True,0.1105,0.00071,188.0
71,36,True,4131,fhe,13,13,True,13,13,True,0.4834,0.00261,188.0
71,37,True,497,fhe,6804,6804,True,6804,6804,True,0.5127,0.001376,188.0
71,38,True,1614,fhe,7729,7729,True,19132,19132,True,0.0799,0.001827,188.0
71,39,True,510,fhe,12927,12927,True,12927,12927,True,0.7354,0.004482,188.0
71,40,False,432,prompt,253,253,True,253,253,True,2.2339,0.006213,188.0
71,41,True,3400,fhe,247,247,True,271,271,True,0.8353,0.002458,188.0
71,42,True,533,fhe,597,597,True,597,597,True,1.1868,0.002411,188.0
71,43,True,4073,fhe,9097,9097,True,1016,1016,True,0.6119,0.004108,188.0
71,44,False,253,prompt,1824,1824,True,28169,28169,True,1.4954,0.003784,188.0
71,45,True,1066,fhe,15,15,True,672,672,True,2.2846,0.003059,188.0
71,46,True,776,fhe,1824,8281,False,21646,21646,True,0.0058,0.00388,188.0
71,47,True,598,fhe,273,273,True,273,273,True,3.3511,0.001293,188.0
71,48,False,253,prompt,5471,5471,True,5471,5471,True,1.2737,0.00596,188.0
71,49,True,481,fhe,6491,6491,True,6491,6491,True,0.3283,0.006221,188.0
71,50,True,273,fhe,1107,1107,True,1107,1107,True,0.3171,0.000852,188.0
71,51,True,13,fhe,253,253,True,253,534,False,1.8114,0.001492,188.0
71,52,True,8099,fhe,497,497,True,497,497,True,2.1471,0.006616,188.0
71,53,True,376,fhe,13,13,True,13,13,True,2.6376,0.002934,188.0
71,54,True,285,fhe,7189,7189,True,7189,7189,True,0.0773,0.001569,188.0
71,55,True,15,fhe,187,187,True,187,187,True,0.0355,0.002411,188.0
71,56,True,15,prompt,187,187,True,187,187,True,1.1399,0.002987,188.0
71,57,True,7600,fhe,326,326,True,10208,10208,True,0.4844,0.002061,188.0
71,58,True,899,fhe,570,570,True,570,570,True,5.1481,0.005529,188.0
71,59,True,449,fhe,187,187,True,187,187,True,3.1351,0.002294,188.0
71,60,True,3248,fhe,403,403,True,403,403,True,0.9976,0.003728,188.0
71,61,True,352,fhe,310,310,True,310,310,True,4.4468,0.003166,188.0
71,62,True,591,fhe,7017,7017,True,1273,1273,True,2.9678,0.005409,188.0
71,63,True,273,fhe,7768,7768,True,7768,7768,True,4.6246,0.003092,188.0
72,0,False,323,prompt,253,253,True,841,841,True,0.1006,0.00156,188.0
72,1,True,13805,fhe,1180,1180,True,1180,1180,True,0.1258,0.011705,188.0
72,2,True,776,fhe,4146,4146,True,7565,7565,True,0.9356,0.001287,188.0
72,3,True,13,fhe,285,285,True,285,285,True,2.1195,0.001898,188.0
72,4,True,510,fhe,15727,15727,True,1232,1232,True,0.2077,0.001053,188.0
72,5,True,85,fhe,723,723,True,723,723,True,9.1291,0.002816,188.0
72,6,True,253,fhe,5098,5098,True,5098,5098,True,0.2267,0.005347,188.0
72,7,True,1897,fhe,368,368,True,1919,1919,True,1.8716,0.002412,188.0
72,8,True,13,fhe,247,247,True,247,247,True,0.3167,0.002696,188.0
72,9,True,9081,fhe,3075,3075,True,3075,3075,True,1.4391,0.007038,188.0
72,10,True,14526,fhe,281,281,True,281,281,True,0.7093,0.002287,188.0
72,11,True,347,fhe,1199,1199,True,1199,1199,True,6.389,0.004794,188.0
72,12,False,323,prompt,253,253,True,2852,1996,False,0.8022,0.004114,188.0
72,13,True,15,fhe,380,380,True,380,380,True,0.2271,0.002381,188.0
72,14,True,616,fhe,5389,5389,True,5389,5389,True,0.0984,0.003367,188.0
72,15,True,347,fhe,3918,3918,True,4007,4007,True,0.2699,0.000588,188.0
72,16,True,510,fhe,2144,2144,True,495,495,True,0.7246,0.007095,188.0
72,17,True,285,fhe,476,476,True,476,476,True,1.3757,0.002701,188.0
72,18,True,533,fhe,352,352,True,352,352,True,0.3243,0.002827,188.0
72,19,True,2811,fhe,247,247,True,247,247,True,0.8718,0.000802,188.0
72,20,False,11260,prompt,15,15,True,15,15,True,0.6904,0.000726,188.0
72,21,True,253,fhe,5112,5112,True,5112,5112,True,0.629,0.002596,188.0
72,22,True,13,fhe,285,285,True,533,533,True,0.8572,0.005062,188.0
72,23,True,6480,fhe,13,13,True,13,13,True,3.806,0.003888,188.0
72,24,False,4832,prompt,8385,8385,True,8385,8385,True,0.2185,0.00257,188.0
72,25,True,1929,fhe,22852,22852,True,17122,17122,True,1.3713,0.001713,188.0
72,26,True,952,fhe,1818,1818,True,1818,1818,True,2.3035,0.001096,188.0
72,27,True,28264,fhe,14,14,True,265,265,True,0.396,0.001358,188.0
72,28,True,387,fhe,247,247,True,247,247,True,0.1973,0.001996,188.0
72,29,True,9921,fhe,281,281,True,323,323,True,0.386,0.002021,188.0
72,30,True,10,fhe,390,390,True,285,285,True,1.2925,0.001946,188.0
72,31,True,581,fhe,273,273,True,273,273,True,6.2424,0.001843,188.0
72,32,False,3305,prompt,273,273,True,273,273,True,7.6037,0.000963,188.0
72,33,True,2919,fhe,275,275,True,310,310,True,0.1504,0.001386,188.0
72,34,True,15,fhe,754,754,True,754,754,True,0.5674,0.000708,188.0
72,35,True,187,fhe,510,510,True,510,510,True,3.4915,0.002913,188.0
72,36,True,13,fhe,253,253,True,253,253,True,1.3039,0.001509,188.0
72,37,True,6804,fhe,2366,2366,True,2366,2366,True,0.1467,0.000984,188.0
72,38,True,19132,fhe,253,253,True,8825,8825,True,1.2052,0.000781,188.0
72,39,True,12927,fhe,310,310,True,310,310,True,1.6538,0.001119,188.0
72,40,False,15401,prompt,15,15,True,362,362,True,0.1781,0.005159,188.0
72,41,True,271,fhe,29549,29549,True,29549,29549,True,0.4415,0.010469,188.0
72,42,True,597,fhe,403,403,True,513,513,True,0.5642,0.003807,188.0
72,43,True,1016,fhe,4370,4370,True,4370,4370,True,2.3897,0.001603,188.0
72,44,False,9455,prompt,310,310,True,310,310,True,0.233,0.001196,188.0
72,45,True,672,fhe,368,368,True,368,368,True,3.3801,0.003716,188.0
72,46,True,21646,fhe,281,281,True,281,281,True,0.1163,0.001762,188.0
72,47,True,273,fhe,15,15,True,15,15,True,1.0898,0.002438,188.0
72,48,False,3520,prompt,22135,22135,True,22135,22135,True,0.2513,0.004834,188.0
72,49,True,6491,fhe,342,342,True,342,342,True,1.3973,0.002015,188.0
72,50,True,1107,fhe,13,13,True,13,13,True,2.0583,0.000989,188.0
72,51,True,253,fhe,4275,4275,True,4275,4275,True,0.3299,0.002922,188.0
72,52,True,497,fhe,6107,6107,True,6107,6107,True,1.1075,0.001849,188.0
72,53,True,13,fhe,253,253,True,253,253,True,1.1551,0.001299,188.0
72,54,True,7189,fhe,684,684,True,684,684,True,6.3562,0.005549,188.0
72,55,True,187,fhe,510,510,True,510,510,True,2.628,0.004343,188.0
72,56,True,187,fhe,30937,30937,True,30937,30937,True,0.6995,0.001207,188.0
72,57,True,10208,fhe,247,247,True,25257,25257,True,0.8512,0.001454,188.0
72,58,True,570,fhe,372,372,True,372,372,True,0.6343,0.000659,188.0
72,59,True,187,fhe,510,510,True,510,510,True,2.0581,0.002862,188.0
72,60,True,403,fhe,1077,1077,True,1077,1077,True,0.5918,0.002861,188.0
72,61,True,310,fhe,281,281,True,281,281,True,1.0003,0.001368,188.0
72,62,True,1273,fhe,13,13,True,13,13,True,2.3879,0.00181,188.0
72,63,True,7768,fhe,15,15,True,15,15,True,1.7438,0.000931,188.0
73,0,False,21548,prompt,253,253,True,285,285,True,0.0342,0.006674,188.0
73,1,True,1180,fhe,495,495,True,13,13,True,0.0883,0.000664,188.0
73,2,True,7565,fhe,15,15,True,15,15,True,1.7177,0.003571,188.0
73,3,True,285,fhe,48833,48833,True,246,246,True,1.3383,0.001001,188.0
73,4,True,1232,fhe,273,273,True,273,273,True,1.6564,0.001327,188.0
73,5,True,723,fhe,403,403,True,403,403,True,0.2982,0.002058,188.0
73,6,True,5098,fhe,15,15,True,15,15,True,0.0486,0.001327,188.0
73,7,True,1919,fhe,368,368,True,368,368,True,0.6443,0.00163,188.0
73,8,True,247,fhe,2285,2285,True,2285,2285,True,0.7995,0.00644,188.0
73,9,True,3075,fhe,13,13,True,313,313,True,0.7942,0.000613,188.0
73,10,True,281,fhe,14534,14534,True,14534,14534,True,3.1458,0.007057,188.0
73,11,True,1199,fhe,347,347,True,347,347,True,7.4899,0.001879,188.0
73,12,False,253,prompt,8986,8986,True,8986,8986,True,0.0161,0.003246,188.0
73,13,True,380,fhe,6749,6749,True,3276,3276,True,0.3095,0.001819,188.0
73,14,True,5389,fhe,285,285,True,38865,38865,True,0.1186,0.001248,188.0
73,15,True,4007,fhe,1364,1364,True,273,273,True,0.167,0.003896,188.0
73,16,True,495,fhe,37,37,True,37,37,True,1.4806,0.015821,188.0
73,17,True,476,fhe,5234,5234,True,5234,5234,True,4.0283,0.002662,188.0
73,18,True,352,fhe,369,369,True,3589,3589,True,0.6553,0.001346,188.0
73,19,True,247,fhe,13,13,True,285,285,True,0.0644,0.005727,188.0
73,20,True,15,prompt,187,187,True,187,187,True,0.7288,0.001073,188.0
73,21,True,5112,fhe,17502,17502,True,17502,17502,True,0.8886,0.002523,188.0
73,22,True,533,fhe,407,407,True,1996,1996,True,0.0484,0.000935,188.0
73,23,True,13,fhe,6931,6931,True,6931,6931,True,1.4579,0.003836,188.0
73,24,False,8385,prompt,281,281,True,281,281,True,3.1628,0.000515,188.0
73,25,True,17122,fhe,3683,3683,True,3683,3683,True,5.9877,0.004373,188.0
73,26,True,1818,fhe,253,253,True,616,616,True,0.6892,0.002204,188.0
73,27,True,265,fhe,15,15,True,326,326,True,0.3216,0.002165,188.0
73,28,True,247,fhe,4660,4660,True,4660,4660,True,0.9362,0.001912,188.0
73,29,True,323,fhe,6763,6763,True,6763,6763,True,0.2897,0.006306,188.0
73,30,True,285,fhe,840,840,True,840,840,True,0.0631,0.001381,188.0
73,31,True,273,fhe,253,253,True,253,253,True,3.282,0.001263,188.0
73,32,False,273,prompt,6875,6875,True,6875,6875,True,4.1963,0.002184,188.0
73,33,True,310,fhe,253,253,True,253,253,True,2.4998,0.000691,188.0
73,34,True,754,fhe,1925,1925,True,1925,1925,True,0.0927,0.002908,188.0
73,35,True,510,fhe,12927,12927,True,12927,12927,True,0.8105,0.002685,188.0
73,36,True,253,fhe,45959,45959,True,45959,45959,True,0.0559,0.001872,188.0
73,37,True,2366,fhe,13,13,True,13,13,True,0.5863,0.00092,188.0
73,38,True,8825,fhe,2605,2605,True,2605,2605,True,0.231,0.001896,188.0
73,39,True,310,fhe,253,253,True,4272,4272,True,0.4114,0.004303,188.0
73,40,False,285,prompt,1824,1824,True,643,643,True,0.0999,0.00116,188.0
73,41,True,29549,fhe,5821,5821,True,5821,5821,True,1.0555,0.010001,188.0
73,42,True,513,fhe,417,417,True,417,417,True,3.6732,0.002549,188.0
73,43,True,4370,fhe,369,369,True,7407,7407,True,0.2607,0.003379,188.0
73,44,False,3407,prompt,15,15,True,15,15,True,2.4176,0.001589,188.0
73,45,True,368,fhe,2118,2118,True,2940,2940,True,1.4478,0.005595,188.0
73,46,True,281,fhe,3283,3283,True,1056,1056,True,0.3585,0.002621,188.0
73,47,True,15,fhe,380,380,True,2091,2091,True,1.3948,0.001061,188.0
73,48,False,5471,prompt,273,273,True,273,273,True,2.8354,0.000934,188.0
73,49,True,342,fhe,24532,24532,True,24532,24532,True,3.1564,0.004185,188.0
73,50,True,13,fhe,1223,1223,True,1223,1223,True,0.9646,0.00172,188.0
73,51,True,4275,fhe,2919,2919,True,2919,2919,True,3.1093,0.00212,188.0
73,52,True,6107,fhe,342,342,True,342,342,True,2.3411,0.000783,188.0
73,53,True,253,fhe,443,443,True,443,443,True,0.066,0.005577,188.0
73,54,True,684,fhe,731,731,True,731,731,True,1.515,0.00196,188.0
73,55,True,510,fhe,43093,43093,True,43093,43093,True,1.1176,0.00355,188.0
73,56,True,30937,fhe,275,275,True,275,275,True,0.7464,0.000661,188.0
73,57,True,25257,fhe,6793,6793,True,4508,4508,True,0.0152,0.001917,188.0
73,58,True,372,fhe,826,826,True,3905,3905,True,0.915,0.001024,188.0
73,59,True,510,fhe,6114,6114,True,747,747,True,0.1442,0.001209,188.0
73,60,True,1077,fhe,1781,1781,True,1781,1781,True,0.0334,0.003239,188.0
73,61,True,281,fhe,320,320,True,2847,2847,True,1.9464,0.001823,188.0
73,62,True,13,fhe,368,368,True,352,352,True,1.6121,0.003652,188.0
73,63,True,15,fhe,380,380,True,831,831,True,0.202,0.000919,188.0
74,0,False,253,prompt,390,390,True,390,390,True,0.1506,0.00357,188.0
74,1,True,13,fhe,13805,13805,True,13805,13805,True,1.5457,0.000911,188.0
74,2,True,15,fhe,380,380,True,380,380,True,0.5057,0.001963,188.0
74,3,True,246,fhe,13998,13998,True,13998,13998,True,3.1506,0.00369,188.0
74,4,True,273,fhe,17326,17326,True,17326,17326,True,1.1558,0.007819,188.0
74,5,True,403,fhe,1925,1925,True,1925,1925,True,0.0034,0.00162,188.0
74,6,True,15,fhe,187,187,True,187,187,True,1.9484,0.00194,188.0
74,7,True,368,fhe,452,452,True,452,452,True,0.1757,0.001168,188.0
74,8,True,2285,fhe,273,273,True,273,273,True,0.3157,0.003593,188.0
74,9,True,313,fhe,606,606,True,606,606,True,1.9252,0.003713,188.0
74,10,True,14534,fhe,13,13,True,7938,7938,True,0.3674,0.0016,188.0
74,11,True,347,fhe,2456,2456,True,2456,2456,True,0.1178,0.003064,188.0
74,12,False,8986,prompt,15,15,True,15,15,True,1.6279,0.001345,188.0
74,13,True,3276,fhe,310,310,True,3304,3304,True,0.2926,0.001809,188.0
74,14,True,38865,fhe,15,15,True,15,15,True,1.2775,0.000642,188.0
74,15,True,273,fhe,253,253,True,253,253,True,6.0841,0.002098,188.0
74,16,True,37,fhe,1566,1566,True,1566,1566,True,0.5159,0.011951,188.0
74,17,True,5234,fhe,875,875,True,875,875,True,0.702,0.005031,188.0
74,18,True,3589,fhe,457,457,True,457,457,True,2.8854,0.005973,188.0
74,19,True,285,fhe,270,270,True,270,270,True,2.2214,0.003115,188.0
74,20,True,187,fhe,510,510,True,510,510,True,1.7662,0.000769,188.0
74,21,True,17502,fhe,7406,7406,True,7406,7406,True,0.7975,0.000566,188.0
74,22,True,1996,fhe,13,13,True,597,597,True,0.48,0.002503,188.0
74,23,True,6931,fhe,13,13,True,13,13,True,4.1077,0.001481,188.0
74,24,False,281,prompt,779,779,True,779,779,True,0.5299,0.001937,188.0
74,25,True,3683,fhe,273,273,True,403,403,True,1.5759,0.00111,188.0
74,26,True,616,fhe,3879,3879,True,3879,3879,True,0.7954,0.0032,188.0
74,27,True,326,fhe,403,403,True,403,403,True,0.6407,0.001386,188.0
74,28,True,4660,fhe,13,13,True,13,13,True,0.1766,0.00112,188.0
74,29,True,6763,fhe,273,273,True,273,273,True,5.6142,0.001328,188.0
74,30,True,840,fhe,10941,10941,True,10941,10941,True,0.4854,0.007635,188.0
74,31,True,253,fhe,1533,1533,True,6253,6253,True,0.2147,0.00428,188.0
74,32,False,6875,prompt,18731,18731,True,18731,18731,True,4.1467,0.00283,188.0
74,33,True,253,fhe,2207,2207,True,2207,2207,True,1.2113,0.000887,188.0
74,34,True,1925,fhe,253,253,True,436,436,True,0.4689,0.003099,188.0
74,35,True,12927,fhe,310,310,True,310,310,True,1.5521,0.002713,188.0
74,36,True,45959,fhe,1091,1091,True,403,403,True,0.1236,0.001231,188.0
74,37,True,13,fhe,285,285,True,533,533,True,2.0192,0.00477,188.0
74,38,True,2605,fhe,285,285,True,285,285,True,0.3082,0.001715,188.0
74,39,True,4272,fhe,715,715,True,715,715,True,3.3441,0.001055,188.0
74,40,False,22244,prompt,8762,8762,True,8762,8762,True,0.0759,0.002093,188.0
74,41,True,5821,fhe,7792,7792,True,7792,7792,True,1.3006,0.001967,188.0
74,42,True,417,fhe,2430,2430,True,2430,2430,True,0.8236,0.001851,188.0
74,43,True,7407,fhe,13,13,True,1309,1309,True,0.0501,0.00229,188.0
74,44,True,15,prompt,187,187,True,187,187,True,1.3221,0.000963,188.0
74,45,True,2940,fhe,15,15,True,15,15,True,1.2861,0.000875,188.0
74,46,True,1056,fhe,7089,7089,True,7089,7089,True,0.1876,0.003554,188.0
74,47,True,2091,fhe,247,247,True,368,368,True,0.2469,0.002435,188.0
74,48,False,273,prompt,253,253,True,1146,1146,True,0.9565,0.001622,188.0
74,49,True,24532,fhe,403,403,True,778,778,True,0.0994,0.000964,188.0
74,50,True,1223,fhe,2571,2571,True,2571,2571,True,2.4278,0.002483,188.0
74,51,True,2919,fhe,13,13,True,13,13,True,3.4762,0.001436,188.0
74,52,True,342,fhe,8660,8660,True,8660,8660,True,0.4744,0.009951,188.0
74,53,True,443,fhe,6525,6525,True,28874,28874,True,1.9592,0.001587,188.0
74,54,True,731,fhe,323,323,True,323,323,True,1.8469,0.00066,188.0
74,55,True,43093,fhe,310,310,True,369,369,True,0.336,0.003275,188.0
74,56,True,275,fhe,1457,1457,True,1457,1457,True,0.4296,0.001101,188.0
74,57,True,4508,fhe,1029,1029,True,1029,1029,True,1.9356,0.001702,188.0
74,58,True,3905,fhe,367,367,True,367,367,True,4.7702,0.002031,188.0
74,59,True,747,fhe,4177,4177,True,4177,4177,True,0.5671,0.002845,188.0
74,60,True,1781,fhe,13,13,True,13,13,True,0.9156,0.00113,188.0
74,61,True,2847,fhe,20035,20035,True,4723,4723,True,0.9218,0.002324,188.0
74,62,True,352,fhe,588,588,True,588,588,True,0.0108,0.004652,188.0
74,63,True,831,fhe,1232,1232,True,4884,4884,True,1.3304,0.001306,188.0
75,0,False,26634,prompt,15,15,True,504,504,True,0.3628,0.003678,188.0
75,1,True,13805,fhe,1180,1180,True,2801,2801,True,2.1554,0.005158,188.0
75,2,True,380,fhe,4146,4146,True,4146,4146,True,2.3877,0.002095,188.0
75,3,True,13998,fhe,45205,45205,True,45205,45205,True,6.2279,0.001633,188.0
75,4,True,17326,fhe,310,310,True,310,310,True,0.2099,0.001322,188.0
75,5,True,1925,fhe,773,773,True,773,773,True,0.397,0.001644,188.0
75,6,True,187,fhe,1628,1628,True,688,688,True,1.7361,0.000845,188.0
75,7,True,452,fhe,247,247,True,2217,2217,True,1.5049,0.002961,188.0
75,8,True,273,fhe,8607,8607,True,10950,10950,True,1.1972,0.002424,188.0
75,9,True,606,fhe,1758,1758,True,1758,1758,True,4.8489,0.00774,188.0
75,10,True,7938,fhe,13,13,True,685,685,True,0.1167,0.001347,188.0
75,11,True,2456,fhe,2558,2558,True,2558,2558,True,1.3901,0.009019,188.0
75,12,True,15,prompt,187,187,True,187,187,True,0.9793,0.0022,188.0
75,13,True,3304,fhe,253,253,True,253,253,True,1.1632,0.003913,188.0
75,14,True,15,fhe,187,187,True,380,380,True,0.4832,0.001443,188.0
75,15,True,253,fhe,1986,1986,True,530,530,True,4.3735,0.000979,188.0
75,16,True,1566,fhe,310,310,True,476,476,True,1.1826,0.002909,188.0
75,17,True,875,fhe,12392,12392,True,12392,12392,True,3.2958,0.016399,188.0
75,18,True,457,fhe,85,85,True,85,85,True,11.0917,0.002429,188.0
75,19,True,270,fhe,403,403,True,403,403,True,3.2062,0.001348,188.0
75,20,True,510,fhe,9741,9741,True,9313,9313,True,0.0886,0.001761,188.0
75,21,True,7406,fhe,372,372,True,372,372,True,0.4334,0.003484,188.0
75,22,True,597,fhe,497,497,True,3395,3395,True,2.0649,0.00328,188.0
75,23,True,13,fhe,3387,3387,True,3387,3387,True,0.3227,0.001069,188.0
75,24,False,253,prompt,2021,2021,True,2021,2021,True,1.8552,0.00347,188.0
75,25,True,403,fhe,432,432,True,432,432,True,0.427,0.000841,188.0
75,26,True,3879,fhe,281,281,True,390,390,True,0.094,0.001692,188.0
75,27,True,403,fhe,608,608,True,608,608,True,0.0923,0.003801,188.0
75,28,True,13,fhe,285,285,True,835,835,True,0.5203,0.001632,188.0
75,29,True,273,fhe,1107,1107,True,1107,1107,True,7.6583,0.001307,188.0
75,30,True,10941,fhe,326,326,True,326,326,True,0.3264,0.001395,188.0
75,31,True,6253,fhe,21646,21646,True,21646,21646,True,2.4667,0.003229,188.0
75,32,False,18731,prompt,15,15,True,15,15,True,5.2713,0.00237,188.0
75,33,True,2207,fhe,279,279,True,279,279,True,6.5194,0.003265,188.0
75,34,True,436,fhe,10359,10359,True,10359,10359,True,0.1809,0.004802,188.0
75,35,True,310,fhe,253,253,True,4272,4272,True,0.4706,0.001961,188.0
75,36,True,403,fhe,1335,1335,True,10000,10000,True,0.0549,0.001262,188.0
75,37,True,533,fhe,253,253,True,597,597,True,0.9206,0.001764,188.0
75,38,True,285,fhe,19132,19132,True,27161,27161,True,0.1213,0.001427,188.0
75,39,True,715,fhe,767,767,True,767,767,True,0.0799,0.005684,188.0
75,40,False,8762,prompt,15,15,True,15,15,True,3.1587,0.00114,188.0
75,41,True,7792,fhe,323,323,True,323,323,True,1.5311,0.004167,188.0
75,42,True,2430,fhe,10954,10954,True,326,326,True,0.3582,0.001948,188.0
75,43,True,1309,fhe,253,253,True,247,247,True,0.6023,0.004117,188.0
75,44,True,187,fhe,510,510,True,510,510,True,1.4969,0.001892,188.0
75,45,True,15,fhe,187,187,True,380,380,True,0.9589,0.003737,188.0
75,46,True,7089,fhe,670,670,True,670,670,True,1.1157,0.001982,188.0
75,47,True,368,fhe,1691,1691,True,1691,1691,True,0.2295,0.001647,188.0
75,48,False,752,prompt,253,253,True,310,310,True,0.3404,0.00321,188.0
75,49,True,778,fhe,671,671,True,671,671,True,1.2319,0.002162,188.0
75,50,True,2571,fhe,3153,3153,True,778,778,True,2.6254,0.000765,188.0
75,51,True,13,fhe,285,285,True,285,285,True,3.0921,0.001962,188.0
75,52,True,8660,fhe,15,15,True,13,13,True,0.1891,0.001948,188.0
75,53,True,28874,fhe,13,13,True,13,13,True,3.2225,0.00055,188.0
75,54,True,323,fhe,670,670,True,670,670,True,1.6302,0.000798,188.0
75,55,True,369,fhe,2378,2378,True,2378,2378,True,0.1092,0.003194,188.0
75,56,True,1457,fhe,2816,2816,True,2816,2816,True,3.3001,0.002772,188.0
75,57,True,1029,fhe,2308,2308,True,8322,8322,True,1.457,0.004054,188.0
75,58,True,367,fhe,2653,2653,True,2653,2653,True,15.4452,0.005348,188.0
75,59,True,4177,fhe,310,310,True,310,310,True,0.5992,0.006099,188.0
75,60,True,13,fhe,342,342,True,342,342,True,0.4633,0.001368,188.0
75,61,True,4723,fhe,15,15,True,15,15,True,0.0497,0.002187,188.0
75,62,True,588,fhe,897,897,True,8138,8138,True,0.5204,0.003891,188.0
75,63,True,4884,fhe,310,310,True,16784,16784,True,0.6227,0.001718,188.0
76,0,True,15,prompt,187,187,True,187,187,True,0.751,0.001445,188.0
76,1,True,2801,fhe,13,13,True,13,13,True,2.4803,0.000574,188.0
76,2,True,4146,fhe,310,310,True,310,310,True,2.4087,0.00083,188.0
76,3,True,45205,fhe,15,15,True,281,281,True,1.98,0.000911,188.0
76,4,True,310,fhe,1925,1925,True,1925,1925,True,1.7326,0.002146,188.0
76,5,True,773,fhe,85,85,True,339,339,True,0.1731,0.001371,188.0
76,6,True,688,fhe,253,253,True,1635,1635,True,0.6943,0.000807,188.0
76,7,True,2217,fhe,8357,8357,True,323,323,True,0.8456,0.002722,188.0
76,8,True,10950,fhe,432,432,True,387,387,True,0.0831,0.001081,188.0
76,9,True,1758,fhe,582,582,True,582,582,True,0.3956,0.006803,188.0
76,10,True,685,fhe,2455,2455,True,2455,2455,True,0.6573,0.003419,188.0
76,11,True,2558,fhe,15,15,True,15,15,True,2.1612,0.002476,188.0
76,12,True,187,fhe,510,510,True,510,510,True,1.6146,0.002158,188.0
76,13,True,253,fhe,14593,14593,True,6773,6773,True,0.6746,0.0022,188.0
76,14,True,380,fhe,25818,25818,True,806,806,True,0.7653,0.002909,188.0
76,15,True,530,fhe,15,15,True,15,15,True,7.7599,0.003977,188.0
76,16,True,476,fhe,320,320,True,320,320,True,2.893,0.005729,188.0
76,17,True,12392,fhe,3909,3909,True,3909,3909,True,4.9933,0.001949,188.0
76,18,True,85,fhe,3863,3863,True,1919,1919,True,1.2256,0.003293,188.0
76,19,True,403,fhe,253,253,True,2762,2762,True,0.5221,0.002015,188.0
76,20,True,9313,fhe,38250,38250,True,38250,38250,True,0.3454,0.00437,188.0
76,21,True,372,fhe,826,826,True,826,826,True,1.161,0.000651,188.0
76,22,True,3395,fhe,625,625,True,625,625,True,0.657,0.00502,188.0
76,23,True,3387,fhe,13,13,True,13,13,True,3.5299,0.003809,188.0
76,24,False,2021,prompt,15,15,True,15,15,True,0.6214,0.004245,188.0
76,25,True,432,fhe,253,253,True,253,253,True,2.2255,0.003137,188.0
76,26,True,390,fhe,849,849,True,1379,1379,True,0.9271,0.002116,188.0
76,27,True,608,fhe,281,281,True,14,14,True,1.2747,0.003039,188.0
76,28,True,835,fhe,253,253,True,352,352,True,0.1959,0.001712,188.0
76,29,True,1107,fhe,15,15,True,1078,1078,True,0.6078,0.000901,188.0
76,30,True,326,fhe,281,281,True,342,342,True,1.3161,0.000935,188.0
76,31,True,21646,fhe,275,275,True,275,275,True,1.4354,0.005146,188.0
76,32,True,15,prompt,0,0,True,187,187,True,2.2783,0.001529,188.0
76,33,True,279,fhe,23774,23774,True,23774,23774,True,1.2847,0.001115,188.0
76,34,True,10359,fhe,9946,9946,True,346,346,True,1.4803,0.005015,188.0
76,35,True,4272,fhe,715,715,True,715,715,True,3.3535,0.002487,188.0
76,36,True,10000,fhe,13,13,True,387,13828,False,0.4628,0.004649,188.0
76,37,True,597,fhe,497,497,True,858,858,True,1.2115,0.00303,188.0
76,38,True,27161,fhe,15,15,True,15,15,True,1.8396,0.001643,188.0
76,39,True,767,fhe,4243,4243,True,4243,4243,True,0.5325,0.009939,188.0
76,40,False,390,prompt,6749,6749,True,6749,6749,True,2.8428,0.002575,188.0
76,41,True,323,fhe,253,253,True,3646,3646,True,0.4714,0.001355,188.0
76,42,True,326,fhe,10954,10954,True,3484,3484,True,0.5985,0.000816,188.0
76,43,True,247,fhe,2798,2798,True,2164,2164,True,0.3414,0.008139,188.0
76,44,True,510,fhe,1824,1824,True,14700,14700,True,1.0134,0.001543,188.0
76,45,True,380,fhe,14910,14910,True,14910,14910,True,2.7172,0.001714,188.0
76,46,True,670,fhe,849,849,True,752,752,True,1.6307,0.001285,188.0
76,47,True,1691,fhe,247,247,True,512,512,True,1.68,0.00246,188.0
76,48,False,434,prompt,9369,9369,True,9369,9369,True,1.1095,0.003357,188.0
76,49,True,671,fhe,452,452,True,320,320,True,0.8003,0.005483,188.0
76,50,True,778,fhe,3153,3153,True,760,760,True,1.6048,0.002375,188.0
76,51,True,285,fhe,253,253,True,253,253,True,5.1305,0.000809,188.0
76,52,True,13,fhe,285,285,True,533,533,True,1.1068,0.001012,188.0
76,53,True,13,fhe,253,253,True,253,253,True,1.151,0.000589,188.0
76,54,True,670,fhe,247,247,True,884,884,True,0.5761,0.001566,188.0
76,55,True,2378,fhe,247,247,True,247,247,True,0.0953,0.001182,188.0
76,56,True,2816,fhe,3228,3228,True,3228,3228,True,1.1088,0.00118,188.0
76,57,True,8322,fhe,273,273,True,273,273,True,7.6708,0.00244,188.0
76,58,True,2653,fhe,24830,24830,True,24830,24830,True,9.8545,0.001845,188.0
76,59,True,310,fhe,670,670,True,670,670,True,0.5344,0.001238,188.0
76,60,True,342,fhe,247,247,True,15926,15926,True,0.8582,0.005299,188.0
76,61,True,15,fhe,380,380,True,4410,4410,True,0.1286,0.0012,188.0
76,62,True,8138,fhe,670,670,True,598,598,True,0.2516,0.001131,188.0
76,63,True,16784,fhe,2341,2341,True,2341,2341,True,1.586,0.001181,188.0
77,0,True,187,fhe,1628,1628,True,1628,1628,True,0.1023,0.002081,188.0
77,1,True,13,fhe,285,285,True,285,285,True,1.6949,0.003622,188.0
77,2,True,310,fhe,247,247,True,671,671,True,0.1948,0.000796,188.0
77,3,True,281,fhe,2826,2826,True,2826,2826,True,1.5652,0.0082,188.0
77,4,True,1925,fhe,17326,17326,True,30734,30734,True,1.467,0.002284,188.0
77,5,True,339,fhe,5797,5797,True,5797,5797,True,7.3731,0.001944,188.0
77,6,True,1635,fhe,281,281,True,281,281,True,0.0765,0.000849,188.0
77,7,True,323,fhe,253,253,True,253,253,True,0.5712,0.000998,188.0
77,8,True,387,fhe,253,253,True,253,253,True,2.5023,0.00138,188.0
77,9,True,582,fhe,534,534,True,534,534,True,1.6618,0.001331,188.0
77,10,True,2455,fhe,1078,1078,True,1078,1078,True,0.8707,0.001534,188.0
77,11,True,15,fhe,187,187,True,187,187,True,2.4491,0.001928,188.0
77,12,True,510,fhe,14795,14795,True,30747,30747,True,0.9574,0.006597,188.0
77,13,True,6773,fhe,310,310,True,4558,4558,True,1.4676,0.001359,188.0
77,14,True,806,fhe,25818,25818,True,952,952,True,0.3206,0.001581,188.0
77,15,True,15,fhe,52,52,True,52,52,True,4.6179,0.000538,188.0
77,16,True,320,fhe,11575,11575,True,11575,11575,True,1.3938,0.006058,188.0
77,17,True,3909,fhe,390,390,True,390,390,True,4.0059,0.001951,188.0
77,18,True,1919,fhe,253,253,True,253,253,True,1.0406,0.003476,188.0
77,19,True,2762,fhe,20935,20935,True,20935,20935,True,0.6298,0.004039,188.0
77,20,True,38250,fhe,310,310,True,310,310,True,1.6883,0.004247,188.0
77,21,True,826,fhe,367,367,True,367,367,True,3.5628,0.001144,188.0
77,22,True,625,fhe,7000,7000,True,7000,7000,True,0.0563,0.004265,188.0
77,23,True,13,fhe,7609,7609,True,7609,7609,True,2.0317,0.007384,188.0
77,24,True,15,prompt,1292,1292,True,1292,1292,True,1.6408,0.001339,188.0
77,25,True,253,fhe,10515,10515,True,10515,10515,True,1.6652,0.000629,188.0
77,26,True,1379,fhe,2250,2250,True,2250,2250,True,0.0604,0.002996,188.0
77,27,True,14,fhe,23,23,True,23,23,True,0.1475,0.009399,188.0
77,28,True,352,fhe,369,369,True,369,369,True,1.6544,0.002276,188.0
77,29,True,1078,fhe,253,253,True,253,253,True,0.3923,0.001682,188.0
77,30,True,342,fhe,253,253,True,253,253,True,1.7783,0.000879,188.0
77,31,True,275,fhe,253,253,True,253,253,True,4.3304,0.001037,188.0
77,32,True,187,fhe,1552,1552,True,1552,1552,True,0.6074,0.003506,188.0
77,33,True,23774,fhe,3627,3627,True,3627,3627,True,4.1885,0.003356,188.0
77,34,True,346,fhe,22228,22228,True,22228,22228,True,1.076,0.010069,188.0
77,35,True,715,fhe,767,767,True,767,767,True,0.1085,0.005997,188.0
77,36,True,387,fhe,253,253,True,789,789,True,0.0078,0.001284,188.0
77,37,True,858,fhe,417,417,True,417,417,True,7.0616,0.005258,188.0
77,38,True,15,fhe,187,187,True,733,733,True,0.9019,0.002583,188.0
77,39,True,4243,fhe,13,13,True,27,27,True,0.5285,0.001421,188.0
77,40,False,6749,prompt,15,15,True,15,15,True,3.2755,0.002491,188.0
77,41,True,3646,fhe,285,285,True,2403,2403,True,0.0719,0.000913,188.0
77,42,True,3484,fhe,3037,3037,True,3037,3037,True,0.9058,0.002429,188.0
77,43,True,2164,fhe,14,14,True,14,14,True,0.0683,0.002319,188.0
77,44,True,14700,fhe,403,403,True,403,403,True,1.0841,0.005123,188.0
77,45,True,14910,fhe,671,671,True,326,476,False,0.5676,0.001234,188.0
77,46,True,752,fhe,281,281,True,2238,2238,True,0.3172,0.003981,188.0
77,47,True,512,fhe,253,253,True,253,253,True,0.3803,0.002042,188.0
77,48,False,1475,prompt,368,368,True,368,368,True,1.5176,0.001312,188.0
77,49,True,320,fhe,625,625,True,625,625,True,0.3652,0.002047,188.0
77,50,True,760,fhe,3153,3153,True,320,320,True,2.4689,0.002084,188.0
77,51,True,253,fhe,11053,11053,True,11053,11053,True,0.6133,0.001595,188.0
77,52,True,533,fhe,253,253,True,627,627,True,1.043,0.003726,188.0
77,53,True,253,fhe,2102,2102,True,12963,12963,True,0.3888,0.002995,188.0
77,54,True,884,fhe,1897,1897,True,1897,1897,True,0.9676,0.002559,188.0
77,55,True,247,fhe,2201,2201,True,2201,2201,True,0.9031,0.003545,188.0
77,56,True,3228,fhe,13,13,True,13,13,True,2.2726,0.001315,188.0
77,57,True,273,fhe,40536,40536,True,20118,20118,True,0.6131,0.01156,188.0
77,58,True,24830,fhe,13,13,True,15,15,True,0.3947,0.001289,188.0
77,59,True,670,fhe,253,253,True,2716,2716,True,0.8823,0.002422,188.0
77,60,True,15926,fhe,81,81,True,81,81,True,0.9515,0.00192,188.0
77,61,True,4410,fhe,6871,6871,True,491,491,True,0.7292,0.003791,188.0
77,62,True,598,fhe,281,281,True,281,281,True,8.993,0.001558,188.0
77,63,True,2341,fhe,13,13,True,534,534,True,0.2123,0.000904,188.0
78,0,True,1628,fhe,1231,1231,True,1231,1231,True,0.2878,0.003341,188.0
78,1,True,285,fhe,13805,13805,True,13805,13805,True,1.904,0.00176,188.0
78,2,True,671,fhe,247,247,True,1077,1077,True,0.5353,0.003124,188.0
78,3,True,2826,fhe,15,15,True,15,15,True,2.2025,0.003199,188.0
78,4,True,30734,fhe,15,15,True,15,15,True,1.5086,0.000973,188.0
78,5,True,5797,fhe,1425,1425,True,1425,1425,True,0.6069,0.000879,188.0
78,6,True,281,fhe,253,253,True,253,253,True,0.9906,0.001145,188.0
78,7,True,253,fhe,806,806,True,806,806,True,0.5329,0.002722,188.0
78,8,True,253,fhe,2499,2499,True,2499,2499,True,4.0011,0.000578,188.0
78,9,True,534,fhe,310,310,True,778,778,True,0.3132,0.004411,188.0
78,10,True,1078,fhe,15,15,True,15,15,True,0.7562,0.000779,188.0
78,11,True,187,fhe,510,510,True,688,688,True,1.0256,0.002044,188.0
78,12,True,30747,fhe,310,310,True,457,457,True,0.4104,0.001129,188.0
78,13,True,4558,fhe,3638,3638,True,3638,3638,True,0.6869,0.005452,188.0
78,14,True,952,fhe,281,281,True,281,281,True,3.1081,0.000873,188.0
78,15,True,52,fhe,15,15,True,15,15,True,5.1082,0.00148,188.0
78,16,True,11575,fhe,347,347,True,347,347,True,1.1199,0.002436,188.0
78,17,True,390,fhe,28841,28841,True,28841,28841,True,5.2985,0.025975,188.0
78,18,True,253,fhe,10109,10109,True,10109,10109,True,0.1557,0.000696,188.0
78,19,True,20935,fhe,15,15,True,28,28,True,0.7303,0.001618,188.0
78,20,True,310,fhe,1728,1728,True,1728,1728,True,0.2612,0.001541,188.0
78,21,True,367,fhe,2653,2653,True,2653,2653,True,14.3953,0.00336,188.0
78,22,True,7000,fhe,15,15,True,342,342,True,0.2371,0.00183,188.0
78,23,True,7609,fhe,13,13,True,13,13,True,3.9109,0.003879,188.0
78,24,True,1292,fhe,253,253,True,253,253,True,0.3694,0.001564,188.0
78,25,True,10515,fhe,38856,38856,True,5226,5226,True,0.4237,0.000617,188.0
78,26,True,2250,fhe,281,281,True,281,281,True,1.7397,0.000765,188.0
78,27,True,23,fhe,7892,7892,True,7892,7892,True,0.134,0.003297,188.0
78,28,True,369,fhe,6331,6331,True,1313,1313,True,0.5357,0.00329,188.0
78,29,True,253,fhe,4980,4980,True,4980,4980,True,0.0148,0.003082,188.0
78,30,True,253,fhe,3276,3276,True,1072,1072,True,0.3168,0.001845,188.0
78,31,True,253,fhe,1533,1533,True,1533,1533,True,6.177,0.004616,188.0
78,32,True,1552,fhe,3239,3239,True,3239,3239,True,0.3979,0.001785,188.0
78,33,True,3627,fhe,13,13,True,13,13,True,1.0226,0.002511,188.0
78,34,True,22228,fhe,3,3,True,3,3,True,0.2424,0.001449,188.0
78,35,True,767,fhe,4243,4243,True,4243,4243,True,0.4306,0.005882,188.0
78,36,True,789,fhe,13,13,True,327,327,True,0.658,0.001164,188.0
78,37,True,417,fhe,19310,19310,True,19310,19310,True,1.1194,0.004486,188.0
78,38,True,733,fhe,671,671,True,671,671,True,1.5581,0.001398,188.0
78,39,True,27,fhe,253,253,True,253,253,True,3.377,0.002,188.0
78,40,True,15,prompt,187,187,True,187,187,True,1.1076,0.002005,188.0
78,41,True,2403,fhe,13,13,True,327,327,True,0.0139,0.001455,188.0
78,42,True,3037,fhe,253,253,True,2173,2173,True,0.1461,0.000639,188.0
78,43,True,14,fhe,11964,11964,True,11964,11964,True,6.6841,0.006751,188.0
78,44,True,403,fhe,253,253,True,1077,1077,True,0.3204,0.004637,188.0
78,45,True,326,fhe,1056,1056,True,1056,1056,True,1.6589,0.001436,188.0
78,46,True,2238,fhe,273,273,True,273,273,True,5.3969,0.001715,188.0
78,47,True,253,fhe,2280,2280,True,1027,1027,True,0.6585,0.001937,188.0
78,48,False,368,prompt,15,15,True,15,15,True,0.2599,0.001374,188.0
78,49,True,625,fhe,2779,2779,True,21291,21291,True,2.6781,0.001038,188.0
78,50,True,320,fhe,247,247,True,2104,2104,True,0.5411,0.001011,188.0
78,51,True,11053,fhe,2919,2919,True,2919,2919,True,4.0481,0.004483,188.0
78,52,True,627,fhe,369,369,True,369,369,True,0.0653,0.002798,188.0
78,53,True,12963,fhe,73,73,True,73,73,True,6.8593,0.001827,188.0
78,54,True,1897,fhe,15,15,True,1078,1078,True,1.6067,0.001201,188.0
78,55,True,2201,fhe,13120,13120,True,13120,13120,True,0.3878,0.001098,188.0
78,56,True,13,fhe,344,344,True,12572,12572,True,0.1552,0.000879,188.0
78,57,True,20118,fhe,35347,35347,True,35347,35347,True,0.4721,0.005409,188.0
78,58,True,15,fhe,380,380,True,380,380,True,0.2313,0.002396,188.0
78,59,True,2716,fhe,253,253,True,347,347,True,1.0069,0.002016,188.0
78,60,True,81,fhe,507,507,True,507,507,True,6.8766,0.009493,188.0
78,61,True,491,fhe,20035,20035,True,22290,22290,True,0.1772,0.004316,188.0
78,62,True,281,fhe,337,337,True,608,608,True,0.1615,0.002032,188.0
78,63,True,534,fhe,310,310,True,476,476,True,1.9736,0.000768,188.0
79,0,True,1231,fhe,457,457,True,1158,1158,True,0.1886,0.003691,188.0
79,1,True,13805,fhe,2801,2801,True,2280,2280,True,0.4397,0.006785,188.0
79,2,True,1077,fhe,3511,3511,True,3511,3511,True,1.3303,0.002757,188.0
79,3,True,15,fhe,187,187,True,187,187,True,0.7838,0.000568,188.0
79,4,True,15,fhe,380,380,True,733,733,True,0.5669,0.003078,188.0
79,5,True,1425,fhe,380,380,True,1023,1023,True,1.0139,0.000786,188.0
79,6,True,253,fhe,5098,5098,True,2151,2151,True,0.4738,0.004228,188.0
79,7,True,806,fhe,807,807,True,807,807,True,0.3403,0.004313,188.0
79,8,True,2499,fhe,273,273,True,273,273,True,5.5543,0.001488,188.0
79,9,True,778,fhe,2826,2826,True,2826,2826,True,0.1906,0.001258,188.0
79,10,True,15,fhe,187,187,True,187,187,True,2.5189,0.002487,188.0
79,11,True,688,fhe,1635,1635,True,1635,1635,True,0.4807,0.001352,188.0
79,12,True,457,fhe,84,84,True,84,84,True,9.9257,0.001945,188.0
79,13,True,3638,fhe,13,13,True,13,13,True,1.5882,0.000604,188.0
79,14,True,281,fhe,897,897,True,897,897,True,0.2249,0.006665,188.0
79,15,True,15,fhe,323,323,True,1580,1580,True,0.3708,0.001156,188.0
79,16,True,347,fhe,247,247,True,247,247,True,2.3989,0.001507,188.0
79,17,True,28841,fhe,281,281,True,281,281,True,7.7655,0.003653,188.0
79,18,True,10109,fhe,3660,3660,True,3660,3660,True,2.4235,0.001656,188.0
79,19,True,28,fhe,187,187,True,187,187,True,0.8893,0.00107,188.0
79,20,True,1728,fhe,281,281,True,281,281,True,4.3717,0.000873,188.0
79,21,True,2653,fhe,24830,24830,True,24830,24830,True,9.3031,0.004936,188.0
79,22,True,342,fhe,253,253,True,253,253,True,2.3153,0.0021,188.0
79,23,True,13,fhe,5976,5976,True,5976,5976,True,2.0281,0.002562,188.0
79,24,True,253,fhe,3392,3392,True,2872,2872,True,0.3014,0.004133,188.0
79,25,True,5226,fhe,3348,3348,True,3348,3348,True,6.7904,0.009,188.0
79,26,True,281,fhe,1818,1818,True,4796,4796,True,0.9082,0.001627,188.0
79,27,True,7892,fhe,1048,1048,True,1048,1048,True,2.0202,0.001374,188.0
79,28,True,1313,fhe,407,407,True,407,407,True,2.9085,0.003128,188.0
79,29,True,4980,fhe,8685,8685,True,8685,8685,True,1.9998,0.003168,188.0
79,30,True,1072,fhe,2408,2408,True,2408,2408,True,0.6796,0.0013,188.0
79,31,True,1533,fhe,13,13,True,285,285,True,0.6892,0.001642,188.0
79,32,True,3239,fhe,806,806,True,806,806,True,0.5948,0.001635,188.0
79,33,True,13,fhe,534,534,True,534,534,True,0.0825,0.000719,188.0
79,34,True,3,fhe,285,285,True,984,984,True,1.0981,0.000667,188.0
79,35,True,4243,fhe,13,13,True,27,27,True,0.5396,0.001137,188.0
79,36,True,327,fhe,253,253,True,247,247,True,0.5242,0.003552,188.0
79,37,True,19310,fhe,2366,2366,True,973,973,True,0.1118,0.001606,188.0
79,38,True,671,fhe,7729,7729,True,3400,3400,True,0.4188,0.00361,188.0
79,39,True,253,fhe,12927,12927,True,1527,1527,True,1.3891,0.002301,188.0
79,40,True,187,fhe,39,39,True,39,39,True,0.4294,0.001602,188.0
79,41,True,327,fhe,1786,1786,True,1786,1786,True,0.5996,0.000882,188.0
79,42,True,2173,fhe,8249,8249,True,8249,8249,True,0.7317,0.005436,188.0
79,43,True,11964,fhe,2180,2180,True,2180,2180,True,4.9918,0.01153,188.0
79,44,True,1077,fhe,1774,1774,True,1774,1774,True,0.2298,0.002563,188.0
79,45,True,1056,fhe,598,598,True,598,598,True,3.8984,0.001283,188.0
79,46,True,273,fhe,1824,1824,True,897,897,True,1.2592,0.002174,188.0
79,47,True,1027,fhe,3603,3603,True,9351,9351,True,0.8172,0.00253,188.0
79,48,True,15,prompt,187,187,True,187,187,True,2.1843,0.002767,188.0
79,49,True,21291,fhe,281,281,True,281,281,True,5.0801,0.000431,188.0
79,50,True,2104,fhe,281,281,True,281,281,True,5.2388,0.000958,188.0
79,51,True,2919,fhe,15,15,True,15,15,True,1.9578,0.001159,188.0
79,52,True,369,fhe,642,642,True,642,642,True,0.9777,0.002289,188.0
79,53,True,73,fhe,4251,4251,True,4251,4251,True,5.6945,0.005531,188.0
79,54,True,1078,fhe,23157,23157,True,23157,23157,True,0.3243,0.003968,188.0
79,55,True,13120,fhe,7622,7622,True,14713,14713,True,1.0562,0.003713,188.0
79,56,True,12572,fhe,14407,14407,True,14407,14407,True,7.9995,0.005141,188.0
79,57,True,35347,fhe,574,574,True,574,574,True,0.1559,0.003263,188.0
79,58,True,380,fhe,2670,2670,True,1416,1416,True,0.0664,0.002435,188.0
79,59,True,347,fhe,7863,7863,True,7863,7863,True,1.3608,0.001487,188.0
79,60,True,507,fhe,273,273,True,273,273,True,1.699,0.001415,188.0
79,61,True,22290,fhe,1599,1599,True,1599,1599,True,0.2463,0.00247,188.0
79,62,True,608,fhe,42616,42616,True,2558,2558,True,0.7738,0.000821,188.0
79,63,True,476,fhe,320,320,True,320,320,True,1.5309,0.010688,188.0
80,0,True,1158,fhe,326,326,True,352,352,True,1.03,0.002418,188.0
80,1,True,2280,fhe,577,577,True,577,577,True,0.3176,0.001929,188.0
80,2,True,3511,fhe,13,13,True,13,13,True,1.6048,0.00067,188.0
80,3,True,187,fhe,510,510,True,510,510,True,1.1835,0.001306,188.0
80,4,True,733,fhe,310,310,True,3936,3936,True,0.708,0.001476,188.0
80,5,True,1023,fhe,5797,5797,True,5797,5797,True,5.8832,0.002742,188.0
80,6,True,2151,fhe,457,457,True,457,457,True,0.2235,0.001542,188.0
80,7,True,807,fhe,15,15,True,390,390,True,1.4948,0.00089,188.0
80,8,True,273,fhe,5002,5002,True,5002,5002,True,0.8976,0.000779,188.0
80,9,True,2826,fhe,8423,8423,True,8423,8423,True,2.2471,0.000878,188.0
80,10,True,187,fhe,510,510,True,1628,1628,True,1.4648,0.000715,188.0
80,11,True,1635,fhe,13,13,True,281,281,True,0.9008,0.001181,188.0
80,12,True,84,fhe,1495,1495,True,1495,1495,True,0.5689,0.005621,188.0
80,13,True,13,fhe,285,285,True,533,533,True,0.0757,0.004372,188.0
80,14,True,897,fhe,25818,25818,True,25818,25818,True,2.8437,0.002001,188.0
80,15,True,1580,fhe,253,253,True,253,253,True,1.0586,0.001116,188.0
80,16,True,247,fhe,495,495,True,1264,1264,True,0.6883,0.002697,188.0
80,17,True,281,fhe,4176,4176,True,4176,4176,True,3.3371,0.014156,188.0
80,18,True,3660,fhe,326,326,True,326,326,True,1.2573,0.002805,188.0
80,19,True,187,fhe,66,66,True,67,67,True,0.8204,0.002354,188.0
80,20,True,281,fhe,1142,1142,True,1142,1142,True,0.7783,0.003766,188.0
80,21,True,24830,fhe,275,275,True,13,13,True,0.4223,0.000641,188.0
80,22,True,253,fhe,897,897,True,897,897,True,0.3763,0.004123,188.0
80,23,True,5976,fhe,13,13,True,13,13,True,3.6442,0.006041,188.0
80,24,True,2872,fhe,637,637,True,637,637,True,2.5673,0.002037,188.0
80,25,True,3348,fhe,36842,36842,True,36842,36842,True,4.3599,0.008468,188.0
80,26,True,4796,fhe,616,616,True,27160,27160,True,0.439,0.002039,188.0
80,27,True,1048,fhe,15,15,True,285,285,True,0.2162,0.00269,188.0
80,28,True,407,fhe,247,247,True,247,247,True,1.2181,0.001198,188.0
80,29,True,8685,fhe,15,15,True,15,15,True,1.8795,0.000703,188.0
80,30,True,2408,fhe,273,273,True,273,273,True,4.6735,0.001015,188.0
80,31,True,285,fhe,310,310,True,14221,14221,True,0.0441,0.003285,188.0
80,32,True,806,fhe,1160,1160,True,1160,1160,True,2.2878,0.006285,188.0
80,33,True,534,fhe,310,310,True,4428,4428,True,1.3843,0.001005,188.0
80,34,True,984,fhe,352,352,True,344,344,True,1.4478,0.002092,188.0
80,35,True,27,fhe,253,253,True,253,253,True,3.3856,0.002501,188.0
80,36,True,247,fhe,747,747,True,747,747,True,0.1868,0.010491,188.0
80,37,True,973,fhe,15,15,True,15,15,True,1.5342,0.000381,188.0
80,38,True,3400,fhe,247,247,True,247,247,True,0.9133,0.004056,188.0
80,39,True,1527,fhe,12927,12927,True,12927,12927,True,4.6896,0.003603,188.0
80,40,True,39,fhe,22711,22711,True,360,360,True,2.8743,0.005001,188.0
80,41,True,1786,fhe,13,13,True,3374,3374,True,0.1673,0.000773,188.0
80,42,True,8249,fhe,12342,12342,True,12342,12342,True,1.0114,0.003917,188.0
80,43,True,2180,fhe,13,13,True,13,13,True,0.672,0.000478,188.0
80,44,True,1774,fhe,281,281,True,275,275,True,1.3706,0.002235,188.0
80,45,True,598,fhe,634,634,True,634,634,True,1.2748,0.000625,188.0
80,46,True,897,fhe,359,359,True,597,597,True,1.2926,0.000625,188.0
80,47,True,9351,fhe,273,273,True,273,273,True,4.2033,0.000516,188.0
80,48,True,187,fhe,510,510,True,510,510,True,0.4355,0.001293,188.0
80,49,True,281,fhe,6684,6684,True,9454,9454,True,1.5479,0.00459,188.0
80,50,True,281,fhe,3153,3153,True,11883,11883,True,2.0248,0.002706,188.0
80,51,True,15,fhe,380,380,True,380,380,True,2.4224,0.001153,188.0
80,52,True,642,fhe,861,861,True,861,861,True,0.0524,0.012288,188.0
80,53,True,4251,fhe,307,307,True,307,307,True,6.1337,0.006989,188.0
80,54,True,23157,fhe,731,731,True,1529,1529,True,0.2893,0.00104,188.0
80,55,True,14713,fhe,13,13,True,323,323,True,0.2922,0.001189,188.0
80,56,True,14407,fhe,369,369,True,4395,4395,True,1.4195,0.002539,188.0
80,57,True,574,fhe,247,247,True,247,247,True,0.1453,0.004637,188.0
80,58,True,1416,fhe,369,369,True,346,346,True,0.1431,0.00432,188.0
80,59,True,7863,fhe,347,347,True,347,347,True,3.6169,0.000626,188.0
80,60,True,273,fhe,670,670,True,670,670,True,0.4028,0.000554,188.0
80,61,True,1599,fhe,326,326,True,326,326,True,0.5193,0.00266,188.0
80,62,True,2558,fhe,273,273,True,273,273,True,2.6192,0.002138,188.0
80,63,True,320,fhe,908,908,True,7141,7141,True,0.7377,0.004879,188.0
81,0,True,352,fhe,457,457,True,310,310,True,1.742,0.001145,188.0
81,1,True,577,fhe,15,15,True,15,15,True,7.3188,0.0007,188.0
81,2,True,13,fhe,670,670,True,387,387,True,1.0644,0.001184,188.0
81,3,True,510,fhe,12927,12927,True,12927,12927,True,0.6811,0.002334,188.0
81,4,True,3936,fhe,1659,1659,True,1659,1659,True,1.7233,0.000943,188.0
81,5,True,5797,fhe,403,403,True,476,476,True,0.4684,0.003727,188.0
81,6,True,457,fhe,84,84,True,84,84,True,11.8513,0.003655,188.0
81,7,True,390,fhe,767,767,True,767,767,True,2.0045,0.000948,188.0
81,8,True,5002,fhe,13,13,True,13,13,True,2.1569,0.000557,188.0
81,9,True,8423,fhe,390,390,True,390,390,True,0.1714,0.000771,188.0
81,10,True,1628,fhe,1231,1231,True,1231,1231,True,0.0197,0.00162,188.0
81,11,True,281,fhe,1146,1146,True,1146,1146,True,0.0811,0.003876,188.0
81,12,True,1495,fhe,310,310,True,5880,5880,True,0.3668,0.001098,188.0
81,13,True,533,fhe,253,253,True,253,253,True,0.862,0.002287,188.0
81,14,True,25818,fhe,497,497,True,347,347,True,0.0725,0.002117,188.0
81,15,True,253,fhe,2363,2363,True,2363,2363,True,1.7262,0.002372,188.0
81,16,True,1264,fhe,14,14,True,14,14,True,3.7523,0.004672,188.0
81,17,True,4176,fhe,634,634,True,634,634,True,6.1949,0.003954,188.0
81,18,True,326,fhe,352,352,True,352,352,True,0.848,0.001424,188.0
81,19,True,67,fhe,426,426,True,654,654,True,1.9122,0.004438,188.0
81,20,True,1142,fhe,5074,5074,True,1027,1027,True,0.3333,0.005007,188.0
81,21,True,13,fhe,665,665,True,665,665,True,0.5988,0.001469,188.0
81,22,True,897,fhe,273,273,True,273,273,True,7.2525,0.003623,188.0
81,23,True,13,fhe,7652,7652,True,7652,7652,True,1.5765,0.002151,188.0
81,24,True,637,fhe,369,369,True,369,369,True,0.0557,0.001464,188.0
81,25,True,36842,fhe,313,313,True,313,313,True,0.1129,0.001714,188.0
81,26,True,27160,fhe,3678,3678,True,3678,3678,True,0.7999,0.001729,188.0
81,27,True,285,fhe,495,495,True,495,495,True,0.096,0.002306,188.0
81,28,True,247,fhe,6194,6194,True,9539,9539,True,0.4433,0.003235,188.0
81,29,True,15,fhe,187,187,True,733,733,True,0.474,0.001726,188.0
81,30,True,273,fhe,4250,4250,True,2341,2341,True,1.7445,0.001471,188.0
81,31,True,14221,fhe,323,323,True,323,323,True,0.3866,0.00151,188.0
81,32,True,1160,fhe,1345,1345,True,1345,1345,True,2.6309,0.002062,188.0
81,33,True,4428,fhe,670,670,True,670,670,True,0.1561,0.002091,188.0
81,34,True,344,fhe,6566,6566,True,6566,6566,True,0.3324,0.004315,188.0
81,35,True,253,fhe,12927,12927,True,1527,1527,True,1.3441,0.001654,188.0
81,36,True,747,fhe,9735,9735,True,9735,9735,True,0.0198,0.004753,188.0
81,37,True,15,fhe,380,380,True,1500,1500,True,0.4474,0.00193,188.0
81,38,True,247,fhe,6793,6793,True,6793,6793,True,0.0603,0.008952,188.0
81,39,True,12927,fhe,13,13,True,285,285,True,0.9133,0.005559,188.0
81,40,True,360,fhe,80,80,True,80,80,True,0.9245,0.005597,188.0
81,41,True,3374,fhe,15,15,True,387,387,True,0.0083,0.000899,188.0
81,42,True,12342,fhe,15,15,True,390,390,True,1.3437,0.001123,188.0
81,43,True,13,fhe,285,285,True,285,285,True,2.1506,0.004795,188.0
81,44,True,275,fhe,253,253,True,253,253,True,2.1088,0.001,188.0
81,45,True,634,fhe,29564,29564,True,29564,29564,True,1.0378,0.002945,188.0
81,46,True,597,fhe,588,588,True,476,476,True,0.2337,0.000873,188.0
81,47,True,273,fhe,2647,2647,True,2647,2647,True,1.8223,0.001135,188.0
81,48,True,510,fhe,954,954,True,954,954,True,0.0275,0.002535,188.0
81,49,True,9454,fhe,13,13,True,685,685,True,0.5259,0.000484,188.0
81,50,True,11883,fhe,323,323,True,323,323,True,1.7055,0.000589,188.0
81,51,True,380,fhe,11186,11186,True,10439,10439,True,0.0852,0.006019,188.0
81,52,True,861,fhe,273,273,True,273,273,True,3.3639,0.000693,188.0
81,53,True,307,fhe,376,376,True,376,376,True,6.9262,0.00413,188.0
81,54,True,1529,fhe,30231,30231,True,30231,30231,True,1.2248,0.003799,188.0
81,55,True,323,fhe,253,253,True,10253,10253,True,1.2878,0.001508,188.0
81,56,True,4395,fhe,281,281,True,281,281,True,2.2038,0.00066,188.0
81,57,True,247,fhe,2406,2406,True,2406,2406,True,0.5098,0.002233,188.0
81,58,True,346,fhe,49,49,True,49,49,True,0.6978,0.002868,188.0
81,59,True,347,fhe,253,253,True,776,776,True,0.2931,0.001089,188.0
81,60,True,670,fhe,1264,1264,True,1264,1264,True,0.2428,0.001165,188.0
81,61,True,326,fhe,253,253,True,253,253,True,1.378,0.001188,188.0
81,62,True,273,fhe,253,253,True,253,253,True,1.0997,0.002363,188.0
81,63,True,7141,fhe,347,347,True,347,347,True,0.2341,0.002905,188.0
82,0,True,310,fhe,247,247,True,1896,1896,True,0.1472,0.001138,188.0
82,1,True,15,fhe,3666,3666,True,14499,14499,True,0.6163,0.001059,188.0
82,2,True,387,fhe,670,670,True,1475,1475,True,1.0366,0.001923,188.0
82,3,True,12927,fhe,5254,5254,True,280,280,True,1.8514,0.004078,188.0
82,4,True,1659,fhe,275,275,True,672,672,True,0.9974,0.000721,188.0
82,5,True,476,fhe,320,320,True,320,320,True,1.6165,0.001427,188.0
82,6,True,84,fhe,5098,5098,True,4028,4028,True,0.8337,0.003101,188.0
82,7,True,767,fhe,15,15,True,15,15,True,2.3398,0.0023,188.0
82,8,True,13,fhe,12126,12126,True,12126,12126,True,0.0934,0.000728,188.0
82,9,True,390,fhe,13237,13237,True,13237,13237,True,0.9939,0.001177,188.0
82,10,True,1231,fhe,403,403,True,452,452,True,0.8404,0.002339,188.0
82,11,True,1146,fhe,247,247,True,247,247,True,0.4264,0.001222,188.0
82,12,True,5880,fhe,310,310,True,9513,9513,True,1.6486,0.000834,188.0
82,13,True,253,fhe,3276,3276,True,2329,2329,True,0.5525,0.006328,188.0
82,14,True,347,fhe,247,247,True,247,247,True,2.9289,0.003269,188.0
82,15,True,2363,fhe,273,273,True,273,273,True,4.5196,0.001782,188.0
82,16,True,14,fhe,6967,6967,True,6967,6967,True,5.7173,0.007229,188.0
82,17,True,634,fhe,3198,3198,True,3198,3198,True,4.9675,0.00303,188.0
82,18,True,352,fhe,369,369,True,3395,3395,True,0.8613,0.004263,188.0
82,19,True,654,fhe,470,470,True,470,470,True,1.0566,0.004696,188.0
82,20,True,1027,fhe,9351,9351,True,9351,9351,True,1.3675,0.005021,188.0
82,21,True,665,fhe,4159,4159,True,4159,4159,True,0.6049,0.004065,188.0
82,22,True,273,fhe,247,247,True,5657,5657,True,0.7212,0.001796,188.0
82,23,True,7652,fhe,13,13,True,13,13,True,3.9397,0.004175,188.0
82,24,True,369,fhe,417,417,True,417,417,True,0.1626,0.002783,188.0
82,25,True,313,fhe,10383,10383,True,6357,6357,True,1.5532,0.001208,188.0
82,26,True,3678,fhe,14839,14839,True,14839,14839,True,3.2395,0.002236,188.0
82,27,True,495,fhe,7892,7892,True,5823,5823,True,0.0879,0.001914,188.0
82,28,True,9539,fhe,273,273,True,273,273,True,1.0983,0.001334,188.0
82,29,True,733,fhe,369,369,True,556,556,True,0.894,0.002362,188.0
82,30,True,2341,fhe,23128,23128,True,19360,19360,True,0.3924,0.006192,188.0
82,31,True,323,fhe,670,670,True,4829,4829,True,0.6783,0.003276,188.0
82,32,True,1345,fhe,27,27,True,27,27,True,8.2927,0.004632,188.0
82,33,True,670,fhe,2233,2233,True,884,884,True,0.5487,0.002306,188.0
82,34,True,6566,fhe,326,326,True,326,326,True,0.2025,0.000945,188.0
82,35,True,1527,fhe,12927,12927,True,12927,12927,True,4.7235,0.003457,188.0
82,36,True,9735,fhe,15,15,True,15,15,True,0.0707,0.001511,188.0
82,37,True,1500,fhe,16264,16264,True,16264,16264,True,0.7571,0.00422,188.0
82,38,True,6793,fhe,2603,2603,True,2603,2603,True,1.0716,0.003071,188.0
82,39,True,285,fhe,253,253,True,253,253,True,3.8565,0.001816,188.0
82,40,True,80,fhe,13,13,True,313,313,True,0.0858,0.005293,188.0
82,41,True,387,fhe,253,253,True,3872,3872,True,1.2364,0.001479,188.0
82,42,True,390,fhe,6936,6936,True,6936,6936,True,0.4772,0.006365,188.0
82,43,True,285,fhe,1119,1119,True,2429,2429,True,2.0435,0.001284,188.0
82,44,True,253,fhe,1495,1495,True,1495,1495,True,0.237,0.003859,188.0
82,45,True,29564,fhe,403,403,True,403,403,True,2.7863,0.004134,188.0
82,46,True,476,fhe,1056,1056,True,390,390,True,1.1202,0.003349,188.0
82,47,True,2647,fhe,2366,2366,True,2366,2366,True,1.0945,0.000778,188.0
82,48,True,954,fhe,1774,1774,True,1774,1774,True,1.0734,0.001153,188.0
82,49,True,685,fhe,952,952,True,952,952,True,0.2574,0.001599,188.0
82,50,True,323,fhe,247,247,True,247,247,True,3.6287,0.002809,188.0
82,51,True,10439,fhe,2919,2919,True,2919,2919,True,3.8624,0.002578,188.0
82,52,True,273,fhe,247,247,True,1966,1966,True,0.4613,0.005535,188.0
82,53,True,376,fhe,13,13,True,13,13,True,3.3642,0.000864,188.0
82,54,True,30231,fhe,273,273,True,273,273,True,0.3683,0.003765,188.0
82,55,True,10253,fhe,13,13,True,2458,2458,True,1.0463,0.002833,188.0
82,56,True,281,fhe,1457,1457,True,1457,1457,True,1.3371,0.000764,188.0
82,57,True,2406,fhe,2495,2495,True,2495,2495,True,1.8023,0.003402,188.0
82,58,True,49,fhe,2653,2653,True,14440,14440,True,1.063,0.002886,188.0
82,59,True,776,fhe,4146,4146,True,4146,4146,True,0.0581,0.000744,188.0
82,60,True,1264,fhe,4669,4669,True,4669,4669,True,3.3182,0.001141,188.0
82,61,True,253,fhe,6871,6871,True,6871,6871,True,1.6513,0.012675,188.0
82,62,True,253,fhe,1824,1824,True,1824,1824,True,2.8721,0.006232,188.0
82,63,True,347,fhe,5793,5793,True,5793,5793,True,1.4308,0.001478,188.0
83,0,True,1896,fhe,326,326,True,326,326,True,0.743,0.001281,188.0
83,1,True,14499,fhe,404,404,True,404,404,True,4.8173,0.006514,188.0
83,2,True,1475,fhe,608,608,True,608,608,True,0.4484,0.00167,188.0
83,3,True,280,fhe,23396,23396,True,23396,23396,True,3.1417,0.002607,188.0
83,4,True,672,fhe,253,253,True,15727,15727,True,0.7756,0.001109,188.0
83,5,True,320,fhe,7141,7141,True,7141,7141,True,0.4496,0.001298,188.0
83,6,True,4028,fhe,13,13,True,13,13,True,3.5279,0.00683,188.0
83,7,True,15,fhe,187,187,True,1422,1422,True,0.8114,0.000816,188.0
83,8,True,12126,fhe,19917,19917,True,19917,19917,True,0.5202,0.001074,188.0
83,9,True,13237,fhe,15,15,True,689,689,True,0.4958,0.004542,188.0
83,10,True,452,fhe,281,281,True,2168,2168,True,0.1985,0.002704,188.0
83,11,True,247,fhe,2603,2603,True,2603,2603,True,0.3673,0.006771,188.0
83,12,True,9513,fhe,672,672,True,672,672,True,0.0592,0.003033,188.0
83,13,True,2329,fhe,3276,3276,True,1475,1475,True,0.1859,0.00093,188.0
83,14,True,247,fhe,2144,2144,True,2144,2144,True,0.0677,0.001577,188.0
83,15,True,273,fhe,10488,10488,True,10488,10488,True,0.4069,0.00101,188.0
83,16,True,6967,fhe,4891,4891,True,4891,4891,True,0.0576,0.00277,188.0
83,17,True,3198,fhe,15,15,True,15,15,True,8.596,0.000968,188.0
83,18,True,3395,fhe,247,247,True,247,247,True,0.4009,0.001397,188.0
83,19,True,470,fhe,13,13,True,2097,2097,True,0.2437,0.003931,188.0
83,20,True,9351,fhe,273,273,True,273,273,True,6.279,0.000952,188.0
83,21,True,4159,fhe,275,275,True,670,670,True,0.638,0.000647,188.0
83,22,True,5657,fhe,15,15,True,824,824,True,0.0231,0.002712,188.0
83,23,True,13,fhe,7652,7652,True,5329,7127,False,0.0869,0.001202,188.0
83,24,True,417,fhe,594,594,True,247,247,True,0.2644,0.006485,188.0
83,25,True,6357,fhe,15,15,True,15,15,True,4.1046,0.002136,188.0
83,26,True,14839,fhe,15,15,True,15,15,True,2.1697,0.001151,188.0
83,27,True,5823,fhe,4618,4618,True,4618,4618,True,0.0893,0.004039,188.0
83,28,True,273,fhe,952,952,True,952,952,True,1.0016,0.002679,188.0
83,29,True,556,fhe,644,644,True,644,644,True,2.1714,0.005724,188.0
83,30,True,19360,fhe,407,407,True,407,407,True,0.5534,0.000898,188.0
83,31,True,4829,fhe,374,374,True,374,374,True,0.0858,0.002735,188.0
83,32,True,27,fhe,12576,12576,True,12576,12576,True,0.1585,0.001013,188.0
83,33,True,884,fhe,13,13,True,3041,3041,True,1.3509,0.002598,188.0
83,34,True,326,fhe,352,352,True,21379,21379,True,1.06,0.00226,188.0
83,35,True,12927,fhe,13,13,True,285,285,True,0.9821,0.000876,188.0
83,36,True,15,fhe,1583,1583,True,1583,1583,True,0.5333,0.000861,188.0
83,37,True,16264,fhe,253,253,True,247,247,True,0.723,0.002124,188.0
83,38,True,2603,fhe,273,273,True,273,273,True,3.8533,0.001882,188.0
83,39,True,253,fhe,12927,12927,True,39222,39222,True,0.9792,0.005692,188.0
83,40,True,313,fhe,39,39,True,12563,12563,True,0.7511,0.00614,188.0
83,41,True,3872,fhe,13,13,True,1268,1268,True,1.7182,0.003414,188.0
83,42,True,6936,fhe,15,15,True,15,15,True,1.6583,0.000742,188.0
83,43,True,2429,fhe,253,253,True,352,352,True,0.6497,0.006459,188.0
83,44,True,1495,fhe,273,273,True,5880,5880,True,1.0977,0.000806,188.0
83,45,True,403,fhe,1160,1160,True,1925,1925,True,0.2791,0.000786,188.0
83,46,True,390,fhe,943,943,True,943,943,True,1.7174,0.002924,188.0
83,47,True,2366,fhe,13,13,True,13,13,True,1.9057,0.000656,188.0
83,48,True,1774,fhe,2181,2181,True,2181,2181,True,1.1113,0.001972,188.0
83,49,True,952,fhe,1293,1293,True,1293,1293,True,1.7318,0.00146,188.0
83,50,True,247,fhe,1643,1643,True,1643,1643,True,2.964,0.002404,188.0
83,51,True,2919,fhe,310,310,True,310,310,True,1.3827,0.001835,188.0
83,52,True,1966,fhe,2425,2425,True,2425,2425,True,0.0937,0.001475,188.0
83,53,True,13,fhe,253,253,True,285,285,True,1.0016,0.003348,188.0
83,54,True,273,fhe,11624,11624,True,11624,11624,True,4.7494,0.005469,188.0
83,55,True,2458,fhe,13,13,True,13,13,True,1.3595,0.001219,188.0
83,56,True,1457,fhe,2816,2816,True,2816,2816,True,5.1958,0.00103,188.0
83,57,True,2495,fhe,273,273,True,273,273,True,2.9428,0.002843,188.0
83,58,True,14440,fhe,279,279,True,279,279,True,7.1772,0.002353,188.0
83,59,True,4146,fhe,13,13,True,13,13,True,2.0188,0.001455,188.0
83,60,True,4669,fhe,15,15,True,15,15,True,0.3431,0.000844,188.0
83,61,True,6871,fhe,310,310,True,556,556,True,0.7955,0.001913,188.0
83,62,True,1824,fhe,368,368,True,275,275,True,0.4301,0.002559,188.0
83,63,True,5793,fhe,2341,2341,True,2341,2341,True,3.1685,0.003287,188.0
84,0,True,326,fhe,253,253,True,841,841,True,0.698,0.004979,188.0
84,1,True,404,fhe,253,253,True,2139,2139,True,0.1048,0.00148,188.0
84,2,True,608,fhe,13,13,True,1518,1518,True,1.9375,0.007544,188.0
84,3,True,23396,fhe,310,310,True,310,310,True,2.4107,0.001397,188.0
84,4,True,15727,fhe,313,313,True,313,313,True,0.0204,0.000701,188.0
84,5,True,7141,fhe,275,275,True,323,323,True,0.4974,0.004249,188.0
84,6,True,13,fhe,253,253,True,253,253,True,0.7567,0.000534,188.0
84,7,True,1422,fhe,476,476,True,778,778,True,1.5316,0.000943,188.0
84,8,True,19917,fhe,13,13,True,556,556,True,1.6389,0.002624,188.0
84,9,True,689,fhe,673,673,True,673,673,True,0.1098,0.001109,188.0
84,10,True,2168,fhe,2326,2326,True,2326,2326,True,2.3314,0.007446,188.0
84,11,True,2603,fhe,273,273,True,273,273,True,4.2624,0.000838,188.0
84,12,True,672,fhe,253,253,True,703,703,True,0.4116,0.001356,188.0
84,13,True,1475,fhe,253,253,True,253,253,True,0.214,0.001322,188.0
84,14,True,2144,fhe,497,497,True,497,497,True,0.598,0.00065,188.0
84,15,True,10488,fhe,14,14,True,14,14,True,2.076,0.000955,188.0
84,16,True,4891,fhe,13,13,True,1789,1789,True,0.6093,0.003193,188.0
84,17,True,15,fhe,187,187,True,187,187,True,6.1676,0.002998,188.0
84,18,True,247,fhe,2629,2629,True,2629,2629,True,0.3068,0.004281,188.0
84,19,True,2097,fhe,326,326,True,326,326,True,0.8078,0.001726,188.0
84,20,True,273,fhe,5074,5074,True,7139,7139,True,1.5725,0.001927,188.0
84,21,True,670,fhe,352,352,True,352,352,True,0.493,0.002776,188.0
84,22,True,824,fhe,347,347,True,347,347,True,6.8762,0.001202,188.0
84,23,True,5329,fhe,13,13,True,13,13,True,3.917,0.001721,188.0
84,24,True,247,fhe,637,637,True,1175,1175,True,0.9661,0.004128,188.0
84,25,True,15,fhe,337,337,True,374,374,True,0.4695,0.002537,188.0
84,26,True,15,fhe,187,187,True,187,187,True,2.9345,0.003577,188.0
84,27,True,4618,fhe,15,15,True,15,15,True,0.6793,0.00094,188.0
84,28,True,952,fhe,13,13,True,665,665,True,0.0922,0.001221,188.0
84,29,True,644,fhe,908,908,True,1119,1119,True,1.6949,0.001139,188.0
84,30,True,407,fhe,253,253,True,352,352,True,1.7222,0.001751,188.0
84,31,True,374,fhe,13,13,True,13,13,True,4.5662,0.005431,188.0
84,32,True,12576,fhe,14805,14805,True,14805,14805,True,0.101,0.001024,188.0
84,33,True,3041,fhe,6114,6114,True,6114,6114,True,4.0516,0.001064,188.0
84,34,True,21379,fhe,812,812,True,497,497,True,0.2961,0.00434,188.0
84,35,True,285,fhe,253,253,True,253,253,True,3.7408,0.001217,188.0
84,36,True,1583,fhe,452,452,True,452,452,True,0.3118,0.0028,188.0
84,37,True,247,fhe,1643,1643,True,1643,1643,True,0.2315,0.00303,188.0
84,38,True,273,fhe,8708,8708,True,23491,23491,True,0.1617,0.001348,188.0
84,39,True,39222,fhe,12927,12927,True,22826,22826,True,0.4491,0.005656,188.0
84,40,True,12563,fhe,1929,1929,True,1929,1929,True,1.8298,0.00084,188.0
84,41,True,1268,fhe,15,15,True,15,15,True,0.6537,0.000501,188.0
84,42,True,15,fhe,187,187,True,7820,7820,True,0.6975,0.005268,188.0
84,43,True,352,fhe,281,281,True,281,281,True,1.1244,0.001616,188.0
84,44,True,5880,fhe,273,273,True,273,273,True,3.5147,0.000935,188.0
84,45,True,1925,fhe,14910,14910,True,14910,14910,True,1.2612,0.00245,188.0
84,46,True,943,fhe,1056,1056,True,452,452,True,0.3948,0.002134,188.0
84,47,True,13,fhe,253,253,True,597,597,True,0.2124,0.000706,188.0
84,48,True,2181,fhe,281,281,True,281,281,True,0.4589,0.00063,188.0
84,49,True,1293,fhe,253,253,True,253,253,True,0.7097,0.003483,188.0
84,50,True,1643,fhe,1107,1107,True,1897,1897,True,1.3004,0.000936,188.0
84,51,True,310,fhe,253,253,True,11542,11542,True,0.6111,0.003696,188.0
84,52,True,2425,fhe,15,15,True,15,15,True,2.3863,0.000693,188.0
84,53,True,285,fhe,253,253,True,253,253,True,3.6227,0.000408,188.0
84,54,True,11624,fhe,15,15,True,15,15,True,2.3887,0.0012,188.0
84,55,True,13,fhe,285,285,True,533,533,True,1.1419,0.002118,188.0
84,56,True,2816,fhe,3228,3228,True,3228,3228,True,1.6582,0.000508,188.0
84,57,True,273,fhe,6684,6684,True,6684,6684,True,1.4355,0.00425,188.0
84,58,True,279,fhe,3,3,True,3,3,True,2.4809,0.003167,188.0
84,59,True,13,fhe,285,285,True,533,533,True,0.3574,0.000969,188.0
84,60,True,15,fhe,1583,1583,True,1583,1583,True,1.0181,0.000793,188.0
84,61,True,556,fhe,644,644,True,644,644,True,1.7563,0.002265,188.0
84,62,True,275,fhe,253,253,True,253,253,True,0.1277,0.002528,188.0
84,63,True,2341,fhe,15,15,True,323,323,True,0.2939,0.001273,188.0
85,0,True,841,fhe,5074,5074,True,5074,5074,True,0.5623,0.010331,188.0
85,1,True,2139,fhe,253,253,True,10917,10917,True,0.2249,0.001149,188.0
85,2,True,1518,fhe,7759,7759,True,7759,7759,True,0.0525,0.000946,188.0
85,3,True,310,fhe,1160,1160,True,1160,1160,True,0.9925,0.002096,188.0
85,4,True,313,fhe,263,263,True,263,263,True,0.057,0.012881,188.0
85,5,True,323,fhe,247,247,True,2067,2067,True,0.2973,0.001489,188.0
85,6,True,253,fhe,6838,6838,True,6838,6838,True,1.3986,0.001635,188.0
85,7,True,778,fhe,878,878,True,878,878,True,0.2983,0.002036,188.0
85,8,True,556,fhe,1119,1119,True,1119,1119,True,1.0737,0.00303,188.0
85,9,True,673,fhe,15,15,True,15,15,True,1.3396,0.000712,188.0
85,10,True,2326,fhe,253,253,True,14138,14138,True,0.995,0.001292,188.0
85,11,True,273,fhe,14590,14590,True,14590,14590,True,0.6734,0.0014,188.0
85,12,True,703,fhe,41714,41714,True,41714,41714,True,1.7207,0.00129,188.0
85,13,True,253,fhe,6773,6773,True,6773,6773,True,2.5435,0.002199,188.0
85,14,True,497,fhe,253,253,True,253,253,True,3.0504,0.002754,188.0
85,15,True,14,fhe,12071,12071,True,12071,12071,True,1.2132,0.006049,188.0
85,16,True,1789,fhe,13,13,True,326,326,True,0.7406,0.005813,188.0
85,17,True,187,fhe,2042,2042,True,2042,2042,True,1.1059,0.007757,188.0
85,18,True,2629,fhe,3389,3389,True,3389,3389,True,0.116,0.001052,188.0
85,19,True,326,fhe,253,253,True,253,253,True,0.0808,0.003281,188.0
85,20,True,7139,fhe,13,13,True,13,13,True,0.12,0.000564,188.0
85,21,True,352,fhe,275,275,True,275,275,True,3.672,0.000915,188.0
85,22,True,347,fhe,17066,247,False,17066,247,False,0.0005,0.003892,188.0
85,23,True,13,fhe,7904,7904,True,7904,7904,True,0.885,0.003203,188.0
85,24,True,1175,fhe,5974,5974,True,5974,5974,True,0.6222,0.001021,188.0
85,25,True,374,fhe,15,15,True,15,15,True,1.0292,0.001553,188.0
85,26,True,187,fhe,510,510,True,40268,40268,True,0.2328,0.001022,188.0
85,27,True,15,fhe,380,380,True,380,380,True,0.5743,0.000964,188.0
85,28,True,665,fhe,497,497,True,497,497,True,0.4718,0.002258,188.0
85,29,True,1119,fhe,275,275,True,275,275,True,2.4073,0.00095,188.0
85,30,True,352,fhe,15,15,True,13,13,True,0.1111,0.001037,188.0
85,31,True,13,fhe,933,933,True,933,933,True,1.1178,0.01093,188.0
85,32,True,14805,fhe,13,13,True,13,13,True,2.097,0.001001,188.0
85,33,True,6114,fhe,15,15,True,15,15,True,0.4987,0.005358,188.0
85,34,True,497,fhe,253,253,True,1160,1160,True,1.2821,0.001628,188.0
85,35,True,253,fhe,12927,12927,True,39222,39222,True,0.986,0.007297,188.0
85,36,True,452,fhe,247,247,True,417,417,True,0.1799,0.001656,188.0
85,37,True,1643,fhe,625,625,True,625,625,True,0.8865,0.001393,188.0
85,38,True,23491,fhe,323,323,True,323,323,True,0.8608,0.001217,188.0
85,39,True,22826,fhe,15,15,True,15,15,True,1.7716,0.003946,188.0
85,40,True,1929,fhe,347,347,True,347,347,True,5.3844,0.000889,188.0
85,41,True,15,fhe,380,380,True,733,733,True,0.3697,0.001236,188.0
85,42,True,7820,fhe,13,13,True,13,13,True,3.9057,0.000483,188.0
85,43,True,281,fhe,253,253,True,253,253,True,1.5527,0.003718,188.0
85,44,True,273,fhe,253,253,True,247,247,True,0.9087,0.003035,188.0
85,45,True,14910,fhe,15,15,True,15,15,True,1.6258,0.000721,188.0
85,46,True,452,fhe,15,15,True,327,327,True,1.3196,0.005469,188.0
85,47,True,597,fhe,830,830,True,830,830,True,0.1486,0.006581,188.0
85,48,True,281,fhe,4456,4456,True,4456,4456,True,1.4998,0.001259,188.0
85,49,True,253,fhe,8984,8984,True,1617,1617,True,1.1947,0.004823,188.0
85,50,True,1897,fhe,390,390,True,387,387,True,0.5952,0.000388,188.0
85,51,True,11542,fhe,407,407,True,407,407,True,2.0638,0.001293,188.0
85,52,True,15,fhe,380,380,True,1707,1707,True,0.9511,0.002519,188.0
85,53,True,253,fhe,2102,2102,True,2102,2102,True,0.3472,0.001327,188.0
85,54,True,15,fhe,380,380,True,380,380,True,1.346,0.001394,188.0
85,55,True,533,fhe,253,253,True,3063,3063,True,0.199,0.00128,188.0
85,56,True,3228,fhe,275,275,True,387,387,True,1.0585,0.001745,188.0
85,57,True,6684,fhe,3998,3998,True,3998,3998,True,2.3732,0.007279,188.0
85,58,True,3,fhe,310,310,True,310,310,True,0.1639,0.000927,188.0
85,59,True,533,fhe,352,352,True,352,352,True,1.4667,0.005045,188.0
85,60,True,1583,fhe,452,452,True,452,452,True,0.394,0.003658,188.0
85,61,True,644,fhe,5176,5176,True,5176,5176,True,0.4073,0.002629,188.0
85,62,True,253,fhe,11100,11100,True,11100,11100,True,0.1035,0.001853,188.0
85,63,True,323,fhe,253,253,True,253,253,True,0.3683,0.001532,188.0
86,0,True,5074,fhe,403,403,True,403,403,True,0.2702,0.003922,188.0
86,1,True,10917,fhe,452,452,True,452,452,True,0.1461,0.00429,188.0
86,2,True,7759,fhe,330,330,True,330,330,True,0.5023,0.003206,188.0
86,3,True,1160,fhe,598,598,True,598,598,True,1.3877,0.001418,188.0
86,4,True,263,fhe,9574,9574,True,9574,9574,True,0.2109,0.001058,188.0
86,5,True,2067,fhe,1107,1107,True,1107,1107,True,2.1916,0.001296,188.0
86,6,True,6838,fhe,671,671,True,671,671,True,1.0304,0.005818,188.0
86,7,True,878,fhe,281,281,True,281,281,True,3.7152,0.001871,188.0
86,8,True,1119,fhe,326,326,True,326,326,True,1.3914,0.00133,188.0
86,9,True,15,fhe,380,380,True,380,380,True,0.1612,0.001188,188.0
86,10,True,14138,fhe,2544,2544,True,2544,2544,True,0.9747,0.002889,188.0
86,11,True,14590,fhe,330,330,True,444,444,True,1.2968,0.001505,188.0
86,12,True,41714,fhe,617,617,True,617,617,True,0.8787,0.000623,188.0
86,13,True,6773,fhe,310,310,True,4850,4850,True,0.6302,0.002849,188.0
86,14,True,253,fhe,10253,10253,True,10253,10253,True,0.3694,0.000847,188.0
86,15,True,12071,fhe,1107,1107,True,310,310,True,1.1384,0.000956,188.0
86,16,True,326,fhe,310,310,True,4428,4428,True,0.8419,0.006123,188.0
86,17,True,2042,fhe,368,368,True,368,368,True,5.9598,0.001564,188.0
86,18,True,3389,fhe,15,15,True,15,15,True,0.9139,0.000754,188.0
86,19,True,253,fhe,2020,2020,True,767,767,True,0.7428,0.001607,188.0
86,20,True,13,fhe,285,285,True,533,533,True,0.381,0.001607,188.0
86,21,True,275,fhe,521,521,True,521,521,True,0.9217,0.002165,188.0
86,22,True,17066,fhe,265,265,True,265,265,True,3.2063,0.001205,188.0
86,23,True,7904,fhe,13,13,True,13,13,True,3.9111,0.00303,188.0
86,24,True,5974,fhe,13,13,True,28,28,True,1.7517,0.000676,188.0
86,25,True,15,fhe,22,22,True,22,22,True,0.8548,0.010324,188.0
86,26,True,40268,fhe,1346,1346,True,1346,1346,True,4.2644,0.01071,188.0
86,27,True,380,fhe,7590,7590,True,34742,34742,True,0.0542,0.005022,188.0
86,28,True,497,fhe,6179,6179,True,6179,6179,True,0.8362,0.002318,188.0
86,29,True,275,fhe,9129,9129,True,9129,9129,True,0.3546,0.001999,188.0
86,30,True,13,fhe,390,390,True,824,824,True,0.3874,0.006191,188.0
86,31,True,933,fhe,6574,6574,True,28666,28666,True,0.7706,0.001796,188.0
86,32,True,13,fhe,4267,4267,True,4267,4267,True,0.6125,0.000713,188.0
86,33,True,15,fhe,380,380,True,733,733,True,0.2262,0.004082,188.0
86,34,True,1160,fhe,598,598,True,598,598,True,1.4371,0.002163,188.0
86,35,True,39222,fhe,12927,12927,True,22826,22826,True,0.1548,0.001878,188.0
86,36,True,417,fhe,2568,2568,True,2568,2568,True,1.0754,0.003585,188.0
86,37,True,625,fhe,9830,9830,True,33518,33518,True,1.5908,0.003032,188.0
86,38,True,323,fhe,634,634,True,4444,4444,True,1.0563,0.001347,188.0
86,39,True,15,fhe,380,380,True,17323,17323,True,1.6743,0.001548,188.0
86,40,True,347,fhe,269,269,True,269,269,True,2.2214,0.004319,188.0
86,41,True,733,fhe,310,310,True,310,310,True,0.4561,0.001749,188.0
86,42,True,13,fhe,253,253,True,253,253,True,0.3056,0.001239,188.0
86,43,True,253,fhe,2408,2408,True,2408,2408,True,0.4536,0.002083,188.0
86,44,True,247,fhe,11129,11129,True,11129,11129,True,0.3789,0.002214,188.0
86,45,True,15,fhe,187,187,True,34257,34257,True,0.963,0.003294,188.0
86,46,True,327,fhe,253,253,True,616,616,True,0.8852,0.000955,188.0
86,47,True,830,fhe,247,247,True,247,247,True,1.4217,0.00097,188.0
86,48,True,4456,fhe,670,670,True,310,310,True,0.3265,0.001987,188.0
86,49,True,1617,fhe,15,15,True,13,13,True,1.2201,0.000707,188.0
86,50,True,387,fhe,247,247,True,954,954,True,0.1755,0.000743,188.0
86,51,True,407,fhe,253,253,True,253,253,True,3.6573,0.001431,188.0
86,52,True,1707,fhe,369,369,True,369,369,True,0.109,0.000819,188.0
86,53,True,2102,fhe,316,316,True,316,316,True,4.9136,0.012233,188.0
86,54,True,380,fhe,2872,2872,True,2872,2872,True,0.5426,0.002051,188.0
86,55,True,3063,fhe,352,352,True,697,697,True,1.0712,0.00102,188.0
86,56,True,387,fhe,253,253,True,2363,2363,True,0.3471,0.001693,188.0
86,57,True,3998,fhe,8837,8837,True,2923,2923,True,2.232,0.004899,188.0
86,58,True,310,fhe,247,247,True,247,247,True,0.6014,0.001025,188.0
86,59,True,352,fhe,434,434,True,556,556,True,0.089,0.002719,188.0
86,60,True,452,fhe,247,247,True,247,247,True,0.6326,0.004628,188.0
86,61,True,5176,fhe,432,432,True,432,432,True,1.3921,0.00155,188.0
86,62,True,11100,fhe,15,15,True,1016,1016,True,0.3098,0.00155,188.0
86,63,True,253,fhe,894,894,True,894,894,True,0.8733,0.00765,188.0
87,0,True,403,fhe,970,970,True,970,970,True,0.0658,0.004908,188.0
87,1,True,452,fhe,1027,1027,True,2074,2074,True,1.0052,0.001031,188.0
87,2,True,330,fhe,1241,1241,True,1241,1241,True,3.7033,0.001735,188.0
87,3,True,598,fhe,273,273,True,6571,6571,True,2.3556,0.001912,188.0
87,4,True,9574,fhe,10,10,True,10,10,True,2.9145,0.000969,188.0
87,5,True,1107,fhe,13,13,True,13,13,True,0.0092,0.001014,188.0
87,6,True,671,fhe,4159,4159,True,1239,1239,True,2.2247,0.00148,188.0
87,7,True,281,fhe,1265,1265,True,3343,3343,True,0.6847,0.006729,188.0
87,8,True,326,fhe,253,253,True,4651,4651,True,0.9197,0.002341,188.0
87,9,True,380,fhe,3075,3075,True,3075,3075,True,2.7329,0.001338,188.0
87,10,True,2544,fhe,275,275,True,275,275,True,2.4274,0.001035,188.0
87,11,True,444,fhe,13,13,True,13,13,True,1.8984,0.001931,188.0
87,12,True,617,fhe,11624,11624,True,11624,11624,True,1.1652,0.002289,188.0
87,13,True,4850,fhe,34562,34562,True,34562,34562,True,1.0136,0.001236,188.0
87,14,True,10253,fhe,2458,2458,True,2458,2458,True,10.6418,0.00258,188.0
87,15,True,310,fhe,13410,13410,True,2783,2783,True,1.8504,0.002877,188.0
87,16,True,4428,fhe,247,247,True,512,512,True,0.4691,0.002134,188.0
87,17,True,368,fhe,452,452,True,452,452,True,2.0009,0.001501,188.0
87,18,True,15,fhe,187,187,True,733,733,True,1.3942,0.001133,188.0
87,19,True,767,fhe,14636,14636,True,7123,7123,True,0.7453,0.001416,188.0
87,20,True,533,fhe,253,253,True,627,627,True,1.1951,0.00098,188.0
87,21,True,521,fhe,1984,1984,True,1984,1984,True,0.1073,0.000814,188.0
87,22,True,265,fhe,13,13,True,13,13,True,0.8372,0.000968,188.0
87,23,True,13,fhe,7543,7543,True,7543,7543,True,0.199,0.00166,188.0
87,24,True,28,fhe,344,344,True,344,344,True,1.5915,0.003069,188.0
87,25,True,22,fhe,3041,3041,True,281,281,True,2.078,0.005486,188.0
87,26,True,1346,fhe,897,897,True,1263,1263,True,0.3811,0.004679,188.0
87,27,True,34742,fhe,932,932,True,932,932,True,7.803,0.012799,188.0
87,28,True,6179,fhe,281,281,True,281,281,True,0.0693,0.002565,188.0
87,29,True,9129,fhe,22437,22437,True,22437,22437,True,1.0856,0.003744,188.0
87,30,True,824,fhe,347,347,True,347,347,True,4.61,0.001208,188.0
87,31,True,28666,fhe,313,313,True,313,313,True,3.1047,0.001128,188.0
87,32,True,4267,fhe,187,187,True,187,187,True,3.4349,0.001338,188.0
87,33,True,733,fhe,310,310,True,556,556,True,1.2592,0.003622,188.0
87,34,True,598,fhe,273,273,True,6571,6571,True,2.1164,0.001189,188.0
87,35,True,22826,fhe,15,15,True,15,15,True,1.7337,0.003679,188.0
87,36,True,2568,fhe,6699,6699,True,6699,6699,True,1.2355,0.003709,188.0
87,37,True,33518,fhe,13,13,True,13,13,True,1.3535,0.000844,188.0
87,38,True,4444,fhe,3116,3116,True,3116,3116,True,1.5857,0.001115,188.0
87,39,True,17323,fhe,5254,5254,True,5254,5254,True,0.496,0.002975,188.0
87,40,True,269,fhe,360,360,True,2123,2123,True,2.7516,0.005478,188.0
87,41,True,310,fhe,1754,1754,True,1754,1754,True,0.4604,0.002448,188.0
87,42,True,253,fhe,7465,7465,True,7465,7465,True,0.2218,0.003662,188.0
87,43,True,2408,fhe,273,273,True,273,273,True,4.9538,0.001802,188.0
87,44,True,11129,fhe,15,15,True,15,15,True,2.0172,0.003507,188.0
87,45,True,34257,fhe,310,310,True,310,310,True,1.0429,0.001003,188.0
87,46,True,616,fhe,1824,1824,True,3126,3126,True,0.7653,0.00504,188.0
87,47,True,247,fhe,4177,4177,True,4177,4177,True,2.4963,0.007622,188.0
87,48,True,310,fhe,326,326,True,326,326,True,1.8985,0.000685,188.0
87,49,True,13,fhe,285,285,True,285,285,True,1.9358,0.001356,188.0
87,50,True,954,fhe,15,15,True,15,15,True,2.1439,0.000768,188.0
87,51,True,253,fhe,49389,49389,True,49389,49389,True,3.4592,0.001164,188.0
87,52,True,369,fhe,642,642,True,2717,2717,True,0.6863,0.001177,188.0
87,53,True,316,fhe,15,15,True,15,15,True,2.6155,0.001558,188.0
87,54,True,2872,fhe,32732,32732,True,32732,32732,True,0.8361,0.001652,188.0
87,55,True,697,fhe,6349,6349,True,6349,6349,True,2.2019,0.00881,188.0
87,56,True,2363,fhe,1638,1638,True,1638,1638,True,0.3315,0.001585,188.0
87,57,True,2923,fhe,15,15,True,685,685,True,0.9483,0.000712,188.0
87,58,True,247,fhe,16933,16933,True,16933,16933,True,0.9898,0.001412,188.0
87,59,True,556,fhe,247,247,True,247,247,True,0.2941,0.00307,188.0
87,60,True,247,fhe,1048,1048,True,1048,1048,True,1.0424,0.001442,188.0
87,61,True,432,fhe,253,253,True,253,253,True,3.7374,0.001864,188.0
87,62,True,1016,fhe,673,673,True,673,673,True,0.257,0.002091,188.0
87,63,True,894,fhe,15,15,True,281,281,True,0.0538,0.001895,188.0
88,0,True,970,fhe,616,616,True,616,616,True,0.2885,0.001217,188.0
88,1,True,2074,fhe,3607,3607,True,3520,3520,True,0.6185,0.009945,188.0
88,2,True,1241,fhe,3750,3750,True,3750,3750,True,8.4694,0.01758,188.0
88,3,True,6571,fhe,273,273,True,273,273,True,7.2605,0.000808,188.0
88,4,True,10,fhe,275,275,True,28468,28468,True,0.6945,0.001541,188.0
88,5,True,13,fhe,533,533,True,533,533,True,0.3487,0.003264,188.0
88,6,True,1239,fhe,253,253,True,253,253,True,0.464,0.001263,188.0
88,7,True,3343,fhe,247,247,True,247,247,True,0.2525,0.001725,188.0
88,8,True,4651,fhe,476,476,True,476,476,True,0.6175,0.001506,188.0
88,9,True,3075,fhe,778,778,True,3798,3798,True,0.3491,0.001278,188.0
88,10,True,275,fhe,6994,6994,True,27693,27693,True,0.5084,0.000886,188.0
88,11,True,13,fhe,28580,28580,True,19126,19126,True,1.2359,0.0039,188.0
88,12,True,11624,fhe,15,15,True,327,327,True,0.7197,0.003582,188.0
88,13,True,34562,fhe,15,15,True,347,347,True,0.3251,0.00235,188.0
88,14,True,2458,fhe,13,13,True,13,13,True,1.1174,0.001467,188.0
88,15,True,2783,fhe,281,281,True,247,247,True,0.7191,0.000951,188.0
88,16,True,512,fhe,253,253,True,253,253,True,0.5551,0.002935,188.0
88,17,True,452,fhe,2168,2168,True,2168,2168,True,0.1248,0.004257,188.0
88,18,True,733,fhe,369,369,True,4558,4558,True,0.3974,0.00705,188.0
88,19,True,7123,fhe,403,403,True,823,823,True,1.0926,0.00203,188.0
88,20,True,627,fhe,403,403,True,403,403,True,2.7586,0.001219,188.0
88,21,True,1984,fhe,13,13,True,13,13,True,1.0606,0.000608,188.0
88,22,True,13,fhe,17066,17066,True,3861,3861,True,0.5604,0.005627,188.0
88,23,True,7543,fhe,13,13,True,13,13,True,3.8352,0.007354,188.0
88,24,True,344,fhe,369,369,True,812,812,True,1.1373,0.002045,188.0
88,25,True,281,fhe,374,374,True,495,495,True,0.2747,0.00206,188.0
88,26,True,1263,fhe,253,253,True,253,253,True,0.403,0.001401,188.0
88,27,True,932,fhe,403,403,True,403,403,True,2.167,0.001064,188.0
88,28,True,281,fhe,923,923,True,923,923,True,0.2902,0.0076,188.0
88,29,True,22437,fhe,7275,7275,True,7275,7275,True,0.889,0.003098,188.0
88,30,True,347,fhe,407,407,True,949,949,True,0.0317,0.00116,188.0
88,31,True,313,fhe,18,18,True,18,18,True,0.8288,0.001797,188.0
88,32,True,187,fhe,8693,8693,True,8693,8693,True,0.7786,0.003828,188.0
88,33,True,556,fhe,247,247,True,644,644,True,0.0337,0.003952,188.0
88,34,True,6571,fhe,273,273,True,273,273,True,5.9528,0.001177,188.0
88,35,True,15,fhe,380,380,True,17323,17323,True,1.6741,0.001915,188.0
88,36,True,6699,fhe,616,616,True,616,616,True,0.2678,0.001292,188.0
88,37,True,13,fhe,285,285,True,840,840,True,0.7438,0.001205,188.0
88,38,True,3116,fhe,15,15,True,15,15,True,0.5823,0.001364,188.0
88,39,True,5254,fhe,17355,17355,True,17355,17355,True,2.2676,0.00519,188.0
88,40,True,2123,fhe,13,13,True,10,10,True,0.4631,0.002967,188.0
88,41,True,1754,fhe,327,327,True,2220,2220,True,2.9781,0.001175,188.0
88,42,True,7465,fhe,403,403,True,4388,4388,True,0.219,0.002617,188.0
88,43,True,273,fhe,4073,4073,True,673,673,True,0.3086,0.004551,188.0
88,44,True,15,fhe,380,380,True,1583,1583,True,0.607,0.001318,188.0
88,45,True,310,fhe,1160,1160,True,1077,1077,True,1.0956,0.002385,188.0
88,46,True,3126,fhe,15,15,True,15,15,True,1.5478,0.003764,188.0
88,47,True,4177,fhe,15,15,True,15,15,True,1.6849,0.00183,188.0
88,48,True,326,fhe,253,253,True,512,512,True,0.7655,0.001054,188.0
88,49,True,285,fhe,597,597,True,597,597,True,0.1609,0.00692,188.0
88,50,True,15,fhe,187,187,True,5815,5815,True,0.2502,0.002285,188.0
88,51,True,49389,fhe,333,333,True,26782,26782,True,0.9434,0.003512,188.0
88,52,True,2717,fhe,281,281,True,327,327,True,0.9845,0.001969,188.0
88,53,True,15,fhe,187,187,True,380,380,True,0.8015,0.000553,188.0
88,54,True,32732,fhe,275,275,True,275,275,True,2.0498,0.000856,188.0
88,55,True,6349,fhe,310,310,True,310,310,True,0.594,0.005095,188.0
88,56,True,1638,fhe,13,13,True,13,13,True,1.0743,0.002236,188.0
88,57,True,685,fhe,1110,1110,True,1110,1110,True,0.737,0.004065,188.0
88,58,True,16933,fhe,273,273,True,273,273,True,5.2709,0.00232,188.0
88,59,True,247,fhe,2280,2280,True,2280,2280,True,1.1306,0.006936,188.0
88,60,True,1048,fhe,13,13,True,7623,7623,True,1.1967,0.006623,188.0
88,61,True,253,fhe,6871,6871,True,5534,5534,True,1.4049,0.002332,188.0
88,62,True,673,fhe,368,368,True,368,368,True,0.8444,0.000609,188.0
88,63,True,281,fhe,897,897,True,897,897,True,3.592,0.001268,188.0
89,0,True,616,fhe,2675,2675,True,3282,3282,True,0.9748,0.001779,188.0
89,1,True,3520,fhe,3607,3607,True,5319,5319,True,0.2424,0.001365,188.0
89,2,True,3750,fhe,13,13,True,313,313,True,0.412,0.001304,188.0
89,3,True,273,fhe,5561,5561,True,5561,5561,True,0.1479,0.003115,188.0
89,4,True,28468,fhe,327,327,True,327,327,True,2.8631,0.001917,188.0
89,5,True,533,fhe,597,597,True,597,597,True,0.3638,0.001042,188.0
89,6,True,253,fhe,5098,5098,True,2987,2987,True,0.0691,0.003493,188.0
89,7,True,247,fhe,1643,1643,True,1643,1643,True,1.5713,0.001534,188.0
89,8,True,476,fhe,1361,1361,True,1361,1361,True,0.5163,0.004025,188.0
89,9,True,3798,fhe,34756,34756,True,34756,34756,True,0.0001,0.00162,188.0
89,10,True,27693,fhe,6150,6150,True,6150,6150,True,1.2241,0.003761,188.0
89,11,True,19126,fhe,4808,4808,True,4808,4808,True,1.0781,0.006156,188.0
89,12,True,327,fhe,253,253,True,247,247,True,0.0831,0.00105,188.0
89,13,True,347,fhe,352,352,True,973,973,True,0.2476,0.001762,188.0
89,14,True,13,fhe,665,665,True,36452,36452,True,1.5642,0.000594,188.0
89,15,True,247,fhe,15245,15245,True,15245,15245,True,0.1785,0.001111,188.0
89,16,True,253,fhe,1491,1491,True,1491,1491,True,0.6237,0.007128,188.0
89,17,True,2168,fhe,9716,9716,True,9716,9716,True,0.4385,0.026662,188.0
89,18,True,4558,fhe,581,581,True,581,581,True,0.2822,0.000753,188.0
89,19,True,823,fhe,281,281,True,281,281,True,1.0618,0.001358,188.0
89,20,True,403,fhe,1142,1142,True,760,760,True,0.0662,0.004642,188.0
89,21,True,13,fhe,380,380,True,2070,2070,True,0.3063,0.00133,188.0
89,22,True,3861,fhe,974,974,True,974,974,True,1.7842,0.007365,188.0
89,23,True,13,fhe,5693,5693,True,5693,5693,True,1.6876,0.002238,188.0
89,24,True,812,fhe,417,417,True,760,760,True,1.7457,0.002979,188.0
89,25,True,495,fhe,15,15,True,15,15,True,0.2209,0.002918,188.0
89,26,True,253,fhe,7565,7565,True,7565,7565,True,0.3419,0.001587,188.0
89,27,True,403,fhe,3168,3168,True,3168,3168,True,0.0149,0.00369,188.0
89,28,True,923,fhe,253,253,True,752,752,True,0.6186,0.000678,188.0
89,29,True,7275,fhe,1768,1768,True,1768,1768,True,8.9641,0.00273,188.0
89,30,True,949,fhe,253,253,True,253,253,True,1.263,0.00119,188.0
89,31,True,18,fhe,13,13,True,13,13,True,3.6075,0.01168,188.0
89,32,True,8693,fhe,40370,40370,True,40370,40370,True,2.7996,0.014159,188.0
89,33,True,644,fhe,1925,1925,True,1925,1925,True,0.2546,0.003143,188.0
89,34,True,273,fhe,9946,9946,True,7768,7768,True,0.6416,0.004128,188.0
89,35,True,17323,fhe,5254,5254,True,5254,5254,True,0.4699,0.005691,188.0
89,36,True,616,fhe,789,789,True,15133,15133,True,0.6457,0.003698,188.0
89,37,True,840,fhe,253,253,True,703,703,True,0.5905,0.001015,188.0
89,38,True,15,fhe,187,187,True,187,187,True,2.6764,0.0014,188.0
89,39,True,17355,fhe,310,310,True,6634,6634,True,0.8952,0.00549,188.0
89,40,True,10,fhe,310,310,True,310,310,True,3.8002,0.00131,188.0
89,41,True,2220,fhe,253,253,True,9241,9241,True,1.6042,0.001277,188.0
89,42,True,4388,fhe,281,281,True,281,281,True,4.6135,0.000803,188.0
89,43,True,673,fhe,597,597,True,5262,5262,True,0.8413,0.002593,188.0
89,44,True,1583,fhe,403,403,True,830,830,True,0.7538,0.002664,188.0
89,45,True,1077,fhe,2266,2266,True,1892,1892,True,0.7086,0.009393,188.0
89,46,True,15,fhe,187,187,True,844,844,True,1.8248,0.001216,188.0
89,47,True,15,fhe,380,380,True,380,380,True,0.5788,0.001793,188.0
89,48,True,512,fhe,273,273,True,273,273,True,0.9346,0.001263,188.0
89,49,True,597,fhe,778,778,True,778,778,True,1.0535,0.00279,188.0
89,50,True,5815,fhe,3417,3417,True,3417,3417,True,1.091,0.00351,188.0
89,51,True,26782,fhe,2491,2491,True,2491,2491,True,0.2628,0.004034,188.0
89,52,True,327,fhe,253,253,True,253,253,True,3.7217,0.005745,188.0
89,53,True,380,fhe,2102,2102,True,2102,2102,True,0.1547,0.003398,188.0
89,54,True,275,fhe,670,670,True,247,247,True,0.7601,0.001546,188.0
89,55,True,310,fhe,23028,23028,True,23028,23028,True,0.036,0.006208,188.0
89,56,True,13,fhe,835,835,True,835,835,True,0.8399,0.004656,188.0
89,57,True,1110,fhe,342,342,True,1293,1293,True,0.0717,0.001833,188.0
89,58,True,273,fhe,253,253,True,253,253,True,0.9176,0.001555,188.0
89,59,True,2280,fhe,670,670,True,326,326,True,0.8324,0.000771,188.0
89,60,True,7623,fhe,13,13,True,13,13,True,0.4737,0.005558,188.0
89,61,True,5534,fhe,13,13,True,390,390,True,0.3083,0.003895,188.0
89,62,True,368,fhe,897,897,True,26363,26363,True,0.7691,0.001513,188.0
89,63,True,897,fhe,1996,1996,True,1996,1996,True,0.6268,0.001601,188.0
90,0,True,3282,fhe,273,273,True,273,273,True,6.8588,0.000806,188.0
90,1,True,5319,fhe,577,577,True,608,608,True,0.7858,0.001314,188.0
90,2,True,313,fhe,10383,10383,True,10383,10383,True,2.1175,0.005253,188.0
90,3,True,5561,fhe,13,13,True,326,326,True,0.7005,0.000933,188.0
90,4,True,327,fhe,36984,36984,True,8618,8618,True,0.2342,0.005993,188.0
90,5,True,597,fhe,403,403,True,588,588,True,0.5206,0.004754,188.0
90,6,True,2987,fhe,273,273,True,273,273,True,4.3089,0.001474,188.0
90,7,True,1643,fhe,3618,3618,True,3618,3618,True,0.0776,0.002252,188.0
90,8,True,1361,fhe,616,616,True,616,616,True,2.4391,0.001642,188.0
90,9,True,34756,fhe,323,323,True,323,323,True,0.2453,0.001746,188.0
90,10,True,6150,fhe,6749,6749,True,6749,6749,True,5.0015,0.009286,188.0
90,11,True,4808,fhe,4428,4428,True,4428,4428,True,1.0495,0.002308,188.0
90,12,True,247,fhe,17514,17514,True,17514,17514,True,1.3552,0.009465,188.0
90,13,True,973,fhe,15,15,True,15,15,True,0.4015,0.00473,188.0
90,14,True,36452,fhe,13,13,True,13,13,True,2.3079,0.000496,188.0
90,15,True,15245,fhe,273,273,True,273,273,True,0.8092,0.002309,188.0
90,16,True,1491,fhe,3058,3058,True,3058,3058,True,0.3984,0.003354,188.0
90,17,True,9716,fhe,436,436,True,436,436,True,5.131,0.001242,188.0
90,18,True,581,fhe,273,273,True,273,273,True,4.9764,0.000646,188.0
90,19,True,281,fhe,12660,12660,True,12660,12660,True,1.7886,0.001147,188.0
90,20,True,760,fhe,247,247,True,767,767,True,1.3284,0.002564,188.0
90,21,True,2070,fhe,367,367,True,367,367,True,1.9591,0.002415,188.0
90,22,True,974,fhe,641,641,True,641,641,True,5.6077,0.009761,188.0
90,23,True,5693,fhe,13,13,True,13,13,True,3.8824,0.001785,188.0
90,24,True,760,fhe,1239,1239,True,1239,1239,True,0.5529,0.002091,188.0
90,25,True,15,fhe,17,17,True,17,17,True,0.1851,0.002694,188.0
90,26,True,7565,fhe,457,457,True,457,457,True,0.1355,0.005467,188.0
90,27,True,3168,fhe,13,13,True,13,13,True,1.7933,0.000801,188.0
90,28,True,752,fhe,369,369,True,651,651,True,0.3913,0.000802,188.0
90,29,True,1768,fhe,13,13,True,13,13,True,0.4731,0.002639,188.0
90,30,True,253,fhe,897,897,True,897,897,True,0.0608,0.001914,188.0
90,31,True,13,fhe,1518,1518,True,1518,1518,True,0.2928,0.01156,188.0
90,32,True,40370,fhe,27,27,True,27,27,True,7.6422,0.006588,188.0
90,33,True,1925,fhe,253,253,True,253,253,True,1.732,0.002055,188.0
90,34,True,7768,fhe,285,285,True,313,313,True,0.1981,0.002695,188.0
90,35,True,5254,fhe,17355,17355,True,17355,17355,True,2.1258,0.003436,188.0
90,36,True,15133,fhe,13,13,True,37507,37507,True,0.8574,0.001652,188.0
90,37,True,703,fhe,16264,16264,True,3531,3531,True,0.2525,0.001824,188.0
90,38,True,187,fhe,5065,5065,True,5065,5065,True,0.1971,0.004747,188.0
90,39,True,6634,fhe,672,672,True,672,672,True,1.6666,0.00311,188.0
90,40,True,310,fhe,247,247,True,247,247,True,1.9302,0.002377,188.0
90,41,True,9241,fhe,273,273,True,273,273,True,0.6742,0.001458,188.0
90,42,True,281,fhe,1361,1361,True,1361,1361,True,0.7854,0.004443,188.0
90,43,True,5262,fhe,275,275,True,275,275,True,0.699,0.002077,188.0
90,44,True,830,fhe,253,253,True,432,432,True,1.0253,0.001997,188.0
90,45,True,1892,fhe,13,13,True,13,13,True,0.5665,0.001655,188.0
90,46,True,844,fhe,878,878,True,1364,1364,True,0.3429,0.001961,188.0
90,47,True,380,fhe,3276,3276,True,6114,6114,True,0.238,0.0009,188.0
90,48,True,273,fhe,841,841,True,841,841,True,0.3371,0.002409,188.0
90,49,True,778,fhe,671,671,True,2793,2793,True,0.0151,0.004645,188.0
90,50,True,3417,fhe,556,556,True,310,310,True,0.9603,0.001587,188.0
90,51,True,2491,fhe,13,13,True,281,281,True,0.9243,0.000671,188.0
90,52,True,253,fhe,5254,5254,True,5254,5254,True,0.9101,0.002432,188.0
90,53,True,2102,fhe,316,316,True,316,316,True,5.6059,0.003283,188.0
90,54,True,247,fhe,1643,1643,True,1643,1643,True,2.2517,0.002301,188.0
90,55,True,23028,fhe,407,407,True,407,407,True,1.1866,0.001386,188.0
90,56,True,835,fhe,344,344,True,344,344,True,2.239,0.00115,188.0
90,57,True,1293,fhe,253,253,True,824,824,True,0.3,0.001592,188.0
90,58,True,253,fhe,1416,1416,True,7925,7925,True,0.1097,0.00156,188.0
90,59,True,326,fhe,310,310,True,310,310,True,0.1205,0.005654,188.0
90,60,True,13,fhe,247,247,True,2159,2159,True,0.8308,0.001144,188.0
90,61,True,390,fhe,5148,5148,True,5148,5148,True,0.1763,0.00233,188.0
90,62,True,26363,fhe,15,15,True,15,15,True,0.3617,0.000714,188.0
90,63,True,1996,fhe,15,15,True,15,15,True,1.0792,0.000552,188.0
91,0,True,273,fhe,4854,4854,True,4854,4854,True,0.0998,0.00206,188.0
91,1,True,608,fhe,15,15,True,15,15,True,8.1622,0.000748,188.0
91,2,True,10383,fhe,577,577,True,818,818,True,0.0343,0.000982,188.0
91,3,True,326,fhe,310,310,True,556,556,True,1.1082,0.003464,188.0
91,4,True,8618,fhe,285,285,True,390,390,True,0.0741,0.000602,188.0
91,5,True,588,fhe,417,417,True,417,417,True,1.3363,0.002256,188.0
91,6,True,273,fhe,4477,4477,True,4477,4477,True,0.21,0.000668,188.0
91,7,True,3618,fhe,1078,1078,True,1078,1078,True,0.776,0.00126,188.0
91,8,True,616,fhe,22167,22167,True,2872,2872,True,0.2636,0.00485,188.0
91,9,True,323,fhe,760,760,True,760,760,True,0.1564,0.000679,188.0
91,10,True,6749,fhe,13,13,True,6070,6070,True,0.1427,0.000777,188.0
91,11,True,4428,fhe,247,247,True,2067,2067,True,1.236,0.001539,188.0
91,12,True,17514,fhe,15,15,True,390,390,True,0.8617,0.003081,188.0
91,13,True,15,fhe,187,187,True,831,831,True,0.2625,0.000647,188.0
91,14,True,13,fhe,285,285,True,285,285,True,0.1707,0.003493,188.0
91,15,True,273,fhe,253,253,True,253,253,True,3.045,0.00073,188.0
91,16,True,3058,fhe,281,281,True,323,323,True,2.0502,0.001517,188.0
91,17,True,436,fhe,4060,4060,True,4060,4060,True,0.8317,0.004074,188.0
91,18,True,273,fhe,253,253,True,253,253,True,3.206,0.001732,188.0
91,19,True,12660,fhe,3272,3272,True,7759,7759,True,1.4268,0.005394,188.0
91,20,True,767,fhe,9351,9351,True,326,326,True,0.3359,0.00192,188.0
91,21,True,367,fhe,2653,2653,True,10133,10133,True,1.6767,0.001369,188.0
91,22,True,641,fhe,13,13,True,13,13,True,2.693,0.001147,188.0
91,23,True,13,fhe,7584,7584,True,7584,7584,True,1.6345,0.002027,188.0
91,24,True,1239,fhe,285,285,True,285,285,True,0.1054,0.001202,188.0
91,25,True,17,fhe,3041,3041,True,3041,3041,True,4.5998,0.001916,188.0
91,26,True,457,fhe,84,84,True,84,84,True,11.3688,0.001785,188.0
91,27,True,13,fhe,285,285,True,342,342,True,0.4965,0.001099,188.0
91,28,True,651,fhe,5108,5108,True,5108,5108,True,2.9679,0.00448,188.0
91,29,True,13,fhe,285,285,True,285,285,True,0.0519,0.00336,188.0
91,30,True,897,fhe,273,273,True,273,273,True,7.4125,0.000908,188.0
91,31,True,1518,fhe,6574,6574,True,6574,6574,True,0.4592,0.001183,188.0
91,32,True,27,fhe,12576,12576,True,3978,3978,True,0.213,0.00103,188.0
91,33,True,253,fhe,346,346,True,346,346,True,0.4083,0.005629,188.0
91,34,True,313,fhe,783,783,True,783,783,True,0.1604,0.009562,188.0
91,35,True,17355,fhe,310,310,True,6634,6634,True,0.8479,0.003615,188.0
91,36,True,37507,fhe,13,13,True,672,672,True,0.8743,0.000672,188.0
91,37,True,3531,fhe,281,281,True,1977,1977,True,0.5355,0.000577,188.0
91,38,True,5065,fhe,493,493,True,493,493,True,8.2174,0.009375,188.0
91,39,True,672,fhe,253,253,True,247,247,True,0.879,0.012131,188.0
91,40,True,247,fhe,17160,17160,True,17160,17160,True,0.0878,0.009066,188.0
91,41,True,273,fhe,17382,17382,True,13919,13919,True,0.7233,0.002119,188.0
91,42,True,1361,fhe,3484,3484,True,3484,3484,True,1.2551,0.002358,188.0
91,43,True,275,fhe,247,247,True,2710,2710,True,0.4414,0.002211,188.0
91,44,True,432,fhe,253,253,True,8090,8090,True,2.1116,0.003492,188.0
91,45,True,13,fhe,285,285,True,533,533,True,0.3633,0.001606,188.0
91,46,True,1364,fhe,1908,1908,True,1908,1908,True,0.138,0.001763,188.0
91,47,True,6114,fhe,403,403,True,403,403,True,2.434,0.002983,188.0
91,48,True,841,fhe,21768,21768,True,21768,21768,True,0.4077,0.001589,188.0
91,49,True,2793,fhe,625,625,True,12315,12315,True,0.7046,0.001312,188.0
91,50,True,310,fhe,4451,4451,True,4451,4451,True,0.3462,0.001502,188.0
91,51,True,281,fhe,253,253,True,697,697,True,2.6196,0.002219,188.0
91,52,True,5254,fhe,3707,3707,True,3707,3707,True,0.1873,0.000548,188.0
91,53,True,316,fhe,310,310,True,310,310,True,1.4087,0.004173,188.0
91,54,True,1643,fhe,1897,1897,True,3618,3618,True,2.1622,0.001123,188.0
91,55,True,407,fhe,253,253,True,40258,40258,True,1.9254,0.004343,188.0
91,56,True,344,fhe,369,369,True,369,369,True,0.3156,0.002697,188.0
91,57,True,824,fhe,247,247,True,26434,26434,True,0.6294,0.008512,188.0
91,58,True,7925,fhe,1416,1416,True,3159,3159,True,0.8109,0.003427,188.0
91,59,True,310,fhe,670,670,True,760,760,True,1.3575,0.001442,188.0
91,60,True,2159,fhe,9246,9246,True,9246,9246,True,0.6885,0.002833,188.0
91,61,True,5148,fhe,13,13,True,13,13,True,0.3983,0.011425,188.0
91,62,True,15,fhe,187,187,True,187,187,True,1.7743,0.001834,188.0
91,63,True,15,fhe,187,187,True,380,380,True,1.2434,0.002966,188.0
92,0,True,4854,fhe,281,281,True,281,281,True,2.9501,0.000497,188.0
92,1,True,15,fhe,3666,3666,True,3666,3666,True,0.7783,0.000749,188.0
92,2,True,818,fhe,13,13,True,933,933,True,0.3479,0.007854,188.0
92,3,True,556,fhe,644,644,True,644,644,True,2.4373,0.006008,188.0
92,4,True,390,fhe,643,643,True,643,643,True,0.4861,0.001261,188.0
92,5,True,417,fhe,1756,1756,True,1756,1756,True,0.6535,0.007135,188.0
92,6,True,4477,fhe,824,824,True,824,824,True,1.3093,0.000561,188.0
92,7,True,1078,fhe,368,368,True,31761,31761,True,0.9833,0.004137,188.0
92,8,True,2872,fhe,13297,13297,True,13297,13297,True,0.8274,0.00224,188.0
92,9,True,760,fhe,247,247,True,247,247,True,4.0332,0.002197,188.0
92,10,True,6070,fhe,285,285,True,689,689,True,0.2099,0.001394,188.0
92,11,True,2067,fhe,643,643,True,7006,7006,True,2.0635,0.002186,188.0
92,12,True,390,fhe,247,247,True,4444,4444,True,0.0821,0.001514,188.0
92,13,True,831,fhe,310,310,True,5997,5997,True,0.7135,0.001924,188.0
92,14,True,285,fhe,30396,30396,True,30396,30396,True,2.3987,0.001656,188.0
92,15,True,253,fhe,1986,1986,True,1986,1986,True,3.7198,0.000683,188.0
92,16,True,323,fhe,253,253,True,253,253,True,0.4945,0.001096,188.0
92,17,True,4060,fhe,285,285,True,285,285,True,0.1946,0.001446,188.0
92,18,True,253,fhe,954,954,True,1682,1682,True,3.1705,0.000811,188.0
92,19,True,7759,fhe,28,28,True,28,28,True,0.7332,0.002248,188.0
92,20,True,326,fhe,3153,3153,True,1756,1756,True,0.202,0.001368,188.0
92,21,True,10133,fhe,372,372,True,711,711,True,0.4837,0.003109,188.0
92,22,True,13,fhe,285,285,True,285,285,True,1.7999,0.002258,188.0
92,23,True,7584,fhe,13,13,True,13,13,True,3.6666,0.002517,188.0
92,24,True,285,fhe,3630,3630,True,3630,3630,True,3.2787,0.000987,188.0
92,25,True,3041,fhe,1107,1107,True,1107,1107,True,5.4527,0.000943,188.0
92,26,True,84,fhe,7952,7952,True,10825,10825,True,1.9149,0.001682,188.0
92,27,True,342,fhe,247,247,True,247,247,True,1.1026,0.001454,188.0
92,28,True,5108,fhe,1735,1735,True,672,672,True,0.1486,0.001405,188.0
92,29,True,285,fhe,275,275,True,352,352,True,0.7934,0.00162,188.0
92,30,True,273,fhe,247,247,True,247,247,True,1.7016,0.001426,188.0
92,31,True,6574,fhe,10,10,True,10,10,True,3.4438,0.004732,188.0
92,32,True,3978,fhe,16261,16261,True,16261,16261,True,0.1862,0.001762,188.0
92,33,True,346,fhe,25857,25857,True,25857,25857,True,0.3176,0.004999,188.0
92,34,True,783,fhe,346,346,True,643,643,True,0.3429,0.004151,188.0
92,35,True,6634,fhe,672,672,True,672,672,True,1.7705,0.002551,188.0
92,36,True,672,fhe,253,253,True,597,597,True,0.0373,0.00096,188.0
92,37,True,1977,fhe,281,281,True,281,281,True,0.2084,0.001802,188.0
92,38,True,493,fhe,310,310,True,310,310,True,0.0519,0.000807,188.0
92,39,True,247,fhe,39222,39222,True,25294,25294,True,0.0247,0.007711,188.0
92,40,True,17160,fhe,8508,8508,True,8508,8508,True,0.2571,0.002127,188.0
92,41,True,13919,fhe,13,13,True,13,13,True,1.9041,0.002288,188.0
92,42,True,3484,fhe,1287,1287,True,1287,1287,True,1.2256,0.001351,188.0
92,43,True,2710,fhe,9534,9534,True,9534,9534,True,0.8255,0.006501,188.0
92,44,True,8090,fhe,273,273,True,273,273,True,4.5547,0.001575,188.0
92,45,True,533,fhe,352,352,True,352,352,True,1.8288,0.002691,188.0
92,46,True,1908,fhe,253,253,True,253,253,True,0.606,0.001388,188.0
92,47,True,403,fhe,1160,1160,True,1077,1077,True,1.1779,0.000865,188.0
92,48,True,21768,fhe,403,403,True,403,403,True,1.1345,0.002046,188.0
92,49,True,12315,fhe,42534,42534,True,42534,42534,True,3.2325,0.003073,188.0
92,50,True,4451,fhe,13,13,True,285,285,True,0.7562,0.000372,188.0
92,51,True,697,fhe,6146,6146,True,6146,6146,True,0.0718,0.004635,188.0
92,52,True,3707,fhe,253,253,True,690,690,True,0.019,0.001916,188.0
92,53,True,310,fhe,253,253,True,253,253,True,1.6541,0.001263,188.0
92,54,True,3618,fhe,13,13,True,13,13,True,0.5761,0.001376,188.0
92,55,True,40258,fhe,13,13,True,285,285,True,1.2351,0.00486,188.0
92,56,True,369,fhe,19149,19149,True,19149,19149,True,1.2573,0.002314,188.0
92,57,True,26434,fhe,15,15,True,15,15,True,2.2121,0.003775,188.0
92,58,True,3159,fhe,346,346,True,323,323,True,1.1049,0.001205,188.0
92,59,True,760,fhe,670,670,True,581,581,True,0.6526,0.001496,188.0
92,60,True,9246,fhe,13,13,True,13,13,True,2.3002,0.001155,188.0
92,61,True,13,fhe,285,285,True,1223,1223,True,1.6659,0.001353,188.0
92,62,True,187,fhe,2042,2042,True,2042,2042,True,0.6111,0.002465,188.0
92,63,True,380,fhe,1232,1232,True,4795,4795,True,0.0979,0.004145,188.0
93,0,True,281,fhe,13791,13791,True,13791,13791,True,0.1261,0.003116,188.0
93,1,True,3666,fhe,19268,19268,True,19268,19268,True,8.4792,0.004343,188.0
93,2,True,933,fhe,7759,7759,True,3272,3272,True,1.6504,0.00389,188.0
93,3,True,644,fhe,21012,21012,True,21012,21012,True,0.2057,0.003415,188.0
93,4,True,643,fhe,36984,36984,True,36984,36984,True,0.9623,0.000867,188.0
93,5,True,1756,fhe,715,715,True,715,715,True,0.6367,0.000776,188.0
93,6,True,824,fhe,347,347,True,347,347,True,8.8321,0.000519,188.0
93,7,True,31761,fhe,253,253,True,625,625,True,0.0385,0.002011,188.0
93,8,True,13297,fhe,407,407,True,3037,3037,True,0.9069,0.002142,188.0
93,9,True,247,fhe,1643,1643,True,1643,1643,True,3.882,0.003144,188.0
93,10,True,689,fhe,253,253,True,3332,3332,True,2.2318,0.000839,188.0
93,11,True,7006,fhe,326,326,True,326,326,True,2.6552,0.002737,188.0
93,12,True,4444,fhe,15,15,True,285,285,True,0.8127,0.002324,188.0
93,13,True,5997,fhe,253,253,True,247,247,True,1.4246,0.006061,188.0
93,14,True,30396,fhe,15,15,True,15,15,True,1.0557,0.000544,188.0
93,15,True,1986,fhe,2077,2077,True,2418,2418,True,6.3675,0.000907,188.0
93,16,True,253,fhe,1566,1566,True,9864,9864,True,0.4117,0.003164,188.0
93,17,True,285,fhe,403,403,True,403,403,True,5.4147,0.002152,188.0
93,18,True,1682,fhe,14,14,True,14,14,True,0.4622,0.00813,188.0
93,19,True,28,fhe,187,187,True,187,187,True,1.7745,0.003098,188.0
93,20,True,1756,fhe,275,275,True,275,275,True,0.9884,0.003423,188.0
93,21,True,711,fhe,367,367,True,367,322,False,0.5345,0.003849,188.0
93,22,True,285,fhe,17066,17066,True,247,247,True,1.1467,0.004128,188.0
93,23,True,13,fhe,2456,2456,True,2456,2456,True,0.2507,0.003326,188.0
93,24,True,3630,fhe,13,13,True,275,275,True,1.3803,0.001197,188.0
93,25,True,1107,fhe,3622,3622,True,3622,3622,True,4.1601,0.001645,188.0
93,26,True,10825,fhe,13,13,True,13,13,True,1.6994,0.000911,188.0
93,27,True,247,fhe,14530,14530,True,14530,14530,True,0.0342,0.006114,188.0
93,28,True,672,fhe,253,253,True,597,597,True,0.7148,0.000589,188.0
93,29,True,352,fhe,369,369,True,476,476,True,0.0364,0.009352,188.0
93,30,True,247,fhe,5461,5461,True,5461,5461,True,2.9048,0.001694,188.0
93,31,True,10,fhe,432,432,True,432,432,True,0.8571,0.002926,188.0
93,32,True,16261,fhe,13,13,True,13,13,True,10.7711,0.00434,188.0
93,33,True,25857,fhe,5070,5070,True,5070,5070,True,0.7692,0.003069,188.0
93,34,True,643,fhe,767,767,True,767,767,True,0.1657,0.003524,188.0
93,35,True,672,fhe,253,253,True,247,247,True,0.8608,0.001188,188.0
93,36,True,597,fhe,4089,4089,True,4089,4089,True,0.0332,0.00456,188.0
93,37,True,281,fhe,253,253,True,1056,1056,True,1.2602,0.001473,188.0
93,38,True,310,fhe,1160,1160,True,1160,1160,True,0.0424,0.000874,188.0
93,39,True,25294,fhe,310,310,True,9727,9727,True,0.9244,0.004425,188.0
93,40,True,8508,fhe,326,326,True,326,326,True,0.525,0.002084,188.0
93,41,True,13,fhe,8426,8426,True,8426,8426,True,0.3235,0.002025,188.0
93,42,True,1287,fhe,253,253,True,4619,4619,True,0.3514,0.00244,188.0
93,43,True,9534,fhe,13,13,True,13,13,True,0.3895,0.000961,188.0
93,44,True,273,fhe,5561,5561,True,5561,5561,True,1.571,0.00443,188.0
93,45,True,352,fhe,310,310,True,476,476,True,0.5788,0.002213,188.0
93,46,True,253,fhe,2538,2538,True,2538,2538,True,0.2523,0.005798,188.0
93,47,True,1077,fhe,3511,3511,True,3511,3511,True,0.2348,0.004847,188.0
93,48,True,403,fhe,1774,1774,True,629,629,True,0.4248,0.0022,188.0
93,49,True,42534,fhe,13,13,True,326,326,True,0.1193,0.000655,188.0
93,50,True,285,fhe,556,556,True,556,556,True,1.0409,0.00366,188.0
93,51,True,6146,fhe,13,13,True,28,28,True,1.0311,0.000806,188.0
93,52,True,690,fhe,1711,1711,True,1711,1711,True,0.6783,0.00289,188.0
93,53,True,253,fhe,6253,6253,True,6253,6253,True,0.429,0.001346,188.0
93,54,True,13,fhe,285,285,True,533,533,True,2.0345,0.002003,188.0
93,55,True,285,fhe,643,643,True,643,643,True,0.8689,0.001561,188.0
93,56,True,19149,fhe,407,387,False,407,407,True,0.0101,0.000535,188.0
93,57,True,15,fhe,187,187,True,187,187,True,1.7225,0.001101,188.0
93,58,True,323,fhe,346,346,True,346,346,True,1.3659,0.002827,188.0
93,59,True,581,fhe,14,14,True,14,14,True,3.1268,0.004281,188.0
93,60,True,13,fhe,285,285,True,285,285,True,2.3274,0.002332,188.0
93,61,True,1223,fhe,4759,4759,True,4759,4759,True,0.0394,0.004658,188.0
93,62,True,2042,fhe,368,368,True,368,368,True,1.9498,0.001242,188.0
93,63,True,4795,fhe,5793,5793,True,5793,5793,True,0.8263,0.00578,188.0
94,0,True,13791,fhe,342,342,True,342,342,True,0.5553,0.001158,188.0
94,1,True,19268,fhe,253,253,True,253,253,True,0.8051,0.001605,188.0
94,2,True,3272,fhe,401,401,True,401,401,True,1.2329,0.002979,188.0
94,3,True,21012,fhe,285,285,True,715,715,True,0.1706,0.002413,188.0
94,4,True,36984,fhe,275,275,True,275,275,True,0.5114,0.002092,188.0
94,5,True,715,fhe,247,247,True,747,747,True,0.3583,0.004253,188.0
94,6,True,347,fhe,7252,7252,True,7252,7252,True,0.4329,0.001352,188.0
94,7,True,625,fhe,12922,12922,True,685,685,True,1.389,0.001526,188.0
94,8,True,3037,fhe,281,281,True,670,670,True,0.8955,0.003483,188.0
94,9,True,1643,fhe,2909,2909,True,2909,2909,True,1.3963,0.001522,188.0
94,10,True,3332,fhe,1107,1107,True,1107,1107,True,1.5909,0.002835,188.0
94,11,True,326,fhe,778,778,True,452,452,True,0.7566,0.001511,188.0
94,12,True,285,fhe,253,253,True,840,840,True,0.0094,0.002445,188.0
94,13,True,247,fhe,5926,5926,True,5926,5926,True,0.1791,0.007396,188.0
94,14,True,15,fhe,187,187,True,1583,1583,True,1.1169,0.001938,188.0
94,15,True,2418,fhe,15,15,True,13,13,True,1.1484,0.000449,188.0
94,16,True,9864,fhe,273,273,True,273,273,True,0.294,0.002693,188.0
94,17,True,403,fhe,4390,4390,True,4390,4390,True,0.08,0.003925,188.0
94,18,True,14,fhe,4304,4304,True,4304,4304,True,1.1563,0.001108,188.0
94,19,True,187,fhe,68,68,True,68,68,True,0.075,0.003228,188.0
94,20,True,275,fhe,253,253,True,253,253,True,2.1127,0.00288,188.0
94,21,True,367,fhe,2653,2653,True,698,698,True,2.1477,0.002317,188.0
94,22,True,247,fhe,17066,17066,True,5235,5235,True,2.2978,0.003887,188.0
94,23,True,2456,fhe,13,13,True,13,13,True,3.3897,0.004282,188.0
94,24,True,275,fhe,12760,12760,True,12760,12760,True,1.246,0.004015,188.0
94,25,True,3622,fhe,481,481,True,582,582,True,0.0141,0.001832,188.0
94,26,True,13,fhe,40277,40277,True,40277,40277,True,0.028,0.002448,188.0
94,27,True,14530,fhe,4759,4759,True,4759,4759,True,0.541,0.005224,188.0
94,28,True,597,fhe,1694,1694,True,1694,1694,True,0.0947,0.00149,188.0
94,29,True,476,fhe,320,320,True,1335,1335,True,0.9876,0.005916,188.0
94,30,True,5461,fhe,11955,11955,True,11955,11955,True,7.0813,0.012891,188.0
94,31,True,432,fhe,697,697,True,697,697,True,0.1043,0.001489,188.0
94,32,True,13,fhe,4267,4267,True,4072,4072,True,0.2139,0.001153,188.0
94,33,True,5070,fhe,273,273,True,3,3,True,0.4295,0.001829,188.0
94,34,True,767,fhe,497,497,True,3603,3603,True,0.3473,0.005289,188.0
94,35,True,247,fhe,39222,39222,True,25294,25294,True,0.0166,0.001948,188.0
94,36,True,4089,fhe,247,247,True,247,247,True,0.1526,0.000957,188.0
94,37,True,1056,fhe,247,247,True,2119,2119,True,0.2231,0.002038,188.0
94,38,True,1160,fhe,598,598,True,598,598,True,1.3936,0.001776,188.0
94,39,True,9727,fhe,762,762,True,762,762,True,0.1227,0.001409,188.0
94,40,True,326,fhe,310,310,True,6634,6634,True,1.0579,0.00539,188.0
94,41,True,8426,fhe,13,13,True,285,285,True,0.7025,0.001038,188.0
94,42,True,4619,fhe,4680,4680,True,4680,4680,True,2.095,0.000738,188.0
94,43,True,13,fhe,824,824,True,824,824,True,0.1952,0.002114,188.0
94,44,True,5561,fhe,326,326,True,326,326,True,0.3856,0.001219,188.0
94,45,True,476,fhe,320,320,True,320,320,True,1.6883,0.001586,188.0
94,46,True,2538,fhe,273,273,True,273,273,True,0.9893,0.000987,188.0
94,47,True,3511,fhe,13,13,True,13,13,True,1.0251,0.001815,188.0
94,48,True,629,fhe,273,273,True,273,273,True,4.6602,0.002011,188.0
94,49,True,326,fhe,403,403,True,476,476,True,0.8451,0.001561,188.0
94,50,True,556,fhe,697,697,True,697,697,True,0.2814,0.003853,188.0
94,51,True,28,fhe,253,253,True,253,253,True,3.073,0.001617,188.0
94,52,True,1711,fhe,13,13,True,2929,2929,True,0.6413,0.011665,188.0
94,53,True,6253,fhe,8281,8281,True,8281,8281,True,1.6445,0.001159,188.0
94,54,True,533,fhe,597,597,True,778,778,True,0.2416,0.001755,188.0
94,55,True,643,fhe,40258,40258,True,2687,2687,True,0.0355,0.01123,188.0
94,56,True,407,fhe,247,247,True,247,247,True,0.1826,0.004308,188.0
94,57,True,187,fhe,510,510,True,2632,2632,True,1.3039,0.001169,188.0
94,58,True,346,fhe,16249,16249,True,16249,16249,True,0.1465,0.002597,188.0
94,59,True,14,fhe,85,85,True,85,85,True,0.1258,0.002025,188.0
94,60,True,285,fhe,247,247,True,2266,2266,True,0.4927,0.002122,188.0
94,61,True,4759,fhe,2097,2097,True,2097,2097,True,0.0281,0.001829,188.0
94,62,True,368,fhe,452,452,True,452,452,True,0.3607,0.001516,188.0
94,63,True,5793,fhe,2341,2341,True,2341,2341,True,1.544,0.001822,188.0
95,0,True,342,fhe,1016,1016,True,1016,1016,True,1.2003,0.002499,188.0
95,1,True,253,fhe,3607,3607,True,3064,3064,True,0.0249,0.002626,188.0
95,2,True,401,fhe,39114,39114,True,39114,39114,True,0.3798,0.001678,188.0
95,3,True,715,fhe,247,247,True,247,247,True,1.42,0.002088,188.0
95,4,True,275,fhe,253,253,True,2739,2739,True,1.4392,0.001155,188.0
95,5,True,747,fhe,7139,7139,True,7139,7139,True,0.9441,0.00558,188.0
95,6,True,7252,fhe,22024,22024,True,22024,22024,True,0.3164,0.000666,188.0
95,7,True,685,fhe,581,581,True,581,581,True,0.6273,0.001154,188.0
95,8,True,670,fhe,253,253,True,253,253,True,0.2555,0.001368,188.0
95,9,True,2909,fhe,13,13,True,387,387,True,0.7098,0.000515,188.0
95,10,True,1107,fhe,13,13,True,1806,1806,True,0.6135,0.000696,188.0
95,11,True,452,fhe,3270,3270,True,3270,3270,True,0.6781,0.001383,188.0
95,12,True,840,fhe,253,253,True,7856,7856,True,0.4096,0.001723,188.0
95,13,True,5926,fhe,275,275,True,275,275,True,4.2223,0.001364,188.0
95,14,True,1583,fhe,908,908,True,1160,1160,True,1.0454,0.002544,188.0
95,15,True,13,fhe,285,285,True,285,285,True,1.3545,0.001073,188.0
95,16,True,273,fhe,253,253,True,697,697,True,1.1593,0.002511,188.0
95,17,True,4390,fhe,6883,6883,True,6883,6883,True,0.5063,0.006942,188.0
95,18,True,4304,fhe,7177,7177,True,7177,7177,True,2.4904,0.003734,188.0
95,19,True,68,fhe,426,426,True,2239,2239,True,1.6995,0.004389,188.0
95,20,True,253,fhe,9313,9313,True,9313,9313,True,3.2187,0.003633,188.0
95,21,True,698,fhe,313,313,True,313,313,True,0.5669,0.001154,188.0
95,22,True,5235,fhe,273,273,True,273,273,True,7.7489,0.002919,188.0
95,23,True,13,fhe,8319,8319,True,8319,8319,True,0.8273,0.003317,188.0
95,24,True,12760,fhe,13,13,True,13,13,True,1.1813,0.005683,188.0
95,25,True,582,fhe,285,285,True,534,534,True,0.8265,0.00091,188.0
95,26,True,40277,fhe,13,13,True,13,13,True,3.43,0.001392,188.0
95,27,True,4759,fhe,4055,4055,True,4055,4055,True,0.9823,0.005344,188.0
95,28,True,1694,fhe,281,281,True,627,627,True,0.7448,0.000863,188.0
95,29,True,1335,fhe,320,320,True,320,320,True,4.616,0.007795,188.0
95,30,True,11955,fhe,15,15,True,15,15,True,1.4827,0.001246,188.0
95,31,True,697,fhe,2603,2603,True,2603,2603,True,1.792,0.003814,188.0
95,32,True,4072,fhe,187,187,True,187,187,True,2.6958,0.005379,188.0
95,33,True,3,fhe,273,273,True,273,273,True,3.681,0.00159,188.0
95,34,True,3603,fhe,497,497,True,403,403,True,0.9385,0.004571,188.0
95,35,True,25294,fhe,310,310,True,9727,9727,True,0.8585,0.001104,188.0
95,36,True,247,fhe,11216,11216,True,11216,11216,True,0.6324,0.00425,188.0
95,37,True,2119,fhe,253,253,True,326,326,True,0.1931,0.002319,188.0
95,38,True,598,fhe,273,273,True,6571,6571,True,2.2938,0.001115,188.0
95,39,True,762,fhe,253,253,True,1529,1529,True,1.182,0.001116,188.0
95,40,True,6634,fhe,10748,10748,True,10748,10748,True,0.1429,0.002702,188.0
95,41,True,285,fhe,13919,13919,True,1966,1966,True,0.2383,0.002414,188.0
95,42,True,4680,fhe,6936,6936,True,6936,6936,True,1.8315,0.000779,188.0
95,43,True,824,fhe,347,347,True,347,347,True,7.5966,0.000621,188.0
95,44,True,326,fhe,452,452,True,452,452,True,0.4622,0.007345,188.0
95,45,True,320,fhe,1160,1160,True,1160,1160,True,0.9814,0.001798,188.0
95,46,True,273,fhe,253,253,True,512,512,True,0.5107,0.002641,188.0
95,47,True,13,fhe,285,285,True,533,533,True,0.4124,0.00181,188.0
95,48,True,273,fhe,253,253,True,253,253,True,1.045,0.002295,188.0
95,49,True,476,fhe,320,320,True,2847,1390,False,0.9796,0.002241,188.0
95,50,True,697,fhe,1211,1211,True,1211,1211,True,4.8159,0.002227,188.0
95,51,True,253,fhe,14730,14730,True,14730,14730,True,0.2485,0.002858,188.0
95,52,True,2929,fhe,13,13,True,285,285,True,0.5863,0.003867,188.0
95,53,True,8281,fhe,275,275,True,275,275,True,1.7305,0.003876,188.0
95,54,True,778,fhe,1379,1379,True,1379,1379,True,0.3549,0.005377,188.0
95,55,True,2687,fhe,3987,3987,True,3987,3987,True,0.8666,0.002407,188.0
95,56,True,247,fhe,16304,16304,True,16304,16304,True,0.5701,0.00447,188.0
95,57,True,2632,fhe,31103,31103,True,31103,31103,True,6.3658,0.001616,188.0
95,58,True,16249,fhe,3,3,True,995,995,True,0.145,0.002088,188.0
95,59,True,85,fhe,7385,7385,True,7385,7385,True,7.8847,0.001993,188.0
95,60,True,2266,fhe,4669,4669,True,14874,14874,True,0.2384,0.004613,188.0
95,61,True,2097,fhe,326,326,True,597,597,True,0.5406,0.004162,188.0
95,62,True,452,fhe,247,247,True,247,247,True,2.0268,0.002006,188.0
95,63,True,2341,fhe,310,310,True,310,310,True,1.3212,0.000809,188.0
96,0,True,1016,fhe,643,643,True,643,643,True,8.8832,0.000622,188.0
96,1,True,3064,fhe,875,875,True,875,875,True,2.8698,0.000914,188.0
96,2,True,39114,fhe,23867,23867,True,23867,23867,True,9.537,0.002013,188.0
96,3,True,247,fhe,4891,4891,True,4891,4891,True,0.299,0.003244,188.0
96,4,True,2739,fhe,15,15,True,281,281,True,1.1686,0.001822,188.0
96,5,True,7139,fhe,15,15,True,15,15,True,0.7511,0.000563,188.0
96,6,True,22024,fhe,13,13,True,13,13,True,2.1858,0.000721,188.0
96,7,True,581,fhe,8357,8357,True,8357,8357,True,3.0529,0.009907,188.0
96,8,True,253,fhe,6349,6349,True,6349,6349,True,0.148,0.003474,188.0
96,9,True,387,fhe,247,247,True,247,247,True,2.9756,0.002796,188.0
96,10,True,1806,fhe,753,753,True,753,753,True,1.0605,0.000839,188.0
96,11,True,3270,fhe,14,14,True,14,14,True,6.8334,0.017221,188.0
96,12,True,7856,fhe,2706,2706,True,2706,2706,True,4.7161,0.00307,188.0
96,13,True,275,fhe,253,253,True,7768,7768,True,0.4707,0.001429,188.0
96,14,True,1160,fhe,352,352,True,352,352,True,0.4727,0.002947,188.0
96,15,True,285,fhe,778,778,True,778,778,True,0.3363,0.002121,188.0
96,16,True,697,fhe,3879,3879,True,3879,3879,True,0.0149,0.002499,188.0
96,17,True,6883,fhe,436,436,True,436,436,True,3.0743,0.00936,188.0
96,18,True,7177,fhe,275,275,True,275,275,True,1.3676,0.001667,188.0
96,19,True,2239,fhe,470,470,True,470,470,True,2.0378,0.004444,188.0
96,20,True,9313,fhe,38250,38250,True,922,922,True,1.4752,0.002204,188.0
96,21,True,313,fhe,1036,1036,True,1036,1036,True,0.4675,0.001149,188.0
96,22,True,273,fhe,5657,5657,True,13225,13225,True,0.6086,0.004277,188.0
96,23,True,8319,fhe,13,13,True,13,13,True,3.543,0.002038,188.0
96,24,True,13,fhe,285,285,True,285,285,True,2.6656,0.001156,188.0
96,25,True,534,fhe,403,403,True,310,310,True,0.4565,0.003954,188.0
96,26,True,13,fhe,285,285,True,2659,2659,True,0.6205,0.002304,188.0
96,27,True,4055,fhe,13,13,True,13,13,True,0.1175,0.001542,188.0
96,28,True,627,fhe,15,15,True,15,15,True,3.0265,0.00085,188.0
96,29,True,320,fhe,1119,1119,True,1119,1119,True,3.2953,0.007237,188.0
96,30,True,15,fhe,187,187,True,187,187,True,0.3058,0.000843,188.0
96,31,True,2603,fhe,275,275,True,281,281,True,0.7554,0.001906,188.0
96,32,True,187,fhe,1552,1552,True,510,510,True,1.2017,0.003118,188.0
96,33,True,273,fhe,253,253,True,512,512,True,0.468,0.00322,188.0
96,34,True,403,fhe,671,6571,False,671,671,True,0.0019,0.002528,188.0
96,35,True,9727,fhe,762,762,True,762,762,True,0.0803,0.00082,188.0
96,36,True,11216,fhe,6046,6046,True,6046,6046,True,0.0015,0.004033,188.0
96,37,True,326,fhe,253,253,True,617,617,True,1.1008,0.004006,188.0
96,38,True,6571,fhe,273,273,True,273,273,True,6.8968,0.00582,188.0
96,39,True,1529,fhe,39222,39222,True,5340,5340,True,0.4686,0.003876,188.0
96,40,True,10748,fhe,275,275,True,327,327,True,1.7287,0.0012,188.0
96,41,True,1966,fhe,3570,3570,True,3570,3570,True,2.7371,0.001028,188.0
96,42,True,6936,fhe,13,13,True,13,13,True,0.8296,0.000524,188.0
96,43,True,347,fhe,1146,1146,True,1146,1146,True,0.554,0.006615,188.0
96,44,True,452,fhe,644,644,True,644,644,True,1.9173,0.009804,188.0
96,45,True,1160,fhe,10046,10046,True,10046,10046,True,0.085,0.002467,188.0
96,46,True,512,fhe,253,253,True,1824,1824,True,0.9014,0.002975,188.0
96,47,True,533,fhe,597,597,True,417,417,True,0.7459,0.004431,188.0
96,48,True,253,fhe,1072,1072,True,1072,1072,True,1.5476,0.002336,188.0
96,49,True,2847,fhe,731,731,True,731,731,True,0.6354,0.001662,188.0
96,50,True,1211,fhe,4451,4451,True,2714,2714,True,2.2138,0.001614,188.0
96,51,True,14730,fhe,2919,2919,True,2919,2919,True,3.1957,0.003591,188.0
96,52,True,285,fhe,247,247,True,247,247,True,0.8729,0.009479,188.0
96,53,True,275,fhe,253,253,True,253,253,True,3.1417,0.000926,188.0
96,54,True,1379,fhe,347,347,True,598,598,True,0.2699,0.001214,188.0
96,55,True,3987,fhe,6493,6493,True,6493,6493,True,2.2557,0.001146,188.0
96,56,True,16304,fhe,13,13,True,13,13,True,0.0258,0.001342,188.0
96,57,True,31103,fhe,2868,2868,True,2868,2868,True,0.3447,0.006674,188.0
96,58,True,995,fhe,346,346,True,285,285,True,0.0345,0.00143,188.0
96,59,True,7385,fhe,326,326,True,326,326,True,0.237,0.002512,188.0
96,60,True,14874,fhe,15,15,True,15,15,True,1.9521,0.003489,188.0
96,61,True,597,fhe,452,452,True,452,452,True,0.2862,0.005894,188.0
96,62,True,247,fhe,1698,1698,True,1698,1698,True,0.2823,0.006537,188.0
96,63,True,310,fhe,840,840,True,908,908,True,0.1526,0.001363,188.0
97,0,True,643,fhe,1806,1806,True,1806,1806,True,0.4474,0.00063,188.0
97,1,True,875,fhe,253,253,True,247,247,True,0.3452,0.001144,188.0
97,2,True,23867,fhe,481,481,True,481,481,True,1.5505,0.001095,188.0
97,3,True,4891,fhe,2280,2280,True,2280,2280,True,1.082,0.007028,188.0
97,4,True,281,fhe,1056,1056,True,4711,4711,True,0.4916,0.001117,188.0
97,5,True,15,fhe,187,187,True,187,187,True,1.1643,0.001,188.0
97,6,True,13,fhe,7252,7252,True,7252,7252,True,0.6916,0.001454,188.0
97,7,True,8357,fhe,15,15,True,387,387,True,0.4099,0.001755,188.0
97,8,True,6349,fhe,273,273,True,273,273,True,5.4792,0.002356,188.0
97,9,True,247,fhe,673,673,True,673,673,True,6.8327,0.006055,188.0
97,10,True,753,fhe,3196,3196,True,3196,3196,True,1.2797,0.001582,188.0
97,11,True,14,fhe,13901,13901,True,13901,13901,True,1.1335,0.005225,188.0
97,12,True,2706,fhe,15,15,True,715,715,True,0.0442,0.002029,188.0
97,13,True,7768,fhe,2308,2308,True,2308,2308,True,0.8842,0.002931,188.0
97,14,True,352,fhe,715,715,True,432,432,True,1.3546,0.000947,188.0
97,15,True,778,fhe,417,417,True,417,417,True,0.0276,0.001805,188.0
97,16,True,3879,fhe,15,15,True,275,275,True,1.6528,0.000876,188.0
97,17,True,436,fhe,4060,4060,True,9311,9311,True,0.2037,0.011193,188.0
97,18,True,275,fhe,2448,2448,True,2448,2448,True,0.7366,0.000926,188.0
97,19,True,470,fhe,13,13,True,13,13,True,1.2142,0.006542,188.0
97,20,True,922,fhe,7752,7752,True,7752,7752,True,5.962,0.002736,188.0
97,21,True,1036,fhe,1839,1839,True,1839,1839,True,0.0039,0.006377,188.0
97,22,True,13225,fhe,15,15,True,15,15,True,1.4894,0.002669,188.0
97,23,True,13,fhe,8073,8073,True,8073,8073,True,1.7899,0.002639,188.0
97,24,True,285,fhe,344,344,True,344,344,True,1.2867,0.002431,188.0
97,25,True,310,fhe,253,253,True,7943,7943,True,0.7235,0.001751,188.0
97,26,True,2659,fhe,13,13,True,9421,9421,True,1.4112,0.002627,188.0
97,27,True,13,fhe,285,285,True,285,285,True,2.006,0.002318,188.0
97,28,True,15,fhe,1583,1583,True,1583,1583,True,0.3343,0.001684,188.0
97,29,True,1119,fhe,275,275,True,3063,3063,True,1.2524,0.003734,188.0
97,30,True,187,fhe,9832,9832,True,9832,9832,True,2.4001,0.00158,188.0
97,31,True,281,fhe,253,253,True,253,253,True,0.8534,0.001407,188.0
97,32,True,510,fhe,2488,2488,True,2488,2488,True,0.4983,0.006277,188.0
97,33,True,512,fhe,6114,6114,True,6114,6114,True,2.5596,0.002738,188.0
97,34,True,671,fhe,21379,21379,True,1246,1246,True,0.6675,0.002537,188.0
97,35,True,762,fhe,253,253,True,1529,1529,True,1.0256,0.003931,188.0
97,36,True,6046,fhe,13,13,True,275,275,True,0.0775,0.000723,188.0
97,37,True,617,fhe,9830,9830,True,789,789,True,0.8401,0.003376,188.0
97,38,True,273,fhe,6315,6315,True,6315,6315,True,0.2584,0.001391,188.0
97,39,True,5340,fhe,13,13,True,13,13,True,0.4038,0.001576,188.0
97,40,True,327,fhe,253,253,True,6149,6149,True,0.5651,0.00121,188.0
97,41,True,3570,fhe,13,13,True,13,13,True,0.5256,0.000706,188.0
97,42,True,13,fhe,285,285,True,534,534,True,0.0115,0.002848,188.0
97,43,True,1146,fhe,275,275,True,1669,1669,True,0.0171,0.008059,188.0
97,44,True,644,fhe,14205,14205,True,14205,14205,True,0.3664,0.001869,188.0
97,45,True,10046,fhe,407,407,True,407,407,True,1.2092,0.000905,188.0
97,46,True,1824,fhe,897,897,True,4648,4648,True,0.3436,0.001468,188.0
97,47,True,417,fhe,1077,1077,True,1077,1077,True,1.5396,0.001898,188.0
97,48,True,1072,fhe,2181,2181,True,1232,1232,True,0.0136,0.003088,188.0
97,49,True,731,fhe,281,281,True,281,281,True,5.8765,0.002716,188.0
97,50,True,2714,fhe,5319,5319,True,5319,5319,True,1.5496,0.003237,188.0
97,51,True,2919,fhe,310,310,True,8696,8696,True,0.2835,0.003373,188.0
97,52,True,247,fhe,1643,1643,True,1643,1643,True,2.766,0.006639,188.0
97,53,True,253,fhe,1533,1533,True,1533,1533,True,5.966,0.001307,188.0
97,54,True,598,fhe,281,281,True,281,281,True,8.2894,0.000684,188.0
97,55,True,6493,fhe,15,15,True,2112,2112,True,1.0863,0.0022,188.0
97,56,True,13,fhe,285,285,True,7252,7252,True,0.4281,0.002414,188.0
97,57,True,2868,fhe,326,326,True,253,253,True,1.3364,0.001117,188.0
97,58,True,285,fhe,253,253,True,253,253,True,1.4994,0.000915,188.0
97,59,True,326,fhe,273,273,True,273,273,True,5.6827,0.000929,188.0
97,60,True,15,fhe,1583,1583,True,7160,7160,True,0.6071,0.000587,188.0
97,61,True,452,fhe,644,644,True,417,417,True,2.0131,0.003255,188.0
97,62,True,1698,fhe,14,14,True,14,14,True,0.6792,0.006242,188.0
97,63,True,908,fhe,281,281,True,407,407,True,1.7457,0.002427,188.0
98,0,True,1806,fhe,416,416,True,416,416,True,0.2939,0.001106,188.0
98,1,True,247,fhe,5793,5793,True,8508,8508,True,0.8,0.002109,188.0
98,2,True,481,fhe,380,380,True,831,831,True,0.5073,0.002874,188.0
98,3,True,2280,fhe,15,15,True,1925,1925,True,0.3052,0.001847,188.0
98,4,True,4711,fhe,6315,6315,True,6315,6315,True,1.221,0.003941,188.0
98,5,True,187,fhe,3251,3251,True,3251,3251,True,0.8576,0.001538,188.0
98,6,True,7252,fhe,22024,22024,True,22024,22024,True,2.0143,0.002399,188.0
98,7,True,387,fhe,247,247,True,247,247,True,3.9805,0.000838,188.0
98,8,True,273,fhe,23374,23374,True,23374,23374,True,0.2645,0.003175,188.0
98,9,True,673,fhe,13,13,True,13,13,True,1.1081,0.001426,188.0
98,10,True,3196,fhe,15,15,True,15,15,True,5.3261,0.00164,188.0
98,11,True,13901,fhe,3607,3607,True,3607,3607,True,0.0664,0.001142,188.0
98,12,True,715,fhe,247,247,True,271,271,True,1.7549,0.000938,188.0
98,13,True,2308,fhe,275,275,True,275,275,True,0.4626,0.003181,188.0
98,14,True,432,fhe,253,253,True,892,892,True,0.3265,0.006045,188.0
98,15,True,417,fhe,320,320,True,320,320,True,0.8519,0.003163,188.0
98,16,True,275,fhe,1264,1264,True,2317,2317,True,0.0945,0.005325,188.0
98,17,True,9311,fhe,13,13,True,347,347,True,0.9216,0.001836,188.0
98,18,True,2448,fhe,2892,2892,True,4466,4466,True,4.2861,0.001193,188.0
98,19,True,13,fhe,253,253,True,253,253,True,0.9841,0.004465,188.0
98,20,True,7752,fhe,15,15,True,27,27,True,0.4112,0.000747,188.0
98,21,True,1839,fhe,481,481,True,481,481,True,2.3376,0.004451,188.0
98,22,True,15,fhe,380,380,True,380,380,True,0.7148,0.000701,188.0
98,23,True,8073,fhe,13,13,True,13,13,True,3.6398,0.001473,188.0
98,24,True,344,fhe,369,369,True,858,858,True,0.5597,0.004447,188.0
98,25,True,7943,fhe,407,407,True,407,407,True,4.0077,0.001458,188.0
98,26,True,9421,fhe,13,13,True,13,13,True,3.2313,0.001829,188.0
98,27,True,285,fhe,403,403,True,403,403,True,0.361,0.00135,188.0
98,28,True,1583,fhe,497,497,True,3047,3047,True,1.5007,0.002263,188.0
98,29,True,3063,fhe,275,275,True,275,275,True,0.737,0.000614,188.0
98,30,True,9832,fhe,18458,18458,True,468,468,True,4.4908,0.004228,188.0
98,31,True,253,fhe,14847,14847,True,6150,6150,True,0.3717,0.006719,188.0
98,32,True,2488,fhe,273,273,True,273,273,True,4.8918,0.002644,188.0
98,33,True,6114,fhe,13,13,True,984,984,True,0.8364,0.000919,188.0
98,34,True,1246,fhe,275,275,True,481,481,True,0.7712,0.005451,188.0
98,35,True,1529,fhe,39222,39222,True,5340,5340,True,0.4576,0.004841,188.0
98,36,True,275,fhe,253,253,True,253,253,True,3.9442,0.001793,188.0
98,37,True,789,fhe,369,369,True,369,369,True,1.1948,0.003323,188.0
98,38,True,6315,fhe,13,13,True,21295,21295,True,0.5789,0.000944,188.0
98,39,True,13,fhe,285,285,True,824,824,True,0.0462,0.004468,188.0
98,40,True,6149,fhe,13,13,True,13,13,True,0.0262,0.004465,188.0
98,41,True,13,fhe,285,285,True,285,285,True,1.9626,0.001031,188.0
98,42,True,534,fhe,403,403,True,588,588,True,0.9386,0.001443,188.0
98,43,True,1669,fhe,3815,3815,True,3815,3815,True,1.373,0.001424,188.0
98,44,True,14205,fhe,762,762,True,762,762,True,0.3507,0.003285,188.0
98,45,True,407,fhe,2403,2403,True,2403,2403,True,0.1885,0.004793,188.0
98,46,True,4648,fhe,13,13,True,13,13,True,0.4661,0.001376,188.0
98,47,True,1077,fhe,3511,3511,True,6627,6627,True,1.2113,0.00322,188.0
98,48,True,1232,fhe,15,15,True,15,15,True,0.3654,0.001292,188.0
98,49,True,281,fhe,1928,1928,True,1928,1928,True,0.175,0.004281,188.0
98,50,True,5319,fhe,15,15,True,326,326,True,0.5078,0.000746,188.0
98,51,True,8696,fhe,281,281,True,875,875,True,0.1279,0.000906,188.0
98,52,True,1643,fhe,1711,1711,True,7437,7437,True,0.2878,0.008608,188.0
98,53,True,1533,fhe,13,13,True,13,13,True,0.593,0.001726,188.0
98,54,True,281,fhe,247,247,True,767,767,True,0.9803,0.002451,188.0
98,55,True,2112,fhe,697,697,True,697,697,True,0.3479,0.001527,188.0
98,56,True,7252,fhe,24395,24395,True,24395,24395,True,0.9736,0.000721,188.0
98,57,True,253,fhe,20118,20118,True,40536,40536,True,0.8581,0.002751,188.0
98,58,True,253,fhe,1416,1416,True,2670,2670,True,0.5941,0.0017,188.0
98,59,True,273,fhe,253,253,True,253,253,True,0.9345,0.001245,188.0
98,60,True,7160,fhe,8248,8248,True,8248,8248,True,0.4727,0.00575,188.0
98,61,True,417,fhe,644,644,True,4336,4336,True,1.9151,0.003359,188.0
98,62,True,14,fhe,5449,5449,True,46505,46505,True,5.5368,0.00775,188.0
98,63,True,407,fhe,253,253,True,253,253,True,2.7246,0.002496,188.0
99,0,True,416,fhe,261,261,True,261,261,True,3.3688,0.025148,188.0
99,1,True,8508,fhe,285,285,True,285,285,True,2.6677,0.001642,188.0
99,2,True,831,fhe,310,310,True,3276,3276,True,0.58,0.001611,188.0
99,3,True,1925,fhe,253,253,True,253,253,True,1.1761,0.001652,188.0
99,4,True,6315,fhe,21295,21295,True,21295,21295,True,4.3524,0.00109,188.0
99,5,True,3251,fhe,5797,5797,True,264,264,True,2.7349,0.004887,188.0
99,6,True,22024,fhe,13,13,True,285,285,True,1.8713,0.000707,188.0
99,7,True,247,fhe,673,673,True,673,673,True,5.9809,0.002264,188.0
99,8,True,23374,fhe,323,323,True,323,323,True,2.2035,0.003085,188.0
99,9,True,13,fhe,285,285,True,533,533,True,0.0204,0.001087,188.0
99,10,True,15,fhe,2516,2516,True,2516,2516,True,0.3191,0.000674,188.0
99,11,True,3607,fhe,15,15,True,15,15,True,0.4816,0.000776,188.0
99,12,True,271,fhe,13188,13188,True,13188,13188,True,0.3612,0.002137,188.0
99,13,True,275,fhe,253,253,True,253,253,True,5.5812,0.004985,188.0
99,14,True,892,fhe,991,991,True,991,991,True,6.4989,0.00606,188.0
99,15,True,320,fhe,13410,13410,True,294,294,True,0.1884,0.002052,188.0
99,16,True,2317,fhe,15,15,True,15,15,True,1.5761,0.001141,188.0
99,17,True,347,fhe,271,271,True,271,271,True,0.6345,0.003727,188.0
99,18,True,4466,fhe,13,13,True,13,13,True,0.4593,0.00061,188.0
99,19,True,253,fhe,14636,14636,True,14636,14636,True,0.4932,0.002896,188.0
99,20,True,27,fhe,253,253,True,253,253,True,2.6614,0.001243,188.0
99,21,True,481,fhe,187,187,True,496,496,True,0.6296,0.002554,188.0
99,22,True,380,fhe,806,806,True,806,806,True,0.2215,0.005372,188.0
99,23,True,13,fhe,8676,8676,True,8676,8676,True,0.5163,0.00226,188.0
99,24,True,858,fhe,417,417,True,417,417,True,4.7803,0.003403,188.0
99,25,True,407,fhe,253,253,True,247,247,True,0.0223,0.001341,188.0
99,26,True,13,fhe,285,285,True,285,285,True,2.5462,0.00177,188.0
99,27,True,403,fhe,13750,13750,True,13750,13750,True,0.062,0.007238,188.0
99,28,True,3047,fhe,253,253,True,253,253,True,0.4268,0.001337,188.0
99,29,True,275,fhe,253,253,True,690,690,True,0.2607,0.005766,188.0
99,30,True,468,fhe,2478,2478,True,2478,2478,True,3.9102,0.012015,188.0
99,31,True,6150,fhe,15,15,True,387,387,True,0.5711,0.000886,188.0
99,32,True,273,fhe,436,436,True,436,436,True,0.3826,0.008753,188.0
99,33,True,984,fhe,352,352,True,352,352,True,1.3292,0.000852,188.0
99,34,True,481,fhe,754,754,True,496,496,True,0.0317,0.001094,188.0
99,35,True,5340,fhe,13,13,True,13,13,True,0.4746,0.001796,188.0
99,36,True,253,fhe,4181,4181,True,4181,4181,True,0.2505,0.004355,188.0
99,37,True,369,fhe,417,417,True,6699,6699,True,0.8489,0.004201,188.0
99,38,True,21295,fhe,13,13,True,313,313,True,1.1532,0.002259,188.0
99,39,True,824,fhe,347,347,True,347,347,True,6.7166,0.001244,188.0
99,40,True,13,fhe,285,285,True,533,533,True,0.1551,0.005594,188.0
99,41,True,285,fhe,310,310,True,18653,18653,True,1.2954,0.005158,188.0
99,42,True,588,fhe,320,320,True,320,320,True,0.2748,0.002725,188.0
99,43,True,3815,fhe,13,13,True,390,390,True,0.7959,0.002237,188.0
99,44,True,762,fhe,8090,8090,True,9790,9790,True,0.2121,0.001971,188.0
99,45,True,2403,fhe,2119,2119,True,2119,2119,True,0.6451,0.001446,188.0
99,46,True,13,fhe,417,417,True,417,417,True,0.3459,0.005701,188.0
99,47,True,6627,fhe,15,15,True,15,15,True,1.3173,0.002823,188.0
99,48,True,15,fhe,380,380,True,380,380,True,0.2857,0.000942,188.0
99,49,True,1928,fhe,29281,29281,True,29281,29281,True,0.0692,0.002266,188.0
99,50,True,326,fhe,1056,1056,True,1056,1056,True,0.1015,0.002265,188.0
99,51,True,875,fhe,253,253,True,253,253,True,3.2671,0.000837,188.0
99,52,True,7437,fhe,273,273,True,273,273,True,6.3155,0.001702,188.0
99,53,True,13,fhe,285,285,True,19246,19246,True,0.6156,0.004019,188.0
99,54,True,767,fhe,1107,1107,True,1107,1107,True,1.8856,0.00318,188.0
99,55,True,697,fhe,2282,2282,True,2282,2282,True,0.1375,0.002013,188.0
99,56,True,24395,fhe,443,443,True,443,443,True,6.2095,0.001251,188.0
99,57,True,40536,fhe,275,275,True,275,275,True,0.6782,0.003918,188.0
99,58,True,2670,fhe,369,369,True,369,369,True,0.3138,0.004346,188.0
99,59,True,253,fhe,4146,4146,True,5101,5101,True,1.01,0.005465,188.0
99,60,True,8248,fhe,403,403,True,403,403,True,2.4851,0.001989,188.0
99,61,True,4336,fhe,3663,3663,True,3663,3663,True,0.1743,0.002219,188.0
99,62,True,46505,fhe,16846,16846,True,16846,16846,True,2.2315,0.005932,188.0
99,63,True,253,fhe,894,894,True,4444,4444,True,1.1954,0.005071,188.0
100,0,True,261,fhe,601,601,True,601,601,True,4.9116,0.0073,188.0
100,1,True,285,fhe,247,247,True,271,271,True,1.6248,0.006064,188.0
100,2,True,3276,fhe,310,310,True,2789,2789,True,1.2941,0.001431,188.0
100,3,True,253,fhe,23396,23396,True,38357,38357,True,1.3673,0.003212,188.0
100,4,True,21295,fhe,285,285,True,13,13,True,0.4191,0.00107,188.0
100,5,True,264,fhe,13713,13713,True,13713,13713,True,0.7222,0.002646,188.0
100,6,True,285,fhe,7252,7252,True,7252,7252,True,0.961,0.000811,188.0
100,7,True,673,fhe,15,15,True,15,15,True,0.7378,0.000612,188.0
100,8,True,323,fhe,616,616,True,3746,3746,True,1.7476,0.001267,188.0
100,9,True,533,fhe,352,352,True,352,352,True,0.6896,0.000951,188.0
100,10,True,2516,fhe,353,353,True,353,353,True,0.2481,0.000815,188.0
100,11,True,15,fhe,187,187,True,187,187,True,2.2365,0.000736,188.0
100,12,True,13188,fhe,15,15,True,1236,1236,True,1.4605,0.001043,188.0
100,13,True,253,fhe,1824,1824,True,1824,1824,True,1.4123,0.005078,188.0
100,14,True,991,fhe,13,13,True,313,313,True,1.3791,0.003074,188.0
100,15,True,294,fhe,14,14,True,43514,43514,True,0.7085,0.001831,188.0
100,16,True,15,fhe,380,380,True,380,380,True,1.3699,0.000979,188.0
100,17,True,271,fhe,299,299,True,299,299,True,4.6347,0.001632,188.0
100,18,True,13,fhe,285,285,True,285,285,True,2.5664,0.003978,188.0
100,19,True,14636,fhe,403,403,True,403,403,True,1.8474,0.002318,188.0
100,20,True,253,fhe,260,260,True,260,260,True,0.1908,0.001752,188.0
100,21,True,496,fhe,253,253,True,436,436,True,0.3208,0.000729,188.0
100,22,True,806,fhe,8115,8115,True,3711,3711,True,0.3692,0.005768,188.0
100,23,True,8676,fhe,13,13,True,13,13,True,3.9136,0.005083,188.0
100,24,True,417,fhe,871,871,True,871,871,True,0.6459,0.002161,188.0
100,25,True,247,fhe,1781,1781,True,1781,1781,True,0.1964,0.006379,188.0
100,26,True,285,fhe,10825,10825,True,643,643,True,1.6066,0.001091,188.0
100,27,True,13750,fhe,407,407,True,407,407,True,4.522,0.005594,188.0
100,28,True,253,fhe,6194,6194,True,6194,6194,True,2.6578,0.002719,188.0
100,29,True,690,fhe,4243,4243,True,4243,4243,True,0.0423,0.008756,188.0
100,30,True,2478,fhe,27,27,True,27,27,True,0.1281,0.001101,188.0
100,31,True,387,fhe,253,253,True,247,247,True,0.21,0.002406,188.0
100,32,True,436,fhe,2929,2929,True,2929,2929,True,0.5102,0.00528,188.0
100,33,True,352,fhe,310,310,True,369,369,True,0.2419,0.006133,188.0
100,34,True,496,fhe,1283,1283,True,1283,1283,True,1.8416,0.001223,188.0
100,35,True,13,fhe,390,390,True,824,824,True,0.0432,0.005807,188.0
100,36,True,4181,fhe,15,15,True,15,15,True,1.0172,0.001884,188.0
100,37,True,6699,fhe,15,15,True,1078,1078,True,2.0412,0.002984,188.0
100,38,True,313,fhe,5915,5915,True,5915,5915,True,3.904,0.003428,188.0
100,39,True,347,fhe,253,253,True,271,271,True,0.0266,0.005814,188.0
100,40,True,533,fhe,310,310,True,352,352,True,0.8885,0.001034,188.0
100,41,True,18653,fhe,253,253,True,253,253,True,1.955,0.001419,188.0
100,42,True,320,fhe,3309,3309,True,3309,3309,True,0.1036,0.002648,188.0
100,43,True,390,fhe,1146,1146,True,342,342,True,0.2041,0.001302,188.0
100,44,True,9790,fhe,273,273,True,273,273,True,4.2341,0.000763,188.0
100,45,True,2119,fhe,368,368,True,253,253,True,0.5163,0.001664,188.0
100,46,True,417,fhe,816,816,True,816,816,True,3.8713,0.002784,188.0
100,47,True,15,fhe,380,380,True,1583,1583,True,0.4559,0.005175,188.0
100,48,True,380,fhe,21768,21768,True,625,625,True,0.7999,0.001932,188.0
100,49,True,29281,fhe,390,390,True,390,390,True,0.1354,0.000458,188.0
100,50,True,1056,fhe,352,352,True,352,352,True,4.281,0.000675,188.0
100,51,True,253,fhe,49389,49389,True,49389,49389,True,2.6938,0.003739,188.0
100,52,True,273,fhe,2929,2929,True,5534,5534,True,1.4774,0.001996,188.0
100,53,True,19246,fhe,432,432,True,432,432,True,0.2533,0.001055,188.0
100,54,True,1107,fhe,281,281,True,281,281,True,2.1487,0.003141,188.0
100,55,True,2282,fhe,15,15,True,15,15,True,1.4638,0.003263,188.0
100,56,True,443,fhe,27995,27995,True,27995,27995,True,6.7787,0.004562,188.0
100,57,True,275,fhe,18098,18098,True,18098,18098,True,0.399,0.003272,188.0
100,58,True,369,fhe,4907,4907,True,806,806,True,1.8714,0.001299,188.0
100,59,True,5101,fhe,13,13,True,13,13,True,0.2939,0.000966,188.0
100,60,True,403,fhe,6107,6107,True,6107,6107,True,1.1457,0.001654,188.0
100,61,True,3663,fhe,616,616,True,616,616,True,2.0906,0.002276,188.0
100,62,True,16846,fhe,1481,1481,True,1481,1481,True,0.6694,0.000842,188.0
100,63,True,4444,fhe,281,281,True,275,275,True,1.1672,0.003357,188.0
101,0,True,601,fhe,2296,2296,True,2296,2296,True,0.2591,0.005228,188.0
101,1,True,271,fhe,3284,3284,True,3284,3284,True,2.3625,0.012694,188.0
101,2,True,2789,fhe,253,253,True,253,253,True,0.3682,0.000725,188.0
101,3,True,38357,fhe,15,15,True,15,15,True,1.8733,0.002163,188.0
101,4,True,13,fhe,247,247,True,534,534,True,0.0895,0.002956,188.0
101,5,True,13713,fhe,476,476,True,326,326,True,0.0745,0.000808,188.0
101,6,True,7252,fhe,22024,22024,True,22024,22024,True,1.5102,0.001929,188.0
101,7,True,15,fhe,187,187,True,187,187,True,1.3441,0.000918,188.0
101,8,True,3746,fhe,407,407,True,407,407,True,1.4164,0.001104,188.0
101,9,True,352,fhe,778,778,True,2223,2223,True,0.0837,0.001395,188.0
101,10,True,353,fhe,15,15,True,1796,1796,True,2.785,0.002013,188.0
101,11,True,187,fhe,510,510,True,510,510,True,0.9731,0.002124,188.0
101,12,True,1236,fhe,6156,6156,True,6156,6156,True,8.0614,0.009712,188.0
101,13,True,1824,fhe,13,13,True,13,13,True,0.9429,0.003714,188.0
101,14,True,313,fhe,783,783,True,783,783,True,0.3129,0.005327,188.0
101,15,True,43514,fhe,281,281,True,281,281,True,0.3254,0.000789,188.0
101,16,True,380,fhe,1566,1566,True,1566,1566,True,0.8531,0.002944,188.0
101,17,True,299,fhe,4312,4312,True,4312,4312,True,0.0073,0.003873,188.0
101,18,True,285,fhe,310,310,True,310,310,True,0.0083,0.002932,188.0
101,19,True,403,fhe,4503,4503,True,4503,4503,True,0.6832,0.006631,188.0
101,20,True,260,fhe,317,317,True,317,317,True,2.7367,0.007582,188.0
101,21,True,436,fhe,789,789,True,789,789,True,0.0925,0.002005,188.0
101,22,True,3711,fhe,369,369,True,369,369,True,0.3018,0.001645,188.0
101,23,True,13,fhe,8255,8255,True,8255,8255,True,1.1755,0.008447,188.0
101,24,True,871,fhe,849,849,True,849,849,True,0.0361,0.002824,188.0
101,25,True,1781,fhe,1180,1180,True,1180,1180,True,2.0307,0.002467,188.0
101,26,True,643,fhe,7565,7565,True,3626,3626,True,0.2092,0.002344,188.0
101,27,True,407,fhe,247,247,True,7418,7418,True,0.3058,0.007224,188.0
101,28,True,6194,fhe,3551,3551,True,3551,3551,True,0.1791,0.004924,188.0
101,29,True,4243,fhe,273,273,True,273,273,True,5.964,0.00066,188.0
101,30,True,27,fhe,43669,43669,True,380,380,True,0.1987,0.000868,188.0
101,31,True,247,fhe,2281,2281,True,2281,2281,True,0.935,0.002525,188.0
101,32,True,2929,fhe,27,27,True,27,27,True,0.2713,0.006031,188.0
101,33,True,369,fhe,1060,1060,True,1060,1060,True,0.5973,0.000634,188.0
101,34,True,1283,fhe,1797,1797,True,1797,1797,True,0.4803,0.001144,188.0
101,35,True,824,fhe,347,347,True,347,347,True,6.7272,0.000704,188.0
101,36,True,15,fhe,1583,1583,True,380,380,True,0.7943,0.000589,188.0
101,37,True,1078,fhe,703,703,True,4886,4886,True,1.3563,0.002857,188.0
101,38,True,5915,fhe,19,19,True,19,19,True,6.537,0.015476,188.0
101,39,True,271,fhe,12927,12927,True,12927,12927,True,2.7927,0.002261,188.0
101,40,True,352,fhe,310,310,True,556,556,True,2.1104,0.004142,188.0
101,41,True,253,fhe,14892,14892,True,14892,14892,True,0.2227,0.002052,188.0
101,42,True,3309,fhe,323,323,True,323,323,True,0.5575,0.001411,188.0
101,43,True,342,fhe,247,247,True,1529,1529,True,0.5403,0.003609,188.0
101,44,True,273,fhe,1107,1107,True,1107,1107,True,1.8717,0.003088,188.0
101,45,True,253,fhe,14910,14910,True,13370,13370,True,2.2801,0.00217,188.0
101,46,True,816,fhe,253,253,True,1110,1110,True,1.1948,0.001328,188.0
101,47,True,1583,fhe,403,403,True,476,476,True,1.6489,0.001247,188.0
101,48,True,625,fhe,368,368,True,359,359,True,1.7103,0.001344,188.0
101,49,True,390,fhe,29281,29281,True,23201,23201,True,0.2037,0.002254,188.0
101,50,True,352,fhe,4451,4451,True,1027,1027,True,0.9904,0.000876,188.0
101,51,True,49389,fhe,333,333,True,12451,12451,True,0.6903,0.003976,188.0
101,52,True,5534,fhe,15,15,True,326,326,True,1.4994,0.001006,188.0
101,53,True,432,fhe,253,253,True,253,253,True,2.0366,0.002727,188.0
101,54,True,281,fhe,3426,3426,True,3426,3426,True,0.0022,0.002067,188.0
101,55,True,15,fhe,380,380,True,733,733,True,0.9278,0.00238,188.0
101,56,True,27995,fhe,13,13,True,13,13,True,0.31,0.000759,188.0
101,57,True,18098,fhe,285,285,True,778,778,True,1.9522,0.00323,188.0
101,58,True,806,fhe,4907,4907,True,6888,6888,True,0.5474,0.002278,188.0
101,59,True,13,fhe,285,285,True,285,285,True,0.9593,0.001661,188.0
101,60,True,6107,fhe,342,342,True,342,342,True,2.921,0.00076,188.0
101,61,True,616,fhe,10688,10688,True,3295,3295,True,2.6763,0.004312,188.0
101,62,True,1481,fhe,13,13,True,13,13,True,2.8067,0.001722,188.0
101,63,True,275,fhe,253,253,True,697,697,True,0.8227,0.004983,188.0
102,0,True,2296,fhe,15,15,True,15,15,True,2.1103,0.001338,188.0
102,1,True,3284,fhe,721,721,True,721,721,True,0.8771,0.002272,188.0
102,2,True,253,fhe,4146,4146,True,5161,5161,True,0.4653,0.002527,188.0
102,3,True,15,fhe,380,380,True,380,380,True,1.6414,0.001006,188.0
102,4,True,534,fhe,310,310,True,310,310,True,1.8578,0.001135,188.0
102,5,True,326,fhe,403,403,True,452,452,True,1.0004,0.001013,188.0
102,6,True,22024,fhe,15,15,True,15,15,True,0.9851,0.003246,188.0
102,7,True,187,fhe,2042,2042,True,2042,2042,True,0.2664,0.005967,188.0
102,8,True,407,fhe,7487,7487,True,7487,7487,True,0.5637,0.003971,188.0
102,9,True,2223,fhe,34756,34756,True,3249,3249,True,0.5469,0.007332,188.0
102,10,True,1796,fhe,5582,5582,True,5582,5582,True,0.1032,0.002479,188.0
102,11,True,510,fhe,20118,20118,True,20118,20118,True,0.7985,0.003535,188.0
102,12,True,6156,fhe,15,15,True,1925,1925,True,1.4586,0.00073,188.0
102,13,True,13,fhe,534,534,True,534,534,True,0.4755,0.004449,188.0
102,14,True,783,fhe,892,892,True,9538,9538,True,0.8582,0.005073,188.0
102,15,True,281,fhe,253,253,True,326,326,True,0.5329,0.003992,188.0
102,16,True,1566,fhe,310,310,True,310,310,True,0.7194,0.00305,188.0
102,17,True,4312,fhe,13,13,True,13,13,True,5.226,0.006983,188.0
102,18,True,310,fhe,1335,1335,True,1335,1335,True,0.0038,0.001074,188.0
102,19,True,4503,fhe,28,28,True,28,28,True,1.0061,0.000717,188.0
102,20,True,317,fhe,8500,8500,True,8500,8500,True,5.6185,0.001851,188.0
102,21,True,789,fhe,13,13,True,13,13,True,1.8107,0.00345,188.0
102,22,True,369,fhe,1160,1160,True,1160,1160,True,0.9338,0.001675,188.0
102,23,True,8255,fhe,13,13,True,13,13,True,3.4655,0.002792,188.0
102,24,True,849,fhe,281,281,True,281,281,True,4.862,0.003205,188.0
102,25,True,1180,fhe,273,273,True,273,273,True,4.4451,0.001259,188.0
102,26,True,3626,fhe,5300,5300,True,5300,5300,True,0.3607,0.000755,188.0
102,27,True,7418,fhe,1355,1355,True,1355,1355,True,0.4154,0.006192,188.0
102,28,True,3551,fhe,13,13,True,285,285,True,1.4319,0.001137,188.0
102,29,True,273,fhe,253,253,True,253,253,True,2.358,0.000557,188.0
102,30,True,380,fhe,3276,3276,True,3276,3276,True,0.556,0.003213,188.0
102,31,True,2281,fhe,273,273,True,273,273,True,3.5876,0.001154,188.0
102,32,True,27,fhe,187,187,True,187,187,True,3.2809,0.000493,188.0
102,33,True,1060,fhe,326,326,True,326,326,True,2.5276,0.000596,188.0
102,34,True,1797,fhe,13,13,True,13,13,True,2.758,0.002782,188.0
102,35,True,347,fhe,253,253,True,271,271,True,0.0454,0.002633,188.0
102,36,True,380,fhe,3590,3590,True,3590,3590,True,0.3061,0.004291,188.0
102,37,True,4886,fhe,327,327,True,327,327,True,1.9425,0.001204,188.0
102,38,True,19,fhe,582,582,True,582,582,True,0.5837,0.004445,188.0
102,39,True,12927,fhe,280,280,True,280,280,True,2.3692,0.00915,188.0
102,40,True,556,fhe,644,644,True,644,644,True,1.2711,0.003177,188.0
102,41,True,14892,fhe,273,273,True,273,273,True,2.3909,0.000601,188.0
102,42,True,323,fhe,2323,2323,True,2323,2323,True,0.1487,0.003079,188.0
102,43,True,1529,fhe,4370,4370,True,7590,7590,True,1.5337,0.001894,188.0
102,44,True,1107,fhe,273,273,True,273,273,True,1.2351,0.000493,188.0
102,45,True,13370,fhe,326,326,True,1475,1475,True,0.0136,0.000695,188.0
102,46,True,1110,fhe,326,326,True,326,326,True,0.6305,0.001704,188.0
102,47,True,476,fhe,5451,5451,True,5451,5451,True,0.2533,0.004129,188.0
102,48,True,359,fhe,2096,2096,True,2096,2096,True,0.8297,0.001538,188.0
102,49,True,23201,fhe,15,15,True,15,15,True,2.0405,0.000603,188.0
102,50,True,1027,fhe,432,432,True,432,432,True,2.8056,0.001098,188.0
102,51,True,12451,fhe,285,285,True,28214,28214,True,0.5758,0.003582,188.0
102,52,True,326,fhe,574,574,True,574,574,True,1.117,0.002253,188.0
102,53,True,253,fhe,49389,49389,True,49389,49389,True,2.8027,0.009969,188.0
102,54,True,3426,fhe,616,616,True,616,616,True,1.117,0.001551,188.0
102,55,True,733,fhe,310,310,True,310,310,True,1.4959,0.006767,188.0
102,56,True,13,fhe,285,285,True,665,665,True,0.8245,0.000732,188.0
102,57,True,778,fhe,1361,1361,True,1361,1361,True,1.0419,0.002591,188.0
102,58,True,6888,fhe,407,407,True,407,407,True,0.1868,0.000735,188.0
102,59,True,285,fhe,352,352,True,697,697,True,1.1274,0.001852,188.0
102,60,True,342,fhe,1048,1048,True,34099,34099,True,0.0585,0.003504,188.0
102,61,True,3295,fhe,15,15,True,15,15,True,2.2329,0.002001,188.0
102,62,True,13,fhe,368,368,True,897,897,True,1.6598,0.005097,188.0
102,63,True,697,fhe,11082,11082,True,11082,11082,True,0.5138,0.005093,188.0
103,0,True,15,fhe,773,773,True,773,773,True,0.9514,0.001545,188.0
103,1,True,721,fhe,15,15,True,15,15,True,7.4237,0.002024,188.0
103,2,True,5161,fhe,273,273,True,594,594,True,0.2832,0.004274,188.0
103,3,True,380,fhe,23396,23396,True,8346,8346,True,0.0902,0.011072,188.0
103,4,True,310,fhe,4439,4439,True,4439,4439,True,0.2579,0.00192,188.0
103,5,True,452,fhe,644,644,True,644,644,True,1.2039,0.001123,188.0
103,6,True,15,fhe,187,187,True,187,187,True,2.7138,0.002279,188.0
103,7,True,2042,fhe,368,368,True,368,368,True,2.3144,0.001543,188.0
103,8,True,7487,fhe,731,731,True,731,731,True,0.0572,0.002285,188.0
103,9,True,3249,fhe,285,285,True,327,327,True,2.2975,0.002925,188.0
103,10,True,5582,fhe,13,13,True,13,13,True,2.1522,0.002194,188.0
103,11,True,20118,fhe,3607,3607,True,2425,2425,True,0.6662,0.007247,188.0
103,12,True,1925,fhe,247,247,True,247,247,True,1.4096,0.001722,188.0
103,13,True,534,fhe,5997,5997,True,476,476,True,0.3326,0.004554,188.0
103,14,True,9538,fhe,432,432,True,273,273,True,0.0984,0.004577,188.0
103,15,True,326,fhe,3906,3906,True,3906,3906,True,2.8819,0.00228,188.0
103,16,True,310,fhe,8818,8818,True,8818,8818,True,0.0838,0.005387,188.0
103,17,True,13,fhe,368,368,True,4496,4496,True,1.1505,0.002532,188.0
103,18,True,1335,fhe,1239,1239,True,1239,1239,True,0.099,0.001068,188.0
103,19,True,28,fhe,187,187,True,187,187,True,1.9508,0.000915,188.0
103,20,True,8500,fhe,5202,5202,True,5202,5202,True,2.6409,0.002966,188.0
103,21,True,13,fhe,344,344,True,344,344,True,2.0854,0.002053,188.0
103,22,True,1160,fhe,275,275,True,275,275,True,0.1183,0.003105,188.0
103,23,True,13,fhe,8026,8026,True,8026,8026,True,0.3344,0.004392,188.0
103,24,True,281,fhe,1239,1239,True,1385,1385,True,0.7793,0.001798,188.0
103,25,True,273,fhe,17122,17122,True,1355,1355,True,0.1032,0.010525,188.0
103,26,True,5300,fhe,15,15,True,15,15,True,0.2037,0.000816,188.0
103,27,True,1355,fhe,13,13,True,8862,8862,True,0.6738,0.004917,188.0
103,28,True,285,fhe,253,253,True,2427,2427,True,0.0374,0.004494,188.0
103,29,True,253,fhe,1533,1533,True,1533,1533,True,2.411,0.001125,188.0
103,30,True,3276,fhe,273,273,True,387,387,True,2.1482,0.003075,188.0
103,31,True,273,fhe,670,670,True,670,670,True,1.9554,0.001006,188.0
103,32,True,187,fhe,15418,15418,True,15418,15418,True,0.0121,0.003264,188.0
103,33,True,326,fhe,253,253,True,253,253,True,0.9765,0.001029,188.0
103,34,True,13,fhe,344,344,True,344,344,True,1.4361,0.001329,188.0
103,35,True,271,fhe,12927,12927,True,12927,12927,True,2.8812,0.006205,188.0
103,36,True,3590,fhe,310,310,True,310,310,True,2.3437,0.002328,188.0
103,37,True,327,fhe,281,281,True,281,281,True,0.4191,0.001263,188.0
103,38,True,582,fhe,1824,1824,True,1824,1824,True,1.1318,0.003789,188.0
103,39,True,280,fhe,5340,5340,True,5340,5340,True,3.4689,0.002689,188.0
103,40,True,644,fhe,7011,7011,True,7011,7011,True,0.066,0.00366,188.0
103,41,True,273,fhe,253,253,True,2675,2675,True,0.2019,0.002086,188.0
103,42,True,2323,fhe,275,275,True,275,275,True,3.4395,0.002406,188.0
103,43,True,7590,fhe,15,15,True,15,15,True,0.8057,0.000744,188.0
103,44,True,273,fhe,32561,32561,True,32561,32561,True,1.5204,0.004989,188.0
103,45,True,1475,fhe,352,352,True,352,352,True,0.2665,0.001544,188.0
103,46,True,326,fhe,403,403,True,403,403,True,0.4975,0.001387,188.0
103,47,True,5451,fhe,598,598,True,616,616,True,0.7302,0.003868,188.0
103,48,True,2096,fhe,670,670,True,849,849,True,0.1294,0.003351,188.0
103,49,True,15,fhe,187,187,True,187,187,True,1.6722,0.002183,188.0
103,50,True,432,fhe,643,643,True,512,512,True,0.0525,0.001194,188.0
103,51,True,28214,fhe,281,281,True,275,275,True,0.5498,0.001659,188.0
103,52,True,574,fhe,644,644,True,644,644,True,1.1084,0.001932,188.0
103,53,True,49389,fhe,333,333,True,333,333,True,1.4323,0.002758,188.0
103,54,True,616,fhe,2440,2440,True,2440,2440,True,1.6542,0.004305,188.0
103,55,True,310,fhe,1024,1024,True,1024,1024,True,0.9491,0.002145,188.0
103,56,True,665,fhe,14659,14659,True,14659,14659,True,0.3513,0.001116,188.0
103,57,True,1361,fhe,3657,3657,True,3657,3657,True,0.2202,0.003065,188.0
103,58,True,407,fhe,253,253,True,253,253,True,0.0616,0.003227,188.0
103,59,True,697,fhe,2553,2553,True,2553,2553,True,0.1036,0.006473,188.0
103,60,True,34099,fhe,13,13,True,326,326,True,0.5491,0.001014,188.0
103,61,True,15,fhe,187,187,True,187,187,True,1.5825,0.001842,188.0
103,62,True,897,fhe,247,247,True,247,247,True,0.8357,0.003542,188.0
103,63,True,11082,fhe,15,15,True,13,13,True,0.5776,0.000685,188.0
104,0,True,773,fhe,3726,3726,True,3726,3726,True,0.2595,0.000937,188.0
104,1,True,15,fhe,3666,3666,True,3666,3666,True,0.6747,0.001114,188.0
104,2,True,594,fhe,3511,3511,True,14086,14086,True,0.9629,0.005884,188.0
104,3,True,8346,fhe,5161,5161,True,5161,5161,True,1.7816,0.001634,188.0
104,4,True,4439,fhe,347,347,True,347,347,True,2.1436,0.001669,188.0
104,5,True,644,fhe,7141,7141,True,8228,8228,True,1.0242,0.001313,188.0
104,6,True,187,fhe,1628,1628,True,1628,1628,True,1.1108,0.001253,188.0
104,7,True,368,fhe,403,403,True,513,513,True,0.1442,0.001973,188.0
104,8,True,731,fhe,15,15,True,1557,1557,True,0.3552,0.001159,188.0
104,9,True,327,fhe,8423,8423,True,8423,8423,True,2.8056,0.001456,188.0
104,10,True,13,fhe,6423,6423,True,6423,6423,True,0.5622,0.001981,188.0
104,11,True,2425,fhe,273,273,True,273,273,True,3.4012,0.001339,188.0
104,12,True,247,fhe,1236,1236,True,16597,16597,True,1.2474,0.001353,188.0
104,13,True,476,fhe,2847,2847,True,2847,2847,True,1.5786,0.005806,188.0
104,14,True,273,fhe,253,253,True,253,253,True,1.1961,0.002617,188.0
104,15,True,3906,fhe,15,15,True,969,969,True,0.8467,0.000668,188.0
104,16,True,8818,fhe,407,407,True,407,407,True,0.115,0.002298,188.0
104,17,True,4496,fhe,5532,5532,True,5532,5532,True,2.5085,0.005694,188.0
104,18,True,1239,fhe,407,407,True,407,407,True,0.0642,0.001332,188.0
104,19,True,187,fhe,66,66,True,395,395,True,0.9346,0.00351,188.0
104,20,True,5202,fhe,285,285,True,313,313,True,1.0876,0.001938,188.0
104,21,True,344,fhe,8631,8631,True,8631,8631,True,1.3797,0.001704,188.0
104,22,True,275,fhe,1458,1458,True,1638,1638,True,0.0333,0.002633,188.0
104,23,True,8026,fhe,13,13,True,13,13,True,3.7503,0.001977,188.0
104,24,True,1385,fhe,15,15,True,390,390,True,0.4182,0.001142,188.0
104,25,True,1355,fhe,13,13,True,13,13,True,0.7229,0.005559,188.0
104,26,True,15,fhe,1583,1583,True,1583,1583,True,1.6698,0.002788,188.0
104,27,True,8862,fhe,7590,7590,True,37928,37928,True,0.1325,0.00206,188.0
104,28,True,2427,fhe,281,281,True,562,562,True,0.2212,0.001958,188.0
104,29,True,1533,fhe,15,15,True,15,15,True,1.2375,0.000437,188.0
104,30,True,387,fhe,534,534,True,534,534,True,1.8965,0.000713,188.0
104,31,True,670,fhe,337,337,True,337,337,True,0.2424,0.001618,188.0
104,32,True,15418,fhe,329,329,True,329,329,True,0.0603,0.002204,188.0
104,33,True,253,fhe,806,806,True,806,806,True,2.5618,0.00448,188.0
104,34,True,344,fhe,671,671,True,3863,3863,True,0.1955,0.009493,188.0
104,35,True,12927,fhe,280,280,True,280,280,True,2.2949,0.011714,188.0
104,36,True,310,fhe,253,253,True,751,751,True,0.0971,0.001913,188.0
104,37,True,281,fhe,253,253,True,253,253,True,2.8908,0.001594,188.0
104,38,True,1824,fhe,13,13,True,13,13,True,1.5591,0.001815,188.0
104,39,True,5340,fhe,13,13,True,13,13,True,0.7212,0.003922,188.0
104,40,True,7011,fhe,432,432,True,432,432,True,0.3782,0.003074,188.0
104,41,True,2675,fhe,8426,8426,True,8426,8426,True,1.1289,0.0026,188.0
104,42,True,275,fhe,6831,6831,True,6831,6831,True,0.5996,0.000929,188.0
104,43,True,15,fhe,187,187,True,1583,1583,True,1.5315,0.001864,188.0
104,44,True,32561,fhe,15,15,True,15,15,True,1.6624,0.001924,188.0
104,45,True,352,fhe,403,403,True,3297,3297,True,2.0213,0.001581,188.0
104,46,True,403,fhe,12912,12912,True,12912,12912,True,0.6051,0.003882,188.0
104,47,True,616,fhe,7236,7236,True,7236,7236,True,0.2569,0.002789,188.0
104,48,True,849,fhe,281,281,True,776,776,True,0.215,0.004561,188.0
104,49,True,187,fhe,8836,8836,True,510,510,True,0.6532,0.007893,188.0
104,50,True,512,fhe,643,643,True,253,253,True,1.3096,0.000777,188.0
104,51,True,275,fhe,253,253,True,253,253,True,4.5164,0.000652,188.0
104,52,True,644,fhe,908,908,True,908,908,True,0.4664,0.002812,188.0
104,53,True,333,fhe,284,284,True,284,284,True,8.5903,0.002245,188.0
104,54,True,2440,fhe,15,15,True,15,15,True,2.2976,0.000568,188.0
104,55,True,1024,fhe,247,247,True,581,581,True,0.1514,0.001209,188.0
104,56,True,14659,fhe,779,779,True,779,779,True,0.5147,0.002796,188.0
104,57,True,3657,fhe,253,253,True,14746,14746,True,0.5316,0.002184,188.0
104,58,True,253,fhe,5112,5112,True,9883,9883,True,1.005,0.00202,188.0
104,59,True,2553,fhe,3276,3276,True,3276,3276,True,2.51,0.00153,188.0
104,60,True,326,fhe,403,403,True,1361,1361,True,1.6874,0.003976,188.0
104,61,True,187,fhe,10252,10252,True,10252,10252,True,0.0068,0.005413,188.0
104,62,True,247,fhe,1698,1698,True,1029,1029,True,1.0806,0.001793,188.0
104,63,True,13,fhe,285,285,True,390,390,True,0.2573,0.003968,188.0
105,0,True,3726,fhe,778,778,True,778,778,True,0.8078,0.003474,188.0
105,1,True,3666,fhe,19268,19268,True,19268,19268,True,7.9856,0.003605,188.0
105,2,True,14086,fhe,326,326,True,326,326,True,2.0686,0.001945,188.0
105,3,True,5161,fhe,310,310,True,310,310,True,1.6863,0.001713,188.0
105,4,True,347,fhe,247,247,True,247,247,True,1.4835,0.004795,188.0
105,5,True,8228,fhe,432,432,True,432,432,True,0.9214,0.003072,188.0
105,6,True,1628,fhe,3726,3726,True,1231,1231,True,0.1512,0.001391,188.0
105,7,True,513,fhe,417,417,True,417,417,True,2.8185,0.005046,188.0
105,8,True,1557,fhe,323,323,True,323,323,True,3.639,0.000976,188.0
105,9,True,8423,fhe,285,285,True,285,285,True,0.1737,0.001366,188.0
105,10,True,6423,fhe,273,273,True,273,273,True,4.0456,0.003549,188.0
105,11,True,273,fhe,28580,28580,True,28580,28580,True,0.3545,0.002085,188.0
105,12,True,16597,fhe,66,66,True,66,66,True,3.254,0.002566,188.0
105,13,True,2847,fhe,253,253,True,253,253,True,1.2369,0.001902,188.0
105,14,True,253,fhe,892,892,True,892,892,True,4.7856,0.004319,188.0
105,15,True,969,fhe,15,15,True,15,15,True,1.3889,0.001362,188.0
105,16,True,407,fhe,970,970,True,970,970,True,0.4923,0.003531,188.0
105,17,True,5532,fhe,253,253,True,1060,1060,True,0.4427,0.002139,188.0
105,18,True,407,fhe,9790,9790,True,9790,9790,True,2.7415,0.00389,188.0
105,19,True,395,fhe,260,260,True,604,604,True,0.1823,0.002379,188.0
105,20,True,313,fhe,36,36,True,36,36,True,0.2538,0.004036,188.0
105,21,True,8631,fhe,253,253,True,247,247,True,0.8189,0.000793,188.0
105,22,True,1638,fhe,4529,4529,True,4529,4529,True,0.5562,0.008775,188.0
105,23,True,13,fhe,9135,9135,True,9135,9135,True,0.963,0.003066,188.0
105,24,True,390,fhe,3630,3630,True,3630,3630,True,0.8637,0.001601,188.0
105,25,True,13,fhe,9971,9971,True,9971,9971,True,0.0592,0.005876,188.0
105,26,True,1583,fhe,897,897,True,1611,1611,True,0.9723,0.00079,188.0
105,27,True,37928,fhe,561,561,True,561,561,True,6.1134,0.00341,188.0
105,28,True,562,fhe,13,13,True,13,13,True,0.3893,0.001776,188.0
105,29,True,15,fhe,187,187,True,187,187,True,1.7317,0.001681,188.0
105,30,True,534,fhe,253,253,True,2647,2647,True,0.1508,0.002325,188.0
105,31,True,337,fhe,13,13,True,13915,13915,True,1.3641,0.004755,188.0
105,32,True,329,fhe,15,15,True,15,15,True,5.0308,0.004451,188.0
105,33,True,806,fhe,6114,6114,True,6114,6114,True,3.7877,0.001321,188.0
105,34,True,3863,fhe,521,521,True,521,521,True,0.443,0.000617,188.0
105,35,True,280,fhe,5340,5340,True,5340,5340,True,3.4813,0.007854,188.0
105,36,True,751,fhe,253,253,True,253,253,True,0.2435,0.003599,188.0
105,37,True,253,fhe,1735,1735,True,1735,1735,True,5.1185,0.003357,188.0
105,38,True,13,fhe,285,285,True,14164,14164,True,2.174,0.002414,188.0
105,39,True,13,fhe,285,285,True,534,534,True,0.425,0.002662,188.0
105,40,True,432,fhe,253,253,True,3626,3626,True,0.9685,0.001907,188.0
105,41,True,8426,fhe,15,15,True,949,949,True,0.6102,0.000606,188.0
105,42,True,6831,fhe,285,285,True,285,285,True,1.6656,0.001093,188.0
105,43,True,1583,fhe,1119,1119,True,1119,1119,True,1.5163,0.00269,188.0
105,44,True,15,fhe,380,380,True,380,380,True,1.3958,0.001886,188.0
105,45,True,3297,fhe,2266,2266,True,2266,2266,True,4.5528,0.002599,188.0
105,46,True,12912,fhe,281,281,True,281,281,True,1.1126,0.001564,188.0
105,47,True,7236,fhe,275,275,True,275,275,True,0.0359,0.001736,188.0
105,48,True,776,fhe,21768,21768,True,13846,13846,True,2.1183,0.003325,188.0
105,49,True,510,fhe,5917,5917,True,5917,5917,True,0.3374,0.002121,188.0
105,50,True,253,fhe,643,643,True,643,643,True,1.1948,0.00427,188.0
105,51,True,253,fhe,6146,6146,True,8935,8935,True,0.0513,0.001786,188.0
105,52,True,908,fhe,281,281,True,347,347,True,0.4711,0.001224,188.0
105,53,True,284,fhe,281,281,True,281,281,True,0.769,0.00062,188.0
105,54,True,15,fhe,187,187,True,187,187,True,1.1728,0.001046,188.0
105,55,True,581,fhe,273,273,True,273,273,True,5.711,0.004379,188.0
105,56,True,779,fhe,281,281,True,281,281,True,3.643,0.000814,188.0
105,57,True,14746,fhe,4073,4073,True,4073,4073,True,0.5555,0.011046,188.0
105,58,True,9883,fhe,275,275,True,275,275,True,0.2667,0.001505,188.0
105,59,True,3276,fhe,310,310,True,310,310,True,3.6894,0.003182,188.0
105,60,True,1361,fhe,731,731,True,731,731,True,1.2451,0.00294,188.0
105,61,True,10252,fhe,6871,6871,True,1255,1255,True,1.6889,0.002449,188.0
105,62,True,1029,fhe,14,14,True,14,14,True,3.9034,0.001857,188.0
105,63,True,390,fhe,2341,2341,True,3116,3116,True,0.5006,0.001323,188.0
106,0,True,778,fhe,320,320,True,452,452,True,0.9585,0.003307,188.0
106,1,True,19268,fhe,253,253,True,752,752,True,0.9531,0.00166,188.0
106,2,True,326,fhe,352,352,True,352,352,True,1.521,0.003162,188.0
106,3,True,310,fhe,1160,1160,True,9924,9924,True,1.95,0.003767,188.0
106,4,True,247,fhe,3678,3678,True,3678,3678,True,0.2476,0.0036,188.0
106,5,True,432,fhe,8357,8357,True,8357,8357,True,0.6488,0.006507,188.0
106,6,True,1231,fhe,497,497,True,497,497,True,0.2888,0.004503,188.0
106,7,True,417,fhe,452,452,True,971,971,True,2.1875,0.004621,188.0
106,8,True,323,fhe,616,616,True,643,643,True,1.7751,0.001385,188.0
106,9,True,285,fhe,310,310,True,4916,4916,True,0.3732,0.004156,188.0
106,10,True,273,fhe,253,253,True,253,253,True,2.7576,0.006213,188.0
106,11,True,28580,fhe,310,310,True,310,310,True,0.0499,0.002476,188.0
106,12,True,66,fhe,15,15,True,15,15,True,2.5044,0.004538,188.0
106,13,True,253,fhe,6773,6773,True,6773,6773,True,3.904,0.011989,188.0
106,14,True,892,fhe,991,991,True,991,991,True,7.9515,0.002654,188.0
106,15,True,15,fhe,187,187,True,187,187,True,1.3731,0.001804,188.0
106,16,True,970,fhe,247,247,True,247,247,True,0.1961,0.001265,188.0
106,17,True,1060,fhe,281,281,True,281,281,True,2.199,0.003195,188.0
106,18,True,9790,fhe,273,273,True,1475,1475,True,1.1286,0.000694,188.0
106,19,True,604,fhe,247,247,True,247,247,True,0.8169,0.001394,188.0
106,20,True,36,fhe,317,317,True,406,406,True,3.5219,0.002076,188.0
106,21,True,247,fhe,1436,1436,True,1436,1436,True,0.5419,0.001388,188.0
106,22,True,4529,fhe,407,407,True,407,407,True,0.6421,0.001313,188.0
106,23,True,9135,fhe,13,13,True,13,13,True,3.6464,0.001417,188.0
106,24,True,3630,fhe,15,15,True,3904,3904,True,1.3131,0.0033,188.0
106,25,True,9971,fhe,9970,9970,True,9970,9970,True,0.7899,0.001581,188.0
106,26,True,1611,fhe,281,281,True,281,281,True,6.4572,0.000604,188.0
106,27,True,561,fhe,15,15,True,15,15,True,1.0051,0.003777,188.0
106,28,True,13,fhe,285,285,True,533,533,True,0.8557,0.004964,188.0
106,29,True,187,fhe,510,510,True,510,510,True,0.7703,0.004508,188.0
106,30,True,2647,fhe,310,310,True,310,310,True,1.3076,0.003703,188.0
106,31,True,13915,fhe,313,313,True,591,591,True,0.3385,0.003554,188.0
106,32,True,15,fhe,611,611,True,611,611,True,0.0549,0.002114,188.0
106,33,True,6114,fhe,4447,4447,True,4447,4447,True,0.1531,0.001358,188.0
106,34,True,521,fhe,806,806,True,806,806,True,1.6058,0.001947,188.0
106,35,True,5340,fhe,13,13,True,13,13,True,0.8437,0.006188,188.0
106,36,True,253,fhe,13035,13035,True,13035,13035,True,0.029,0.003378,188.0
106,37,True,1735,fhe,581,581,True,581,581,True,0.1843,0.001478,188.0
106,38,True,14164,fhe,13,13,True,528,528,True,0.5922,0.001375,188.0
106,39,True,534,fhe,310,310,True,19459,19459,True,1.6466,0.004697,188.0
106,40,True,3626,fhe,4973,4973,True,4973,4973,True,0.19,0.00273,188.0
106,41,True,949,fhe,253,253,True,253,253,True,1.5908,0.003725,188.0
106,42,True,285,fhe,253,253,True,5249,5249,True,0.4834,0.00099,188.0
106,43,True,1119,fhe,326,326,True,326,326,True,3.4771,0.001,188.0
106,44,True,380,fhe,14700,14700,True,16419,16419,True,0.5717,0.002054,188.0
106,45,True,2266,fhe,15,15,True,15,15,True,2.0149,0.000655,188.0
106,46,True,281,fhe,441,441,True,7497,7497,True,0.2872,0.001469,188.0
106,47,True,275,fhe,247,247,True,247,247,True,1.7753,0.001355,188.0
106,48,True,13846,fhe,789,789,True,789,789,True,1.3146,0.002631,188.0
106,49,True,5917,fhe,273,273,True,273,273,True,3.7597,0.000856,188.0
106,50,True,643,fhe,3417,3417,True,3811,3811,True,0.8919,0.004148,188.0
106,51,True,8935,fhe,285,285,True,285,285,True,0.4107,0.001728,188.0
106,52,True,347,fhe,5254,5254,True,17076,17076,True,0.2946,0.003067,188.0
106,53,True,281,fhe,253,253,True,253,253,True,5.3497,0.001058,188.0
106,54,True,187,fhe,510,510,True,3039,3039,True,1.1474,0.001013,188.0
106,55,True,273,fhe,253,253,True,253,253,True,3.0373,0.001334,188.0
106,56,True,281,fhe,2489,2489,True,2489,2489,True,0.1386,0.002689,188.0
106,57,True,4073,fhe,13,13,True,407,407,True,0.5019,0.000937,188.0
106,58,True,275,fhe,1458,1458,True,1458,1458,True,0.4853,0.000886,188.0
106,59,True,310,fhe,670,670,True,1475,1475,True,0.4974,0.002681,188.0
106,60,True,731,fhe,281,281,True,281,281,True,2.5522,0.001407,188.0
106,61,True,1255,fhe,310,310,True,285,285,True,0.8188,0.002799,188.0
106,62,True,14,fhe,46505,46505,True,5449,5449,True,1.882,0.007023,188.0
106,63,True,3116,fhe,15,15,True,1232,1232,True,0.3215,0.002849,188.0
107,0,True,452,fhe,247,247,True,16323,16323,True,0.3276,0.001866,188.0
107,1,True,752,fhe,310,310,True,310,310,True,0.4674,0.002062,188.0
107,2,True,352,fhe,310,310,True,476,476,True,0.6963,0.001654,188.0
107,3,True,9924,fhe,273,273,True,7194,7194,True,0.122,0.001498,188.0
107,4,True,3678,fhe,15,15,True,15,15,True,2.4956,0.000526,188.0
107,5,True,8357,fhe,403,403,True,3798,3798,True,0.2271,0.003231,188.0
107,6,True,497,fhe,1077,1077,True,1077,1077,True,0.9536,0.000956,188.0
107,7,True,971,fhe,281,281,True,281,281,True,2.3153,0.001478,188.0
107,8,True,643,fhe,11260,11260,True,18740,18740,True,0.2985,0.005272,188.0
107,9,True,4916,fhe,7197,7197,True,7197,7197,True,0.2964,0.00244,188.0
107,10,True,253,fhe,27693,27693,True,5197,5197,True,0.3905,0.001476,188.0
107,11,True,310,fhe,1955,1955,True,1955,1955,True,0.5956,0.004999,188.0
107,12,True,15,fhe,380,380,True,380,380,True,1.8081,0.000669,188.0
107,13,True,6773,fhe,281,281,True,281,281,True,2.682,0.00355,188.0
107,14,True,991,fhe,4444,4444,True,4444,4444,True,3.3555,0.003393,188.0
107,15,True,187,fhe,34,34,True,34,34,True,0.1493,0.002435,188.0
107,16,True,247,fhe,873,873,True,873,873,True,0.3246,0.00444,188.0
107,17,True,281,fhe,755,755,True,755,755,True,0.322,0.013746,188.0
107,18,True,1475,fhe,253,253,True,253,253,True,8.6984,0.005436,188.0
107,19,True,247,fhe,2239,2239,True,310,310,True,0.1897,0.004183,188.0
107,20,True,406,fhe,12354,12354,True,12354,12354,True,2.5709,0.002231,188.0
107,21,True,1436,fhe,665,665,True,457,457,True,1.7232,0.00165,188.0
107,22,True,407,fhe,253,253,True,253,253,True,0.9097,0.001785,188.0
107,23,True,13,fhe,8978,8978,True,8978,8978,True,1.9117,0.00182,188.0
107,24,True,3904,fhe,15,15,True,15,15,True,1.1508,0.001522,188.0
107,25,True,9970,fhe,13,13,True,285,285,True,0.4866,0.001875,188.0
107,26,True,281,fhe,2096,2096,True,2096,2096,True,1.4011,0.008018,188.0
107,27,True,15,fhe,380,380,True,380,380,True,1.1408,0.001903,188.0
107,28,True,533,fhe,597,597,True,642,642,True,0.464,0.001933,188.0
107,29,True,510,fhe,3159,3159,True,806,806,True,0.5264,0.001277,188.0
107,30,True,310,fhe,275,275,True,275,275,True,1.9525,0.002934,188.0
107,31,True,591,fhe,4964,4964,True,4964,4964,True,1.6374,0.002932,188.0
107,32,True,611,fhe,613,613,True,613,613,True,0.6226,0.001613,188.0
107,33,True,4447,fhe,15,15,True,15,15,True,0.2677,0.000687,188.0
107,34,True,806,fhe,8249,8249,True,8249,8249,True,0.3854,0.006095,188.0
107,35,True,13,fhe,285,285,True,534,534,True,0.4175,0.00148,188.0
107,36,True,13035,fhe,273,273,True,273,273,True,5.921,0.000747,188.0
107,37,True,581,fhe,15,15,True,15,15,True,3.4124,0.000622,188.0
107,38,True,528,fhe,7006,7006,True,7006,7006,True,0.3319,0.005031,188.0
107,39,True,19459,fhe,762,762,True,11834,11834,True,1.3263,0.009195,188.0
107,40,True,4973,fhe,824,824,True,824,824,True,0.2263,0.000931,188.0
107,41,True,253,fhe,14892,14892,True,20408,20408,True,1.1719,0.001625,188.0
107,42,True,5249,fhe,15,15,True,15,15,True,2.3886,0.002532,188.0
107,43,True,326,fhe,9097,253,False,9097,9097,True,0.0051,0.001349,188.0
107,44,True,16419,fhe,403,403,True,2489,2489,True,0.1435,0.004752,188.0
107,45,True,15,fhe,187,187,True,187,187,True,1.7195,0.001601,188.0
107,46,True,7497,fhe,15,15,True,15,15,True,0.9085,0.000606,188.0
107,47,True,247,fhe,1077,1077,True,1943,1943,True,1.9773,0.002259,188.0
107,48,True,789,fhe,13,13,True,13,13,True,2.2121,0.001056,188.0
107,49,True,273,fhe,24532,24532,True,24532,24532,True,3.3575,0.002655,188.0
107,50,True,3811,fhe,1841,1841,True,1841,1841,True,1.9222,0.003253,188.0
107,51,True,285,fhe,253,253,True,253,253,True,4.4895,0.001557,188.0
107,52,True,17076,fhe,15,15,True,15,15,True,2.2263,0.002157,188.0
107,53,True,253,fhe,6150,6150,True,6150,6150,True,0.4634,0.003243,188.0
107,54,True,3039,fhe,253,253,True,597,597,True,0.5079,0.004008,188.0
107,55,True,253,fhe,1533,1533,True,1533,1533,True,0.2617,0.001399,188.0
107,56,True,2489,fhe,247,247,True,271,271,True,1.3749,0.003501,188.0
107,57,True,407,fhe,8493,8493,True,8493,8493,True,0.1113,0.002188,188.0
107,58,True,1458,fhe,1797,1797,True,1797,1797,True,0.269,0.001455,188.0
107,59,True,1475,fhe,884,884,True,884,884,True,0.1578,0.002855,188.0
107,60,True,281,fhe,3297,3297,True,3297,3297,True,0.4934,0.003807,188.0
107,61,True,285,fhe,20035,20035,True,10688,10688,True,1.2721,0.003639,188.0
107,62,True,5449,fhe,16846,16846,True,16846,16846,True,0.8531,0.002102,188.0
107,63,True,1232,fhe,15,15,True,15,15,True,0.932,0.001893,188.0
108,0,True,16323,fhe,281,281,True,436,436,True,1.0662,0.002241,188.0
108,1,True,310,fhe,5486,5486,True,5486,5486,True,0.47,0.004536,188.0
108,2,True,476,fhe,642,642,True,642,642,True,0.379,0.005132,188.0
108,3,True,7194,fhe,273,273,True,273,273,True,5.5449,0.002577,188.0
108,4,True,15,fhe,380,380,True,831,831,True,1.2082,0.00179,188.0
108,5,True,3798,fhe,1756,1756,True,513,513,True,0.1016,0.003575,188.0
108,6,True,1077,fhe,9049,9049,True,9049,9049,True,0.0963,0.001731,188.0
108,7,True,281,fhe,1265,1265,True,4444,4444,True,1.0935,0.012251,188.0
108,8,True,18740,fhe,15,15,True,275,275,True,1.097,0.00357,188.0
108,9,True,7197,fhe,672,672,True,672,672,True,0.1051,0.001771,188.0
108,10,True,5197,fhe,323,323,True,323,323,True,5.3012,0.002096,188.0
108,11,True,1955,fhe,281,281,True,8127,8127,True,2.5358,0.000882,188.0
108,12,True,380,fhe,16597,16597,True,16597,16597,True,1.9288,0.001882,188.0
108,13,True,281,fhe,3150,3150,True,3150,3150,True,1.2886,0.003475,188.0
108,14,True,4444,fhe,582,582,True,582,582,True,0.837,0.0016,188.0
108,15,True,34,fhe,7431,7431,True,7431,7431,True,0.1249,0.002705,188.0
108,16,True,873,fhe,273,273,True,273,273,True,6.1106,0.003242,188.0
108,17,True,755,fhe,634,634,True,352,352,True,1.097,0.001376,188.0
108,18,True,253,fhe,1533,1533,True,1533,1533,True,2.7957,0.00253,188.0
108,19,True,310,fhe,3687,3687,True,3687,3687,True,0.4681,0.001819,188.0
108,20,True,12354,fhe,10,10,True,10,10,True,1.248,0.002347,188.0
108,21,True,457,fhe,84,84,True,84,84,True,12.1759,0.002379,188.0
108,22,True,253,fhe,13986,13986,True,13986,13986,True,0.444,0.001279,188.0
108,23,True,8978,fhe,13,13,True,13,13,True,3.4345,0.001144,188.0
108,24,True,15,fhe,754,754,True,754,754,True,0.0906,0.001654,188.0
108,25,True,285,fhe,247,247,True,247,247,True,1.5196,0.001519,188.0
108,26,True,2096,fhe,849,849,True,849,849,True,1.3101,0.00354,188.0
108,27,True,380,fhe,9279,9279,True,9279,9279,True,0.0288,0.008021,188.0
108,28,True,642,fhe,581,581,True,581,581,True,4.1049,0.003548,188.0
108,29,True,806,fhe,1929,1929,True,1929,1929,True,0.4832,0.007175,188.0
108,30,True,275,fhe,12902,12902,True,12902,12902,True,0.5648,0.002734,188.0
108,31,True,4964,fhe,313,313,True,313,313,True,0.7494,0.002141,188.0
108,32,True,613,fhe,2191,2191,True,2191,2191,True,0.4793,0.003716,188.0
108,33,True,15,fhe,380,380,True,25196,25196,True,0.4278,0.001035,188.0
108,34,True,8249,fhe,2929,2929,True,2929,2929,True,2.3738,0.000735,188.0
108,35,True,534,fhe,310,310,True,19459,19459,True,1.6875,0.001982,188.0
108,36,True,273,fhe,247,247,True,271,271,True,1.6834,0.00106,188.0
108,37,True,15,fhe,187,187,True,187,187,True,1.2104,0.003002,188.0
108,38,True,7006,fhe,13,13,True,13,13,True,0.5616,0.000533,188.0
108,39,True,11834,fhe,253,253,True,253,253,True,1.4411,0.001122,188.0
108,40,True,824,fhe,347,347,True,347,347,True,7.5018,0.001938,188.0
108,41,True,20408,fhe,273,273,True,273,273,True,3.5612,0.000886,188.0
108,42,True,15,fhe,187,187,True,187,187,True,2.6624,0.002129,188.0
108,43,True,9097,fhe,665,665,True,665,665,True,0.1663,0.003275,188.0
108,44,True,2489,fhe,1077,1077,True,43656,43656,True,0.0867,0.001813,188.0
108,45,True,187,fhe,510,510,True,510,510,True,1.0746,0.00571,188.0
108,46,True,15,fhe,187,187,True,187,187,True,2.2288,0.002064,188.0
108,47,True,1943,fhe,1039,1039,True,1039,1039,True,0.9268,0.007661,188.0
108,48,True,13,fhe,253,253,True,253,253,True,4.2052,0.000465,188.0
108,49,True,24532,fhe,476,476,True,6889,6889,True,0.3042,0.004511,188.0
108,50,True,1841,fhe,275,275,True,1475,1475,True,0.7292,0.0012,188.0
108,51,True,253,fhe,49389,49389,True,49389,49389,True,2.321,0.001112,188.0
108,52,True,15,fhe,380,380,True,329,329,True,0.3396,0.002044,188.0
108,53,True,6150,fhe,15,15,True,387,387,True,0.9617,0.002913,188.0
108,54,True,597,fhe,403,403,True,403,403,True,1.0122,0.002292,188.0
108,55,True,1533,fhe,434,434,True,434,434,True,0.1318,0.003995,188.0
108,56,True,271,fhe,39208,39208,True,8121,8121,True,1.6043,0.001378,188.0
108,57,True,8493,fhe,253,253,True,10696,10696,True,1.148,0.00533,188.0
108,58,True,1797,fhe,15,15,True,15,15,True,0.2542,0.001955,188.0
108,59,True,884,fhe,13,13,True,3041,3041,True,0.725,0.00719,188.0
108,60,True,3297,fhe,5890,5890,True,5890,5890,True,2.1616,0.00491,188.0
108,61,True,10688,fhe,403,403,True,403,403,True,0.2723,0.00457,188.0
108,62,True,16846,fhe,1481,1481,True,2522,2522,True,1.0451,0.00205,188.0
108,63,True,15,fhe,187,187,True,187,187,True,1.4894,0.002311,188.0
109,0,True,436,fhe,1039,1039,True,3745,3745,True,0.2709,0.004879,188.0
109,1,True,5486,fhe,407,407,True,407,407,True,3.3068,0.00127,188.0
109,2,True,642,fhe,3356,3356,True,3356,3356,True,5.186,0.004015,188.0
109,3,True,273,fhe,6871,6871,True,6871,6871,True,2.7886,0.002091,188.0
109,4,True,831,fhe,3678,3678,True,3678,3678,True,0.0974,0.002991,188.0
109,5,True,513,fhe,973,973,True,973,973,True,0.1556,0.001905,188.0
109,6,True,9049,fhe,281,281,True,1806,1806,True,0.0669,0.001022,188.0
109,7,True,4444,fhe,634,634,True,10583,10583,True,0.2655,0.003338,188.0
109,8,True,275,fhe,253,253,True,271,271,True,0.0414,0.00258,188.0
109,9,True,672,fhe,368,368,True,368,368,True,0.0871,0.005423,188.0
109,10,True,323,fhe,41175,41175,True,41175,41175,True,0.6124,0.001022,188.0
109,11,True,8127,fhe,281,281,True,281,281,True,7.3751,0.000581,188.0
109,12,True,16597,fhe,66,66,True,3348,3348,True,3.5596,0.005861,188.0
109,13,True,3150,fhe,15,15,True,15,15,True,2.6849,0.001905,188.0
109,14,True,582,fhe,25818,25818,True,45967,45967,True,0.3537,0.004607,188.0
109,15,True,7431,fhe,323,323,True,1364,1364,True,0.2643,0.00137,188.0
109,16,True,273,fhe,7424,7424,True,7424,7424,True,1.7589,0.002228,188.0
109,17,True,352,fhe,1959,1959,True,1959,1959,True,0.8958,0.002146,188.0
109,18,True,1533,fhe,15,15,True,3063,3063,True,1.7627,0.000945,188.0
109,19,True,3687,fhe,685,685,True,685,685,True,4.7651,0.001899,188.0
109,20,True,10,fhe,285,285,True,285,285,True,4.5875,0.00136,188.0
109,21,True,84,fhe,10450,10450,True,10450,10450,True,0.4796,0.002741,188.0
109,22,True,13986,fhe,7281,7281,True,1342,1342,True,2.0062,0.000703,188.0
109,23,True,13,fhe,3925,3925,True,3925,3925,True,0.1973,0.001577,188.0
109,24,True,754,fhe,369,369,True,3103,3103,True,0.493,0.001694,188.0
109,25,True,247,fhe,4942,4942,True,4942,4942,True,0.2954,0.007747,188.0
109,26,True,849,fhe,253,253,True,7952,7952,True,1.17,0.003087,188.0
109,27,True,9279,fhe,310,310,True,310,310,True,2.4467,0.000901,188.0
109,28,True,581,fhe,369,369,True,7560,7560,True,0.4182,0.001419,188.0
109,29,True,1929,fhe,897,897,True,897,897,True,1.2602,0.003273,188.0
109,30,True,12902,fhe,342,342,True,390,390,True,0.0976,0.000763,188.0
109,31,True,313,fhe,18,18,True,17,17,True,0.0959,0.010215,188.0
109,32,True,2191,fhe,187,187,True,187,187,True,1.5192,0.001048,188.0
109,33,True,25196,fhe,403,403,True,403,403,True,0.123,0.003421,188.0
109,34,True,2929,fhe,13,13,True,327,327,True,0.5985,0.002796,188.0
109,35,True,19459,fhe,762,762,True,11834,11834,True,1.3108,0.003507,188.0
109,36,True,271,fhe,27108,27108,True,27108,27108,True,0.3022,0.009564,188.0
109,37,True,187,fhe,510,510,True,510,510,True,1.5582,0.003828,188.0
109,38,True,13,fhe,285,285,True,285,285,True,2.7138,0.003311,188.0
109,39,True,253,fhe,643,643,True,643,643,True,0.2986,0.001783,188.0
109,40,True,347,fhe,44091,44091,True,44091,44091,True,0.7109,0.00642,188.0
109,41,True,273,fhe,14192,14192,True,14192,14192,True,0.4265,0.005509,188.0
109,42,True,187,fhe,510,510,True,510,510,True,1.5196,0.001476,188.0
109,43,True,665,fhe,497,497,True,497,497,True,0.5239,0.002527,188.0
109,44,True,43656,fhe,285,285,True,407,407,True,0.0448,0.004238,188.0
109,45,True,510,fhe,14910,14910,True,5961,5961,True,2.1966,0.004122,188.0
109,46,True,187,fhe,1276,1276,True,1231,1231,True,0.0981,0.001141,188.0
109,47,True,1039,fhe,13,13,True,281,281,True,0.7695,0.001757,188.0
109,48,True,253,fhe,625,625,True,1805,1805,True,1.5355,0.001278,188.0
109,49,True,6889,fhe,7293,7293,True,7293,7293,True,0.1217,0.003881,188.0
109,50,True,1475,fhe,352,352,True,352,352,True,4.3997,0.000894,188.0
109,51,True,49389,fhe,333,333,True,333,333,True,0.3015,0.00762,188.0
109,52,True,329,fhe,1643,1643,True,1355,1355,True,1.5466,0.003907,188.0
109,53,True,387,fhe,253,253,True,697,697,True,1.1125,0.003794,188.0
109,54,True,403,fhe,4704,4704,True,4704,4704,True,0.4276,0.003789,188.0
109,55,True,434,fhe,954,954,True,954,954,True,1.1305,0.0023,188.0
109,56,True,8121,fhe,15,15,True,15,15,True,0.0706,0.001502,188.0
109,57,True,10696,fhe,13,13,True,13,13,True,0.3254,0.002758,188.0
109,58,True,15,fhe,187,187,True,187,187,True,0.4958,0.002933,188.0
109,59,True,3041,fhe,7759,7759,True,7759,7759,True,2.1009,0.004164,188.0
109,60,True,5890,fhe,15,15,True,672,672,True,0.5426,0.002022,188.0
109,61,True,403,fhe,417,417,True,671,671,True,0.1302,0.003352,188.0
109,62,True,2522,fhe,15,15,True,326,326,True,0.2881,0.001769,188.0
109,63,True,187,fhe,510,510,True,510,510,True,1.5048,0.003355,188.0
110,0,True,3745,fhe,281,281,True,984,984,True,1.5676,0.000732,188.0
110,1,True,407,fhe,253,253,True,253,253,True,0.5195,0.001739,188.0
110,2,True,3356,fhe,2186,2186,True,2186,2186,True,1.0503,0.015299,188.0
110,3,True,6871,fhe,13,13,True,14,14,True,0.1233,0.003865,188.0
110,4,True,3678,fhe,310,310,True,476,476,True,1.7694,0.00133,188.0
110,5,True,973,fhe,15,15,True,285,285,True,0.1538,0.000888,188.0
110,6,True,1806,fhe,753,753,True,753,753,True,2.9888,0.002277,188.0
110,7,True,10583,fhe,8357,8357,True,275,275,True,1.5204,0.001977,188.0
110,8,True,271,fhe,3368,3368,True,3368,3368,True,2.1778,0.002571,188.0
110,9,True,368,fhe,1551,1551,True,1551,1551,True,0.3899,0.003727,188.0
110,10,True,41175,fhe,285,285,True,285,285,True,1.2024,0.001304,188.0
110,11,True,281,fhe,253,253,True,616,616,True,1.3783,0.001111,188.0
110,12,True,3348,fhe,403,403,True,403,403,True,1.0978,0.001215,188.0
110,13,True,15,fhe,187,187,True,187,187,True,1.7276,0.001076,188.0
110,14,True,45967,fhe,13,13,True,13,13,True,1.7573,0.001498,188.0
110,15,True,1364,fhe,320,320,True,320,320,True,0.253,0.004348,188.0
110,16,True,7424,fhe,326,326,True,281,281,True,0.005,0.006309,188.0
110,17,True,1959,fhe,15,15,True,2,2,True,2.1836,0.002167,188.0
110,18,True,3063,fhe,15,15,True,15,15,True,2.312,0.000486,188.0
110,19,True,685,fhe,470,470,True,5091,5091,True,0.752,0.002077,188.0
110,20,True,285,fhe,253,253,True,253,253,True,3.8791,0.002656,188.0
110,21,True,10450,fhe,273,273,True,273,273,True,0.8814,0.002066,188.0
110,22,True,1342,fhe,3344,3344,True,3344,3344,True,0.1591,0.001509,188.0
110,23,True,3925,fhe,13,13,True,13,13,True,3.2212,0.001301,188.0
110,24,True,3103,fhe,4425,4425,True,4425,4425,True,0.4193,0.001361,188.0
110,25,True,4942,fhe,1355,1355,True,2159,2159,True,0.6784,0.001872,188.0
110,26,True,7952,fhe,2544,2544,True,2544,2544,True,0.0528,0.000968,188.0
110,27,True,310,fhe,247,247,True,271,271,True,2.035,0.003509,188.0
110,28,True,7560,fhe,281,281,True,281,281,True,0.8101,0.000667,188.0
110,29,True,897,fhe,273,273,True,273,273,True,3.783,0.00162,188.0
110,30,True,390,fhe,275,275,True,6474,6474,True,0.452,0.001241,188.0
110,31,True,17,fhe,15,15,True,15,15,True,6.7342,0.002782,188.0
110,32,True,187,fhe,1552,1552,True,19339,19339,True,0.0326,0.002083,188.0
110,33,True,403,fhe,5686,5686,True,1160,1160,True,1.3662,0.002069,188.0
110,34,True,327,fhe,253,253,True,253,253,True,1.7537,0.00314,188.0
110,35,True,11834,fhe,253,253,True,253,253,True,1.4037,0.000616,188.0
110,36,True,27108,fhe,15,15,True,285,285,True,0.1041,0.004709,188.0
110,37,True,510,fhe,3416,3416,True,3416,3416,True,0.1156,0.001015,188.0
110,38,True,285,fhe,29383,29383,True,29383,29383,True,0.7562,0.000935,188.0
110,39,True,643,fhe,5340,5340,True,5340,5340,True,0.0906,0.000986,188.0
110,40,True,44091,fhe,21379,21379,True,21379,21379,True,0.0419,0.008652,188.0
110,41,True,14192,fhe,13,13,True,13,13,True,0.913,0.001664,188.0
110,42,True,510,fhe,427,427,True,747,747,True,0.3796,0.003547,188.0
110,43,True,497,fhe,275,275,True,18414,18414,True,0.2598,0.004399,188.0
110,44,True,407,fhe,253,253,True,4250,4250,True,0.842,0.003511,188.0
110,45,True,5961,fhe,310,310,True,275,275,True,0.1596,0.000883,188.0
110,46,True,1231,fhe,878,878,True,671,671,True,0.2655,0.003877,188.0
110,47,True,281,fhe,1056,1056,True,1056,1056,True,0.5426,0.002198,188.0
110,48,True,1805,fhe,359,359,True,359,359,True,2.4745,0.003342,188.0
110,49,True,7293,fhe,327,327,True,327,327,True,2.1719,0.001798,188.0
110,50,True,352,fhe,15,15,True,15,15,True,3.2538,0.0009,188.0
110,51,True,333,fhe,284,284,True,284,284,True,6.0974,0.019197,188.0
110,52,True,1355,fhe,13,13,True,2829,2829,True,0.3785,0.012102,188.0
110,53,True,697,fhe,2603,2603,True,2603,2603,True,0.5005,0.005377,188.0
110,54,True,4704,fhe,281,281,True,281,281,True,2.4005,0.001454,188.0
110,55,True,954,fhe,1774,1774,True,1774,1774,True,0.2122,0.007246,188.0
110,56,True,15,fhe,754,754,True,754,754,True,0.0137,0.002627,188.0
110,57,True,13,fhe,534,534,True,7624,7624,True,1.9509,0.006327,188.0
110,58,True,187,fhe,510,510,True,510,510,True,0.9428,0.000752,188.0
110,59,True,7759,fhe,401,401,True,401,401,True,0.3098,0.001807,188.0
110,60,True,672,fhe,597,597,True,597,597,True,2.2928,0.007275,188.0
110,61,True,671,fhe,4269,4269,True,4269,4269,True,0.1301,0.005073,188.0
110,62,True,326,fhe,4648,4648,True,4648,4648,True,0.8548,0.000872,188.0
110,63,True,510,fhe,1232,1232,True,806,806,True,0.5532,0.001728,188.0
111,0,True,984,fhe,597,597,True,597,597,True,1.8412,0.003799,188.0
111,1,True,253,fhe,1307,1307,True,1307,1307,True,0.4486,0.001771,188.0
111,2,True,2186,fhe,4830,4830,True,4830,4830,True,0.816,0.003673,188.0
111,3,True,14,fhe,5969,5969,True,5969,5969,True,1.3186,0.005298,188.0
111,4,True,476,fhe,320,320,True,320,320,True,0.2685,0.002617,188.0
111,5,True,285,fhe,1756,1756,True,4711,4711,True,0.444,0.004445,188.0
111,6,True,753,fhe,581,581,True,581,581,True,0.1697,0.000805,188.0
111,7,True,275,fhe,253,253,True,7203,7203,True,0.7803,0.0029,188.0
111,8,True,3368,fhe,15,15,True,1925,1925,True,1.8263,0.004629,188.0
111,9,True,1551,fhe,15,15,True,634,634,True,0.5671,0.001718,188.0
111,10,True,285,fhe,18671,18671,True,18671,18671,True,2.7776,0.000992,188.0
111,11,True,616,fhe,20118,20118,True,1029,1029,True,1.3909,0.001719,188.0
111,12,True,403,fhe,10058,10058,True,10058,10058,True,0.4749,0.001029,188.0
111,13,True,187,fhe,510,510,True,510,510,True,0.6976,0.003153,188.0
111,14,True,13,fhe,285,285,True,390,390,True,1.5002,0.005582,188.0
111,15,True,320,fhe,387,387,True,387,387,True,0.4132,0.00237,188.0
111,16,True,281,fhe,6266,6266,True,6266,6266,True,1.5542,0.003626,188.0
111,17,True,2,fhe,187,187,True,187,187,True,1.1168,0.005336,188.0
111,18,True,15,fhe,187,187,True,187,187,True,2.5025,0.00283,188.0
111,19,True,5091,fhe,3272,3272,True,3272,3272,True,0.0072,0.001969,188.0
111,20,True,253,fhe,260,260,True,260,260,True,2.1198,0.006402,188.0
111,21,True,273,fhe,31917,31917,True,31917,31917,True,1.159,0.004603,188.0
111,22,True,3344,fhe,3889,3889,True,3889,3889,True,1.0421,0.002735,188.0
111,23,True,13,fhe,9901,9901,True,9901,9901,True,0.6408,0.001744,188.0
111,24,True,4425,fhe,281,281,True,281,281,True,1.8905,0.004367,188.0
111,25,True,2159,fhe,2454,2454,True,2454,2454,True,0.879,0.001185,188.0
111,26,True,2544,fhe,689,689,True,689,689,True,1.2508,0.000638,188.0
111,27,True,271,fhe,691,691,True,691,691,True,1.2027,0.010918,188.0
111,28,True,281,fhe,731,731,True,731,731,True,2.6537,0.001573,188.0
111,29,True,273,fhe,7043,7043,True,7043,7043,True,1.8581,0.005763,188.0
111,30,True,6474,fhe,15,15,True,1375,1375,True,0.6266,0.001745,188.0
111,31,True,15,fhe,22,22,True,22,22,True,0.0894,0.00799,188.0
111,32,True,19339,fhe,273,273,True,273,273,True,5.4903,0.002106,188.0
111,33,True,1160,fhe,273,273,True,598,598,True,0.7618,0.004099,188.0
111,34,True,253,fhe,2256,2256,True,2256,2256,True,0.0553,0.003657,188.0
111,35,True,253,fhe,643,643,True,643,643,True,0.2972,0.006001,188.0
111,36,True,285,fhe,253,253,True,352,352,True,0.534,0.001155,188.0
111,37,True,3416,fhe,369,369,True,275,275,True,0.7324,0.00101,188.0
111,38,True,29383,fhe,15,15,True,824,824,True,1.2865,0.000521,188.0
111,39,True,5340,fhe,15,15,True,15,15,True,1.2887,0.002695,188.0
111,40,True,21379,fhe,13,13,True,13,13,True,0.9602,0.000607,188.0
111,41,True,13,fhe,23635,23635,True,23635,23635,True,0.2342,0.002951,188.0
111,42,True,747,fhe,7465,7465,True,7465,7465,True,2.4967,0.004445,188.0
111,43,True,18414,fhe,281,281,True,42842,42842,True,1.651,0.003541,188.0
111,44,True,4250,fhe,285,285,True,285,285,True,1.0657,0.000933,188.0
111,45,True,275,fhe,634,634,True,634,634,True,1.3803,0.003995,188.0
111,46,True,671,fhe,878,878,True,878,878,True,1.3226,0.003137,188.0
111,47,True,1056,fhe,2341,2341,True,2341,2341,True,0.5386,0.005291,188.0
111,48,True,359,fhe,476,476,True,476,476,True,1.0184,0.001351,188.0
111,49,True,327,fhe,253,253,True,534,534,True,2.1466,0.000751,188.0
111,50,True,15,fhe,187,187,True,187,187,True,2.1174,0.002681,188.0
111,51,True,284,fhe,275,275,True,275,275,True,0.1691,0.005095,188.0
111,52,True,2829,fhe,6225,6225,True,6225,6225,True,0.4455,0.001236,188.0
111,53,True,2603,fhe,13,13,True,13,13,True,0.6285,0.001032,188.0
111,54,True,281,fhe,3553,3553,True,3553,3553,True,1.2689,0.002353,188.0
111,55,True,1774,fhe,1824,1824,True,1824,1824,True,0.7914,0.002156,188.0
111,56,True,754,fhe,3395,3395,True,3395,3395,True,0.3547,0.003447,188.0
111,57,True,7624,fhe,8493,8493,True,13538,13538,True,0.9713,0.003483,188.0
111,58,True,510,fhe,2670,2670,True,2170,2170,True,1.5751,0.001201,188.0
111,59,True,401,fhe,39114,39114,True,39114,39114,True,2.7393,0.001617,188.0
111,60,True,597,fhe,403,403,True,8778,8778,True,0.4935,0.001672,188.0
111,61,True,4269,fhe,407,407,True,407,407,True,4.447,0.000992,188.0
111,62,True,4648,fhe,1679,1679,True,760,760,True,0.7542,0.003118,188.0
111,63,True,806,fhe,3213,3213,True,3213,3213,True,1.9921,0.001778,188.0
112,0,True,597,fhe,457,457,True,457,457,True,0.0582,0.003282,188.0
112,1,True,1307,fhe,346,346,True,346,346,True,0.9244,0.001477,188.0
112,2,True,4830,fhe,253,253,True,667,667,True,0.7628,0.000703,188.0
112,3,True,5969,fhe,6871,6871,True,16419,16419,True,0.2867,0.00175,188.0
112,4,True,320,fhe,4439,4439,True,908,908,True,0.5829,0.001022,188.0
112,5,True,4711,fhe,247,247,True,9279,9279,True,0.2927,0.002456,188.0
112,6,True,581,fhe,3226,3226,True,3226,3226,True,0.0501,0.000915,188.0
112,7,True,7203,fhe,13,13,True,13,13,True,2.8587,0.00157,188.0
112,8,True,1925,fhe,346,346,True,346,346,True,1.428,0.000651,188.0
112,9,True,634,fhe,9246,9246,True,9246,9246,True,0.8767,0.004589,188.0
112,10,True,18671,fhe,5489,5489,True,5489,5489,True,2.7559,0.002316,188.0
112,11,True,1029,fhe,2308,2308,True,2308,2308,True,0.2721,0.002211,188.0
112,12,True,10058,fhe,13,13,True,22392,22392,True,0.9668,0.001001,188.0
112,13,True,510,fhe,6773,6773,True,1072,1072,True,0.106,0.004253,188.0
112,14,True,390,fhe,45967,45967,True,37354,37354,True,0.8843,0.002239,188.0
112,15,True,387,fhe,1878,1878,True,1878,1878,True,6.3939,0.002689,188.0
112,16,True,6266,fhe,253,253,True,253,253,True,2.6051,0.005048,188.0
112,17,True,187,fhe,1552,1552,True,1552,1552,True,1.1096,0.001312,188.0
112,18,True,187,fhe,510,510,True,510,510,True,1.9211,0.001226,188.0
112,19,True,3272,fhe,13,13,True,840,840,True,1.8261,0.002986,188.0
112,20,True,260,fhe,317,317,True,317,317,True,5.7321,0.002791,188.0
112,21,True,31917,fhe,13,13,True,285,285,True,0.7067,0.000756,188.0
112,22,True,3889,fhe,388,388,True,388,388,True,1.2078,0.001498,188.0
112,23,True,9901,fhe,13,13,True,13,13,True,3.2975,0.005115,188.0
112,24,True,281,fhe,564,564,True,564,564,True,0.7532,0.003888,188.0
112,25,True,2454,fhe,15,15,True,342,342,True,0.8879,0.001044,188.0
112,26,True,689,fhe,673,673,True,673,673,True,3.9864,0.001374,188.0
112,27,True,691,fhe,5056,5056,True,5056,5056,True,3.1477,0.003707,188.0
112,28,True,731,fhe,15,15,True,15,15,True,1.7916,0.001766,188.0
112,29,True,7043,fhe,369,369,True,2210,2210,True,0.3333,0.001136,188.0
112,30,True,1375,fhe,15,15,True,28,28,True,0.7768,0.001054,188.0
112,31,True,22,fhe,10771,10771,True,10771,10771,True,1.5315,0.002991,188.0
112,32,True,273,fhe,13338,13338,True,13338,13338,True,1.0296,0.001329,188.0
112,33,True,598,fhe,273,273,True,6571,6571,True,2.3145,0.00227,188.0
112,34,True,2256,fhe,13,13,True,13,13,True,1.0912,0.000894,188.0
112,35,True,643,fhe,5340,5340,True,5340,5340,True,0.2247,0.003365,188.0
112,36,True,352,fhe,310,310,True,310,310,True,2.1503,0.006857,188.0
112,37,True,275,fhe,253,253,True,253,253,True,2.2717,0.002343,188.0
112,38,True,824,fhe,347,347,True,347,347,True,6.9721,0.001884,188.0
112,39,True,15,fhe,380,380,True,380,380,True,0.9184,0.001959,188.0
112,40,True,13,fhe,44091,44091,True,4101,4101,True,0.6385,0.002692,188.0
112,41,True,23635,fhe,13,13,True,13,13,True,0.4596,0.001303,188.0
112,42,True,7465,fhe,403,403,True,497,497,True,0.5185,0.002268,188.0
112,43,True,42842,fhe,574,574,True,574,574,True,0.6774,0.001624,188.0
112,44,True,285,fhe,3473,3473,True,3473,3473,True,4.2647,0.001509,188.0
112,45,True,634,fhe,2133,2133,True,17201,17201,True,0.9457,0.007078,188.0
112,46,True,878,fhe,281,281,True,281,281,True,6.0754,0.002257,188.0
112,47,True,2341,fhe,15,15,True,323,323,True,0.2949,0.00085,188.0
112,48,True,476,fhe,2096,2096,True,897,897,True,0.6187,0.001841,188.0
112,49,True,534,fhe,629,629,True,629,629,True,1.2716,0.005798,188.0
112,50,True,187,fhe,510,510,True,510,510,True,0.4184,0.002658,188.0
112,51,True,275,fhe,253,253,True,253,253,True,6.474,0.002556,188.0
112,52,True,6225,fhe,327,327,True,1411,1411,True,0.4949,0.002305,188.0
112,53,True,13,fhe,253,253,True,253,253,True,2.6252,0.001165,188.0
112,54,True,3553,fhe,253,253,True,253,253,True,1.9263,0.001001,188.0
112,55,True,1824,fhe,1576,1576,True,1106,1106,True,4.0027,0.003961,188.0
112,56,True,3395,fhe,247,247,True,3939,3939,True,0.9824,0.000722,188.0
112,57,True,13538,fhe,253,253,True,390,390,True,0.1657,0.00297,188.0
112,58,True,2170,fhe,369,369,True,1475,1475,True,1.546,0.000894,188.0
112,59,True,39114,fhe,23867,23867,True,23867,23867,True,9.6357,0.001847,188.0
112,60,True,8778,fhe,15,15,True,15,15,True,2.2548,0.003247,188.0
112,61,True,407,fhe,253,253,True,643,643,True,1.5724,0.004403,188.0
112,62,True,760,fhe,247,247,True,337,337,True,0.7419,0.002445,188.0
112,63,True,3213,fhe,275,275,True,275,275,True,1.1041,0.000569,188.0
113,0,True,457,fhe,250,250,True,250,250,True,1.8106,0.002866,188.0
113,1,True,346,fhe,16807,16807,True,16807,16807,True,0.5988,0.001495,188.0
113,2,True,667,fhe,273,273,True,643,643,True,1.219,0.001873,188.0
113,3,True,16419,fhe,13,13,True,824,824,True,0.6138,0.001823,188.0
113,4,True,908,fhe,281,281,True,407,407,True,0.5793,0.00419,188.0
113,5,True,9279,fhe,15,15,True,1561,1561,True,0.7069,0.001168,188.0
113,6,True,3226,fhe,13,13,True,13,13,True,0.9667,0.000936,188.0
113,7,True,13,fhe,368,368,True,352,352,True,1.7465,0.002208,188.0
113,8,True,346,fhe,5598,5598,True,5598,5598,True,0.9855,0.002103,188.0
113,9,True,9246,fhe,390,15,False,846,846,True,0.0008,0.001088,188.0
113,10,True,5489,fhe,387,387,True,387,387,True,1.3731,0.000702,188.0
113,11,True,2308,fhe,273,273,True,273,273,True,5.6707,0.002479,188.0
113,12,True,22392,fhe,326,326,True,326,326,True,0.6822,0.001834,188.0
113,13,True,1072,fhe,2181,2181,True,2181,2181,True,0.8511,0.006104,188.0
113,14,True,37354,fhe,15,15,True,15,15,True,0.7812,0.004001,188.0
113,15,True,1878,fhe,6818,6818,True,6818,6818,True,0.1847,0.003765,188.0
113,16,True,253,fhe,495,495,True,3200,3200,True,0.2526,0.011626,188.0
113,17,True,1552,fhe,299,299,True,3389,3389,True,1.9045,0.001988,188.0
113,18,True,510,fhe,444,444,True,444,444,True,2.492,0.001241,188.0
113,19,True,840,fhe,253,253,True,253,253,True,1.5479,0.002115,188.0
113,20,True,317,fhe,8500,8500,True,23821,23821,True,6.2743,0.002889,188.0
113,21,True,285,fhe,849,849,True,849,849,True,0.1704,0.0013,188.0
113,22,True,388,fhe,483,483,True,9584,9584,True,3.5328,0.002084,188.0
113,23,True,13,fhe,9743,9743,True,9743,9743,True,1.6409,0.001741,188.0
113,24,True,564,fhe,281,281,True,281,281,True,2.5576,0.00085,188.0
113,25,True,342,fhe,247,247,True,11906,11906,True,1.3715,0.003406,188.0
113,26,True,673,fhe,13,13,True,13,13,True,0.7994,0.001462,188.0
113,27,True,5056,fhe,13,13,True,26661,26661,True,1.325,0.00646,188.0
113,28,True,15,fhe,1583,1583,True,380,380,True,0.2552,0.00095,188.0
113,29,True,2210,fhe,432,432,True,432,432,True,0.7916,0.005356,188.0
113,30,True,28,fhe,253,253,True,436,436,True,0.9458,0.001747,188.0
113,31,True,10771,fhe,16,16,True,16,16,True,1.0064,0.00441,188.0
113,32,True,13338,fhe,378,378,True,378,378,True,0.1045,0.001057,188.0
113,33,True,6571,fhe,273,273,True,273,273,True,5.4662,0.004198,188.0
113,34,True,13,fhe,346,346,True,534,534,True,0.3379,0.001154,188.0
113,35,True,5340,fhe,15,15,True,15,15,True,1.2606,0.001338,188.0
113,36,True,310,fhe,3560,3560,True,3560,3560,True,0.2333,0.004701,188.0
113,37,True,253,fhe,13497,13497,True,13497,13497,True,0.1973,0.003232,188.0
113,38,True,347,fhe,11672,11672,True,11672,11672,True,1.1368,0.005092,188.0
113,39,True,380,fhe,12927,12927,True,4866,4866,True,1.589,0.003098,188.0
113,40,True,4101,fhe,35684,35684,True,35684,35684,True,6.1455,0.003879,188.0
113,41,True,13,fhe,2728,2728,True,2728,2728,True,1.1091,0.005315,188.0
113,42,True,497,fhe,3715,3715,True,3715,3715,True,1.8367,0.00294,188.0
113,43,True,574,fhe,247,247,True,3012,3012,True,0.6266,0.008037,188.0
113,44,True,3473,fhe,13,13,True,13,13,True,0.1069,0.001303,188.0
113,45,True,17201,fhe,310,310,True,310,310,True,2.3582,0.001037,188.0
113,46,True,281,fhe,1908,1908,True,1158,1158,True,1.2522,0.003445,188.0
113,47,True,323,fhe,616,616,True,3746,3746,True,0.7033,0.003755,188.0
113,48,True,897,fhe,731,731,True,731,731,True,1.1169,0.003249,188.0
113,49,True,629,fhe,273,273,True,273,273,True,6.3553,0.001482,188.0
113,50,True,510,fhe,954,954,True,2133,2133,True,0.1172,0.000879,188.0
113,51,True,253,fhe,9268,9268,True,9268,9268,True,1.2854,0.003206,188.0
113,52,True,1411,fhe,253,253,True,581,581,True,1.5051,0.001515,188.0
113,53,True,253,fhe,49389,49389,True,49389,49389,True,2.1047,0.006693,188.0
113,54,True,253,fhe,15178,15178,True,15178,15178,True,6.1737,0.005476,188.0
113,55,True,1106,fhe,2718,2718,True,2718,2718,True,1.3493,0.001333,188.0
113,56,True,3939,fhe,275,275,True,275,275,True,3.3262,0.001709,188.0
113,57,True,390,fhe,8493,8493,True,32103,32103,True,0.2673,0.0048,188.0
113,58,True,1475,fhe,253,253,True,253,253,True,1.3643,0.002392,188.0
113,59,True,23867,fhe,15,15,True,313,313,True,0.5352,0.003305,188.0
113,60,True,15,fhe,1583,1583,True,380,380,True,0.2728,0.00108,188.0
113,61,True,643,fhe,17110,17110,True,17110,17110,True,0.0849,0.003683,188.0
113,62,True,337,fhe,15,15,True,16,16,True,0.1989,0.001993,188.0
113,63,True,275,fhe,7963,7963,True,7963,7963,True,1.0726,0.00601,188.0
114,0,True,250,fhe,417,417,True,417,417,True,0.1087,0.001353,188.0
114,1,True,16807,fhe,3,3,True,3,3,True,0.685,0.001094,188.0
114,2,True,643,fhe,2647,2647,True,2647,2647,True,0.1567,0.000658,188.0
114,3,True,824,fhe,347,347,True,347,347,True,7.9574,0.002222,188.0
114,4,True,407,fhe,253,253,True,253,253,True,0.5044,0.00165,188.0
114,5,True,1561,fhe,247,247,True,767,767,True,1.2809,0.000792,188.0
114,6,True,13,fhe,665,665,True,665,665,True,1.6378,0.001015,188.0
114,7,True,352,fhe,310,310,True,310,310,True,1.662,0.001276,188.0
114,8,True,5598,fhe,272,272,True,272,272,True,0.0951,0.005835,188.0
114,9,True,846,fhe,247,247,True,2425,2425,True,0.4528,0.00234,188.0
114,10,True,387,fhe,253,253,True,253,253,True,2.0727,0.001315,188.0
114,11,True,273,fhe,39663,39663,True,39663,39663,True,1.0984,0.003563,188.0
114,12,True,326,fhe,1007,1007,True,1007,1007,True,0.9313,0.000822,188.0
114,13,True,2181,fhe,6569,6569,True,6569,6569,True,1.5749,0.001045,188.0
114,14,True,15,fhe,187,187,True,733,733,True,0.3222,0.002662,188.0
114,15,True,6818,fhe,14,14,True,14,14,True,0.727,0.001024,188.0
114,16,True,3200,fhe,273,273,True,273,273,True,2.8334,0.003142,188.0
114,17,True,3389,fhe,310,310,True,310,310,True,0.0753,0.003369,188.0
114,18,True,444,fhe,1342,1342,True,1342,1342,True,7.1955,0.004364,188.0
114,19,True,253,fhe,14636,14636,True,2020,2020,True,0.0923,0.002941,188.0
114,20,True,23821,fhe,313,313,True,313,313,True,1.2478,0.003228,188.0
114,21,True,849,fhe,597,597,True,597,597,True,0.561,0.001963,188.0
114,22,True,9584,fhe,13,13,True,313,313,True,0.5929,0.000895,188.0
114,23,True,9743,fhe,13,13,True,13,13,True,3.0982,0.001551,188.0
114,24,True,281,fhe,12300,12300,True,12300,12300,True,0.233,0.001644,188.0
114,25,True,11906,fhe,19723,19723,True,19723,19723,True,0.1418,0.001803,188.0
114,26,True,13,fhe,285,285,True,285,285,True,0.7297,0.001287,188.0
114,27,True,26661,fhe,13,13,True,13,13,True,2.0483,0.001822,188.0
114,28,True,380,fhe,6194,6194,True,6194,6194,True,1.2978,0.001676,188.0
114,29,True,432,fhe,253,253,True,10253,10253,True,0.9089,0.000932,188.0
114,30,True,436,fhe,310,310,True,476,476,True,1.2267,0.000948,188.0
114,31,True,16,fhe,11964,11964,True,11964,11964,True,1.1074,0.004137,188.0
114,32,True,378,fhe,35233,35233,True,35233,35233,True,10.1673,0.003391,188.0
114,33,True,273,fhe,9946,9946,True,9946,9946,True,1.9044,0.005148,188.0
114,34,True,534,fhe,369,369,True,369,369,True,0.0162,0.00233,188.0
114,35,True,15,fhe,380,380,True,380,380,True,0.892,0.000901,188.0
114,36,True,3560,fhe,407,407,True,407,407,True,2.853,0.003881,188.0
114,37,True,13497,fhe,369,369,True,310,310,True,0.4914,0.006347,188.0
114,38,True,11672,fhe,13,13,True,13,13,True,1.3937,0.003398,188.0
114,39,True,4866,fhe,273,273,True,273,273,True,2.8654,0.004006,188.0
114,40,True,35684,fhe,362,362,True,362,362,True,3.0122,0.002347,188.0
114,41,True,2728,fhe,13,13,True,13,13,True,0.4255,0.000867,188.0
114,42,True,3715,fhe,407,407,True,407,407,True,0.9316,0.000535,188.0
114,43,True,3012,fhe,2169,2169,True,2406,2406,True,1.4479,0.00144,188.0
114,44,True,13,fhe,285,285,True,9046,9046,True,1.9542,0.001592,188.0
114,45,True,310,fhe,1925,1925,True,1925,1925,True,0.0978,0.003622,188.0
114,46,True,1158,fhe,670,670,True,670,670,True,2.7735,0.00145,188.0
114,47,True,3746,fhe,285,285,True,285,285,True,0.733,0.002293,188.0
114,48,True,731,fhe,281,281,True,281,281,True,1.7071,0.001657,188.0
114,49,True,273,fhe,253,253,True,253,253,True,4.9492,0.00054,188.0
114,50,True,2133,fhe,273,273,True,273,273,True,2.3884,0.001645,188.0
114,51,True,9268,fhe,15,15,True,15,15,True,2.2265,0.002886,188.0
114,52,True,581,fhe,3402,3402,True,3402,3402,True,1.3915,0.001032,188.0
114,53,True,49389,fhe,333,333,True,26782,26782,True,1.4036,0.003666,188.0
114,54,True,15178,fhe,13,13,True,13,13,True,3.05,0.002549,188.0
114,55,True,2718,fhe,13,13,True,13,13,True,1.6206,0.001706,188.0
114,56,True,275,fhe,253,253,True,253,253,True,3.1794,0.003028,188.0
114,57,True,32103,fhe,253,253,True,1066,1066,True,0.4981,0.005103,188.0
114,58,True,253,fhe,2670,2670,True,2670,2670,True,1.9032,0.003442,188.0
114,59,True,313,fhe,10383,10383,True,10383,10383,True,1.208,0.003871,188.0
114,60,True,380,fhe,1481,1481,True,1481,1481,True,0.6412,0.001691,188.0
114,61,True,17110,fhe,275,275,True,275,275,True,0.3357,0.004336,188.0
114,62,True,16,fhe,19,19,True,19,19,True,1.1882,0.005172,188.0
114,63,True,7963,fhe,15001,15001,True,15001,15001,True,5.3016,0.01972,188.0
115,0,True,417,fhe,2104,2104,True,2104,2104,True,0.8376,0.004171,188.0
115,1,True,3,fhe,721,721,True,818,818,True,0.7788,0.000675,188.0
115,2,True,2647,fhe,13,13,True,275,275,True,0.2066,0.000745,188.0
115,3,True,347,fhe,6871,6871,True,29742,29742,True,2.6502,0.00258,188.0
115,4,True,253,fhe,15727,15727,True,15727,15727,True,0.3661,0.002214,188.0
115,5,True,767,fhe,1107,1107,True,1107,1107,True,1.1786,0.000628,188.0
115,6,True,665,fhe,369,369,True,369,369,True,0.4609,0.002887,188.0
115,7,True,310,fhe,1682,1682,True,1682,1682,True,0.3105,0.002205,188.0
115,8,True,272,fhe,449,449,True,449,449,True,1.5678,0.002455,188.0
115,9,True,2425,fhe,15,15,True,15,15,True,1.6976,0.004063,188.0
115,10,True,253,fhe,2499,2499,True,2499,2499,True,4.4898,0.001046,188.0
115,11,True,39663,fhe,9448,9448,True,9448,9448,True,2.1503,0.001505,188.0
115,12,True,1007,fhe,751,751,True,751,751,True,2.8465,0.001205,188.0
115,13,True,6569,fhe,281,281,True,342,342,True,0.0803,0.002102,188.0
115,14,True,733,fhe,369,369,True,434,434,True,0.6701,0.001736,188.0
115,15,True,14,fhe,12071,12071,True,531,531,True,1.196,0.005951,188.0
115,16,True,273,fhe,253,253,True,1016,1016,True,2.1452,0.008783,188.0
115,17,True,310,fhe,4390,4390,True,4390,4390,True,3.0892,0.002673,188.0
115,18,True,1342,fhe,26919,26919,True,32713,32713,True,8.4985,0.005492,188.0
115,19,True,2020,fhe,273,273,True,310,310,True,0.0523,0.001575,188.0
115,20,True,313,fhe,36,36,True,1779,1779,True,2.1899,0.005509,188.0
115,21,True,597,fhe,403,403,True,403,403,True,0.2972,0.001789,188.0
115,22,True,313,fhe,1010,1010,True,1010,1010,True,1.4223,0.000905,188.0
115,23,True,13,fhe,9654,9654,True,9654,9654,True,0.0442,0.004357,188.0
115,24,True,12300,fhe,13,13,True,13,13,True,0.6045,0.002765,188.0
115,25,True,19723,fhe,47473,47473,True,47473,47473,True,1.353,0.008591,188.0
115,26,True,285,fhe,849,849,True,597,597,True,1.1747,0.001234,188.0
115,27,True,13,fhe,670,670,True,670,670,True,1.2232,0.00166,188.0
115,28,True,6194,fhe,369,369,True,4817,4817,True,0.4064,0.001428,188.0
115,29,True,10253,fhe,13,13,True,670,670,True,0.326,0.000725,188.0
115,30,True,476,fhe,320,320,True,320,320,True,2.6763,0.009116,188.0
115,31,True,11964,fhe,481,481,True,481,481,True,1.9566,0.005149,188.0
115,32,True,35233,fhe,187,187,True,187,187,True,1.6251,0.003518,188.0
115,33,True,9946,fhe,13,13,True,13,13,True,0.2519,0.001984,188.0
115,34,True,369,fhe,3863,3863,True,1996,1996,True,0.8136,0.005776,188.0
115,35,True,380,fhe,12927,12927,True,4866,4866,True,1.5944,0.003481,188.0
115,36,True,407,fhe,247,247,True,247,247,True,1.4755,0.00359,188.0
115,37,True,310,fhe,247,247,True,6306,6306,True,0.4273,0.004012,188.0
115,38,True,13,fhe,29742,29742,True,29742,29742,True,2.1136,0.001691,188.0
115,39,True,273,fhe,253,253,True,436,436,True,1.5893,0.003295,188.0
115,40,True,362,fhe,592,592,True,592,592,True,9.3146,0.009911,188.0
115,41,True,13,fhe,285,285,True,48461,48461,True,1.1536,0.00383,188.0
115,42,True,407,fhe,253,253,True,247,247,True,0.5317,0.001442,188.0
115,43,True,2406,fhe,2308,2308,True,2308,2308,True,0.3146,0.012628,188.0
115,44,True,9046,fhe,8090,8090,True,747,747,True,0.3052,0.001045,188.0
115,45,True,1925,fhe,253,253,True,247,247,True,0.8924,0.002357,188.0
115,46,True,670,fhe,253,253,True,849,849,True,0.009,0.002212,188.0
115,47,True,285,fhe,616,616,True,616,616,True,0.0403,0.000621,188.0
115,48,True,281,fhe,1361,1361,True,1361,1361,True,0.3757,0.003291,188.0
115,49,True,253,fhe,3998,3998,True,3998,3998,True,3.4521,0.003099,188.0
115,50,True,273,fhe,247,247,True,271,271,True,1.0123,0.005354,188.0
115,51,True,15,fhe,380,380,True,380,380,True,0.9203,0.001274,188.0
115,52,True,3402,fhe,13,13,True,13,13,True,0.5724,0.001116,188.0
115,53,True,26782,fhe,28214,28214,True,28214,28214,True,0.6763,0.002688,188.0
115,54,True,13,fhe,253,253,True,253,253,True,0.3124,0.001945,188.0
115,55,True,13,fhe,285,285,True,342,342,True,0.2807,0.002586,188.0
115,56,True,253,fhe,39208,39208,True,39208,39208,True,0.6461,0.001011,188.0
115,57,True,1066,fhe,253,253,True,253,253,True,2.1002,0.003317,188.0
115,58,True,2670,fhe,369,369,True,556,556,True,0.3888,0.003248,188.0
115,59,True,10383,fhe,374,374,True,374,374,True,0.121,0.001152,188.0
115,60,True,1481,fhe,310,310,True,310,310,True,0.6911,0.00079,188.0
115,61,True,275,fhe,253,253,True,253,253,True,3.8625,0.003162,188.0
115,62,True,19,fhe,253,253,True,253,253,True,0.4979,0.000789,188.0
115,63,True,15001,fhe,310,310,True,310,310,True,3.3255,0.001336,188.0
116,0,True,2104,fhe,281,281,True,281,281,True,7.544,0.00137,188.0
116,1,True,818,fhe,15,15,True,15,15,True,6.7306,0.001011,188.0
116,2,True,275,fhe,697,697,True,697,697,True,0.0339,0.000545,188.0
116,3,True,29742,fhe,13,13,True,13,13,True,0.6799,0.004561,188.0
116,4,True,15727,fhe,281,281,True,281,281,True,2.773,0.00063,188.0
116,5,True,1107,fhe,15,15,True,15,15,True,1.8297,0.001003,188.0
116,6,True,369,fhe,275,275,True,275,275,True,0.2434,0.001998,188.0
116,7,True,1682,fhe,281,281,True,281,281,True,3.0097,0.001354,188.0
116,8,True,449,fhe,187,187,True,380,380,True,1.3376,0.000831,188.0
116,9,True,15,fhe,187,187,True,187,187,True,1.1631,0.002318,188.0
116,10,True,2499,fhe,273,273,True,273,273,True,4.9059,0.003403,188.0
116,11,True,9448,fhe,13,13,True,13,13,True,1.3799,0.000765,188.0
116,12,True,751,fhe,10058,10058,True,1355,1355,True,1.1867,0.001555,188.0
116,13,True,342,fhe,253,253,True,6749,6749,True,0.8141,0.002734,188.0
116,14,True,434,fhe,671,671,True,1335,1335,True,0.4002,0.002891,188.0
116,15,True,531,fhe,1107,1107,True,1107,1107,True,3.9454,0.000616,188.0
116,16,True,1016,fhe,273,273,True,3828,3828,True,0.0669,0.002192,188.0
116,17,True,4390,fhe,417,417,True,417,417,True,3.2674,0.004889,188.0
116,18,True,32713,fhe,1294,1294,True,1294,1294,True,5.188,0.001292,188.0
116,19,True,310,fhe,3687,3687,True,1679,1679,True,0.2063,0.005161,188.0
116,20,True,1779,fhe,2902,2902,True,2902,2902,True,0.7824,0.000736,188.0
116,21,True,403,fhe,5876,5876,True,5876,5876,True,0.2921,0.001174,188.0
116,22,True,1010,fhe,740,740,True,740,740,True,0.0502,0.000937,188.0
116,23,True,9654,fhe,13,13,True,13,13,True,3.503,0.001023,188.0
116,24,True,13,fhe,835,835,True,835,835,True,1.2511,0.003279,188.0
116,25,True,47473,fhe,15,15,True,15,15,True,1.3789,0.001999,188.0
116,26,True,597,fhe,897,897,True,897,897,True,0.5658,0.004674,188.0
116,27,True,670,fhe,337,337,True,337,337,True,0.4331,0.00146,188.0
116,28,True,4817,fhe,949,949,True,949,949,True,0.677,0.001224,188.0
116,29,True,670,fhe,608,608,True,608,608,True,0.4523,0.001263,188.0
116,30,True,320,fhe,4080,4080,True,4080,4080,True,1.8942,0.00359,188.0
116,31,True,481,fhe,380,380,True,380,380,True,0.3421,0.001879,188.0
116,32,True,187,fhe,1552,1552,True,6958,6958,True,0.2893,0.006404,188.0
116,33,True,13,fhe,38244,38244,True,38244,38244,True,2.0946,0.002209,188.0
116,34,True,1996,fhe,3863,3863,True,15786,15786,True,0.5006,0.003128,188.0
116,35,True,4866,fhe,273,273,True,273,273,True,2.9307,0.00178,188.0
116,36,True,247,fhe,11216,11216,True,1270,1270,True,0.3834,0.003308,188.0
116,37,True,6306,fhe,275,275,True,387,387,True,0.6768,0.001498,188.0
116,38,True,29742,fhe,13,13,True,13,13,True,2.4781,0.000821,188.0
116,39,True,436,fhe,4866,4866,True,3200,3200,True,0.5834,0.004554,188.0
116,40,True,592,fhe,13,13,True,13,13,True,2.0968,0.002512,188.0
116,41,True,48461,fhe,13,13,True,13,13,True,0.8955,0.001605,188.0
116,42,True,247,fhe,9353,9353,True,9353,9353,True,0.1941,0.002706,188.0
116,43,True,2308,fhe,273,273,True,273,273,True,5.4115,0.003296,188.0
116,44,True,747,fhe,5561,5561,True,5561,5561,True,0.0049,0.008039,188.0
116,45,True,247,fhe,39947,39947,True,39947,39947,True,2.5023,0.006349,188.0
116,46,True,849,fhe,359,359,True,1199,1199,True,0.99,0.002047,188.0
116,47,True,616,fhe,20581,20581,True,20581,20581,True,0.1327,0.001993,188.0
116,48,True,1361,fhe,441,441,True,441,441,True,1.602,0.00189,188.0
116,49,True,3998,fhe,310,310,True,310,310,True,3.6924,0.002328,188.0
116,50,True,271,fhe,5893,5893,True,5893,5893,True,1.4416,0.003275,188.0
116,51,True,380,fhe,49389,49389,True,4585,4585,True,0.2374,0.00123,188.0
116,52,True,13,fhe,285,285,True,285,285,True,1.1805,0.002946,188.0
116,53,True,28214,fhe,15,15,True,15,15,True,1.1841,0.000793,188.0
116,54,True,253,fhe,4651,4651,True,4651,4651,True,0.5752,0.001804,188.0
116,55,True,342,fhe,253,247,False,625,625,True,0.0013,0.001932,188.0
116,56,True,39208,fhe,382,382,True,382,382,True,1.569,0.001276,188.0
116,57,True,253,fhe,10005,10005,True,10005,10005,True,1.0708,0.002662,188.0
116,58,True,556,fhe,644,644,True,644,644,True,1.4415,0.001929,188.0
116,59,True,374,fhe,13,13,True,13,13,True,1.5139,0.001691,188.0
116,60,True,310,fhe,1781,1781,True,1355,1355,True,0.0151,0.003627,188.0
116,61,True,253,fhe,5534,5534,True,3126,3126,True,0.6043,0.002579,188.0
116,62,True,253,fhe,2408,2408,True,2408,2408,True,1.1596,0.001906,188.0
116,63,True,310,fhe,253,253,True,253,253,True,1.7609,0.003781,188.0
117,0,True,281,fhe,13791,13791,True,4089,4089,True,1.7001,0.00146,188.0
117,1,True,15,fhe,3666,3666,True,3666,3666,True,1.1888,0.001392,188.0
117,2,True,697,fhe,5161,5161,True,10755,10755,True,1.8272,0.00157,188.0
117,3,True,13,fhe,11672,11672,True,11672,11672,True,0.1647,0.006864,188.0
117,4,True,281,fhe,1056,1056,True,2794,2794,True,0.9718,0.001999,188.0
117,5,True,15,fhe,187,187,True,380,380,True,0.3609,0.004261,188.0
117,6,True,275,fhe,253,253,True,617,617,True,1.1168,0.00201,188.0
117,7,True,281,fhe,1265,1265,True,3135,3135,True,0.8194,0.002886,188.0
117,8,True,380,fhe,8607,8607,True,1263,1263,True,1.5236,0.001799,188.0
117,9,True,187,fhe,510,510,True,34,34,True,0.9425,0.001946,188.0
117,10,True,273,fhe,13338,13338,True,13338,13338,True,0.0158,0.0028,188.0
117,11,True,13,fhe,534,534,True,534,534,True,2.1914,0.001002,188.0
117,12,True,1355,fhe,19826,19826,True,19826,19826,True,1.0559,0.002527,188.0
117,13,True,6749,fhe,15,15,True,672,672,True,1.505,0.004063,188.0
117,14,True,1335,fhe,908,908,True,908,908,True,1.7495,0.002536,188.0
117,15,True,1107,fhe,273,273,True,1711,1711,True,0.2023,0.000819,188.0
117,16,True,3828,fhe,13,13,True,13,13,True,0.0756,0.000952,188.0
117,17,True,417,fhe,2130,2130,True,2130,2130,True,6.5251,0.001858,188.0
117,18,True,1294,fhe,29174,29174,True,29174,29174,True,9.2974,0.002348,188.0
117,19,True,1679,fhe,685,685,True,685,685,True,5.8896,0.000701,188.0
117,20,True,2902,fhe,886,886,True,886,886,True,2.5878,0.007612,188.0
117,21,True,5876,fhe,407,407,True,407,407,True,4.0207,0.001973,188.0
117,22,True,740,fhe,14,14,True,14,14,True,0.4329,0.004175,188.0
117,23,True,13,fhe,6705,6705,True,6705,6705,True,2.2913,0.001213,188.0
117,24,True,835,fhe,344,344,True,344,344,True,2.4996,0.001552,188.0
117,25,True,15,fhe,380,380,True,187,187,True,0.0188,0.001026,188.0
117,26,True,897,fhe,436,436,True,436,436,True,1.073,0.001616,188.0
117,27,True,337,fhe,7892,7892,True,16,16,True,0.702,0.003272,188.0
117,28,True,949,fhe,253,253,True,253,253,True,0.5367,0.001323,188.0
117,29,True,608,fhe,13,13,True,5388,5388,True,2.3536,0.003658,188.0
117,30,True,4080,fhe,407,407,True,2057,2057,True,0.4015,0.002072,188.0
117,31,True,380,fhe,8281,8281,True,8281,8281,True,1.3529,0.003595,188.0
117,32,True,6958,fhe,9269,9269,True,9269,9269,True,0.7958,0.00204,188.0
117,33,True,38244,fhe,13,13,True,13,13,True,1.8479,0.00074,188.0
117,34,True,15786,fhe,715,715,True,715,715,True,1.8292,0.002374,188.0
117,35,True,273,fhe,253,253,True,436,436,True,1.5836,0.00178,188.0
117,36,True,1270,fhe,5149,5149,True,5149,5149,True,0.2323,0.002739,188.0
117,37,True,387,fhe,253,253,True,253,253,True,1.1765,0.000539,188.0
117,38,True,13,fhe,23160,23160,True,23160,23160,True,0.4134,0.006338,188.0
117,39,True,3200,fhe,5997,5997,True,5997,5997,True,0.377,0.001708,188.0
117,40,True,13,fhe,285,285,True,285,285,True,1.8671,0.003081,188.0
117,41,True,13,fhe,2728,2728,True,31009,31009,True,0.1342,0.007996,188.0
117,42,True,9353,fhe,273,273,True,273,273,True,1.9244,0.008466,188.0
117,43,True,273,fhe,4073,4073,True,2614,2614,True,1.361,0.005222,188.0
117,44,True,5561,fhe,15,15,True,15,15,True,1.5391,0.000752,188.0
117,45,True,39947,fhe,15,15,True,70,70,True,1.3893,0.001288,188.0
117,46,True,1199,fhe,1824,1824,True,1824,1824,True,2.2593,0.004151,188.0
117,47,True,20581,fhe,15,15,True,15,15,True,1.6685,0.001594,188.0
117,48,True,441,fhe,2096,2096,True,1056,1056,True,1.1246,0.001252,188.0
117,49,True,310,fhe,5876,5876,True,5876,5876,True,1.976,0.002126,188.0
117,50,True,5893,fhe,310,310,True,8414,8414,True,2.3612,0.00121,188.0
117,51,True,4585,fhe,1127,1127,True,1127,1127,True,0.0421,0.002133,188.0
117,52,True,285,fhe,247,247,True,767,767,True,1.2531,0.002589,188.0
117,53,True,15,fhe,187,187,True,187,187,True,0.3251,0.001586,188.0
117,54,True,4651,fhe,588,588,True,588,588,True,1.039,0.002995,188.0
117,55,True,625,fhe,685,685,True,685,685,True,5.6577,0.00869,188.0
117,56,True,382,fhe,4866,4866,True,2847,2847,True,2.5542,0.00372,188.0
117,57,True,10005,fhe,273,273,True,273,273,True,4.6657,0.000632,188.0
117,58,True,644,fhe,41477,41477,True,41477,41477,True,0.6182,0.001449,188.0
117,59,True,13,fhe,933,933,True,933,933,True,0.1545,0.004877,188.0
117,60,True,1355,fhe,13,13,True,13,13,True,0.4066,0.00069,188.0
117,61,True,3126,fhe,13,13,True,13,13,True,0.4698,0.003229,188.0
117,62,True,2408,fhe,273,273,True,273,273,True,4.5814,0.002228,188.0
117,63,True,253,fhe,9436,9436,True,9436,9436,True,0.5623,0.002103,188.0
118,0,True,4089,fhe,253,253,True,752,752,True,0.4619,0.0028,188.0
118,1,True,3666,fhe,19268,19268,True,19268,19268,True,8.2222,0.026143,188.0
118,2,True,10755,fhe,15,15,True,15,15,True,1.0606,0.003179,188.0
118,3,True,11672,fhe,13,13,True,13,13,True,2.1999,0.001004,188.0
118,4,True,2794,fhe,6315,6315,True,2341,2341,True,0.9271,0.002539,188.0
118,5,True,380,fhe,1682,1682,True,1682,1682,True,0.2086,0.003145,188.0
118,6,True,617,fhe,2393,2393,True,2393,2393,True,0.3323,0.00305,188.0
118,7,True,3135,fhe,342,342,True,407,407,True,0.4395,0.001024,188.0
118,8,True,1263,fhe,13,13,True,369,369,True,0.6406,0.003456,188.0
118,9,True,34,fhe,2798,2798,True,2798,2798,True,0.1457,0.006313,188.0
118,10,True,13338,fhe,387,387,True,378,378,True,0.3886,0.001393,188.0
118,11,True,534,fhe,403,403,True,403,403,True,1.1133,0.005087,188.0
118,12,True,19826,fhe,15,15,True,533,533,True,0.3475,0.001167,188.0
118,13,True,672,fhe,352,352,True,352,352,True,1.0915,0.001544,188.0
118,14,True,908,fhe,3063,3063,True,3063,3063,True,0.3639,0.000993,188.0
118,15,True,1711,fhe,13,13,True,13,13,True,1.3457,0.00051,188.0
118,16,True,13,fhe,285,285,True,534,534,True,1.1983,0.003915,188.0
118,17,True,2130,fhe,1060,1060,True,1060,1060,True,5.0382,0.004056,188.0
118,18,True,29174,fhe,369,369,True,369,369,True,0.4837,0.001781,188.0
118,19,True,685,fhe,12660,12660,True,16951,16951,True,0.7893,0.002096,188.0
118,20,True,886,fhe,90,90,True,90,90,True,2.453,0.009236,188.0
118,21,True,407,fhe,253,253,True,616,616,True,0.3912,0.002147,188.0
118,22,True,14,fhe,1010,1010,True,2270,2270,True,1.6254,0.002929,188.0
118,23,True,6705,fhe,13,13,True,13,13,True,3.4262,0.001224,188.0
118,24,True,344,fhe,369,369,True,5421,5421,True,0.7499,0.008732,188.0
118,25,True,187,fhe,510,510,True,510,510,True,1.7049,0.002009,188.0
118,26,True,436,fhe,1491,1491,True,1491,1491,True,1.7171,0.00084,188.0
118,27,True,16,fhe,19,19,True,19,19,True,0.981,0.003759,188.0
118,28,True,253,fhe,3874,3874,True,3874,3874,True,0.116,0.005384,188.0
118,29,True,5388,fhe,1107,1107,True,378,378,True,0.7442,0.000746,188.0
118,30,True,2057,fhe,407,407,True,3587,3587,True,0.8037,0.001495,188.0
118,31,True,8281,fhe,310,310,True,556,556,True,0.3008,0.00219,188.0
118,32,True,9269,fhe,27,27,True,27,27,True,9.706,0.001503,188.0
118,33,True,13,fhe,285,285,True,7768,7768,True,0.8704,0.001264,188.0
118,34,True,715,fhe,4383,4383,True,4383,4383,True,1.7287,0.002627,188.0
118,35,True,436,fhe,4866,4866,True,3200,3200,True,0.5159,0.010316,188.0
118,36,True,5149,fhe,15,15,True,326,326,True,0.9515,0.00111,188.0
118,37,True,253,fhe,5024,5024,True,5024,5024,True,1.2916,0.004643,188.0
118,38,True,23160,fhe,13,13,True,13,13,True,2.0925,0.000586,188.0
118,39,True,5997,fhe,253,253,True,48833,48833,True,0.0574,0.004536,188.0
118,40,True,285,fhe,4101,4101,True,3471,3471,True,0.2957,0.005978,188.0
118,41,True,31009,fhe,13,13,True,13,13,True,0.4852,0.001919,188.0
118,42,True,273,fhe,10071,10071,True,10071,10071,True,0.1246,0.001264,188.0
118,43,True,2614,fhe,3473,3473,True,3473,3473,True,3.3689,0.001691,188.0
118,44,True,15,fhe,380,380,True,380,380,True,1.1218,0.000564,188.0
118,45,True,70,fhe,15,15,True,15,15,True,1.8883,0.003145,188.0
118,46,True,1824,fhe,359,359,True,310,310,True,1.1132,0.000953,188.0
118,47,True,15,fhe,380,380,True,25196,25196,True,0.161,0.001078,188.0
118,48,True,1056,fhe,3282,3282,True,3282,3282,True,1.2822,0.003505,188.0
118,49,True,5876,fhe,15,15,True,407,407,True,1.6347,0.000826,188.0
118,50,True,8414,fhe,273,273,True,6571,6571,True,2.0992,0.001023,188.0
118,51,True,1127,fhe,275,275,True,273,273,True,0.3863,0.001097,188.0
118,52,True,767,fhe,21583,21583,True,21583,21583,True,2.5102,0.002435,188.0
118,53,True,187,fhe,510,510,True,510,510,True,2.4601,0.000728,188.0
118,54,True,588,fhe,3553,3553,True,564,564,True,1.2724,0.001751,188.0
118,55,True,685,fhe,2716,2716,True,2716,2716,True,0.2889,0.001369,188.0
118,56,True,2847,fhe,13,13,True,13,13,True,1.2471,0.00095,188.0
118,57,True,273,fhe,253,253,True,23294,23294,True,0.0686,0.002279,188.0
118,58,True,41477,fhe,1580,1580,True,1580,1580,True,0.4945,0.000744,188.0
118,59,True,933,fhe,7759,7759,True,7759,7759,True,4.1066,0.002143,188.0
118,60,True,13,fhe,285,285,True,533,533,True,0.2857,0.004085,188.0
118,61,True,13,fhe,824,824,True,1690,1690,True,1.4998,0.000966,188.0
118,62,True,273,fhe,1824,1824,True,1824,1824,True,5.3476,0.001065,188.0
118,63,True,9436,fhe,273,273,True,273,273,True,5.6055,0.00235,188.0
119,0,True,752,fhe,643,643,True,2571,2571,True,0.9612,0.00299,188.0
119,1,True,19268,fhe,253,253,True,247,247,True,1.3938,0.000747,188.0
119,2,True,15,fhe,380,380,True,187,187,True,0.559,0.002894,188.0
119,3,True,13,fhe,285,285,True,23160,23160,True,0.5372,0.005405,188.0
119,4,True,2341,fhe,13,13,True,323,323,True,0.2928,0.002468,188.0
119,5,True,1682,fhe,673,673,True,673,673,True,1.0472,0.002846,188.0
119,6,True,2393,fhe,27517,27517,True,27517,27517,True,0.6066,0.003325,188.0
119,7,True,407,fhe,31761,31761,True,4983,4983,True,0.0949,0.001293,188.0
119,8,True,369,fhe,3863,3863,True,3863,3863,True,0.3238,0.000889,188.0
119,9,True,2798,fhe,2983,2983,True,2983,2983,True,3.881,0.004307,188.0
119,10,True,378,fhe,35233,35233,True,35233,35233,True,10.5639,0.005325,188.0
119,11,True,403,fhe,6422,6422,True,6422,6422,True,0.4946,0.001762,188.0
119,12,True,533,fhe,403,403,True,452,452,True,0.8078,0.004057,188.0
119,13,True,352,fhe,6673,6673,True,6673,6673,True,0.4934,0.001395,188.0
119,14,True,3063,fhe,323,323,True,275,275,True,0.0443,0.002398,188.0
119,15,True,13,fhe,285,285,True,452,452,True,0.2868,0.002243,188.0
119,16,True,534,fhe,310,310,True,403,403,True,0.4501,0.001296,188.0
119,17,True,1060,fhe,15,15,True,15,15,True,5.4619,0.002004,188.0
119,18,True,369,fhe,6808,6808,True,6808,6808,True,0.5409,0.001212,188.0
119,19,True,16951,fhe,3272,3272,True,3272,3272,True,1.9209,0.001544,188.0
119,20,True,90,fhe,1148,1148,True,1148,1148,True,3.3714,0.004131,188.0
119,21,True,616,fhe,10450,10450,True,27762,27762,True,0.8296,0.002537,188.0
119,22,True,2270,fhe,582,582,True,582,582,True,0.1766,0.000876,188.0
119,23,True,13,fhe,7251,7251,True,7251,7251,True,0.7759,0.002043,188.0
119,24,True,5421,fhe,23065,23065,True,23065,23065,True,0.8613,0.001173,188.0
119,25,True,510,fhe,18353,18353,True,806,806,True,0.4926,0.001516,188.0
119,26,True,1491,fhe,281,281,True,281,281,True,4.1385,0.00172,188.0
119,27,True,19,fhe,253,253,True,253,253,True,0.4471,0.001302,188.0
119,28,True,3874,fhe,13,13,True,1293,1293,True,0.9348,0.000683,188.0
119,29,True,378,fhe,15,15,True,15,15,True,8.9134,0.001242,188.0
119,30,True,3587,fhe,390,390,True,970,970,True,0.1787,0.002113,188.0
119,31,True,556,fhe,247,247,True,271,271,True,0.9355,0.001381,188.0
119,32,True,27,fhe,4596,4596,True,4596,4596,True,0.0651,0.000474,188.0
119,33,True,7768,fhe,13,13,True,13,13,True,1.9244,0.002063,188.0
119,34,True,4383,fhe,347,347,True,347,347,True,1.8669,0.000357,188.0
119,35,True,3200,fhe,5997,5997,True,5997,5997,True,0.3669,0.002449,188.0
119,36,True,326,fhe,310,310,True,13471,13471,True,0.336,0.002684,188.0
119,37,True,5024,fhe,273,273,True,273,273,True,3.9113,0.000652,188.0
119,38,True,13,fhe,285,285,True,6871,6871,True,1.049,0.005345,188.0
119,39,True,48833,fhe,13,13,True,13,13,True,1.0503,0.000501,188.0
119,40,True,3471,fhe,36857,36857,True,36857,36857,True,0.8478,0.003437,188.0
119,41,True,13,fhe,285,285,True,12564,12564,True,0.2706,0.002785,188.0
119,42,True,10071,fhe,13,13,True,432,432,True,0.0499,0.002236,188.0
119,43,True,3473,fhe,13,13,True,13,13,True,0.0261,0.003457,188.0
119,44,True,380,fhe,5561,5561,True,1824,1824,True,0.0106,0.002486,188.0
119,45,True,15,fhe,380,380,True,733,733,True,0.1347,0.002107,188.0
119,46,True,310,fhe,3058,3058,True,3058,3058,True,0.3309,0.002581,188.0
119,47,True,25196,fhe,403,403,True,671,671,True,0.3137,0.002109,188.0
119,48,True,3282,fhe,273,273,True,273,273,True,4.0812,0.001046,188.0
119,49,True,407,fhe,253,253,True,253,253,True,1.187,0.002484,188.0
119,50,True,6571,fhe,273,273,True,273,273,True,7.2204,0.001423,188.0
119,51,True,273,fhe,253,253,True,253,253,True,2.271,0.000668,188.0
119,52,True,21583,fhe,497,497,True,2242,2242,True,0.1924,0.002274,188.0
119,53,True,510,fhe,443,443,True,43093,43093,True,0.2754,0.000946,188.0
119,54,True,564,fhe,281,281,True,896,896,True,0.2693,0.002503,188.0
119,55,True,2716,fhe,273,273,True,273,273,True,0.8655,0.001935,188.0
119,56,True,13,fhe,285,285,True,285,285,True,1.6697,0.004338,188.0
119,57,True,23294,fhe,457,457,True,457,457,True,1.7564,0.006648,188.0
119,58,True,1580,fhe,253,253,True,387,387,True,0.3151,0.003707,188.0
119,59,True,7759,fhe,330,330,True,330,330,True,2.4624,0.001017,188.0
119,60,True,533,fhe,253,253,True,352,352,True,0.8957,0.001399,188.0
119,61,True,1690,fhe,6315,6315,True,6315,6315,True,0.0634,0.004666,188.0
119,62,True,1824,fhe,15,15,True,347,347,True,0.356,0.000659,188.0
119,63,True,273,fhe,6315,6315,True,6315,6315,True,0.3412,0.001073,188.0
120,0,True,2571,fhe,403,403,True,1333,1333,True,2.0628,0.001058,188.0
120,1,True,247,fhe,5793,5793,True,3410,3410,True,0.2178,0.003279,188.0
120,2,True,187,fhe,510,510,True,510,510,True,2.1768,0.001703,188.0
120,3,True,23160,fhe,13,13,True,13,13,True,2.3276,0.001009,188.0
120,4,True,323,fhe,253,253,True,3116,3116,True,1.1529,0.002712,188.0
120,5,True,673,fhe,281,281,True,281,281,True,2.4172,0.002126,188.0
120,6,True,27517,fhe,15,15,True,15,15,True,0.0641,0.002078,188.0
120,7,True,4983,fhe,247,247,True,12922,12922,True,0.3706,0.001886,188.0
120,8,True,3863,fhe,275,275,True,3909,3909,True,0.3225,0.00087,188.0
120,9,True,2983,fhe,310,310,True,476,476,True,0.7845,0.003485,188.0
120,10,True,35233,fhe,15,15,True,15,15,True,1.3357,0.001228,188.0
120,11,True,6422,fhe,40536,40536,True,40536,40536,True,0.4379,0.008575,188.0
120,12,True,452,fhe,15926,15926,True,15926,15926,True,1.5375,0.001432,188.0
120,13,True,6673,fhe,1641,1641,True,1641,1641,True,9.3536,0.008905,188.0
120,14,True,275,fhe,690,690,True,690,690,True,0.1203,0.006184,188.0
120,15,True,452,fhe,6940,6940,True,6940,6940,True,0.1378,0.000837,188.0
120,16,True,403,fhe,840,840,True,840,840,True,1.0583,0.001819,188.0
120,17,True,15,fhe,187,187,True,187,187,True,2.0254,0.003121,188.0
120,18,True,6808,fhe,327,327,True,327,327,True,0.3144,0.001261,188.0
120,19,True,3272,fhe,15,15,True,15,15,True,1.5121,0.001161,188.0
120,20,True,1148,fhe,261,261,True,261,261,True,5.7924,0.003467,188.0
120,21,True,27762,fhe,15,15,True,15,15,True,1.3852,0.001287,188.0
120,22,True,582,fhe,665,665,True,665,665,True,0.9393,0.002676,188.0
120,23,True,7251,fhe,13,13,True,13,13,True,3.4692,0.003821,188.0
120,24,True,23065,fhe,13,13,True,762,762,True,0.0865,0.001845,188.0
120,25,True,806,fhe,22852,22852,True,22852,22852,True,0.1206,0.002341,188.0
120,26,True,281,fhe,3283,3283,True,3283,3283,True,0.0902,0.004801,188.0
120,27,True,253,fhe,1979,1979,True,1979,1979,True,0.814,0.002921,188.0
120,28,True,1293,fhe,247,247,True,15910,15910,True,0.2665,0.001122,188.0
120,29,True,15,fhe,36,36,True,36,36,True,3.2111,0.001714,188.0
120,30,True,970,fhe,247,247,True,13225,13225,True,0.5711,0.001131,188.0
120,31,True,271,fhe,3388,3388,True,3388,3388,True,0.7169,0.007387,188.0
120,32,True,4596,fhe,1458,1458,True,1458,1458,True,0.3407,0.002424,188.0
120,33,True,13,fhe,285,285,True,14164,14164,True,1.1747,0.003073,188.0
120,34,True,347,fhe,346,346,True,380,380,True,1.1136,0.001759,188.0
120,35,True,5997,fhe,253,253,True,48833,48833,True,0.1073,0.004817,188.0
120,36,True,13471,fhe,253,253,True,689,689,True,1.1151,0.004235,188.0
120,37,True,273,fhe,253,253,True,253,253,True,0.7606,0.000738,188.0
120,38,True,6871,fhe,13,13,True,13,13,True,2.1134,0.001449,188.0
120,39,True,13,fhe,36374,36374,True,36374,36374,True,0.6495,0.00155,188.0
120,40,True,36857,fhe,362,362,True,4250,4250,True,1.3263,0.005286,188.0
120,41,True,12564,fhe,13,13,True,13,13,True,0.4479,0.002555,188.0
120,42,True,432,fhe,253,253,True,18403,18403,True,0.3482,0.00064,188.0
120,43,True,13,fhe,13559,13559,True,13559,13559,True,0.0813,0.004694,188.0
120,44,True,1824,fhe,326,326,True,310,310,True,0.4216,0.001003,188.0
120,45,True,733,fhe,310,310,True,556,556,True,2.0847,0.002518,188.0
120,46,True,3058,fhe,281,281,True,281,281,True,1.346,0.000604,188.0
120,47,True,671,fhe,452,452,True,452,452,True,0.5198,0.001224,188.0
120,48,True,273,fhe,253,253,True,253,253,True,0.7558,0.001438,188.0
120,49,True,253,fhe,8984,8984,True,9749,9749,True,0.406,0.002975,188.0
120,50,True,273,fhe,6616,6616,True,6616,6616,True,0.2669,0.002108,188.0
120,51,True,253,fhe,49389,49389,True,11129,11129,True,0.4509,0.001742,188.0
120,52,True,2242,fhe,327,327,True,2439,2439,True,1.5375,0.001999,188.0
120,53,True,43093,fhe,310,310,True,310,310,True,0.2053,0.001724,188.0
120,54,True,896,fhe,281,281,True,281,281,True,2.8083,0.002875,188.0
120,55,True,273,fhe,697,253,False,512,512,True,0.0036,0.002184,188.0
120,56,True,285,fhe,275,275,True,3863,3863,True,0.258,0.003202,188.0
120,57,True,457,fhe,84,84,True,84,84,True,10.6883,0.001273,188.0
120,58,True,387,fhe,1878,1878,True,1878,1878,True,7.1168,0.004732,188.0
120,59,True,330,fhe,1241,1241,True,1241,1241,True,5.1847,0.004804,188.0
120,60,True,352,fhe,310,310,True,556,556,True,0.8769,0.001677,188.0
120,61,True,6315,fhe,21295,21295,True,21295,21295,True,2.6068,0.001278,188.0
120,62,True,347,fhe,253,253,True,253,253,True,0.3877,0.001506,188.0
120,63,True,6315,fhe,21295,21295,True,21295,21295,True,5.1233,0.001575,188.0
121,0,True,1333,fhe,13,13,True,1425,1425,True,0.0035,0.004899,188.0
121,1,True,3410,fhe,273,273,True,326,326,True,1.7846,0.001499,188.0
121,2,True,510,fhe,4146,4146,True,5161,5161,True,0.5396,0.001336,188.0
121,3,True,13,fhe,285,285,True,11914,11914,True,0.3667,0.005927,188.0
121,4,True,3116,fhe,15,15,True,285,285,True,0.3652,0.000786,188.0
121,5,True,281,fhe,1265,1265,True,1265,1265,True,0.7137,0.00137,188.0
121,6,True,15,fhe,773,773,True,773,773,True,0.3587,0.001045,188.0
121,7,True,12922,fhe,42842,42842,True,42842,42842,True,3.1614,0.001849,188.0
121,8,True,3909,fhe,275,275,True,436,436,True,0.8881,0.000683,188.0
121,9,True,476,fhe,2826,2826,True,2847,2847,True,0.0954,0.003898,188.0
121,10,True,15,fhe,773,773,True,773,773,True,1.0241,0.002632,188.0
121,11,True,40536,fhe,326,326,True,326,326,True,0.3181,0.002374,188.0
121,12,True,15926,fhe,15,15,True,15,15,True,0.7663,0.000753,188.0
121,13,True,1641,fhe,15,15,True,1977,1977,True,0.9006,0.001117,188.0
121,14,True,690,fhe,4243,4243,True,4243,4243,True,0.6644,0.001539,188.0
121,15,True,6940,fhe,275,275,True,275,275,True,2.8292,0.001088,188.0
121,16,True,840,fhe,908,908,True,908,908,True,0.092,0.002715,188.0
121,17,True,187,fhe,1992,1992,True,1992,1992,True,0.9688,0.00329,188.0
121,18,True,327,fhe,4247,4247,True,4247,4247,True,1.0056,0.002165,188.0
121,19,True,15,fhe,187,187,True,313,313,True,2.9587,0.00066,188.0
121,20,True,261,fhe,260,260,True,481,481,True,0.7882,0.004158,188.0
121,21,True,15,fhe,187,187,True,187,187,True,1.8595,0.002258,188.0
121,22,True,665,fhe,369,369,True,908,908,True,0.4379,0.003033,188.0
121,23,True,13,fhe,9523,9523,True,9523,9523,True,0.7958,0.00359,188.0
121,24,True,762,fhe,253,253,True,253,253,True,1.8462,0.000774,188.0
121,25,True,22852,fhe,1941,1941,True,1941,1941,True,0.3866,0.002054,188.0
121,26,True,3283,fhe,849,849,True,2852,2852,True,0.0254,0.001491,188.0
121,27,True,1979,fhe,273,273,True,273,273,True,4.7393,0.000882,188.0
121,28,True,15910,fhe,13,13,True,13,13,True,0.7979,0.000603,188.0
121,29,True,36,fhe,15,15,True,15,15,True,3.0756,0.000833,188.0
121,30,True,13225,fhe,13,13,True,751,751,True,0.4189,0.001587,188.0
121,31,True,3388,fhe,6864,6864,True,6864,6864,True,1.529,0.006508,188.0
121,32,True,1458,fhe,13,13,True,13,13,True,9.4892,0.000702,188.0
121,33,True,14164,fhe,13,13,True,285,285,True,2.2,0.002052,188.0
121,34,True,380,fhe,43655,43655,True,43655,43655,True,0.2691,0.000702,188.0
121,35,True,48833,fhe,13,13,True,13,13,True,1.0591,0.002123,188.0
121,36,True,689,fhe,253,253,True,253,253,True,2.0596,0.001194,188.0
121,37,True,253,fhe,13497,13497,True,1824,1824,True,1.421,0.001731,188.0
121,38,True,13,fhe,285,285,True,20458,20458,True,0.0346,0.003693,188.0
121,39,True,36374,fhe,265,265,True,265,265,True,5.1094,0.004876,188.0
121,40,True,4250,fhe,15,15,True,15,15,True,0.9104,0.001329,188.0
121,41,True,13,fhe,285,285,True,1711,1711,True,0.7764,0.003836,188.0
121,42,True,18403,fhe,13,13,True,13,13,True,1.3851,0.002704,188.0
121,43,True,13559,fhe,13,13,True,13,13,True,0.4816,0.002187,188.0
121,44,True,310,fhe,840,840,True,840,840,True,0.3934,0.001301,188.0
121,45,True,556,fhe,247,247,True,1142,1142,True,0.3303,0.000732,188.0
121,46,True,281,fhe,6558,6558,True,6558,6558,True,0.1791,0.004024,188.0
121,47,True,452,fhe,247,247,True,8783,8783,True,1.1863,0.003884,188.0
121,48,True,253,fhe,1533,1533,True,1533,1533,True,3.5055,0.00453,188.0
121,49,True,9749,fhe,15,15,True,15,15,True,2.0724,0.00153,188.0
121,50,True,6616,fhe,4408,4408,True,4408,4408,True,0.7034,0.000781,188.0
121,51,True,11129,fhe,2491,2491,True,5931,5931,True,0.2333,0.002776,188.0
121,52,True,2439,fhe,253,253,True,352,352,True,0.6,0.001699,188.0
121,53,True,310,fhe,253,253,True,247,247,True,1.1775,0.000975,188.0
121,54,True,281,fhe,253,253,True,616,616,True,1.1803,0.006026,188.0
121,55,True,512,fhe,253,253,True,7137,7137,True,1.1701,0.004614,188.0
121,56,True,3863,fhe,521,521,True,2067,2067,True,0.1257,0.001309,188.0
121,57,True,84,fhe,2728,2728,True,2728,2728,True,1.4941,0.000737,188.0
121,58,True,1878,fhe,253,253,True,253,253,True,2.9607,0.000632,188.0
121,59,True,1241,fhe,3750,3750,True,3750,3750,True,8.5646,0.012045,188.0
121,60,True,556,fhe,247,247,True,247,247,True,1.4454,0.003706,188.0
121,61,True,21295,fhe,13,13,True,313,313,True,1.1519,0.001465,188.0
121,62,True,253,fhe,2629,2629,True,2629,2629,True,0.1799,0.005702,188.0
121,63,True,21295,fhe,715,715,True,313,313,True,0.2175,0.000604,188.0
122,0,True,1425,fhe,187,187,True,187,187,True,1.2459,0.000881,188.0
122,1,True,326,fhe,310,310,True,4428,4428,True,0.1466,0.001014,188.0
122,2,True,5161,fhe,310,310,True,273,273,True,0.1531,0.005322,188.0
122,3,True,11914,fhe,13,13,True,13,13,True,2.3269,0.002625,188.0
122,4,True,285,fhe,281,281,True,2440,2440,True,0.284,0.001131,188.0
122,5,True,1265,fhe,12922,12922,True,12922,12922,True,0.5922,0.003828,188.0
122,6,True,773,fhe,1231,1231,True,42,42,True,0.5395,0.002095,188.0
122,7,True,42842,fhe,15,15,True,670,670,True,0.6519,0.00211,188.0
122,8,True,436,fhe,2129,2129,True,2129,2129,True,2.2277,0.00232,188.0
122,9,True,2847,fhe,9081,9081,True,5460,5460,True,0.7323,0.001183,188.0
122,10,True,773,fhe,510,510,True,510,510,True,0.2622,0.000962,188.0
122,11,True,326,fhe,476,476,True,476,476,True,0.3417,0.003542,188.0
122,12,True,15,fhe,380,380,True,1583,1583,True,0.0054,0.001681,188.0
122,13,True,1977,fhe,15,15,True,432,432,True,0.5129,0.001839,188.0
122,14,True,4243,fhe,273,273,True,273,273,True,6.0007,0.000517,188.0
122,15,True,275,fhe,253,253,True,253,253,True,3.3846,0.001815,188.0
122,16,True,908,fhe,281,281,True,281,281,True,2.6841,0.001923,188.0
122,17,True,1992,fhe,755,755,True,1859,1859,True,0.174,0.004797,188.0
122,18,True,4247,fhe,337,337,True,337,337,True,3.9733,0.000929,188.0
122,19,True,313,fhe,8497,8497,True,8497,8497,True,0.4169,0.002575,188.0
122,20,True,481,fhe,380,380,True,380,380,True,0.0913,0.001913,188.0
122,21,True,187,fhe,510,510,True,510,510,True,0.5414,0.001542,188.0
122,22,True,908,fhe,247,247,True,247,247,True,1.462,0.002344,188.0
122,23,True,9523,fhe,13,13,True,13,13,True,3.7161,0.002721,188.0
122,24,True,253,fhe,17846,17846,True,17846,17846,True,0.5957,0.000948,188.0
122,25,True,1941,fhe,273,273,True,323,323,True,0.7586,0.001503,188.0
122,26,True,2852,fhe,7952,7952,True,2515,2515,True,0.7904,0.001786,188.0
122,27,True,273,fhe,247,247,True,247,247,True,0.2984,0.003583,188.0
122,28,True,13,fhe,285,285,True,285,285,True,1.6243,0.004481,188.0
122,29,True,15,fhe,380,380,True,380,380,True,0.0428,0.000986,188.0
122,30,True,751,fhe,5461,5461,True,5461,5461,True,2.3235,0.004174,188.0
122,31,True,6864,fhe,273,273,True,273,273,True,5.5296,0.002492,188.0
122,32,True,13,fhe,4267,4267,True,4748,4748,True,0.9029,0.000518,188.0
122,33,True,285,fhe,643,643,True,643,643,True,0.0189,0.001698,188.0
122,34,True,43655,fhe,273,273,True,273,273,True,5.1848,0.000608,188.0
122,35,True,13,fhe,36374,36374,True,36374,36374,True,0.6304,0.006791,188.0
122,36,True,253,fhe,8930,8930,True,8930,8930,True,0.2104,0.009437,188.0
122,37,True,1824,fhe,13,13,True,4897,4897,True,0.3194,0.001415,188.0
122,38,True,20458,fhe,13,13,True,13,13,True,2.4862,0.001139,188.0
122,39,True,265,fhe,13,13,True,13,13,True,3.6733,0.002774,188.0
122,40,True,15,fhe,733,733,True,733,733,True,0.2761,0.000955,188.0
122,41,True,1711,fhe,2363,2363,True,2363,2363,True,4.486,0.00713,188.0
122,42,True,13,fhe,24267,24267,True,24267,24267,True,0.092,0.004096,188.0
122,43,True,13,fhe,285,285,True,8383,8383,True,1.8501,0.002018,188.0
122,44,True,840,fhe,4439,4439,True,4439,4439,True,0.0026,0.001452,188.0
122,45,True,1142,fhe,14910,14910,True,4243,4243,True,1.5688,0.002963,188.0
122,46,True,6558,fhe,253,253,True,247,247,True,0.4066,0.001027,188.0
122,47,True,8783,fhe,273,273,True,273,273,True,3.3189,0.000544,188.0
122,48,True,1533,fhe,1475,1475,True,1475,1475,True,0.551,0.002709,188.0
122,49,True,15,fhe,380,380,True,380,380,True,0.3513,0.002774,188.0
122,50,True,4408,fhe,13,13,True,13,13,True,0.8225,0.001466,188.0
122,51,True,5931,fhe,310,310,True,310,310,True,2.4913,0.002855,188.0
122,52,True,352,fhe,15,15,True,15,15,True,1.5236,0.000798,188.0
122,53,True,247,fhe,8281,8281,True,1781,1048,False,0.4111,0.001805,188.0
122,54,True,616,fhe,46590,46590,True,46590,46590,True,0.2918,0.002035,188.0
122,55,True,7137,fhe,8136,8136,True,8136,8136,True,0.151,0.001808,188.0
122,56,True,2067,fhe,5098,5098,True,5098,5098,True,0.5473,0.002699,188.0
122,57,True,2728,fhe,15,15,True,15,15,True,1.8828,0.002725,188.0
122,58,True,253,fhe,38856,38856,True,38856,38856,True,0.2374,0.001226,188.0
122,59,True,3750,fhe,481,481,True,481,481,True,2.2464,0.001014,188.0
122,60,True,247,fhe,1048,1048,True,5026,5026,True,0.7938,0.005556,188.0
122,61,True,313,fhe,5915,5915,True,5915,5915,True,3.7801,0.004959,188.0
122,62,True,2629,fhe,16846,16846,True,1566,1566,True,0.1605,0.002271,188.0
122,63,True,313,fhe,5915,5915,True,66,66,True,4.313,0.002607,188.0
123,0,True,187,fhe,510,510,True,510,510,True,1.7963,0.001508,188.0
123,1,True,4428,fhe,247,247,True,760,760,True,0.7392,0.002062,188.0
123,2,True,273,fhe,253,253,True,247,247,True,0.4312,0.001013,188.0
123,3,True,13,fhe,23160,23160,True,23160,23160,True,0.4955,0.001633,188.0
123,4,True,2440,fhe,15,15,True,15,15,True,0.9355,0.001584,188.0
123,5,True,12922,fhe,310,310,True,310,310,True,1.6487,0.000939,188.0
123,6,True,42,fhe,369,369,True,1158,1158,True,0.0975,0.005256,188.0
123,7,True,670,fhe,2800,2800,True,2800,2800,True,0.0032,0.00246,188.0
123,8,True,2129,fhe,275,275,True,275,275,True,3.8376,0.000653,188.0
123,9,True,5460,fhe,3075,3075,True,1791,1791,True,0.1326,0.001548,188.0
123,10,True,510,fhe,27693,27693,True,27693,27693,True,1.3619,0.001081,188.0
123,11,True,476,fhe,1361,1361,True,4017,4017,True,0.0048,0.005331,188.0
123,12,True,1583,fhe,403,403,True,3997,3997,True,0.8162,0.002389,188.0
123,13,True,432,fhe,253,253,True,253,253,True,2.9996,0.002645,188.0
123,14,True,273,fhe,253,253,True,253,253,True,2.9756,0.000785,188.0
123,15,True,253,fhe,1986,1986,True,1986,1986,True,2.5367,0.001471,188.0
123,16,True,281,fhe,6635,6635,True,6635,6635,True,0.0016,0.006181,188.0
123,17,True,1859,fhe,436,436,True,436,436,True,3.2037,0.001323,188.0
123,18,True,337,fhe,13,13,True,296,296,True,4.7078,0.001169,188.0
123,19,True,8497,fhe,326,326,True,326,326,True,0.8968,0.001264,188.0
123,20,True,380,fhe,260,260,True,260,260,True,3.0704,0.002499,188.0
123,21,True,510,fhe,3159,3159,True,1307,1307,True,1.8382,0.001425,188.0
123,22,True,247,fhe,17066,17066,True,5019,5019,True,0.711,0.001322,188.0
123,23,True,13,fhe,9963,9963,True,9963,9963,True,1.3512,0.006599,188.0
123,24,True,17846,fhe,293,293,True,293,293,True,1.3543,0.008436,188.0
123,25,True,323,fhe,253,253,True,1966,1966,True,0.9382,0.001964,188.0
123,26,True,2515,fhe,15,15,True,15,15,True,2.4066,0.001963,188.0
123,27,True,247,fhe,759,759,True,759,759,True,0.6568,0.001984,188.0
123,28,True,285,fhe,253,253,True,840,840,True,0.2056,0.002675,188.0
123,29,True,380,fhe,10253,10253,True,3159,3159,True,1.239,0.001756,188.0
123,30,True,5461,fhe,19045,19045,True,19045,19045,True,4.8312,0.004648,188.0
123,31,True,273,fhe,670,670,True,670,670,True,0.8497,0.003428,188.0
123,32,True,4748,fhe,187,187,True,3706,3706,True,0.8878,0.002357,188.0
123,33,True,643,fhe,3603,3603,True,3603,3603,True,1.6597,0.000831,188.0
123,34,True,273,fhe,36873,36873,True,36873,36873,True,1.6885,0.001322,188.0
123,35,True,36374,fhe,265,265,True,265,265,True,5.0564,0.003158,188.0
123,36,True,8930,fhe,15,15,True,15,15,True,1.1251,0.003297,188.0
123,37,True,4897,fhe,13497,13497,True,13497,13497,True,0.9785,0.004014,188.0
123,38,True,13,fhe,285,285,True,14295,14295,True,1.4881,0.00983,188.0
123,39,True,13,fhe,285,285,True,44091,44091,True,2.101,0.011264,188.0
123,40,True,733,fhe,310,310,True,369,369,True,1.8863,0.004771,188.0
123,41,True,2363,fhe,13,13,True,13,13,True,0.6744,0.008965,188.0
123,42,True,24267,fhe,13,13,True,13,13,True,1.1855,0.001787,188.0
123,43,True,8383,fhe,13,13,True,13,13,True,0.6085,0.002385,188.0
123,44,True,4439,fhe,715,715,True,715,715,True,0.0635,0.000708,188.0
123,45,True,4243,fhe,13,13,True,27,27,True,0.3009,0.000676,188.0
123,46,True,247,fhe,2176,2176,True,2176,2176,True,0.0924,0.002076,188.0
123,47,True,273,fhe,643,643,True,643,643,True,0.2641,0.003543,188.0
123,48,True,1475,fhe,441,441,True,441,441,True,7.5744,0.000721,188.0
123,49,True,380,fhe,5917,5917,True,954,954,True,0.143,0.001355,188.0
123,50,True,13,fhe,285,285,True,534,534,True,0.5133,0.003128,188.0
123,51,True,310,fhe,8352,8352,True,8352,8352,True,1.7684,0.001028,188.0
123,52,True,15,fhe,380,380,True,5761,5761,True,0.0946,0.002475,188.0
123,53,True,1781,fhe,8281,8281,True,8281,8281,True,1.8177,0.002426,188.0
123,54,True,46590,fhe,13,13,True,13,13,True,0.1022,0.000547,188.0
123,55,True,8136,fhe,949,949,True,949,949,True,3.2853,0.003077,188.0
123,56,True,5098,fhe,13,13,True,327,327,True,0.8997,0.000781,188.0
123,57,True,15,fhe,187,187,True,187,187,True,2.1117,0.002277,188.0
123,58,True,38856,fhe,36842,36842,True,36842,36842,True,4.6299,0.004654,188.0
123,59,True,481,fhe,187,187,True,380,380,True,1.5764,0.000739,188.0
123,60,True,5026,fhe,13,13,True,3828,3828,True,0.9652,0.001714,188.0
123,61,True,5915,fhe,19,19,True,19,19,True,3.926,0.015105,188.0
123,62,True,1566,fhe,15,15,True,1057,1057,True,1.765,0.002734,188.0
123,63,True,66,fhe,27160,27160,True,27160,27160,True,0.0701,0.003594,188.0
124,0,True,510,fhe,1263,1263,True,1263,1263,True,0.3273,0.003371,188.0
124,1,True,760,fhe,581,581,True,581,581,True,0.4408,0.001163,188.0
124,2,True,247,fhe,4177,4177,True,4177,4177,True,4.0409,0.002586,188.0
124,3,True,23160,fhe,13,13,True,13,13,True,2.3657,0.003451,188.0
124,4,True,15,fhe,187,187,True,380,380,True,0.7693,0.004621,188.0
124,5,True,310,fhe,275,275,True,275,275,True,0.3698,0.005862,188.0
124,6,True,1158,fhe,352,352,True,352,352,True,0.5645,0.001335,188.0
124,7,True,2800,fhe,3618,3618,True,2607,2607,True,0.2535,0.004071,188.0
124,8,True,275,fhe,253,253,True,253,253,True,3.9003,0.002595,188.0
124,9,True,1791,fhe,3075,3075,True,3075,3075,True,2.1772,0.002666,188.0
124,10,True,27693,fhe,310,310,True,310,310,True,0.3786,0.001782,188.0
124,11,True,4017,fhe,1341,1341,True,1341,1341,True,0.4054,0.001388,188.0
124,12,True,3997,fhe,327,327,True,327,327,True,2.0695,0.001653,188.0
124,13,True,253,fhe,2553,2553,True,5004,5004,True,0.9225,0.009435,188.0
124,14,True,253,fhe,1533,1533,True,1533,1533,True,4.079,0.001038,188.0
124,15,True,1986,fhe,2077,2077,True,2418,2418,True,6.9992,0.002187,188.0
124,16,True,6635,fhe,253,253,True,253,253,True,0.9577,0.001358,188.0
124,17,True,436,fhe,3389,3389,True,3389,3389,True,0.5021,0.004865,188.0
124,18,True,296,fhe,13,13,True,43450,43450,True,0.4046,0.004985,188.0
124,19,True,326,fhe,253,253,True,436,436,True,0.4291,0.003486,188.0
124,20,True,260,fhe,317,317,True,317,317,True,10.0351,0.009054,188.0
124,21,True,1307,fhe,773,773,True,773,773,True,1.3828,0.002498,188.0
124,22,True,5019,fhe,273,273,True,273,273,True,6.8537,0.001145,188.0
124,23,True,9963,fhe,13,13,True,13,13,True,3.8106,0.004374,188.0
124,24,True,293,fhe,486,486,True,486,486,True,5.915,0.019287,188.0
124,25,True,1966,fhe,14965,14965,True,14965,14965,True,0.2213,0.005992,188.0
124,26,True,15,fhe,187,187,True,45273,45273,True,0.5774,0.002504,188.0
124,27,True,759,fhe,66,66,True,66,66,True,2.7591,0.002203,188.0
124,28,True,840,fhe,6331,6331,True,6331,6331,True,0.5314,0.000986,188.0
124,29,True,3159,fhe,7043,7043,True,7043,7043,True,0.762,0.006079,188.0
124,30,True,19045,fhe,390,390,True,390,390,True,0.1069,0.002679,188.0
124,31,True,670,fhe,337,337,True,1052,1052,True,0.3372,0.00524,188.0
124,32,True,3706,fhe,9859,9859,True,9859,9859,True,2.9672,0.005488,188.0
124,33,True,3603,fhe,15,15,True,28,28,True,0.2765,0.006367,188.0
124,34,True,36873,fhe,15,15,True,15,15,True,0.5993,0.000605,188.0
124,35,True,265,fhe,13,13,True,13,13,True,3.6876,0.000718,188.0
124,36,True,15,fhe,380,380,True,380,380,True,0.6002,0.000606,188.0
124,37,True,13497,fhe,15,15,True,15,15,True,0.2486,0.000699,188.0
124,38,True,14295,fhe,13,13,True,13,13,True,2.3792,0.00101,188.0
124,39,True,44091,fhe,36850,36850,True,36850,36850,True,2.4518,0.001898,188.0
124,40,True,369,fhe,806,806,True,806,806,True,1.4227,0.001062,188.0
124,41,True,13,fhe,12564,12564,True,20549,20549,True,1.3974,0.003765,188.0
124,42,True,13,fhe,285,285,True,285,285,True,0.7945,0.004994,188.0
124,43,True,13,fhe,285,285,True,285,285,True,1.1442,0.003631,188.0
124,44,True,715,fhe,253,253,True,253,253,True,2.7651,0.00134,188.0
124,45,True,27,fhe,187,187,True,187,187,True,1.0055,0.001616,188.0
124,46,True,2176,fhe,1268,1268,True,1268,1268,True,1.8232,0.003854,188.0
124,47,True,643,fhe,1841,1841,True,1841,1841,True,1.0079,0.001638,188.0
124,48,True,441,fhe,15,15,True,15,15,True,2.222,0.000736,188.0
124,49,True,954,fhe,1846,1846,True,1846,1846,True,2.2323,0.010722,188.0
124,50,True,534,fhe,310,310,True,310,310,True,2.3005,0.002746,188.0
124,51,True,8352,fhe,17363,17363,True,17363,17363,True,5.5906,0.004461,188.0
124,52,True,5761,fhe,21583,21583,True,21583,21583,True,2.251,0.005256,188.0
124,53,True,8281,fhe,326,326,True,326,326,True,0.5202,0.001566,188.0
124,54,True,13,fhe,285,285,True,835,835,True,1.3228,0.00249,188.0
124,55,True,949,fhe,352,352,True,352,352,True,1.0743,0.000898,188.0
124,56,True,327,fhe,253,253,True,21245,21245,True,1.5383,0.002199,188.0
124,57,True,187,fhe,510,510,True,510,510,True,0.3401,0.00286,188.0
124,58,True,36842,fhe,2180,2180,True,2180,2180,True,1.111,0.000932,188.0
124,59,True,380,fhe,4177,4177,True,5161,5161,True,2.2174,0.002109,188.0
124,60,True,3828,fhe,273,273,True,273,273,True,6.7078,0.001357,188.0
124,61,True,19,fhe,582,582,True,582,582,True,1.4267,0.006474,188.0
124,62,True,1057,fhe,15,15,True,15,15,True,1.7038,0.00205,188.0
124,63,True,27160,fhe,3678,3678,True,3678,3678,True,5.3101,0.004926,188.0
125,0,True,1263,fhe,369,369,True,369,369,True,0.8812,0.004064,188.0
125,1,True,581,fhe,3284,3284,True,1511,1511,True,0.573,0.001781,188.0
125,2,True,4177,fhe,310,310,True,310,310,True,2.6054,0.001006,188.0
125,3,True,13,fhe,285,285,True,285,285,True,1.2742,0.013015,188.0
125,4,True,380,fhe,1232,1232,True,2408,2408,True,0.3609,0.001181,188.0
125,5,True,275,fhe,253,253,True,7203,7203,True,0.6026,0.001418,188.0
125,6,True,352,fhe,369,369,True,1663,1663,True,1.1323,0.002064,188.0
125,7,True,2607,fhe,1078,1078,True,1078,1078,True,2.9337,0.002537,188.0
125,8,True,253,fhe,6698,6698,True,6698,6698,True,2.4851,0.001333,188.0
125,9,True,3075,fhe,13,13,True,326,326,True,1.0476,0.000961,188.0
125,10,True,310,fhe,2168,2168,True,18384,18384,True,0.0737,0.003377,188.0
125,11,True,1341,fhe,432,432,True,432,432,True,1.0738,0.000622,188.0
125,12,True,327,fhe,425,425,True,425,425,True,1.3961,0.002118,188.0
125,13,True,5004,fhe,273,273,True,285,285,True,0.2177,0.001388,188.0
125,14,True,1533,fhe,13,13,True,13,13,True,0.7521,0.001394,188.0
125,15,True,2418,fhe,323,323,True,323,323,True,2.7993,0.003016,188.0
125,16,True,253,fhe,495,495,True,2553,2553,True,0.6028,0.006036,188.0
125,17,True,3389,fhe,13,13,True,13,13,True,3.5069,0.002083,188.0
125,18,True,43450,fhe,13,13,True,13,13,True,0.5131,0.000852,188.0
125,19,True,436,fhe,310,310,True,7212,7212,True,1.0407,0.004377,188.0
125,20,True,317,fhe,8500,8500,True,8500,8500,True,5.9679,0.008969,188.0
125,21,True,773,fhe,84,84,True,84,84,True,5.6367,0.005058,188.0
125,22,True,273,fhe,253,253,True,521,521,True,0.3364,0.001936,188.0
125,23,True,13,fhe,9963,9963,True,9934,9934,True,0.9113,0.001868,188.0
125,24,True,486,fhe,273,273,True,273,273,True,7.4115,0.000872,188.0
125,25,True,14965,fhe,275,275,True,275,275,True,0.7115,0.004072,188.0
125,26,True,45273,fhe,897,897,True,476,476,True,0.1023,0.001875,188.0
125,27,True,66,fhe,13,13,True,13,13,True,0.9824,0.003637,188.0
125,28,True,6331,fhe,13,13,True,969,969,True,0.0434,0.001809,188.0
125,29,True,7043,fhe,3249,3249,True,3249,3249,True,0.6892,0.002318,188.0
125,30,True,390,fhe,21719,21719,True,21719,21719,True,2.2048,0.008018,188.0
125,31,True,1052,fhe,4669,4669,True,4669,4669,True,0.7732,0.004096,188.0
125,32,True,9859,fhe,17265,17265,True,17265,17265,True,4.8864,0.003963,188.0
125,33,True,28,fhe,253,253,True,597,597,True,1.1163,0.001097,188.0
125,34,True,15,fhe,187,187,True,187,187,True,1.4624,0.000728,188.0
125,35,True,13,fhe,285,285,True,44091,44091,True,2.0901,0.003206,188.0
125,36,True,380,fhe,952,952,True,952,952,True,0.7179,0.001642,188.0
125,37,True,15,fhe,1500,1500,True,4058,4058,True,0.3827,0.000959,188.0
125,38,True,13,fhe,285,285,True,19695,19695,True,1.2649,0.009172,188.0
125,39,True,36850,fhe,6372,6372,True,6372,6372,True,9.7112,0.00565,188.0
125,40,True,806,fhe,6888,6888,True,6888,6888,True,0.5182,0.001757,188.0
125,41,True,20549,fhe,13,13,True,13,13,True,1.5943,0.00116,188.0
125,42,True,285,fhe,18403,18403,True,18403,18403,True,2.8796,0.002505,188.0
125,43,True,285,fhe,13559,13559,True,9442,9442,True,0.5865,0.002746,188.0
125,44,True,253,fhe,2329,2329,True,2329,2329,True,0.853,0.003803,188.0
125,45,True,187,fhe,14,14,True,14,14,True,0.1235,0.002369,188.0
125,46,True,1268,fhe,273,273,True,273,273,True,6.2795,0.001518,188.0
125,47,True,1841,fhe,326,326,True,326,326,True,0.466,0.000678,188.0
125,48,True,15,fhe,187,187,True,187,187,True,1.5052,0.004031,188.0
125,49,True,1846,fhe,5917,5917,True,3672,3672,True,1.772,0.002821,188.0
125,50,True,310,fhe,1160,1160,True,1160,1160,True,1.3058,0.001104,188.0
125,51,True,17363,fhe,1120,1120,True,1120,1120,True,7.3777,0.002249,188.0
125,52,True,21583,fhe,497,497,True,497,497,True,0.5527,0.002052,188.0
125,53,True,326,fhe,14221,14221,True,14221,14221,True,1.4754,0.001484,188.0
125,54,True,835,fhe,597,597,True,597,597,True,1.7683,0.002929,188.0
125,55,True,352,fhe,15,15,True,15,15,True,1.1717,0.000853,188.0
125,56,True,21245,fhe,13,13,True,13,13,True,0.5801,0.000558,188.0
125,57,True,510,fhe,1263,1263,True,10950,10950,True,0.5626,0.001012,188.0
125,58,True,2180,fhe,13,13,True,13,13,True,0.7174,0.002169,188.0
125,59,True,5161,fhe,310,310,True,434,434,True,1.7764,0.004614,188.0
125,60,True,273,fhe,4688,4688,True,4688,4688,True,1.3049,0.002817,188.0
125,61,True,582,fhe,9946,9946,True,9946,9946,True,0.0955,0.001187,188.0
125,62,True,15,fhe,187,187,True,1310,1310,True,1.6875,0.004546,188.0
125,63,True,3678,fhe,10,10,True,10,10,True,2.9035,0.000894,188.0
126,0,True,369,fhe,3863,3863,True,3863,3863,True,1.1762,0.002589,188.0
126,1,True,1511,fhe,273,273,True,273,273,True,5.1186,0.000817,188.0
126,2,True,310,fhe,1160,1160,True,1160,1160,True,1.0809,0.002315,188.0
126,3,True,285,fhe,29742,29742,True,25524,25524,True,1.1199,0.002922,188.0
126,4,True,2408,fhe,273,273,True,273,273,True,4.6893,0.0009,188.0
126,5,True,7203,fhe,390,390,True,672,672,True,0.3592,0.002067,188.0
126,6,True,1663,fhe,6518,6518,True,6518,6518,True,1.2438,0.003304,188.0
126,7,True,1078,fhe,253,253,True,634,634,True,1.3609,0.001154,188.0
126,8,True,6698,fhe,27452,27452,True,27452,27452,True,0.1808,0.000642,188.0
126,9,True,326,fhe,34756,34756,True,8188,8188,True,0.5108,0.002141,188.0
126,10,True,18384,fhe,387,387,True,1199,1199,True,0.6805,0.001808,188.0
126,11,True,432,fhe,4723,4723,True,4723,4723,True,2.4177,0.009729,188.0
126,12,True,425,fhe,291,291,True,291,291,True,8.8078,0.00271,188.0
126,13,True,285,fhe,253,253,True,310,310,True,0.0539,0.001705,188.0
126,14,True,13,fhe,533,533,True,533,533,True,0.3895,0.00261,188.0
126,15,True,323,fhe,387,387,True,767,767,True,1.9478,0.001782,188.0
126,16,True,2553,fhe,273,273,True,3607,3607,True,0.6408,0.007339,188.0
126,17,True,13,fhe,4496,4496,True,6184,6184,True,0.0293,0.00232,188.0
126,18,True,13,fhe,285,285,True,285,285,True,1.8438,0.000952,188.0
126,19,True,7212,fhe,310,310,True,476,476,True,1.5689,0.000989,188.0
126,20,True,8500,fhe,5202,5202,True,24732,24732,True,1.436,0.001569,188.0
126,21,True,84,fhe,324,324,True,324,324,True,1.7058,0.00415,188.0
126,22,True,521,fhe,1211,1211,True,1211,1211,True,2.8608,0.008244,188.0
126,23,True,9934,fhe,13,13,True,13,13,True,3.9978,0.001636,188.0
126,24,True,273,fhe,253,253,True,253,253,True,0.3057,0.002321,188.0
126,25,True,275,fhe,3060,3060,True,3060,3060,True,0.1442,0.00138,188.0
126,26,True,476,fhe,671,671,True,1056,1056,True,0.1614,0.003324,188.0
126,27,True,13,fhe,342,342,True,4508,4508,True,0.1295,0.003586,188.0
126,28,True,969,fhe,13,13,True,13,13,True,0.0829,0.002712,188.0
126,29,True,3249,fhe,432,432,True,432,432,True,5.8511,0.000622,188.0
126,30,True,21719,fhe,407,407,True,3066,3066,True,1.2051,0.001457,188.0
126,31,True,4669,fhe,313,313,True,313,313,True,3.6629,0.00066,188.0
126,32,True,17265,fhe,27,27,True,27,27,True,3.85,0.003282,188.0
126,33,True,597,fhe,403,403,True,452,452,True,2.0527,0.001275,188.0
126,34,True,187,fhe,688,688,True,688,688,True,0.4192,0.007349,188.0
126,35,True,44091,fhe,36850,36850,True,36850,36850,True,2.4142,0.005888,188.0
126,36,True,952,fhe,403,403,True,16949,16949,True,0.2526,0.000947,188.0
126,37,True,4058,fhe,4707,4707,True,4707,4707,True,0.2798,0.00227,188.0
126,38,True,19695,fhe,39534,39534,True,39534,39534,True,7.7506,0.007244,188.0
126,39,True,6372,fhe,13,13,True,13,13,True,3.9496,0.000472,188.0
126,40,True,6888,fhe,275,275,True,275,275,True,1.2916,0.001297,188.0
126,41,True,13,fhe,2853,2853,True,2853,2853,True,0.171,0.001231,188.0
126,42,True,18403,fhe,13,13,True,665,665,True,0.8073,0.001821,188.0
126,43,True,9442,fhe,2308,2308,True,685,685,True,0.144,0.001122,188.0
126,44,True,2329,fhe,13,13,True,347,347,True,0.3889,0.000806,188.0
126,45,True,14,fhe,380,380,True,329,329,True,0.5524,0.001204,188.0
126,46,True,273,fhe,1824,1824,True,1786,1786,True,1.7222,0.005339,188.0
126,47,True,326,fhe,597,597,True,359,359,True,0.6157,0.003369,188.0
126,48,True,187,fhe,510,510,True,1276,1276,True,0.4979,0.001936,188.0
126,49,True,3672,fhe,273,273,True,403,403,True,1.2345,0.002062,188.0
126,50,True,1160,fhe,598,598,True,598,598,True,1.0442,0.002921,188.0
126,51,True,1120,fhe,13,13,True,387,387,True,0.4942,0.001549,188.0
126,52,True,497,fhe,4845,4845,True,4845,4845,True,1.2196,0.00829,188.0
126,53,True,14221,fhe,432,432,True,2439,2439,True,0.5982,0.001891,188.0
126,54,True,597,fhe,588,588,True,588,588,True,2.8966,0.002589,188.0
126,55,True,15,fhe,187,187,True,380,380,True,0.4433,0.003671,188.0
126,56,True,13,fhe,1690,1690,True,1690,1690,True,1.5585,0.002769,188.0
126,57,True,10950,fhe,671,671,True,671,671,True,0.4913,0.002442,188.0
126,58,True,13,fhe,285,285,True,672,672,True,1.0679,0.002668,188.0
126,59,True,434,fhe,3276,3276,True,4038,4038,True,0.8111,0.007389,188.0
126,60,True,4688,fhe,15,15,True,327,327,True,1.1038,0.002279,188.0
126,61,True,9946,fhe,10997,10997,True,10997,10997,True,1.2674,0.004128,188.0
126,62,True,1310,fhe,368,368,True,634,634,True,2.2898,0.004653,188.0
126,63,True,10,fhe,715,715,True,715,715,True,0.4627,0.002257,188.0
127,0,True,3863,fhe,275,275,True,275,275,True,0.3501,0.000599,188.0
127,1,True,273,fhe,13112,13112,True,13112,13112,True,1.0745,0.001445,188.0
127,2,True,1160,fhe,598,598,True,598,598,True,0.978,0.00077,188.0
127,3,True,25524,fhe,15,15,True,15,15,True,1.4532,0.002021,188.0
127,4,True,273,fhe,6315,6315,True,4250,4250,True,0.754,0.001409,188.0
127,5,True,672,fhe,253,253,True,253,253,True,2.511,0.001467,188.0
127,6,True,6518,fhe,441,441,True,441,441,True,0.6471,0.000791,188.0
127,7,True,634,fhe,806,806,True,2170,2170,True,0.4962,0.003989,188.0
127,8,True,27452,fhe,552,552,True,552,552,True,0.3686,0.0025,188.0
127,9,True,8188,fhe,684,684,True,684,684,True,7.2297,0.014255,188.0
127,10,True,1199,fhe,7938,7938,True,625,625,True,1.1159,0.001222,188.0
127,11,True,4723,fhe,15,4269,False,4269,4269,True,0.0015,0.000914,188.0
127,12,True,291,fhe,274,274,True,274,274,True,6.1306,0.004635,188.0
127,13,True,310,fhe,7329,7329,True,7329,7329,True,0.2048,0.011999,188.0
127,14,True,533,fhe,352,352,True,310,310,True,1.4751,0.001913,188.0
127,15,True,767,fhe,1107,1107,True,1107,1107,True,3.2977,0.002281,188.0
127,16,True,3607,fhe,273,273,True,273,273,True,1.056,0.001424,188.0
127,17,True,6184,fhe,253,253,True,253,253,True,4.1989,0.000825,188.0
127,18,True,285,fhe,352,352,True,352,352,True,0.935,0.000794,188.0
127,19,True,476,fhe,320,320,True,320,320,True,0.9628,0.002069,188.0
127,20,True,24732,fhe,310,310,True,17202,17202,True,1.6249,0.004416,188.0
127,21,True,324,fhe,668,668,True,1255,1255,True,0.6483,0.002396,188.0
127,22,True,1211,fhe,7313,7313,True,7313,7313,True,0.8144,0.004449,188.0
127,23,True,13,fhe,10447,10447,True,10447,10447,True,1.39,0.006898,188.0
127,24,True,253,fhe,39011,39011,True,39011,39011,True,0.5947,0.001298,188.0
127,25,True,3060,fhe,310,310,True,12282,12282,True,0.637,0.001479,188.0
127,26,True,1056,fhe,13650,13650,True,13650,13650,True,2.1709,0.00136,188.0
127,27,True,4508,fhe,247,247,True,1142,1142,True,0.2134,0.001085,188.0
127,28,True,13,fhe,285,285,True,285,285,True,1.4415,0.001035,188.0
127,29,True,432,fhe,253,253,True,253,253,True,2.5617,0.002129,188.0
127,30,True,3066,fhe,253,253,True,8609,8609,True,1.2425,0.003983,188.0
127,31,True,313,fhe,1235,1235,True,1235,1235,True,0.6658,0.004416,188.0
127,32,True,27,fhe,4596,4596,True,3919,3919,True,0.655,0.002658,188.0
127,33,True,452,fhe,247,247,True,247,247,True,1.1524,0.000998,188.0
127,34,True,688,fhe,1283,1283,True,1283,1283,True,1.2296,0.000903,188.0
127,35,True,36850,fhe,6372,6372,True,6372,6372,True,9.6826,0.007281,188.0
127,36,True,16949,fhe,281,281,True,281,281,True,1.1319,0.000799,188.0
127,37,True,4707,fhe,310,310,True,285,285,True,1.8791,0.002556,188.0
127,38,True,39534,fhe,13,13,True,13,13,True,2.6574,0.00178,188.0
127,39,True,13,fhe,285,285,True,285,285,True,2.1712,0.003137,188.0
127,40,True,275,fhe,253,253,True,1283,1283,True,0.1546,0.001208,188.0
127,41,True,2853,fhe,2562,2562,True,2562,2562,True,1.2247,0.005088,188.0
127,42,True,665,fhe,403,403,True,403,403,True,0.1007,0.005007,188.0
127,43,True,685,fhe,9097,9097,True,1110,1110,True,0.5222,0.001151,188.0
127,44,True,347,fhe,15401,15401,True,15401,15401,True,0.4894,0.004242,188.0
127,45,True,329,fhe,39947,39947,True,1355,1355,True,0.0924,0.002287,188.0
127,46,True,1786,fhe,13,13,True,323,323,True,0.1205,0.001194,188.0
127,47,True,359,fhe,476,476,True,1067,1067,True,2.1609,0.001623,188.0
127,48,True,1276,fhe,310,310,True,310,310,True,0.3834,0.003145,188.0
127,49,True,403,fhe,253,253,True,275,275,True,2.1794,0.002833,188.0
127,50,True,598,fhe,273,273,True,273,273,True,1.8636,0.000822,188.0
127,51,True,387,fhe,854,854,True,854,854,True,0.3979,0.002265,188.0
127,52,True,4845,fhe,327,327,True,275,275,True,0.998,0.00486,188.0
127,53,True,2439,fhe,253,253,True,7531,7531,True,0.2203,0.000546,188.0
127,54,True,588,fhe,2242,2242,True,2242,2242,True,0.1713,0.003823,188.0
127,55,True,380,fhe,43093,43093,True,8281,8281,True,1.3866,0.001568,188.0
127,56,True,1690,fhe,380,380,True,380,380,True,0.1138,0.00186,188.0
127,57,True,671,fhe,2868,2868,True,4879,4879,True,0.7701,0.01247,188.0
127,58,True,672,fhe,253,253,True,352,352,True,1.796,0.001204,188.0
127,59,True,4038,fhe,310,310,True,310,310,True,3.4671,0.003095,188.0
127,60,True,327,fhe,253,253,True,697,697,True,0.0848,0.001482,188.0
127,61,True,10997,fhe,504,504,True,504,504,True,6.1558,0.006524,188.0
127,62,True,634,fhe,16846,16846,True,16846,16846,True,3.1255,0.00523,188.0
127,63,True,715,fhe,8618,8618,True,8618,8618,True,0.0493,0.001987,188.0
128,0,True,275,fhe,253,253,True,253,253,True,2.7309,0.000571,188.0
128,1,True,13112,fhe,854,854,True,854,854,True,0.0486,0.001021,188.0
128,2,True,598,fhe,273,273,True,6571,6571,True,0.324,0.001888,188.0
128,3,True,15,fhe,380,380,True,380,380,True,2.4069,0.001427,188.0
128,4,True,4250,fhe,4197,4197,True,4197,4197,True,0.1736,0.002735,188.0
128,5,True,253,fhe,8825,8825,True,8825,8825,True,0.1482,0.002295,188.0
128,6,True,441,fhe,281,281,True,1425,1425,True,1.8887,0.001229,188.0
128,7,True,2170,fhe,310,310,True,588,588,True,0.2259,0.001609,188.0
128,8,True,552,fhe,24253,24253,True,24253,24253,True,1.5178,0.001066,188.0
128,9,True,684,fhe,281,281,True,281,281,True,0.3576,0.001031,188.0
128,10,True,625,fhe,9086,9086,True,9086,9086,True,0.5113,0.001951,188.0
128,11,True,4269,fhe,407,407,True,407,407,True,5.6756,0.00332,188.0
128,12,True,274,fhe,285,285,True,13,13,True,0.4658,0.001447,188.0
128,13,True,7329,fhe,281,281,True,281,281,True,3.2103,0.000859,188.0
128,14,True,310,fhe,417,417,True,417,417,True,0.1992,0.002476,188.0
128,15,True,1107,fhe,13,13,True,13,13,True,2.7389,0.001612,188.0
128,16,True,273,fhe,253,253,True,253,253,True,2.9541,0.001117,188.0
128,17,True,253,fhe,6323,6323,True,6323,6323,True,0.8245,0.002896,188.0
128,18,True,352,fhe,369,369,True,873,873,True,0.628,0.005876,188.0
128,19,True,320,fhe,908,908,True,908,908,True,1.8599,0.002623,188.0
128,20,True,17202,fhe,275,275,True,327,327,True,0.9165,0.001762,188.0
128,21,True,1255,fhe,668,668,True,668,668,True,3.1273,0.001861,188.0
128,22,True,7313,fhe,285,285,True,285,285,True,0.5286,0.002635,188.0
128,23,True,10447,fhe,13,13,True,13,13,True,3.7887,0.002724,188.0
128,24,True,39011,fhe,757,757,True,757,757,True,2.3525,0.018313,188.0
128,25,True,12282,fhe,432,432,True,896,896,True,0.3721,0.000766,188.0
128,26,True,13650,fhe,670,670,True,670,670,True,2.1445,0.000611,188.0
128,27,True,1142,fhe,1355,1355,True,12922,12922,True,0.1028,0.002723,188.0
128,28,True,285,fhe,840,840,True,840,840,True,0.5139,0.003412,188.0
128,29,True,253,fhe,11308,11308,True,11308,11308,True,0.8145,0.00096,188.0
128,30,True,8609,fhe,7742,7742,True,7742,7742,True,2.9639,0.005408,188.0
128,31,True,1235,fhe,17249,17249,True,17249,17249,True,0.148,0.001353,188.0
128,32,True,3919,fhe,1458,1458,True,1384,1384,True,0.0034,0.003063,188.0
128,33,True,247,fhe,2280,2280,True,2280,2280,True,0.5516,0.00679,188.0
128,34,True,1283,fhe,1797,1797,True,1423,1423,True,0.2453,0.007307,188.0
128,35,True,6372,fhe,13,13,True,13,13,True,3.9629,0.002469,188.0
128,36,True,281,fhe,253,253,True,253,253,True,1.8272,0.004898,188.0
128,37,True,285,fhe,4707,4707,True,1481,1481,True,0.0181,0.005394,188.0
128,38,True,13,fhe,285,285,True,45918,45918,True,1.1128,0.008605,188.0
128,39,True,285,fhe,48833,48833,True,246,246,True,1.6398,0.005153,188.0
128,40,True,1283,fhe,3141,3141,True,3141,3141,True,0.0855,0.001915,188.0
128,41,True,2562,fhe,1974,1974,True,1974,1974,True,8.1198,0.021019,188.0
128,42,True,403,fhe,10071,10071,True,2444,2444,True,0.2339,0.00277,188.0
128,43,True,1110,fhe,665,665,True,3811,3811,True,1.2354,0.003968,188.0
128,44,True,15401,fhe,13,13,True,390,390,True,0.3294,0.000861,188.0
128,45,True,1355,fhe,5961,5961,True,4023,4023,True,0.6257,0.002089,188.0
128,46,True,323,fhe,247,247,True,952,952,True,0.3874,0.001332,188.0
128,47,True,1067,fhe,773,773,True,773,773,True,0.2405,0.001377,188.0
128,48,True,310,fhe,253,253,True,247,247,True,0.9001,0.001968,188.0
128,49,True,275,fhe,253,253,True,253,253,True,4.5152,0.000864,188.0
128,50,True,273,fhe,6616,6616,True,1142,1142,True,0.3451,0.002338,188.0
128,51,True,854,fhe,13,13,True,13,13,True,7.1423,0.004906,188.0
128,52,True,275,fhe,253,253,True,2914,2914,True,1.2414,0.001032,188.0
128,53,True,7531,fhe,13,13,True,13,13,True,0.7316,0.001604,188.0
128,54,True,2242,fhe,616,616,True,616,616,True,0.3035,0.0032,188.0
128,55,True,8281,fhe,310,310,True,556,556,True,0.856,0.004505,188.0
128,56,True,380,fhe,7813,7813,True,7813,7813,True,0.5118,0.002597,188.0
128,57,True,4879,fhe,326,326,True,326,326,True,3.5294,0.003117,188.0
128,58,True,352,fhe,369,369,True,369,369,True,2.8077,0.002374,188.0
128,59,True,310,fhe,670,670,True,1679,1679,True,1.4573,0.001033,188.0
128,60,True,697,fhe,7623,7623,True,2133,2133,True,0.4828,0.00598,188.0
128,61,True,504,fhe,313,313,True,313,313,True,2.9633,0.001465,188.0
128,62,True,16846,fhe,1481,1481,True,1481,1481,True,0.2918,0.003079,188.0
128,63,True,8618,fhe,15,15,True,949,949,True,0.7704,0.002036,188.0
129,0,True,253,fhe,6698,6698,True,6698,6698,True,2.1022,0.002289,188.0
129,1,True,854,fhe,15,15,True,15,15,True,8.519,0.001656,188.0
129,2,True,6571,fhe,273,273,True,273,273,True,6.3972,0.000992,188.0
129,3,True,380,fhe,8346,8346,True,6703,6703,True,1.1059,0.001813,188.0
129,4,True,4197,fhe,407,407,True,7024,7024,True,0.0585,0.004339,188.0
129,5,True,8825,fhe,310,310,True,556,556,True,2.0263,0.001549,188.0
129,6,True,1425,fhe,187,187,True,187,187,True,3.5515,0.001468,188.0
129,7,True,588,fhe,320,320,True,320,320,True,0.3032,0.001636,188.0
129,8,True,24253,fhe,1497,1497,True,1497,1497,True,8.0785,0.004571,188.0
129,9,True,281,fhe,253,253,True,253,253,True,0.2079,0.002405,188.0
129,10,True,9086,fhe,685,685,True,685,685,True,3.9209,0.001891,188.0
129,11,True,407,fhe,1959,1959,True,1959,1959,True,3.2862,0.003498,188.0
129,12,True,13,fhe,285,285,True,534,534,True,0.4873,0.001663,188.0
129,13,True,281,fhe,253,253,True,253,253,True,0.0112,0.002063,188.0
129,14,True,417,fhe,347,347,True,1077,1077,True,1.0795,0.003358,188.0
129,15,True,13,fhe,285,285,True,285,285,True,1.4642,0.002291,188.0
129,16,True,253,fhe,1789,1789,True,2144,2144,True,1.7075,0.009934,188.0
129,17,True,6323,fhe,2715,2715,True,2715,2715,True,3.8074,0.002541,188.0
129,18,True,873,fhe,253,253,True,562,562,True,1.5082,0.001151,188.0
129,19,True,908,fhe,281,281,True,323,323,True,1.4924,0.00298,188.0
129,20,True,327,fhe,253,253,True,247,247,True,0.5671,0.001517,188.0
129,21,True,668,fhe,310,310,True,310,310,True,0.7298,0.001288,188.0
129,22,True,285,fhe,1110,1110,True,1110,1110,True,0.6668,0.002786,188.0
129,23,True,13,fhe,5571,5571,True,5571,5571,True,0.7666,0.005073,188.0
129,24,True,757,fhe,13,13,True,13,13,True,0.454,0.001239,188.0
129,25,True,896,fhe,281,281,True,670,670,True,1.3487,0.002864,188.0
129,26,True,670,fhe,253,253,True,8588,8588,True,0.0859,0.001515,188.0
129,27,True,12922,fhe,13,13,True,13,13,True,0.164,0.001248,188.0
129,28,True,840,fhe,6331,6331,True,2210,2210,True,1.1941,0.001026,188.0
129,29,True,11308,fhe,3159,3159,True,3159,3159,True,2.7607,0.003135,188.0
129,30,True,7742,fhe,15,15,True,313,313,True,1.2643,0.003484,188.0
129,31,True,17249,fhe,10,10,True,582,582,True,0.297,0.004692,188.0
129,32,True,1384,fhe,13,13,True,13,13,True,9.144,0.003101,188.0
129,33,True,2280,fhe,670,670,True,875,875,True,0.0957,0.001183,188.0
129,34,True,1423,fhe,13,13,True,13,13,True,5.2341,0.002272,188.0
129,35,True,13,fhe,285,285,True,285,285,True,2.1671,0.001502,188.0
129,36,True,253,fhe,11600,11600,True,11600,11600,True,0.9154,0.001983,188.0
129,37,True,1481,fhe,403,403,True,403,403,True,2.3593,0.006464,188.0
129,38,True,45918,fhe,13,13,True,13,13,True,2.6976,0.001897,188.0
129,39,True,246,fhe,13998,13998,True,13998,13998,True,2.7684,0.002344,188.0
129,40,True,3141,fhe,407,407,True,407,407,True,1.0926,0.000751,188.0
129,41,True,1974,fhe,13,13,True,13,13,True,1.6637,0.000891,188.0
129,42,True,2444,fhe,2366,2366,True,2366,2366,True,0.6991,0.000763,188.0
129,43,True,3811,fhe,3815,3815,True,3345,3345,True,0.528,0.006537,188.0
129,44,True,390,fhe,15401,15401,True,19134,19134,True,0.1051,0.004018,188.0
129,45,True,4023,fhe,273,273,True,273,273,True,0.7382,0.00161,188.0
129,46,True,952,fhe,13,13,True,285,285,True,0.3015,0.003306,188.0
129,47,True,773,fhe,37146,37146,True,37146,37146,True,0.1222,0.007106,188.0
129,48,True,247,fhe,3282,3282,True,17872,17872,True,0.2709,0.002608,188.0
129,49,True,253,fhe,3998,3998,True,24459,24459,True,1.3547,0.002858,188.0
129,50,True,1142,fhe,1027,1027,True,1341,1341,True,0.3956,0.00193,188.0
129,51,True,13,fhe,26,26,True,25,25,True,0.5674,0.008792,188.0
129,52,True,2914,fhe,273,273,True,273,273,True,3.2968,0.003909,188.0
129,53,True,13,fhe,10497,10497,True,10497,10497,True,0.4467,0.003198,188.0
129,54,True,616,fhe,11624,11624,True,1735,1735,True,2.6484,0.00488,188.0
129,55,True,556,fhe,644,644,True,644,644,True,0.8825,0.001986,188.0
129,56,True,7813,fhe,285,285,True,273,273,True,0.3714,0.001001,188.0
129,57,True,326,fhe,253,253,True,14590,14590,True,1.3373,0.002319,188.0
129,58,True,369,fhe,13598,13598,True,13598,13598,True,0.4811,0.001451,188.0
129,59,True,1679,fhe,685,685,True,685,685,True,5.013,0.001069,188.0
129,60,True,2133,fhe,15,15,True,15,15,True,1.5058,0.001862,188.0
129,61,True,313,fhe,41,41,True,41,41,True,5.3773,0.003502,188.0
129,62,True,1481,fhe,310,310,True,310,310,True,0.6932,0.001315,188.0
129,63,True,949,fhe,7963,7963,True,247,247,True,0.7637,0.003101,188.0
130,0,True,6698,fhe,11188,11188,True,11188,11188,True,1.2277,0.001545,188.0
130,1,True,15,fhe,3666,3666,True,15108,15108,True,1.5787,0.000938,188.0
130,2,True,273,fhe,9946,9946,True,9946,9946,True,1.6212,0.004426,188.0
130,3,True,6703,fhe,5161,5161,True,5161,5161,True,5.2735,0.006298,188.0
130,4,True,7024,fhe,327,327,True,2220,2220,True,1.7502,0.0011,188.0
130,5,True,556,fhe,44494,44494,True,44494,44494,True,1.7158,0.001171,188.0
130,6,True,187,fhe,510,510,True,510,510,True,0.7703,0.001783,188.0
130,7,True,320,fhe,4704,4704,True,4704,4704,True,2.2053,0.002468,188.0
130,8,True,1497,fhe,15,15,True,15,15,True,1.9698,0.0021,188.0
130,9,True,253,fhe,6174,6174,True,6174,6174,True,1.765,0.001422,188.0
130,10,True,685,fhe,253,253,True,667,667,True,0.3412,0.001774,188.0
130,11,True,1959,fhe,26875,26875,True,26875,26875,True,2.2658,0.001458,188.0
130,12,True,534,fhe,597,597,True,597,597,True,0.9402,0.001879,188.0
130,13,True,253,fhe,2329,2329,True,10825,10825,True,2.7922,0.005603,188.0
130,14,True,1077,fhe,4633,4633,True,4633,4633,True,0.0343,0.00422,188.0
130,15,True,285,fhe,452,452,True,452,452,True,1.4402,0.007866,188.0
130,16,True,2144,fhe,15,15,True,15,15,True,2.0756,0.002047,188.0
130,17,True,2715,fhe,273,273,True,273,273,True,3.125,0.004261,188.0
130,18,True,562,fhe,281,281,True,281,281,True,0.9933,0.000623,188.0
130,19,True,323,fhe,667,667,True,667,667,True,1.4267,0.006888,188.0
130,20,True,247,fhe,5202,5202,True,2014,2014,True,1.2103,0.008005,188.0
130,21,True,310,fhe,908,908,True,6012,6012,True,0.3597,0.004873,188.0
130,22,True,1110,fhe,273,273,True,273,273,True,3.9207,0.002641,188.0
130,23,True,5571,fhe,13,13,True,13,13,True,3.9626,0.001149,188.0
130,24,True,13,fhe,14765,14765,True,14765,14765,True,0.8566,0.00249,188.0
130,25,True,670,fhe,337,337,True,337,337,True,0.1932,0.000953,188.0
130,26,True,8588,fhe,285,285,True,407,407,True,0.3087,0.001444,188.0
130,27,True,13,fhe,285,285,True,1016,1016,True,0.3241,0.001895,188.0
130,28,True,2210,fhe,896,896,True,896,896,True,0.0286,0.002588,188.0
130,29,True,3159,fhe,773,773,True,773,773,True,0.3513,0.003929,188.0
130,30,True,313,fhe,10328,10328,True,10328,10328,True,0.3927,0.00475,188.0
130,31,True,582,fhe,285,285,True,533,533,True,1.5578,0.008488,188.0
130,32,True,13,fhe,4267,4267,True,4267,4267,True,0.297,0.003309,188.0
130,33,True,875,fhe,337,337,True,337,337,True,0.3519,0.001139,188.0
130,34,True,13,fhe,253,253,True,253,253,True,0.2707,0.001107,188.0
130,35,True,285,fhe,48833,48833,True,246,246,True,1.6065,0.003885,188.0
130,36,True,11600,fhe,281,281,True,281,281,True,0.1444,0.00415,188.0
130,37,True,403,fhe,6107,6107,True,6107,6107,True,0.7963,0.004751,188.0
130,38,True,13,fhe,285,285,True,285,285,True,1.4152,0.003018,188.0
130,39,True,13998,fhe,45205,45205,True,45205,45205,True,6.2726,0.004458,188.0
130,40,True,407,fhe,253,253,True,253,253,True,0.9086,0.003159,188.0
130,41,True,13,fhe,2853,2853,True,11081,11081,True,0.0304,0.002636,188.0
130,42,True,2366,fhe,281,281,True,281,281,True,3.2123,0.001929,188.0
130,43,True,3345,fhe,13,13,True,13,13,True,0.1663,0.000858,188.0
130,44,True,19134,fhe,15,15,True,15,15,True,0.0979,0.002358,188.0
130,45,True,273,fhe,5961,5961,True,2602,2602,True,1.6203,0.004167,188.0
130,46,True,285,fhe,5074,5074,True,5074,5074,True,0.4326,0.002414,188.0
130,47,True,37146,fhe,1425,1425,True,1425,1425,True,0.5905,0.002377,188.0
130,48,True,17872,fhe,2793,2793,True,2793,2793,True,0.5324,0.005605,188.0
130,49,True,24459,fhe,43253,43253,True,43253,43253,True,0.0726,0.001534,188.0
130,50,True,1341,fhe,15,15,True,15,15,True,0.853,0.000864,188.0
130,51,True,25,fhe,2385,2385,True,2385,2385,True,1.943,0.002969,188.0
130,52,True,273,fhe,253,253,True,253,253,True,1.2247,0.001382,188.0
130,53,True,10497,fhe,13,13,True,13,13,True,3.1399,0.000828,188.0
130,54,True,1735,fhe,30231,30231,True,14604,14604,True,0.1141,0.004437,188.0
130,55,True,644,fhe,2687,2687,True,11306,11306,True,0.1111,0.00576,188.0
130,56,True,273,fhe,26485,26485,True,26485,26485,True,1.5314,0.00177,188.0
130,57,True,14590,fhe,444,444,True,444,444,True,0.8987,0.001228,188.0
130,58,True,13598,fhe,407,407,True,407,407,True,3.1326,0.001898,188.0
130,59,True,685,fhe,581,581,True,337,337,True,0.2743,0.00313,188.0
130,60,True,15,fhe,380,380,True,380,380,True,0.5472,0.000771,188.0
130,61,True,41,fhe,19,19,True,19,19,True,6.6465,0.004361,188.0
130,62,True,310,fhe,247,247,True,13496,13496,True,0.0343,0.001636,188.0
130,63,True,247,fhe,1232,1232,True,2962,2962,True,2.0784,0.007366,188.0
131,0,True,11188,fhe,37791,37791,True,37791,37791,True,0.4019,0.005687,188.0
131,1,True,15108,fhe,1419,1419,True,1419,1419,True,6.1483,0.006778,188.0
131,2,True,9946,fhe,285,285,True,285,285,True,0.5255,0.000956,188.0
131,3,True,5161,fhe,310,310,True,4428,4428,True,1.5214,0.005674,188.0
131,4,True,2220,fhe,253,253,True,849,849,True,2.3094,0.003283,188.0
131,5,True,44494,fhe,598,598,True,598,598,True,0.978,0.00117,188.0
131,6,True,510,fhe,6838,6838,True,6838,6838,True,2.6289,0.002921,188.0
131,7,True,4704,fhe,323,323,True,323,323,True,0.117,0.000597,188.0
131,8,True,15,fhe,187,187,True,187,187,True,4.0481,0.000698,188.0
131,9,True,6174,fhe,13,13,True,13,13,True,0.6833,0.000829,188.0
131,10,True,667,fhe,643,643,True,643,643,True,1.9669,0.000946,188.0
131,11,True,26875,fhe,15,15,True,15,15,True,1.3465,0.002632,188.0
131,12,True,597,fhe,4044,4044,True,4044,4044,True,0.6502,0.002727,188.0
131,13,True,10825,fhe,15,15,True,15,15,True,1.4257,0.002727,188.0
131,14,True,4633,fhe,275,275,True,10542,10542,True,0.4039,0.000708,188.0
131,15,True,452,fhe,644,644,True,644,644,True,0.6224,0.001232,188.0
131,16,True,15,fhe,380,380,True,2053,2053,True,0.5112,0.005105,188.0
131,17,True,273,fhe,33143,33143,True,33143,33143,True,0.9117,0.002255,188.0
131,18,True,281,fhe,990,990,True,990,990,True,0.9272,0.008036,188.0
131,19,True,667,fhe,6907,6907,True,6907,6907,True,0.7273,0.002822,188.0
131,20,True,2014,fhe,5202,5202,True,8357,8357,True,2.0815,0.004369,188.0
131,21,True,6012,fhe,432,432,True,432,432,True,5.9795,0.002978,188.0
131,22,True,273,fhe,2571,2571,True,2571,2571,True,0.347,0.000745,188.0
131,23,True,13,fhe,11102,11102,True,11102,11102,True,1.1457,0.00197,188.0
131,24,True,14765,fhe,15916,15916,True,15916,15916,True,1.7655,0.001959,188.0
131,25,True,337,fhe,15,15,True,15,15,True,1.2094,0.000868,188.0
131,26,True,407,fhe,970,970,True,970,970,True,0.5745,0.003089,188.0
131,27,True,1016,fhe,4508,4508,True,581,581,True,0.3232,0.001502,188.0
131,28,True,896,fhe,969,969,True,969,969,True,1.036,0.000792,188.0
131,29,True,773,fhe,84,84,True,84,84,True,0.1872,0.009511,188.0
131,30,True,10328,fhe,347,347,True,347,347,True,7.8145,0.003242,188.0
131,31,True,533,fhe,352,352,True,352,352,True,0.385,0.005897,188.0
131,32,True,4267,fhe,187,187,True,187,187,True,4.1149,0.002847,188.0
131,33,True,337,fhe,15,15,True,16,16,True,0.0616,0.005312,188.0
131,34,True,253,fhe,5112,5112,True,5112,5112,True,0.3962,0.000902,188.0
131,35,True,246,fhe,13998,13998,True,13998,13998,True,2.7589,0.004566,188.0
131,36,True,281,fhe,923,923,True,923,923,True,1.1722,0.001039,188.0
131,37,True,6107,fhe,342,342,True,342,342,True,2.2813,0.001805,188.0
131,38,True,285,fhe,23160,23160,True,643,643,True,0.069,0.001298,188.0
131,39,True,45205,fhe,15,15,True,281,281,True,1.9808,0.00128,188.0
131,40,True,253,fhe,19688,19688,True,19688,19688,True,0.6262,0.002679,188.0
131,41,True,11081,fhe,13,13,True,13,13,True,1.1746,0.000691,188.0
131,42,True,281,fhe,1287,1287,True,2794,2794,True,2.6071,0.002795,188.0
131,43,True,13,fhe,285,285,True,533,533,True,1.2774,0.001909,188.0
131,44,True,15,fhe,380,380,True,831,831,True,1.4342,0.000856,188.0
131,45,True,2602,fhe,4408,4408,True,4408,4408,True,0.3725,0.003754,188.0
131,46,True,5074,fhe,15,15,True,275,275,True,0.4077,0.000568,188.0
131,47,True,1425,fhe,25196,25196,True,2053,2053,True,0.9737,0.001079,188.0
131,48,True,2793,fhe,32,32,True,32,32,True,3.7463,0.001908,188.0
131,49,True,43253,fhe,13,13,True,13,13,True,1.213,0.000433,188.0
131,50,True,15,fhe,380,380,True,380,380,True,0.2329,0.001817,188.0
131,51,True,2385,fhe,278,278,True,278,278,True,0.4932,0.001155,188.0
131,52,True,253,fhe,2829,2829,True,39696,39696,True,0.3811,0.005087,188.0
131,53,True,13,fhe,285,285,True,3060,3060,True,2.324,0.001394,188.0
131,54,True,14604,fhe,273,273,True,273,273,True,3.8021,0.00127,188.0
131,55,True,11306,fhe,2687,2687,True,1073,1073,True,1.3933,0.010336,188.0
131,56,True,26485,fhe,12572,12572,True,12572,12572,True,4.2755,0.00438,188.0
131,57,True,444,fhe,13,13,True,285,285,True,0.4052,0.002057,188.0
131,58,True,407,fhe,253,253,True,32290,32290,True,1.2352,0.001001,188.0
131,59,True,337,fhe,2558,2558,True,2558,2558,True,1.313,0.001256,188.0
131,60,True,380,fhe,1481,1481,True,8105,8105,True,0.7133,0.002169,188.0
131,61,True,19,fhe,52,52,True,52,52,True,4.5577,0.008244,188.0
131,62,True,13496,fhe,342,342,True,342,342,True,4.2038,0.004031,188.0
131,63,True,2962,fhe,273,273,True,273,273,True,8.5367,0.002856,188.0
132,0,True,37791,fhe,21252,21252,True,21252,21252,True,1.7327,0.003955,188.0
132,1,True,1419,fhe,253,253,True,3603,3603,True,1.3053,0.000593,188.0
132,2,True,285,fhe,38244,38244,True,38244,38244,True,5.5937,0.003008,188.0
132,3,True,4428,fhe,247,247,True,1679,1679,True,0.7769,0.002092,188.0
132,4,True,849,fhe,1199,1199,True,1199,1199,True,1.9011,0.00122,188.0
132,5,True,598,fhe,2217,2217,True,2217,2217,True,0.0365,0.000832,188.0
132,6,True,6838,fhe,671,671,True,4159,4159,True,0.1113,0.003231,188.0
132,7,True,323,fhe,31761,31761,True,11286,11286,True,0.2586,0.001322,188.0
132,8,True,187,fhe,510,510,True,510,510,True,0.671,0.003469,188.0
132,9,True,13,fhe,9246,9246,True,3564,3564,True,1.0506,0.001529,188.0
132,10,True,643,fhe,2919,2919,True,2919,2919,True,0.6733,0.00786,188.0
132,11,True,15,fhe,187,187,True,187,187,True,4.1156,0.004162,188.0
132,12,True,4044,fhe,432,432,True,432,432,True,0.3942,0.001744,188.0
132,13,True,15,fhe,380,380,True,2091,2091,True,0.7639,0.003046,188.0
132,14,True,10542,fhe,15,15,True,15,15,True,1.9815,0.001005,188.0
132,15,True,644,fhe,10544,10544,True,10544,10544,True,0.1007,0.002831,188.0
132,16,True,2053,fhe,7424,7424,True,3602,3602,True,2.2004,0.008802,188.0
132,17,True,33143,fhe,33123,33123,True,33123,33123,True,4.29,0.003327,188.0
132,18,True,990,fhe,21245,21245,True,21245,21245,True,0.1238,0.003371,188.0
132,19,True,6907,fhe,2698,2698,True,2698,2698,True,0.1305,0.00292,188.0
132,20,True,8357,fhe,13,13,True,1981,1981,True,0.3222,0.00133,188.0
132,21,True,432,fhe,253,253,True,253,253,True,2.2227,0.002331,188.0
132,22,True,2571,fhe,15,15,True,281,281,True,0.4016,0.002053,188.0
132,23,True,11102,fhe,13,13,True,13,13,True,4.0441,0.002535,188.0
132,24,True,15916,fhe,4204,4204,True,4204,4204,True,1.2608,0.000853,188.0
132,25,True,15,fhe,22,22,True,19,19,True,0.4939,0.006184,188.0
132,26,True,970,fhe,3210,3210,True,3210,3210,True,0.5266,0.0009,188.0
132,27,True,581,fhe,4508,4508,True,4508,4508,True,1.5069,0.002118,188.0
132,28,True,969,fhe,15,15,True,15,15,True,0.1837,0.003324,188.0
132,29,True,84,fhe,26796,26796,True,26796,26796,True,1.3608,0.005171,188.0
132,30,True,347,fhe,20542,20542,True,20542,20542,True,0.2586,0.005963,188.0
132,31,True,352,fhe,310,310,True,476,476,True,0.3885,0.006716,188.0
132,32,True,187,fhe,17737,17737,True,17737,17737,True,3.4547,0.004849,188.0
132,33,True,16,fhe,740,740,True,740,740,True,1.0894,0.005453,188.0
132,34,True,5112,fhe,3554,3554,True,3554,3554,True,2.639,0.008666,188.0
132,35,True,13998,fhe,45205,45205,True,45205,45205,True,6.2484,0.00575,188.0
132,36,True,923,fhe,752,752,True,752,752,True,2.0471,0.000846,188.0
132,37,True,342,fhe,247,247,True,3168,3168,True,0.647,0.001851,188.0
132,38,True,643,fhe,29383,29383,True,3603,3603,True,0.382,0.004989,188.0
132,39,True,281,fhe,2826,2826,True,2826,2826,True,2.0943,0.003788,188.0
132,40,True,19688,fhe,3554,3554,True,3554,3554,True,1.8949,0.006612,188.0
132,41,True,13,fhe,285,285,True,7217,7217,True,0.8564,0.003311,188.0
132,42,True,2794,fhe,247,247,True,271,271,True,1.7182,0.0037,188.0
132,43,True,533,fhe,253,253,True,597,597,True,0.1769,0.001304,188.0
132,44,True,831,fhe,1824,1824,True,1232,1232,True,0.4613,0.00373,188.0
132,45,True,4408,fhe,1925,1925,True,1925,1925,True,1.6096,0.001779,188.0
132,46,True,275,fhe,247,247,True,667,667,True,1.0186,0.002297,188.0
132,47,True,2053,fhe,403,403,True,2486,2486,True,0.3667,0.0023,188.0
132,48,True,32,fhe,187,187,True,187,187,True,3.3877,0.000909,188.0
132,49,True,13,fhe,253,253,True,253,253,True,0.5104,0.002632,188.0
132,50,True,380,fhe,6616,6616,True,13370,13370,True,0.1857,0.008231,188.0
132,51,True,278,fhe,313,313,True,313,313,True,2.5296,0.00534,188.0
132,52,True,39696,fhe,13,13,True,13,13,True,0.4159,0.003834,188.0
132,53,True,3060,fhe,13,13,True,13,13,True,3.3543,0.000825,188.0
132,54,True,273,fhe,11624,11624,True,11624,11624,True,5.6392,0.008068,188.0
132,55,True,1073,fhe,13083,13083,True,13083,13083,True,2.727,0.003003,188.0
132,56,True,12572,fhe,14407,14407,True,14407,14407,True,8.6283,0.004025,188.0
132,57,True,285,fhe,45918,45918,True,45918,45918,True,0.0226,0.003239,188.0
132,58,True,32290,fhe,14,14,True,14,14,True,4.0899,0.003712,188.0
132,59,True,2558,fhe,273,273,True,273,273,True,0.3354,0.00121,188.0
132,60,True,8105,fhe,310,310,True,310,310,True,1.4038,0.001181,188.0
132,61,True,52,fhe,582,582,True,10,10,True,1.1943,0.003664,188.0
132,62,True,342,fhe,247,247,True,271,271,True,1.8211,0.002805,188.0
132,63,True,273,fhe,5793,5793,True,5018,5018,True,1.0279,0.002985,188.0
133,0,True,21252,fhe,15,15,True,15,15,True,2.6909,0.000526,188.0
133,1,True,3603,fhe,326,326,True,275,275,True,0.985,0.001663,188.0
133,2,True,38244,fhe,13,13,True,3678,3678,True,0.1384,0.002505,188.0
133,3,True,1679,fhe,14086,14086,True,14086,14086,True,0.5125,0.005747,188.0
133,4,True,1199,fhe,8618,8618,True,7768,7768,True,0.5782,0.003206,188.0
133,5,True,2217,fhe,281,281,True,281,281,True,1.4007,0.000849,188.0
133,6,True,4159,fhe,670,670,True,670,670,True,0.6617,0.001862,188.0
133,7,True,11286,fhe,272,272,True,272,272,True,3.7977,0.001838,188.0
133,8,True,510,fhe,8607,8607,True,8607,8607,True,2.1941,0.000834,188.0
133,9,True,3564,fhe,13,13,True,13,13,True,3.2802,0.001244,188.0
133,10,True,2919,fhe,327,327,True,327,327,True,0.9798,0.0021,188.0
133,11,True,187,fhe,510,510,True,34,34,True,0.6293,0.001433,188.0
133,12,True,432,fhe,12405,12405,True,12405,12405,True,0.738,0.002619,188.0
133,13,True,2091,fhe,253,253,True,436,436,True,0.3426,0.004452,188.0
133,14,True,15,fhe,187,187,True,187,187,True,2.4133,0.003302,188.0
133,15,True,10544,fhe,281,281,True,407,407,True,1.2606,0.000752,188.0
133,16,True,3602,fhe,403,403,True,2486,2486,True,1.3221,0.005306,188.0
133,17,True,33123,fhe,13,13,True,13,13,True,3.8326,0.000879,188.0
133,18,True,21245,fhe,275,275,True,4768,4768,True,1.0622,0.00309,188.0
133,19,True,2698,fhe,187,187,True,187,187,True,3.327,0.002027,188.0
133,20,True,1981,fhe,13,13,True,13,13,True,1.3311,0.001676,188.0
133,21,True,253,fhe,12760,12760,True,12760,12760,True,1.4808,0.002163,188.0
133,22,True,281,fhe,2794,2794,True,2794,2794,True,0.6512,0.004203,188.0
133,23,True,13,fhe,8187,8187,True,8187,8187,True,1.598,0.001378,188.0
133,24,True,4204,fhe,45106,45106,True,45106,45106,True,3.8878,0.003529,188.0
133,25,True,19,fhe,3041,3041,True,3041,3041,True,4.1922,0.003012,188.0
133,26,True,3210,fhe,281,281,True,273,273,True,0.5271,0.000729,188.0
133,27,True,4508,fhe,247,247,True,2067,2067,True,0.6793,0.001278,188.0
133,28,True,15,fhe,380,380,True,733,733,True,0.2967,0.001393,188.0
133,29,True,26796,fhe,668,668,True,668,668,True,0.2006,0.001565,188.0
133,30,True,20542,fhe,13,13,True,481,481,True,0.4926,0.00415,188.0
133,31,True,476,fhe,320,320,True,320,320,True,0.5609,0.002728,188.0
133,32,True,17737,fhe,4059,4059,True,4059,4059,True,2.2911,0.002738,188.0
133,33,True,740,fhe,394,394,True,394,394,True,1.4972,0.001725,188.0
133,34,True,3554,fhe,382,382,True,382,382,True,3.4793,0.003489,188.0
133,35,True,45205,fhe,15,15,True,281,281,True,1.9451,0.001786,188.0
133,36,True,752,fhe,310,310,True,556,556,True,0.0132,0.001712,188.0
133,37,True,3168,fhe,6848,6848,True,6848,6848,True,1.4962,0.00481,188.0
133,38,True,3603,fhe,15,15,True,15,15,True,3.2801,0.000696,188.0
133,39,True,2826,fhe,15,15,True,15,15,True,2.337,0.00092,188.0
133,40,True,3554,fhe,382,382,True,382,382,True,5.1523,0.008243,188.0
133,41,True,7217,fhe,13,13,True,13,13,True,1.0929,0.004022,188.0
133,42,True,271,fhe,29549,29549,True,29549,29549,True,0.0458,0.00203,188.0
133,43,True,597,fhe,671,671,True,671,671,True,0.0801,0.002041,188.0
133,44,True,1232,fhe,310,310,True,3936,3936,True,1.0197,0.001058,188.0
133,45,True,1925,fhe,253,253,True,25548,25548,True,1.4954,0.001562,188.0
133,46,True,667,fhe,1798,1798,True,1798,1798,True,0.2143,0.003663,188.0
133,47,True,2486,fhe,6114,6114,True,6114,6114,True,0.7343,0.00209,188.0
133,48,True,187,fhe,52,52,True,52,52,True,0.2567,0.001717,188.0
133,49,True,253,fhe,42793,42793,True,42793,42793,True,0.2315,0.002204,188.0
133,50,True,13370,fhe,403,403,True,403,403,True,0.6984,0.00466,188.0
133,51,True,313,fhe,1099,1099,True,1099,1099,True,0.245,0.005233,188.0
133,52,True,13,fhe,285,285,True,285,285,True,0.6872,0.001094,188.0
133,53,True,13,fhe,285,285,True,285,285,True,2.5299,0.000883,188.0
133,54,True,11624,fhe,15,15,True,15,15,True,1.1196,0.001743,188.0
133,55,True,13083,fhe,323,323,True,281,281,True,0.2556,0.000688,188.0
133,56,True,14407,fhe,313,313,True,313,313,True,0.7655,0.00283,188.0
133,57,True,45918,fhe,778,778,True,497,497,True,0.5374,0.002901,188.0
133,58,True,14,fhe,72,72,True,72,72,True,5.4701,0.003328,188.0
133,59,True,273,fhe,326,326,True,7565,7565,True,0.0447,0.001465,188.0
133,60,True,310,fhe,1048,1048,True,1048,1048,True,1.8681,0.002772,188.0
133,61,True,10,fhe,285,285,True,285,285,True,3.0141,0.00142,188.0
133,62,True,271,fhe,12077,12077,True,12077,12077,True,0.4507,0.006027,188.0
133,63,True,5018,fhe,15,15,True,1925,1925,True,1.0243,0.001585,188.0
134,0,True,15,fhe,187,187,True,187,187,True,0.0648,0.002847,188.0
134,1,True,275,fhe,253,253,True,2426,2426,True,0.4042,0.000783,188.0
134,2,True,3678,fhe,15,15,True,15,15,True,0.3773,0.002822,188.0
134,3,True,14086,fhe,2144,2144,True,2144,2144,True,0.2639,0.00507,188.0
134,4,True,7768,fhe,310,310,True,310,310,True,1.8135,0.000815,188.0
134,5,True,281,fhe,1581,1581,True,1581,1581,True,1.7873,0.003431,188.0
134,6,True,670,fhe,616,616,True,616,616,True,0.8727,0.005255,188.0
134,7,True,272,fhe,15,15,True,3345,3345,True,2.021,0.000746,188.0
134,8,True,8607,fhe,1119,1119,True,5421,5421,True,0.0176,0.003356,188.0
134,9,True,13,fhe,285,285,True,285,285,True,1.3286,0.002969,188.0
134,10,True,327,fhe,7565,7565,True,7565,7565,True,0.004,0.002095,188.0
134,11,True,34,fhe,1263,1263,True,3332,3332,True,1.2731,0.001539,188.0
134,12,True,12405,fhe,15,15,True,407,407,True,0.1088,0.000925,188.0
134,13,True,436,fhe,6569,6569,True,6634,6634,True,2.4378,0.00309,188.0
134,14,True,187,fhe,510,510,True,510,510,True,0.1783,0.003179,188.0
134,15,True,407,fhe,253,253,True,253,253,True,1.5002,0.001892,188.0
134,16,True,2486,fhe,253,253,True,27,27,True,1.926,0.004549,188.0
134,17,True,13,fhe,1959,1959,True,1959,1959,True,4.8534,0.00266,188.0
134,18,True,4768,fhe,253,253,True,253,253,True,3.7879,0.000718,188.0
134,19,True,187,fhe,510,510,True,510,510,True,0.1998,0.003856,188.0
134,20,True,13,fhe,285,285,True,534,534,True,1.3421,0.001161,188.0
134,21,True,12760,fhe,3159,3159,True,3159,3159,True,2.5752,0.001313,188.0
134,22,True,2794,fhe,247,247,True,8115,8115,True,0.7005,0.001219,188.0
134,23,True,8187,fhe,13,13,True,13,13,True,4.0602,0.003972,188.0
134,24,True,45106,fhe,74,74,True,74,74,True,5.5061,0.002872,188.0
134,25,True,3041,fhe,1107,1107,True,1107,1107,True,2.7617,0.001031,188.0
134,26,True,273,fhe,253,253,True,253,253,True,0.6808,0.00296,188.0
134,27,True,2067,fhe,12922,12922,True,12922,12922,True,1.0153,0.005992,188.0
134,28,True,733,fhe,369,369,True,574,574,True,0.6483,0.009246,188.0
134,29,True,668,fhe,4495,4495,True,4495,4495,True,0.0399,0.003543,188.0
134,30,True,481,fhe,187,187,True,20763,20763,True,0.2748,0.001893,188.0
134,31,True,320,fhe,347,347,True,347,347,True,0.119,0.002136,188.0
134,32,True,4059,fhe,8404,8404,True,8404,8404,True,3.0875,0.003666,188.0
134,33,True,394,fhe,285,285,True,281,281,True,2.0018,0.002239,188.0
134,34,True,382,fhe,7406,7406,True,7406,7406,True,1.0608,0.002876,188.0
134,35,True,281,fhe,2826,2826,True,2826,2826,True,2.1382,0.009398,188.0
134,36,True,556,fhe,4592,4592,True,4592,4592,True,3.0637,0.006657,188.0
134,37,True,6848,fhe,15,15,True,15,15,True,0.2372,0.002294,188.0
134,38,True,15,fhe,187,187,True,3631,3631,True,0.3697,0.001338,188.0
134,39,True,15,fhe,187,187,True,187,187,True,0.5794,0.000693,188.0
134,40,True,382,fhe,285,285,True,11197,11197,True,0.5262,0.000813,188.0
134,41,True,13,fhe,285,285,True,285,285,True,0.9587,0.004386,188.0
134,42,True,29549,fhe,5185,5185,True,5185,5185,True,0.8695,0.006887,188.0
134,43,True,671,fhe,574,574,True,2692,2692,True,1.7514,0.004437,188.0
134,44,True,3936,fhe,9790,9790,True,1659,1659,True,0.6601,0.001927,188.0
134,45,True,25548,fhe,326,326,True,10949,10949,True,0.0842,0.005767,188.0
134,46,True,1798,fhe,2170,2170,True,2170,2170,True,0.3367,0.00188,188.0
134,47,True,6114,fhe,13,13,True,13,13,True,2.1015,0.00418,188.0
134,48,True,52,fhe,41593,41593,True,41593,41593,True,0.0991,0.005719,188.0
134,49,True,42793,fhe,14031,14031,True,14031,14031,True,2.8511,0.002684,188.0
134,50,True,403,fhe,1160,1160,True,908,908,True,1.4931,0.001292,188.0
134,51,True,1099,fhe,13,13,True,13,13,True,7.7755,0.001215,188.0
134,52,True,285,fhe,247,247,True,247,247,True,0.8475,0.001056,188.0
134,53,True,285,fhe,10497,10497,True,10497,10497,True,1.4658,0.00343,188.0
134,54,True,15,fhe,380,380,True,1583,1583,True,0.1485,0.000612,188.0
134,55,True,281,fhe,2085,2085,True,2085,2085,True,0.0687,0.001455,188.0
134,56,True,313,fhe,1093,1093,True,1093,1093,True,5.9221,0.009617,188.0
134,57,True,497,fhe,2104,2104,True,2104,2104,True,1.2425,0.004668,188.0
134,58,True,72,fhe,255,255,True,255,255,True,5.1252,0.006752,188.0
134,59,True,7565,fhe,434,434,True,434,434,True,4.0383,0.002277,188.0
134,60,True,1048,fhe,285,285,True,285,285,True,0.0787,0.000689,188.0
134,61,True,285,fhe,9946,9946,True,14164,14164,True,0.5053,0.002727,188.0
134,62,True,12077,fhe,6294,6294,True,6294,6294,True,0.7078,0.002652,188.0
134,63,True,1925,fhe,7963,7963,True,7963,7963,True,0.4281,0.007506,188.0
135,0,True,187,fhe,6586,6586,True,6586,6586,True,0.0819,0.00744,188.0
135,1,True,2426,fhe,273,273,True,273,273,True,5.4035,0.00167,188.0
135,2,True,15,fhe,380,380,True,2091,2091,True,1.857,0.002665,188.0
135,3,True,2144,fhe,13,13,True,13,13,True,1.1199,0.001156,188.0
135,4,True,310,fhe,1246,1246,True,1246,1246,True,0.4014,0.002326,188.0
135,5,True,1581,fhe,253,253,True,731,731,True,1.2698,0.001031,188.0
135,6,True,616,fhe,4852,4852,True,4852,4852,True,0.6974,0.007599,188.0
135,7,True,3345,fhe,15,15,True,15,15,True,1.793,0.000967,188.0
135,8,True,5421,fhe,253,253,True,767,767,True,0.6029,0.000849,188.0
135,9,True,285,fhe,9246,9246,True,4669,4669,True,0.1455,0.00214,188.0
135,10,True,7565,fhe,13,13,True,1425,1425,True,0.9425,0.001147,188.0
135,11,True,3332,fhe,1263,1263,True,1263,1263,True,4.123,0.000811,188.0
135,12,True,407,fhe,42296,42296,True,42296,42296,True,0.6512,0.001871,188.0
135,13,True,6634,fhe,13,13,True,13,13,True,3.5605,0.001624,188.0
135,14,True,510,fhe,25818,25818,True,954,954,True,0.7235,0.001367,188.0
135,15,True,253,fhe,952,952,True,952,952,True,1.9398,0.001167,188.0
135,16,True,27,fhe,187,187,True,187,187,True,1.1901,0.002714,188.0
135,17,True,1959,fhe,432,432,True,432,432,True,0.4726,0.002495,188.0
135,18,True,253,fhe,1986,1986,True,1986,1986,True,0.1483,0.001641,188.0
135,19,True,510,fhe,2020,2020,True,2020,2020,True,2.4196,0.004347,188.0
135,20,True,534,fhe,310,310,True,310,310,True,0.2223,0.004072,188.0
135,21,True,3159,fhe,773,773,True,323,323,True,1.686,0.002872,188.0
135,22,True,8115,fhe,273,273,True,326,326,True,0.5647,0.005768,188.0
135,23,True,13,fhe,6879,6879,True,6879,6879,True,0.952,0.002077,188.0
135,24,True,74,fhe,15,15,True,15,15,True,0.2083,0.003272,188.0
135,25,True,1107,fhe,3622,3622,True,3622,3622,True,0.4338,0.000764,188.0
135,26,True,253,fhe,10825,10825,True,6149,6149,True,0.433,0.000998,188.0
135,27,True,12922,fhe,15,15,True,15,15,True,0.9063,0.002189,188.0
135,28,True,574,fhe,644,644,True,644,644,True,0.1843,0.00373,188.0
135,29,True,4495,fhe,773,773,True,773,773,True,1.5616,0.003436,188.0
135,30,True,20763,fhe,10367,10367,True,10367,10367,True,2.676,0.00388,188.0
135,31,True,347,fhe,3676,3676,True,3676,3676,True,0.5731,0.008584,188.0
135,32,True,8404,fhe,6875,6875,True,6875,6875,True,5.2442,0.003286,188.0
135,33,True,281,fhe,337,337,True,337,337,True,2.7205,0.000858,188.0
135,34,True,7406,fhe,367,367,True,367,367,True,0.714,0.001858,188.0
135,35,True,2826,fhe,15,15,True,15,15,True,2.3254,0.003284,188.0
135,36,True,4592,fhe,15,15,True,15,15,True,1.0981,0.003656,188.0
135,37,True,15,fhe,4058,4058,True,380,380,True,0.4728,0.000673,188.0
135,38,True,3631,fhe,493,493,True,2261,2261,True,3.7077,0.004626,188.0
135,39,True,187,fhe,510,510,True,510,510,True,2.0112,0.003433,188.0
135,40,True,11197,fhe,8449,8449,True,8449,8449,True,0.9007,0.00172,188.0
135,41,True,285,fhe,253,253,True,643,643,True,0.2947,0.005621,188.0
135,42,True,5185,fhe,873,873,True,873,873,True,2.2932,0.001124,188.0
135,43,True,2692,fhe,2169,2169,True,2169,2169,True,0.6164,0.005028,188.0
135,44,True,1659,fhe,689,689,True,689,689,True,0.3793,0.002895,188.0
135,45,True,10949,fhe,253,253,True,253,253,True,1.7637,0.002082,188.0
135,46,True,2170,fhe,15,15,True,15,15,True,1.3009,0.000649,188.0
135,47,True,13,fhe,20581,20581,True,20581,20581,True,2.0281,0.000855,188.0
135,48,True,41593,fhe,8450,8450,True,8450,8450,True,0.9967,0.003693,188.0
135,49,True,14031,fhe,13,13,True,13,13,True,2.1007,0.000519,188.0
135,50,True,908,fhe,281,281,True,275,275,True,0.5143,0.002497,188.0
135,51,True,13,fhe,26,26,True,26,26,True,0.4825,0.004728,188.0
135,52,True,247,fhe,2829,2829,True,6951,6951,True,0.8507,0.001788,188.0
135,53,True,10497,fhe,15,15,True,15,15,True,1.5558,0.002212,188.0
135,54,True,1583,fhe,588,588,True,476,476,True,1.1338,0.004887,188.0
135,55,True,2085,fhe,1824,1824,True,33501,33501,True,0.9485,0.00198,188.0
135,56,True,1093,fhe,3583,3583,True,3583,3583,True,0.5293,0.002239,188.0
135,57,True,2104,fhe,281,281,True,281,281,True,8.7136,0.000901,188.0
135,58,True,255,fhe,1568,1568,True,1568,1568,True,9.2546,0.009476,188.0
135,59,True,434,fhe,13,13,True,15,15,True,1.465,0.000965,188.0
135,60,True,285,fhe,8042,8042,True,8042,8042,True,0.3986,0.002695,188.0
135,61,True,14164,fhe,21295,21295,True,11893,11893,True,0.264,0.003328,188.0
135,62,True,6294,fhe,2727,2727,True,2727,2727,True,0.489,0.005842,188.0
135,63,True,7963,fhe,15001,15001,True,15001,15001,True,6.5959,0.013577,188.0
136,0,True,6586,fhe,27,27,True,27,27,True,1.4946,0.00449,188.0
136,1,True,273,fhe,616,616,True,616,616,True,0.0597,0.002219,188.0
136,2,True,2091,fhe,253,253,True,436,436,True,0.7035,0.001631,188.0
136,3,True,13,fhe,824,824,True,1690,1690,True,1.1063,0.005225,188.0
136,4,True,1246,fhe,275,275,True,275,275,True,0.497,0.00086,188.0
136,5,True,731,fhe,281,281,True,281,281,True,5.9419,0.002666,188.0
136,6,True,4852,fhe,13,13,True,13,13,True,1.2086,0.002459,188.0
136,7,True,15,fhe,187,187,True,1310,1310,True,0.2568,0.000704,188.0
136,8,True,767,fhe,3417,3417,True,3417,3417,True,0.109,0.007279,188.0
136,9,True,4669,fhe,15,15,True,15,15,True,0.7397,0.001299,188.0
136,10,True,1425,fhe,187,187,True,187,187,True,4.6374,0.003318,188.0
136,11,True,1263,fhe,3863,3863,True,3863,3863,True,0.7813,0.004813,188.0
136,12,True,42296,fhe,352,352,True,352,352,True,1.0339,0.001969,188.0
136,13,True,13,fhe,253,253,True,253,253,True,0.1694,0.002316,188.0
136,14,True,954,fhe,1774,1774,True,1774,1774,True,0.6351,0.002557,188.0
136,15,True,952,fhe,273,273,True,273,273,True,1.0722,0.000631,188.0
136,16,True,187,fhe,14,14,True,510,510,True,0.8852,0.002574,188.0
136,17,True,432,fhe,253,253,True,253,253,True,1.0649,0.001695,188.0
136,18,True,1986,fhe,2077,2077,True,2077,2077,True,6.8129,0.003528,188.0
136,19,True,2020,fhe,273,273,True,390,390,True,2.6222,0.004151,188.0
136,20,True,310,fhe,1925,1925,True,1925,1925,True,0.7722,0.002353,188.0
136,21,True,323,fhe,773,773,True,773,773,True,2.0507,0.00637,188.0
136,22,True,326,fhe,497,497,True,497,497,True,1.9338,0.001469,188.0
136,23,True,6879,fhe,13,13,True,13,13,True,4.4553,0.005762,188.0
136,24,True,15,fhe,187,187,True,187,187,True,0.939,0.001376,188.0
136,25,True,3622,fhe,13,13,True,13,13,True,0.8234,0.000508,188.0
136,26,True,6149,fhe,457,457,True,434,434,True,1.6892,0.005198,188.0
136,27,True,15,fhe,187,187,True,187,187,True,0.4166,0.001986,188.0
136,28,True,644,fhe,247,247,True,275,275,True,0.3218,0.003269,188.0
136,29,True,773,fhe,40918,40918,True,40918,40918,True,0.337,0.009572,188.0
136,30,True,10367,fhe,7742,7742,True,7742,7742,True,1.4032,0.002164,188.0
136,31,True,3676,fhe,347,347,True,347,347,True,5.7406,0.001515,188.0
136,32,True,6875,fhe,31029,31029,True,31029,31029,True,4.1754,0.003606,188.0
136,33,True,337,fhe,16,16,True,16,16,True,4.1237,0.004223,188.0
136,34,True,367,fhe,4740,4740,True,4740,4740,True,3.4641,0.001737,188.0
136,35,True,15,fhe,187,187,True,187,187,True,0.5574,0.00072,188.0
136,36,True,15,fhe,1583,1583,True,187,187,True,0.0051,0.000618,188.0
136,37,True,380,fhe,3416,3416,True,3295,3295,True,0.8395,0.007172,188.0
136,38,True,2261,fhe,275,275,True,275,275,True,0.36,0.004036,188.0
136,39,True,510,fhe,12927,12927,True,40277,40277,True,1.6441,0.001719,188.0
136,40,True,8449,fhe,418,418,True,418,418,True,1.3236,0.000846,188.0
136,41,True,643,fhe,4948,4948,True,4948,4948,True,0.0208,0.005245,188.0
136,42,True,873,fhe,273,273,True,273,273,True,8.6118,0.001973,188.0
136,43,True,2169,fhe,2308,2308,True,2308,2308,True,1.85,0.008095,188.0
136,44,True,689,fhe,247,247,True,1142,1142,True,0.3354,0.003812,188.0
136,45,True,253,fhe,14910,14910,True,1755,1755,True,0.6737,0.001492,188.0
136,46,True,15,fhe,187,187,True,1198,1198,True,1.9507,0.001622,188.0
136,47,True,20581,fhe,13,13,True,13,13,True,4.0839,0.003446,188.0
136,48,True,8450,fhe,403,403,True,2826,2826,True,1.7359,0.001461,188.0
136,49,True,13,fhe,285,285,True,285,285,True,0.2474,0.004188,188.0
136,50,True,275,fhe,253,253,True,4866,4866,True,1.4086,0.001893,188.0
136,51,True,26,fhe,2385,2385,True,2358,2358,True,0.0588,0.001638,188.0
136,52,True,6951,fhe,369,369,True,369,369,True,0.1676,0.001104,188.0
136,53,True,15,fhe,733,733,True,733,733,True,1.4138,0.000581,188.0
136,54,True,476,fhe,3153,3153,True,3153,3153,True,1.3137,0.008548,188.0
136,55,True,33501,fhe,323,323,True,275,275,True,0.5891,0.002508,188.0
136,56,True,3583,fhe,582,582,True,582,582,True,0.2789,0.003037,188.0
136,57,True,281,fhe,3657,3657,True,4796,4796,True,0.2593,0.003338,188.0
136,58,True,1568,fhe,2967,2967,True,2967,2967,True,3.5719,0.009988,188.0
136,59,True,15,fhe,187,187,True,187,187,True,2.4161,0.001389,188.0
136,60,True,8042,fhe,15,15,True,15,15,True,0.3592,0.002823,188.0
136,61,True,11893,fhe,313,313,True,313,313,True,4.3444,0.001967,188.0
136,62,True,2727,fhe,13,13,True,4735,4735,True,0.9626,0.001887,188.0
136,63,True,15001,fhe,15,15,True,15,15,True,3.8301,0.003756,188.0
137,0,True,27,fhe,329,329,True,329,329,True,0.49,0.001937,188.0
137,1,True,616,fhe,13805,13805,True,5793,5793,True,0.9337,0.00185,188.0
137,2,True,436,fhe,5161,5161,True,2144,2144,True,0.9635,0.005241,188.0
137,3,True,1690,fhe,6871,6871,True,29383,29383,True,1.1709,0.003359,188.0
137,4,True,275,fhe,253,253,True,253,253,True,3.8038,0.000761,188.0
137,5,True,281,fhe,1756,1756,True,14638,14638,True,0.1765,0.001517,188.0
137,6,True,13,fhe,616,616,True,1690,1690,True,0.5556,0.00429,188.0
137,7,True,1310,fhe,368,368,True,368,368,True,2.6489,0.001089,188.0
137,8,True,3417,fhe,273,273,True,273,273,True,2.6507,0.002589,188.0
137,9,True,15,fhe,380,380,True,733,733,True,0.4473,0.002635,188.0
137,10,True,187,fhe,510,510,True,688,688,True,1.4869,0.001747,188.0
137,11,True,3863,fhe,275,275,True,275,275,True,4.835,0.000796,188.0
137,12,True,352,fhe,598,598,True,598,598,True,0.3738,0.001926,188.0
137,13,True,253,fhe,1824,1824,True,2553,2553,True,0.4784,0.005515,188.0
137,14,True,1774,fhe,897,897,True,2181,2181,True,0.0667,0.004472,188.0
137,15,True,273,fhe,253,253,True,616,616,True,1.1695,0.003517,188.0
137,16,True,510,fhe,2144,2144,True,4038,4038,True,0.0149,0.004033,188.0
137,17,True,253,fhe,33143,33143,True,33143,33143,True,3.2676,0.003929,188.0
137,18,True,2077,fhe,15,15,True,15,15,True,1.5781,0.000643,188.0
137,19,True,390,fhe,3064,3064,True,3064,3064,True,3.394,0.006601,188.0
137,20,True,1925,fhe,247,247,True,247,247,True,2.669,0.001432,188.0
137,21,True,773,fhe,84,84,True,31406,31406,True,2.2938,0.005299,188.0
137,22,True,497,fhe,7899,7899,True,7899,7899,True,1.2464,0.002098,188.0
137,23,True,13,fhe,10909,10909,True,10909,10909,True,0.5959,0.002312,188.0
137,24,True,187,fhe,688,688,True,688,688,True,0.8656,0.007458,188.0
137,25,True,13,fhe,285,285,True,672,672,True,0.2288,0.005781,188.0
137,26,True,434,fhe,10825,10825,True,3276,3276,True,0.4525,0.00098,188.0
137,27,True,187,fhe,510,510,True,510,510,True,1.8517,0.004101,188.0
137,28,True,275,fhe,253,253,True,253,253,True,0.7007,0.004239,188.0
137,29,True,40918,fhe,1425,1425,True,1425,1425,True,1.5324,0.002437,188.0
137,30,True,7742,fhe,310,310,True,310,310,True,0.8658,0.004115,188.0
137,31,True,347,fhe,337,337,True,495,495,True,0.4757,0.002914,188.0
137,32,True,31029,fhe,24837,24837,True,24837,24837,True,6.3416,0.00708,188.0
137,33,True,16,fhe,740,740,True,2313,2313,True,1.4755,0.007449,188.0
137,34,True,4740,fhe,321,321,True,321,321,True,4.4234,0.001768,188.0
137,35,True,187,fhe,510,510,True,510,510,True,1.9664,0.00091,188.0
137,36,True,187,fhe,510,510,True,510,510,True,0.9898,0.00105,188.0
137,37,True,3295,fhe,310,310,True,556,556,True,0.6575,0.003013,188.0
137,38,True,275,fhe,40910,40910,True,40910,40910,True,0.5883,0.002033,188.0
137,39,True,40277,fhe,403,403,True,403,403,True,1.622,0.002768,188.0
137,40,True,418,fhe,2381,2381,True,2381,2381,True,0.5471,0.00228,188.0
137,41,True,4948,fhe,273,273,True,273,273,True,7.0983,0.002229,188.0
137,42,True,273,fhe,7465,7465,True,5859,5859,True,1.3716,0.001357,188.0
137,43,True,2308,fhe,273,273,True,273,273,True,6.3611,0.000749,188.0
137,44,True,1142,fhe,1107,1107,True,14020,14020,True,1.8139,0.00571,188.0
137,45,True,1755,fhe,273,273,True,273,273,True,2.9457,0.000647,188.0
137,46,True,1198,fhe,1650,1650,True,1650,1650,True,2.9446,0.001768,188.0
137,47,True,13,fhe,285,285,True,285,285,True,1.7091,0.005491,188.0
137,48,True,2826,fhe,672,672,True,672,672,True,1.3878,0.005385,188.0
137,49,True,285,fhe,253,253,True,253,253,True,5.0082,0.001475,188.0
137,50,True,4866,fhe,13,13,True,13,13,True,0.6819,0.002138,188.0
137,51,True,2358,fhe,23899,23899,True,23899,23899,True,2.988,0.003385,188.0
137,52,True,369,fhe,4845,4845,True,4845,4845,True,2.988,0.00405,188.0
137,53,True,733,fhe,310,310,True,556,556,True,1.4607,0.001537,188.0
137,54,True,3153,fhe,323,323,True,323,323,True,0.3946,0.001297,188.0
137,55,True,275,fhe,253,253,True,253,253,True,0.3334,0.001337,188.0
137,56,True,582,fhe,534,534,True,534,534,True,0.0102,0.003069,188.0
137,57,True,4796,fhe,253,253,True,253,253,True,1.0762,0.008321,188.0
137,58,True,2967,fhe,13,13,True,665,665,True,0.0679,0.000981,188.0
137,59,True,187,fhe,510,510,True,510,510,True,0.5113,0.003445,188.0
137,60,True,15,fhe,380,380,True,187,187,True,1.0589,0.0028,188.0
137,61,True,313,fhe,7716,7716,True,7716,7716,True,4.9822,0.005802,188.0
137,62,True,4735,fhe,13,13,True,13,13,True,2.9438,0.001668,188.0
137,63,True,15,fhe,380,380,True,496,496,True,0.404,0.002372,188.0
138,0,True,329,fhe,5086,5086,True,5086,5086,True,0.1214,0.004129,188.0
138,1,True,5793,fhe,3607,3607,True,3607,3607,True,1.6555,0.002909,188.0
138,2,True,2144,fhe,310,310,True,4850,4850,True,1.5772,0.002292,188.0
138,3,True,29383,fhe,824,824,True,751,751,True,1.7807,0.001031,188.0
138,4,True,253,fhe,17652,17652,True,17652,17652,True,0.4168,0.003315,188.0
138,5,True,14638,fhe,4024,4024,True,4024,4024,True,7.6469,0.002305,188.0
138,6,True,1690,fhe,616,616,True,752,752,True,0.6255,0.003057,188.0
138,7,True,368,fhe,403,403,True,403,403,True,0.4279,0.003736,188.0
138,8,True,273,fhe,11260,11260,True,11260,11260,True,2.1282,0.009124,188.0
138,9,True,733,fhe,778,778,True,310,310,True,0.207,0.006928,188.0
138,10,True,688,fhe,253,253,True,1635,1635,True,0.0463,0.002208,188.0
138,11,True,275,fhe,253,253,True,380,380,True,3.7641,0.00099,188.0
138,12,True,598,fhe,342,342,True,342,342,True,0.2426,0.001193,188.0
138,13,True,2553,fhe,273,273,True,273,273,True,1.7384,0.002432,188.0
138,14,True,2181,fhe,670,670,True,670,670,True,0.2581,0.001291,188.0
138,15,True,616,fhe,1375,1375,True,1375,1375,True,1.2238,0.00224,188.0
138,16,True,4038,fhe,273,273,True,273,273,True,1.5819,0.001863,188.0
138,17,True,33143,fhe,4422,4422,True,4422,4422,True,1.0602,0.007117,188.0
138,18,True,15,fhe,733,733,True,380,380,True,0.4715,0.001315,188.0
138,19,True,3064,fhe,273,273,True,273,273,True,1.4926,0.001178,188.0
138,20,True,247,fhe,260,260,True,7360,7360,True,1.1501,0.0136,188.0
138,21,True,31406,fhe,1806,1806,True,1806,1806,True,0.376,0.001684,188.0
138,22,True,7899,fhe,281,281,True,2217,2217,True,0.6887,0.002188,188.0
138,23,True,10909,fhe,13,13,True,13,13,True,4.5481,0.004846,188.0
138,24,True,688,fhe,1458,1458,True,1458,1458,True,0.9201,0.00183,188.0
138,25,True,672,fhe,253,253,True,15388,15388,True,0.2392,0.00102,188.0
138,26,True,3276,fhe,13,13,True,13,13,True,1.238,0.001722,188.0
138,27,True,510,fhe,9279,9279,True,18098,18098,True,0.6687,0.001214,188.0
138,28,True,253,fhe,1072,1072,True,1072,1072,True,0.5636,0.004285,188.0
138,29,True,1425,fhe,380,380,True,23790,23790,True,0.6775,0.001015,188.0
138,30,True,310,fhe,23128,23128,True,23128,23128,True,1.3126,0.001301,188.0
138,31,True,495,fhe,13,13,True,13,13,True,1.4861,0.002104,188.0
138,32,True,24837,fhe,13,13,True,13,13,True,10.5939,0.011007,188.0
138,33,True,2313,fhe,394,394,True,394,394,True,5.3657,0.001057,188.0
138,34,True,321,fhe,6888,6888,True,6888,6888,True,0.811,0.002789,188.0
138,35,True,510,fhe,12927,12927,True,40277,40277,True,1.6774,0.003377,188.0
138,36,True,510,fhe,1735,1735,True,1821,1821,True,0.0594,0.004273,188.0
138,37,True,556,fhe,644,644,True,644,644,True,1.3948,0.003151,188.0
138,38,True,40910,fhe,403,403,True,403,403,True,0.4501,0.003623,188.0
138,39,True,403,fhe,4272,4272,True,4272,4272,True,0.1099,0.004516,188.0
138,40,True,2381,fhe,67,67,True,67,67,True,2.9474,0.005091,188.0
138,41,True,273,fhe,11081,11081,True,31427,31427,True,1.4936,0.003122,188.0
138,42,True,5859,fhe,7465,7465,True,4730,4730,True,2.1909,0.006387,188.0
138,43,True,273,fhe,4073,4073,True,4073,4073,True,0.253,0.004875,188.0
138,44,True,14020,fhe,13,13,True,13,13,True,0.0864,0.000613,188.0
138,45,True,273,fhe,253,253,True,1016,1016,True,0.4292,0.00305,188.0
138,46,True,1650,fhe,13,13,True,13,13,True,5.871,0.003342,188.0
138,47,True,285,fhe,643,643,True,5497,5497,True,1.4333,0.000855,188.0
138,48,True,672,fhe,253,253,True,1633,1633,True,0.2222,0.001113,188.0
138,49,True,253,fhe,43263,43263,True,43263,43263,True,0.0284,0.002929,188.0
138,50,True,13,fhe,285,285,True,533,533,True,1.2499,0.001873,188.0
138,51,True,23899,fhe,481,481,True,481,481,True,1.0536,0.011338,188.0
138,52,True,4845,fhe,327,327,True,875,875,True,0.8428,0.002565,188.0
138,53,True,556,fhe,247,247,True,1142,1142,True,0.5636,0.002917,188.0
138,54,True,323,fhe,598,598,True,2067,2067,True,0.8928,0.002141,188.0
138,55,True,253,fhe,13438,13438,True,13438,13438,True,0.5157,0.007227,188.0
138,56,True,534,fhe,369,369,True,1912,1912,True,0.2936,0.00583,188.0
138,57,True,253,fhe,2408,2408,True,2408,2408,True,0.4271,0.014543,188.0
138,58,True,665,fhe,6940,6940,True,6940,6940,True,0.1307,0.001908,188.0
138,59,True,510,fhe,4177,4177,True,747,747,True,1.0865,0.001906,188.0
138,60,True,187,fhe,510,510,True,510,510,True,2.0655,0.00306,188.0
138,61,True,7716,fhe,19,19,True,89,89,True,0.2067,0.004367,188.0
138,62,True,13,fhe,368,368,True,352,352,True,1.1584,0.001952,188.0
138,63,True,496,fhe,253,253,True,436,436,True,0.2248,0.002614,188.0
139,0,True,5086,fhe,3673,3673,True,3673,3673,True,0.5271,0.005302,188.0
139,1,True,3607,fhe,854,854,True,898,898,True,0.2892,0.004273,188.0
139,2,True,4850,fhe,3511,3511,True,1512,1512,True,0.7243,0.001584,188.0
139,3,True,751,fhe,29742,29742,True,26055,26055,True,0.2911,0.005007,188.0
139,4,True,17652,fhe,15,15,True,13,13,True,0.8438,0.002669,188.0
139,5,True,4024,fhe,15,15,True,313,313,True,2.4924,0.002036,188.0
139,6,True,752,fhe,597,597,True,597,597,True,2.6516,0.00076,188.0
139,7,True,403,fhe,4983,4983,True,7219,7219,True,2.0544,0.006453,188.0
139,8,True,11260,fhe,13,13,True,27,27,True,0.5898,0.00142,188.0
139,9,True,310,fhe,3798,3798,True,4536,4536,True,0.0338,0.003463,188.0
139,10,True,1635,fhe,281,281,True,281,281,True,0.133,0.002057,188.0
139,11,True,380,fhe,9109,9109,True,9109,9109,True,0.3453,0.001701,188.0
139,12,True,342,fhe,616,616,True,616,616,True,1.4744,0.008009,188.0
139,13,True,273,fhe,253,253,True,1824,1824,True,3.9008,0.001674,188.0
139,14,True,670,fhe,25818,25818,True,25818,25818,True,2.8566,0.004678,188.0
139,15,True,1375,fhe,323,323,True,390,390,True,0.0793,0.001704,188.0
139,16,True,273,fhe,253,253,True,253,253,True,2.0152,0.007916,188.0
139,17,True,4422,fhe,15,15,True,15,15,True,7.2979,0.003469,188.0
139,18,True,380,fhe,444,444,True,354,354,True,1.3945,0.003149,188.0
139,19,True,273,fhe,767,767,True,767,767,True,0.818,0.004227,188.0
139,20,True,7360,fhe,15,15,True,15,15,True,0.743,0.005602,188.0
139,21,True,1806,fhe,773,773,True,256,256,True,0.1759,0.006943,188.0
139,22,True,2217,fhe,281,281,True,323,323,True,1.2675,0.004834,188.0
139,23,True,13,fhe,10909,10909,True,11275,11275,True,0.0514,0.008683,188.0
139,24,True,1458,fhe,3079,3079,True,3079,3079,True,0.1922,0.006497,188.0
139,25,True,15388,fhe,80,80,True,80,80,True,9.6059,0.013832,188.0
139,26,True,13,fhe,26611,26611,True,26611,26611,True,0.034,0.001442,188.0
139,27,True,18098,fhe,403,403,True,4172,4172,True,1.6278,0.0011,188.0
139,28,True,1072,fhe,1659,1659,True,1659,1659,True,0.3992,0.004296,188.0
139,29,True,23790,fhe,310,310,True,310,310,True,0.2981,0.008905,188.0
139,30,True,23128,fhe,407,407,True,432,432,True,0.1684,0.000929,188.0
139,31,True,13,fhe,933,933,True,7554,7554,True,1.1679,0.004568,188.0
139,32,True,13,fhe,3690,3690,True,3690,3690,True,6.666,0.005414,188.0
139,33,True,394,fhe,273,273,True,273,273,True,0.4078,0.000715,188.0
139,34,True,6888,fhe,326,326,True,247,247,True,1.4697,0.000816,188.0
139,35,True,40277,fhe,403,403,True,403,403,True,1.6365,0.002486,188.0
139,36,True,1821,fhe,403,403,True,403,403,True,0.9601,0.00109,188.0
139,37,True,644,fhe,2879,2879,True,2879,2879,True,0.0592,0.01022,188.0
139,38,True,403,fhe,908,908,True,908,908,True,0.0839,0.005949,188.0
139,39,True,4272,fhe,715,715,True,715,715,True,3.7792,0.001265,188.0
139,40,True,67,fhe,13,13,True,3750,3750,True,0.0305,0.001815,188.0
139,41,True,31427,fhe,15,15,True,15,15,True,1.9543,0.001585,188.0
139,42,True,4730,fhe,7465,7465,True,7465,7465,True,3.8897,0.005727,188.0
139,43,True,4073,fhe,23884,23884,True,23884,23884,True,2.1805,0.00395,188.0
139,44,True,13,fhe,285,285,True,6153,6153,True,2.1443,0.001794,188.0
139,45,True,1016,fhe,39947,39947,True,39947,39947,True,0.1165,0.002279,188.0
139,46,True,13,fhe,604,604,True,604,604,True,0.442,0.002309,188.0
139,47,True,5497,fhe,790,790,True,790,790,True,6.9571,0.004504,188.0
139,48,True,1633,fhe,310,310,True,6569,6569,True,1.3942,0.004952,188.0
139,49,True,43263,fhe,15,15,True,313,313,True,0.6807,0.000793,188.0
139,50,True,533,fhe,597,597,True,597,597,True,0.6418,0.00257,188.0
139,51,True,481,fhe,187,187,True,187,187,True,0.0052,0.003692,188.0
139,52,True,875,fhe,731,731,True,731,731,True,0.6713,0.001649,188.0
139,53,True,1142,fhe,43940,43940,True,43940,43940,True,0.2478,0.005518,188.0
139,54,True,2067,fhe,1107,1107,True,2607,2607,True,2.2303,0.001437,188.0
139,55,True,13438,fhe,13,13,True,84,84,True,1.2588,0.003496,188.0
139,56,True,1912,fhe,779,779,True,779,779,True,0.4502,0.000713,188.0
139,57,True,2408,fhe,273,273,True,273,273,True,4.9676,0.001466,188.0
139,58,True,6940,fhe,275,275,True,327,327,True,1.3581,0.001097,188.0
139,59,True,747,fhe,4177,4177,True,6114,6114,True,1.4758,0.002098,188.0
139,60,True,510,fhe,1481,1481,True,11260,11260,True,0.3873,0.004045,188.0
139,61,True,89,fhe,481,481,True,481,481,True,1.7213,0.004213,188.0
139,62,True,352,fhe,588,588,True,588,588,True,0.2577,0.001025,188.0
139,63,True,436,fhe,1232,1232,True,1232,1232,True,1.9656,0.00328,188.0
140,0,True,3673,fhe,5025,5025,True,5025,5025,True,7.4074,0.003272,188.0
140,1,True,898,fhe,15,15,True,15,15,True,7.4292,0.001202,188.0
140,2,True,1512,fhe,3511,3511,True,3511,3511,True,3.7814,0.002016,188.0
140,3,True,26055,fhe,13,13,True,13,13,True,1.0349,0.003382,188.0
140,4,True,13,fhe,285,285,True,533,533,True,0.4773,0.00252,188.0
140,5,True,313,fhe,2887,2887,True,2887,2887,True,0.2266,0.003091,188.0
140,6,True,597,fhe,1869,1869,True,1869,1869,True,0.1394,0.00118,188.0
140,7,True,7219,fhe,281,281,True,327,327,True,1.6962,0.002424,188.0
140,8,True,27,fhe,253,253,True,247,247,True,0.7418,0.001669,188.0
140,9,True,4536,fhe,11704,11704,True,11704,11704,True,1.8217,0.001383,188.0
140,10,True,281,fhe,253,253,True,253,253,True,1.901,0.00427,188.0
140,11,True,9109,fhe,273,273,True,273,273,True,7.564,0.000755,188.0
140,12,True,616,fhe,6208,6208,True,6208,6208,True,0.3993,0.002141,188.0
140,13,True,1824,fhe,4916,4916,True,4916,4916,True,0.1406,0.004148,188.0
140,14,True,25818,fhe,310,310,True,310,310,True,3.7773,0.000858,188.0
140,15,True,390,fhe,2586,2586,True,2586,2586,True,1.2032,0.001902,188.0
140,16,True,253,fhe,2144,2144,True,2144,2144,True,1.7507,0.003511,188.0
140,17,True,15,fhe,187,187,True,187,187,True,1.6967,0.002315,188.0
140,18,True,354,fhe,29174,29174,True,29174,29174,True,7.0242,0.013605,188.0
140,19,True,767,fhe,14636,14636,True,14636,14636,True,2.0296,0.0016,188.0
140,20,True,15,fhe,380,380,True,5815,5815,True,1.0591,0.00317,188.0
140,21,True,256,fhe,472,324,False,472,472,True,0.0061,0.002209,188.0
140,22,True,323,fhe,253,253,True,8542,8542,True,0.3331,0.001817,188.0
140,23,True,11275,fhe,13,13,True,13,13,True,4.9142,0.001998,188.0
140,24,True,3079,fhe,46087,46087,True,46087,46087,True,0.5691,0.002061,188.0
140,25,True,80,fhe,256,256,True,256,256,True,0.1873,0.003877,188.0
140,26,True,26611,fhe,13,13,True,13,13,True,4.3186,0.003074,188.0
140,27,True,4172,fhe,3878,3878,True,3878,3878,True,7.6933,0.003086,188.0
140,28,True,1659,fhe,323,323,True,323,323,True,0.8319,0.001356,188.0
140,29,True,310,fhe,247,247,True,247,247,True,0.7049,0.00278,188.0
140,30,True,432,fhe,253,253,True,5113,5113,True,0.3431,0.003243,188.0
140,31,True,7554,fhe,4669,4669,True,4669,4669,True,4.0248,0.002725,188.0
140,32,True,3690,fhe,15,15,True,15,15,True,6.2821,0.015788,188.0
140,33,True,273,fhe,253,253,True,253,253,True,0.9572,0.001304,188.0
140,34,True,247,fhe,1039,1039,True,1039,1039,True,0.202,0.001415,188.0
140,35,True,403,fhe,4272,4272,True,4272,4272,True,0.0931,0.004501,188.0
140,36,True,403,fhe,1335,1335,True,1335,1335,True,0.0947,0.00139,188.0
140,37,True,2879,fhe,281,281,True,407,407,True,1.9788,0.002871,188.0
140,38,True,908,fhe,407,407,True,407,407,True,0.289,0.000887,188.0
140,39,True,715,fhe,767,767,True,767,767,True,0.2328,0.004718,188.0
140,40,True,3750,fhe,13,13,True,13,13,True,0.7275,0.000539,188.0
140,41,True,15,fhe,187,187,True,187,187,True,1.1505,0.004349,188.0
140,42,True,7465,fhe,15,15,True,326,326,True,1.0986,0.003146,188.0
140,43,True,23884,fhe,13,13,True,13,13,True,0.2882,0.001347,188.0
140,44,True,6153,fhe,253,253,True,271,271,True,0.0729,0.001346,188.0
140,45,True,39947,fhe,15,15,True,15,15,True,1.2047,0.0024,188.0
140,46,True,604,fhe,359,359,True,359,359,True,0.8071,0.00194,188.0
140,47,True,790,fhe,15,15,True,15,15,True,1.4657,0.001887,188.0
140,48,True,6569,fhe,281,281,True,275,275,True,1.6585,0.000742,188.0
140,49,True,313,fhe,783,783,True,783,783,True,1.571,0.002917,188.0
140,50,True,597,fhe,671,671,True,671,671,True,0.1712,0.002649,188.0
140,51,True,187,fhe,510,510,True,510,510,True,1.6124,0.003961,188.0
140,52,True,731,fhe,15,15,True,15,15,True,2.2877,0.000719,188.0
140,53,True,43940,fhe,3927,3927,True,3927,3927,True,4.0571,0.00937,188.0
140,54,True,2607,fhe,13,13,True,390,390,True,1.3431,0.001999,188.0
140,55,True,84,fhe,273,273,True,273,273,True,1.7745,0.000731,188.0
140,56,True,779,fhe,253,253,True,913,913,True,0.9477,0.001137,188.0
140,57,True,273,fhe,1959,1959,True,1959,1959,True,0.8956,0.004495,188.0
140,58,True,327,fhe,253,253,True,253,253,True,1.778,0.003602,188.0
140,59,True,6114,fhe,403,403,True,403,403,True,1.4711,0.004499,188.0
140,60,True,11260,fhe,403,403,True,6008,6008,True,0.5967,0.004268,188.0
140,61,True,481,fhe,187,187,True,380,380,True,0.3202,0.001728,188.0
140,62,True,588,fhe,1614,1614,True,1614,1614,True,0.3147,0.008701,188.0
140,63,True,1232,fhe,13,13,True,13,13,True,2.8289,0.001511,188.0
141,0,True,5025,fhe,583,583,True,583,583,True,6.8775,0.004307,188.0
141,1,True,15,fhe,3666,3666,True,3666,3666,True,0.8126,0.004738,188.0
141,2,True,3511,fhe,13,13,True,13,13,True,3.0737,0.002078,188.0
141,3,True,13,fhe,6871,6871,True,6871,6871,True,0.3355,0.003353,188.0
141,4,True,533,fhe,253,253,True,352,352,True,0.1424,0.001355,188.0
141,5,True,2887,fhe,773,773,True,773,773,True,0.4402,0.003056,188.0
141,6,True,1869,fhe,597,597,True,597,597,True,1.1744,0.003358,188.0
141,7,True,327,fhe,4983,4983,True,970,970,True,1.7899,0.003175,188.0
141,8,True,247,fhe,1846,1846,True,1846,1846,True,0.7396,0.004286,188.0
141,9,True,11704,fhe,407,407,True,407,407,True,5.0056,0.001865,188.0
141,10,True,253,fhe,1304,1304,True,1304,1304,True,0.0972,0.00608,188.0
141,11,True,273,fhe,32212,32212,True,32212,32212,True,1.549,0.000707,188.0
141,12,True,6208,fhe,31369,31369,True,31369,31369,True,1.346,0.003395,188.0
141,13,True,4916,fhe,1077,1077,True,1077,1077,True,0.1445,0.00556,188.0
141,14,True,310,fhe,326,326,True,326,326,True,2.3567,0.002475,188.0
141,15,True,2586,fhe,15,15,True,15,15,True,0.4246,0.002257,188.0
141,16,True,2144,fhe,310,310,True,14802,14802,True,2.0706,0.004502,188.0
141,17,True,187,fhe,7146,7146,True,7146,7146,True,0.192,0.010942,188.0
141,18,True,29174,fhe,369,369,True,4767,4767,True,1.1451,0.003883,188.0
141,19,True,14636,fhe,310,310,True,310,310,True,2.7515,0.00873,188.0
141,20,True,5815,fhe,7360,7360,True,7360,7360,True,3.2781,0.008881,188.0
141,21,True,472,fhe,266,266,True,266,266,True,0.5786,0.005225,188.0
141,22,True,8542,fhe,6378,6378,True,6378,6378,True,0.1913,0.002928,188.0
141,23,True,13,fhe,10523,10523,True,10523,10523,True,0.9228,0.013762,188.0
141,24,True,46087,fhe,80,80,True,80,80,True,5.9863,0.012169,188.0
141,25,True,256,fhe,6682,6682,True,6682,6682,True,8.2256,0.008595,188.0
141,26,True,13,fhe,285,285,True,5448,5448,True,2.24,0.002897,188.0
141,27,True,3878,fhe,275,275,True,275,275,True,0.2429,0.002433,188.0
141,28,True,323,fhe,247,247,True,767,767,True,0.6099,0.000559,188.0
141,29,True,247,fhe,7043,7043,True,1077,1077,True,0.0648,0.004812,188.0
141,30,True,5113,fhe,13,13,True,285,285,True,0.5357,0.002136,188.0
141,31,True,4669,fhe,313,313,True,313,313,True,4.9374,0.001824,188.0
141,32,True,15,fhe,1876,1876,True,1876,1876,True,5.5284,0.004784,188.0
141,33,True,253,fhe,2280,2280,True,2280,2280,True,3.3871,0.002115,188.0
141,34,True,1039,fhe,281,281,True,281,281,True,2.2736,0.000712,188.0
141,35,True,4272,fhe,715,715,True,715,715,True,3.8465,0.001391,188.0
141,36,True,1335,fhe,327,327,True,2820,2820,True,0.0958,0.002208,188.0
141,37,True,407,fhe,253,253,True,253,253,True,1.7729,0.005789,188.0
141,38,True,407,fhe,6244,6244,True,6244,6244,True,1.8387,0.001771,188.0
141,39,True,767,fhe,2022,2022,True,2022,2022,True,0.119,0.001995,188.0
141,40,True,13,fhe,285,285,True,665,665,True,0.3285,0.000738,188.0
141,41,True,187,fhe,510,510,True,510,510,True,2.8169,0.001146,188.0
141,42,True,326,fhe,403,403,True,651,651,True,0.1726,0.006562,188.0
141,43,True,13,fhe,534,534,True,534,534,True,0.3653,0.005632,188.0
141,44,True,271,fhe,2455,2455,True,2455,2455,True,1.3327,0.004071,188.0
141,45,True,15,fhe,187,187,True,380,380,True,0.8017,0.002064,188.0
141,46,True,359,fhe,971,971,True,971,971,True,0.2926,0.005422,188.0
141,47,True,15,fhe,25196,25196,True,187,187,True,0.3235,0.000723,188.0
141,48,True,275,fhe,253,253,True,634,634,True,1.1479,0.00202,188.0
141,49,True,783,fhe,629,629,True,2170,2170,True,2.3707,0.003405,188.0
141,50,True,671,fhe,1361,1361,True,1361,1361,True,0.6428,0.004677,188.0
141,51,True,510,fhe,49389,49389,True,7952,7952,True,0.8059,0.003749,188.0
141,52,True,15,fhe,187,187,True,187,187,True,0.0766,0.002212,188.0
141,53,True,3927,fhe,13,13,True,13,13,True,1.2081,0.000587,188.0
141,54,True,390,fhe,625,625,True,625,625,True,0.1838,0.002007,188.0
141,55,True,273,fhe,253,253,True,253,253,True,1.8725,0.003785,188.0
141,56,True,913,fhe,7041,7041,True,7041,7041,True,3.8139,0.016467,188.0
141,57,True,1959,fhe,26875,26875,True,26875,26875,True,1.9513,0.005377,188.0
141,58,True,253,fhe,8704,8704,True,8704,8704,True,0.0543,0.003055,188.0
141,59,True,403,fhe,670,670,True,670,670,True,0.4814,0.007562,188.0
141,60,True,6008,fhe,22392,22392,True,22392,22392,True,0.5591,0.002662,188.0
141,61,True,380,fhe,10688,10688,True,3361,3361,True,1.5753,0.004588,188.0
141,62,True,1614,fhe,745,745,True,745,745,True,1.8426,0.001782,188.0
141,63,True,13,fhe,6315,6315,True,23993,23993,True,0.9243,0.001888,188.0
142,0,True,583,fhe,277,277,True,277,277,True,2.5283,0.008433,188.0
142,1,True,3666,fhe,19268,19268,True,19268,19268,True,7.8535,0.01,188.0
142,2,True,13,fhe,352,352,True,352,352,True,1.981,0.002289,188.0
142,3,True,6871,fhe,13,13,True,13,13,True,3.5046,0.000973,188.0
142,4,True,352,fhe,310,310,True,3798,3798,True,0.692,0.005039,188.0
142,5,True,773,fhe,3251,3251,True,2347,2347,True,0.7925,0.005491,188.0
142,6,True,597,fhe,651,651,True,651,651,True,0.2959,0.001146,188.0
142,7,True,970,fhe,247,247,True,253,253,True,0.1109,0.001633,188.0
142,8,True,1846,fhe,2419,2419,True,2419,2419,True,1.0347,0.004186,188.0
142,9,True,407,fhe,33706,33706,True,33706,33706,True,0.3157,0.007237,188.0
142,10,True,1304,fhe,13,13,True,457,457,True,2.0632,0.000821,188.0
142,11,True,32212,fhe,1119,1119,True,1119,1119,True,0.677,0.002822,188.0
142,12,True,31369,fhe,15,15,True,15,15,True,1.3886,0.004593,188.0
142,13,True,1077,fhe,5412,5412,True,5412,5412,True,1.4502,0.010757,188.0
142,14,True,326,fhe,352,352,True,352,352,True,3.2919,0.002917,188.0
142,15,True,15,fhe,187,187,True,380,380,True,0.5484,0.001135,188.0
142,16,True,14802,fhe,253,253,True,849,849,True,0.8752,0.003295,188.0
142,17,True,7146,fhe,1060,1060,True,1060,1060,True,4.3871,0.003336,188.0
142,18,True,4767,fhe,326,326,True,326,326,True,2.3911,0.00098,188.0
142,19,True,310,fhe,4503,4503,True,1900,1900,True,0.9266,0.00535,188.0
142,20,True,7360,fhe,4428,4428,True,4428,4428,True,0.3494,0.001023,188.0
142,21,True,266,fhe,13,13,True,522,522,True,0.5155,0.003517,188.0
142,22,True,6378,fhe,15,15,True,15,15,True,2.2689,0.001688,188.0
142,23,True,10523,fhe,13,13,True,13,13,True,4.6865,0.002204,188.0
142,24,True,80,fhe,369,369,True,4895,4895,True,0.5676,0.001194,188.0
142,25,True,6682,fhe,561,561,True,561,561,True,9.7842,0.015365,188.0
142,26,True,5448,fhe,13,13,True,3885,3885,True,0.4724,0.005201,188.0
142,27,True,275,fhe,253,253,True,3563,3563,True,0.1716,0.002087,188.0
142,28,True,767,fhe,3038,3038,True,3038,3038,True,1.249,0.004775,188.0
142,29,True,1077,fhe,1774,1774,True,1774,1774,True,0.6282,0.002005,188.0
142,30,True,285,fhe,310,310,True,310,310,True,1.7823,0.001682,188.0
142,31,True,313,fhe,18,18,True,19,19,True,3.4776,0.00268,188.0
142,32,True,1876,fhe,12484,12484,True,12484,12484,True,5.544,0.032061,188.0
142,33,True,2280,fhe,273,273,True,273,273,True,5.478,0.001585,188.0
142,34,True,281,fhe,4711,4711,True,4711,4711,True,0.4431,0.014292,188.0
142,35,True,715,fhe,767,767,True,767,767,True,0.2206,0.00494,188.0
142,36,True,2820,fhe,281,281,True,281,281,True,5.3446,0.00215,188.0
142,37,True,253,fhe,9558,9558,True,9558,9558,True,0.4258,0.001418,188.0
142,38,True,6244,fhe,281,281,True,281,281,True,0.2303,0.000989,188.0
142,39,True,2022,fhe,4243,4243,True,4243,4243,True,0.1513,0.004434,188.0
142,40,True,665,fhe,4907,4907,True,4907,4907,True,1.4615,0.00115,188.0
142,41,True,510,fhe,427,427,True,427,427,True,1.2456,0.002872,188.0
142,42,True,651,fhe,320,320,True,2085,2085,True,1.2973,0.002428,188.0
142,43,True,534,fhe,476,476,True,476,476,True,0.332,0.004298,188.0
142,44,True,2455,fhe,14,14,True,14,14,True,1.3342,0.007799,188.0
142,45,True,380,fhe,39947,39947,True,39947,39947,True,1.0026,0.002176,188.0
142,46,True,971,fhe,281,281,True,281,281,True,3.5501,0.003524,188.0
142,47,True,187,fhe,510,510,True,510,510,True,0.651,0.002191,188.0
142,48,True,634,fhe,2133,2133,True,2133,2133,True,0.5729,0.002899,188.0
142,49,True,2170,fhe,273,273,True,273,273,True,0.9582,0.000661,188.0
142,50,True,1361,fhe,253,253,True,2118,2118,True,0.0429,0.002382,188.0
142,51,True,7952,fhe,310,310,True,16149,16149,True,0.2487,0.003046,188.0
142,52,True,187,fhe,510,510,True,510,510,True,1.3516,0.002503,188.0
142,53,True,13,fhe,1690,1690,True,1690,1690,True,0.3924,0.003473,188.0
142,54,True,625,fhe,13,13,True,13,13,True,0.8987,0.001434,188.0
142,55,True,253,fhe,10515,10515,True,10515,10515,True,0.8231,0.000966,188.0
142,56,True,7041,fhe,347,347,True,347,347,True,0.0319,0.000817,188.0
142,57,True,26875,fhe,275,275,True,4197,4197,True,0.9073,0.00288,188.0
142,58,True,8704,fhe,42997,19607,False,42997,19607,False,0.0119,0.001486,188.0
142,59,True,670,fhe,253,253,True,2716,2716,True,0.7596,0.002364,188.0
142,60,True,22392,fhe,13,13,True,13,13,True,1.0137,0.000834,188.0
142,61,True,3361,fhe,273,273,True,273,273,True,4.0545,0.000947,188.0
142,62,True,745,fhe,253,253,True,672,672,True,0.2944,0.002307,188.0
142,63,True,23993,fhe,310,310,True,310,310,True,1.1377,0.005281,188.0
143,0,True,277,fhe,41178,41178,True,41178,41178,True,3.1681,0.004294,188.0
143,1,True,19268,fhe,253,253,True,767,767,True,0.6724,0.002611,188.0
143,2,True,352,fhe,4916,4916,True,4916,4916,True,0.4402,0.003399,188.0
143,3,True,13,fhe,285,285,True,30237,30237,True,0.4884,0.002658,188.0
143,4,True,3798,fhe,310,310,True,14190,14190,True,0.3661,0.001583,188.0
143,5,True,2347,fhe,281,281,True,1916,1916,True,1.2395,0.001187,188.0
143,6,True,651,fhe,320,320,True,320,320,True,0.2874,0.005866,188.0
143,7,True,253,fhe,8825,8825,True,8825,8825,True,0.5285,0.005898,188.0
143,8,True,2419,fhe,653,653,True,653,653,True,1.6524,0.002413,188.0
143,9,True,33706,fhe,13,13,True,13,13,True,1.595,0.000679,188.0
143,10,True,457,fhe,84,84,True,84,84,True,13.0511,0.002508,188.0
143,11,True,1119,fhe,326,326,True,326,326,True,3.5397,0.003313,188.0
143,12,True,15,fhe,380,380,True,187,187,True,0.2449,0.0013,188.0
143,13,True,5412,fhe,13,13,True,13,13,True,0.8973,0.000899,188.0
143,14,True,352,fhe,310,310,True,476,476,True,0.4419,0.003672,188.0
143,15,True,380,fhe,3918,3918,True,3918,3918,True,0.1297,0.001957,188.0
143,16,True,849,fhe,352,352,True,352,352,True,0.1696,0.002759,188.0
143,17,True,1060,fhe,281,281,True,323,323,True,2.7262,0.002978,188.0
143,18,True,326,fhe,20086,20086,True,20086,20086,True,0.0688,0.001126,188.0
143,19,True,1900,fhe,12660,12660,True,12660,12660,True,0.4814,0.001258,188.0
143,20,True,4428,fhe,247,247,True,581,581,True,0.0745,0.000922,188.0
143,21,True,522,fhe,50113,50113,True,50113,50113,True,1.3033,0.00466,188.0
143,22,True,15,fhe,187,187,True,187,187,True,1.1627,0.0008,188.0
143,23,True,13,fhe,11275,11275,True,5096,5096,True,1.1184,0.003435,188.0
143,24,True,4895,fhe,281,281,True,281,281,True,2.7133,0.002971,188.0
143,25,True,561,fhe,5420,5420,True,5420,5420,True,1.0282,0.003119,188.0
143,26,True,3885,fhe,13,13,True,13,13,True,1.9439,0.002848,188.0
143,27,True,3563,fhe,5768,5768,True,5768,5768,True,1.066,0.000961,188.0
143,28,True,3038,fhe,13,13,True,1078,1078,True,0.8051,0.002117,188.0
143,29,True,1774,fhe,3284,3284,True,3284,3284,True,0.2409,0.005518,188.0
143,30,True,310,fhe,19360,19360,True,11392,11392,True,0.5386,0.001417,188.0
143,31,True,19,fhe,13,13,True,13,13,True,3.8704,0.006628,188.0
143,32,True,12484,fhe,32997,32997,True,32997,32997,True,8.8733,0.01472,188.0
143,33,True,273,fhe,253,253,True,776,776,True,1.6125,0.002598,188.0
143,34,True,4711,fhe,9946,9946,True,9946,9946,True,2.1688,0.004785,188.0
143,35,True,767,fhe,2022,2022,True,2022,2022,True,0.182,0.002193,188.0
143,36,True,281,fhe,1089,1089,True,1089,1089,True,0.2074,0.006381,188.0
143,37,True,9558,fhe,13,13,True,13,13,True,0.1771,0.001185,188.0
143,38,True,281,fhe,1973,1973,True,1973,1973,True,0.0636,0.008358,188.0
143,39,True,4243,fhe,27,27,True,27,27,True,0.0819,0.000801,188.0
143,40,True,4907,fhe,352,352,True,352,352,True,2.2046,0.000814,188.0
143,41,True,427,fhe,6663,6663,True,6663,6663,True,4.0227,0.003794,188.0
143,42,True,2085,fhe,247,247,True,247,247,True,0.6889,0.001084,188.0
143,43,True,476,fhe,2847,2847,True,2847,2847,True,1.2009,0.002364,188.0
143,44,True,14,fhe,28276,28276,True,28276,28276,True,1.7726,0.00154,188.0
143,45,True,39947,fhe,70,70,True,70,70,True,5.6447,0.004978,188.0
143,46,True,281,fhe,4017,4017,True,4017,4017,True,0.4151,0.004657,188.0
143,47,True,510,fhe,5101,5101,True,5101,5101,True,0.1662,0.002266,188.0
143,48,True,2133,fhe,326,326,True,390,390,True,0.8794,0.002032,188.0
143,49,True,273,fhe,253,253,True,253,253,True,4.5892,0.000944,188.0
143,50,True,2118,fhe,253,253,True,253,253,True,2.2492,0.002045,188.0
143,51,True,16149,fhe,10260,10260,True,10260,10260,True,0.107,0.001768,188.0
143,52,True,510,fhe,2829,2829,True,2316,2316,True,0.0029,0.003038,188.0
143,53,True,1690,fhe,253,253,True,253,253,True,3.1819,0.004196,188.0
143,54,True,13,fhe,533,285,False,285,285,True,0.0029,0.00178,188.0
143,55,True,10515,fhe,5791,5791,True,5791,5791,True,3.378,0.003033,188.0
143,56,True,347,fhe,247,247,True,581,581,True,0.3666,0.001927,188.0
143,57,True,4197,fhe,275,275,True,275,275,True,0.4991,0.002176,188.0
143,58,True,42997,fhe,15,15,True,15,15,True,0.99,0.002048,188.0
143,59,True,2716,fhe,253,253,True,253,253,True,0.6337,0.0016,188.0
143,60,True,13,fhe,35231,35231,True,35231,35231,True,0.8112,0.004049,188.0
143,61,True,273,fhe,841,841,True,841,841,True,1.6429,0.003967,188.0
143,62,True,672,fhe,368,368,True,368,368,True,0.2154,0.003212,188.0
143,63,True,310,fhe,11516,11516,True,11516,11516,True,1.4958,0.001267,188.0
144,0,True,41178,fhe,313,313,True,313,313,True,0.2158,0.001023,188.0
144,1,True,767,fhe,1027,1027,True,1027,1027,True,0.9395,0.004266,188.0
144,2,True,4916,fhe,1077,1077,True,1077,1077,True,0.4226,0.003888,188.0
144,3,True,30237,fhe,13,13,True,13,13,True,3.6005,0.001014,188.0
144,4,True,14190,fhe,670,670,True,670,670,True,0.401,0.001006,188.0
144,5,True,1916,fhe,47739,47739,True,47739,47739,True,0.5776,0.00105,188.0
144,6,True,320,fhe,751,751,True,751,751,True,2.9606,0.002107,188.0
144,7,True,8825,fhe,275,275,True,347,347,True,0.2382,0.001524,188.0
144,8,True,653,fhe,2501,2501,True,2501,2501,True,4.6589,0.001964,188.0
144,9,True,13,fhe,33510,33510,True,33510,33510,True,2.2947,0.003404,188.0
144,10,True,84,fhe,4342,4342,True,4342,4342,True,1.8558,0.002337,188.0
144,11,True,326,fhe,9123,9123,True,9123,9123,True,0.4992,0.00502,188.0
144,12,True,187,fhe,510,510,True,510,510,True,0.9576,0.001336,188.0
144,13,True,13,fhe,285,285,True,594,594,True,2.0993,0.001211,188.0
144,14,True,476,fhe,320,320,True,320,320,True,3.1262,0.011364,188.0
144,15,True,3918,fhe,778,778,True,2550,2550,True,0.1412,0.001131,188.0
144,16,True,352,fhe,27019,27019,True,27019,27019,True,0.1614,0.001489,188.0
144,17,True,323,fhe,253,253,True,625,625,True,0.3314,0.000928,188.0
144,18,True,20086,fhe,497,497,True,497,497,True,0.318,0.004172,188.0
144,19,True,12660,fhe,3272,3272,True,3272,3272,True,1.9557,0.00702,188.0
144,20,True,581,fhe,8357,8357,True,390,390,True,0.3866,0.004417,188.0
144,21,True,50113,fhe,13,13,True,11126,11126,True,0.5842,0.005812,188.0
144,22,True,187,fhe,510,510,True,510,510,True,0.2619,0.003819,188.0
144,23,True,5096,fhe,13,13,True,13,13,True,4.592,0.001703,188.0
144,24,True,281,fhe,28792,28792,True,28792,28792,True,0.4477,0.001322,188.0
144,25,True,5420,fhe,275,275,True,327,327,True,2.0775,0.001634,188.0
144,26,True,13,fhe,285,285,True,25672,25672,True,1.2862,0.004509,188.0
144,27,True,5768,fhe,13,13,True,390,390,True,0.3591,0.003044,188.0
144,28,True,1078,fhe,352,352,True,352,352,True,0.7327,0.000953,188.0
144,29,True,3284,fhe,275,275,True,326,326,True,1.6541,0.000776,188.0
144,30,True,11392,fhe,896,896,True,896,896,True,0.1885,0.003052,188.0
144,31,True,13,fhe,933,933,True,14744,14744,True,0.1645,0.00308,188.0
144,32,True,32997,fhe,15,15,True,15,15,True,7.2295,0.010245,188.0
144,33,True,776,fhe,4146,4146,True,4146,4146,True,0.8673,0.002833,188.0
144,34,True,9946,fhe,3678,3678,True,3678,3678,True,0.1894,0.001133,188.0
144,35,True,2022,fhe,4243,4243,True,4243,4243,True,0.1061,0.02282,188.0
144,36,True,1089,fhe,616,616,True,562,562,True,0.1177,0.002608,188.0
144,37,True,13,fhe,285,285,True,665,665,True,0.6133,0.0016,188.0
144,38,True,1973,fhe,285,598,False,8825,8825,True,0.0097,0.001487,188.0
144,39,True,27,fhe,253,253,True,253,253,True,3.7119,0.003035,188.0
144,40,True,352,fhe,269,269,True,846,846,True,0.2374,0.001871,188.0
144,41,True,6663,fhe,310,310,True,369,369,True,0.7058,0.001502,188.0
144,42,True,247,fhe,1846,1846,True,1846,1846,True,0.2776,0.001492,188.0
144,43,True,2847,fhe,2614,2614,True,2798,2798,True,0.2343,0.010438,188.0
144,44,True,28276,fhe,13016,13016,True,13016,13016,True,2.1821,0.002639,188.0
144,45,True,70,fhe,403,403,True,452,452,True,2.1456,0.002009,188.0
144,46,True,4017,fhe,247,247,True,6773,6773,True,0.1188,0.001551,188.0
144,47,True,5101,fhe,310,310,True,310,310,True,2.7948,0.000844,188.0
144,48,True,390,fhe,275,275,True,2564,2564,True,1.3159,0.001318,188.0
144,49,True,253,fhe,3998,3998,True,3998,3998,True,6.4568,0.005258,188.0
144,50,True,253,fhe,2133,2133,True,15384,15384,True,1.1464,0.001185,188.0
144,51,True,10260,fhe,432,432,True,432,432,True,0.9925,0.000738,188.0
144,52,True,2316,fhe,369,369,True,3261,3261,True,2.0485,0.001921,188.0
144,53,True,253,fhe,43093,43093,True,43093,43093,True,2.4858,0.00163,188.0
144,54,True,285,fhe,597,597,True,840,840,True,0.1584,0.003277,188.0
144,55,True,5791,fhe,13,13,True,13,13,True,0.7754,0.001382,188.0
144,56,True,581,fhe,273,273,True,273,273,True,5.542,0.001723,188.0
144,57,True,275,fhe,253,253,True,253,253,True,2.9132,0.001464,188.0
144,58,True,15,fhe,380,380,True,380,380,True,1.2973,0.001019,188.0
144,59,True,253,fhe,2280,2280,True,1979,1979,True,0.6533,0.005522,188.0
144,60,True,35231,fhe,13,13,True,13,13,True,3.2102,0.000681,188.0
144,61,True,841,fhe,21379,21379,True,21379,21379,True,0.7346,0.002183,188.0
144,62,True,368,fhe,3553,3553,True,3553,3553,True,0.7869,0.002135,188.0
144,63,True,11516,fhe,715,715,True,715,715,True,1.0352,0.001355,188.0
145,0,True,313,fhe,53,53,True,53,53,True,1.0098,0.003185,188.0
145,1,True,1027,fhe,3510,3510,True,3510,3510,True,0.0324,0.00163,188.0
145,2,True,1077,fhe,3511,3511,True,3511,3511,True,0.4202,0.00196,188.0
145,3,True,13,fhe,285,285,True,14295,14295,True,1.7535,0.006093,188.0
145,4,True,670,fhe,337,337,True,337,337,True,0.4862,0.003825,188.0
145,5,True,47739,fhe,1023,1023,True,1023,1023,True,1.4637,0.000787,188.0
145,6,True,751,fhe,275,275,True,604,604,True,0.7148,0.002813,188.0
145,7,True,347,fhe,247,247,True,271,271,True,2.4147,0.002867,188.0
145,8,True,2501,fhe,285,285,True,285,285,True,1.2331,0.002606,188.0
145,9,True,33510,fhe,13,13,True,13,13,True,4.0109,0.002026,188.0
145,10,True,4342,fhe,13,13,True,13,13,True,3.8949,0.000972,188.0
145,11,True,9123,fhe,28580,28580,True,271,271,True,0.8524,0.002524,188.0
145,12,True,510,fhe,23844,23844,True,23844,23844,True,0.0149,0.003531,188.0
145,13,True,594,fhe,253,253,True,326,326,True,0.247,0.006678,188.0
145,14,True,320,fhe,1160,1160,True,39239,39239,True,0.6964,0.001617,188.0
145,15,True,2550,fhe,320,320,True,1408,1408,True,0.9243,0.00281,188.0
145,16,True,27019,fhe,281,281,True,281,281,True,3.9258,0.001314,188.0
145,17,True,625,fhe,19415,1491,False,19415,1491,False,0.0136,0.00351,188.0
145,18,True,497,fhe,1024,1024,True,1024,1024,True,0.5134,0.001162,188.0
145,19,True,3272,fhe,15,15,True,428,428,True,0.4664,0.002866,188.0
145,20,True,390,fhe,767,767,True,625,625,True,0.7951,0.001051,188.0
145,21,True,11126,fhe,84,84,True,936,936,True,1.7306,0.00369,188.0
145,22,True,510,fhe,806,806,True,806,806,True,0.9582,0.000911,188.0
145,23,True,13,fhe,11681,11681,True,11681,11681,True,1.7158,0.001535,188.0
145,24,True,28792,fhe,13,13,True,13,13,True,1.8798,0.000888,188.0
145,25,True,327,fhe,253,253,True,253,253,True,2.1594,0.000661,188.0
145,26,True,25672,fhe,13,13,True,13,13,True,4.3028,0.001117,188.0
145,27,True,390,fhe,2393,2393,True,2393,2393,True,1.8412,0.000838,188.0
145,28,True,352,fhe,6331,6331,True,369,369,True,1.7406,0.004451,188.0
145,29,True,326,fhe,310,310,True,7729,7729,True,1.4903,0.002428,188.0
145,30,True,896,fhe,281,281,True,281,281,True,0.6181,0.000722,188.0
145,31,True,14744,fhe,17249,17249,True,278,278,True,1.9886,0.001293,188.0
145,32,True,15,fhe,187,187,True,187,187,True,6.4688,0.010708,188.0
145,33,True,4146,fhe,15,15,True,15,15,True,0.4213,0.001077,188.0
145,34,True,3678,fhe,407,407,True,407,407,True,0.6205,0.001082,188.0
145,35,True,4243,fhe,27,27,True,27,27,True,0.0927,0.000958,188.0
145,36,True,562,fhe,752,752,True,665,665,True,1.7385,0.001022,188.0
145,37,True,665,fhe,556,556,True,3078,3078,True,0.4351,0.002213,188.0
145,38,True,8825,fhe,2605,13,False,2605,2605,True,0.0298,0.004159,188.0
145,39,True,253,fhe,12927,12927,True,3729,3729,True,0.4842,0.001661,188.0
145,40,True,846,fhe,253,253,True,521,521,True,1.0956,0.000925,188.0
145,41,True,369,fhe,8671,8671,True,8671,8671,True,0.3298,0.00185,188.0
145,42,True,1846,fhe,7792,7792,True,7792,7792,True,0.9593,0.004215,188.0
145,43,True,2798,fhe,2728,2728,True,2728,2728,True,0.293,0.009178,188.0
145,44,True,13016,fhe,15,15,True,15,15,True,1.7339,0.000711,188.0
145,45,True,452,fhe,247,247,True,247,247,True,0.8077,0.002615,188.0
145,46,True,6773,fhe,7625,7625,True,7625,7625,True,0.2966,0.001544,188.0
145,47,True,310,fhe,247,247,True,581,581,True,0.466,0.002378,188.0
145,48,True,2564,fhe,326,326,True,285,285,True,1.4383,0.000782,188.0
145,49,True,3998,fhe,326,326,True,3206,3206,True,1.6336,0.002213,188.0
145,50,True,15384,fhe,273,273,True,273,273,True,0.6577,0.000897,188.0
145,51,True,432,fhe,2919,2919,True,581,581,True,0.7579,0.004563,188.0
145,52,True,3261,fhe,751,751,True,751,751,True,1.1909,0.005144,188.0
145,53,True,43093,fhe,13,13,True,7121,7121,True,1.3122,0.001152,188.0
145,54,True,840,fhe,597,597,True,3150,3150,True,0.6033,0.001174,188.0
145,55,True,13,fhe,285,285,True,835,835,True,1.1398,0.005649,188.0
145,56,True,273,fhe,253,253,True,3968,3968,True,1.8787,0.001017,188.0
145,57,True,253,fhe,3998,3998,True,2133,2133,True,1.3966,0.002286,188.0
145,58,True,380,fhe,2670,2670,True,18353,18353,True,0.4058,0.004818,188.0
145,59,True,1979,fhe,273,273,True,273,273,True,3.4494,0.000691,188.0
145,60,True,13,fhe,285,285,True,8954,8954,True,1.0647,0.011297,188.0
145,61,True,21379,fhe,476,476,True,476,476,True,0.648,0.001872,188.0
145,62,True,3553,fhe,253,253,True,253,253,True,4.075,0.000662,188.0
145,63,True,715,fhe,5793,5793,True,36984,36984,True,0.4074,0.001306,188.0
146,0,True,53,fhe,2244,2244,True,2244,2244,True,3.5344,0.007006,188.0
146,1,True,3510,fhe,273,273,True,273,273,True,6.373,0.00107,188.0
146,2,True,3511,fhe,13,13,True,13,13,True,0.6024,0.001396,188.0
146,3,True,14295,fhe,13,13,True,13,13,True,3.7096,0.002829,188.0
146,4,True,337,fhe,16,16,True,16,16,True,0.1584,0.001661,188.0
146,5,True,1023,fhe,5797,5797,True,5797,5797,True,8.195,0.001871,188.0
146,6,True,604,fhe,597,597,True,597,597,True,3.7436,0.003069,188.0
146,7,True,271,fhe,17603,17603,True,17603,17603,True,0.8555,0.003483,188.0
146,8,True,285,fhe,247,247,True,247,247,True,2.7618,0.002285,188.0
146,9,True,13,fhe,285,285,True,390,390,True,0.4674,0.00377,188.0
146,10,True,13,fhe,253,253,True,253,253,True,2.8481,0.001523,188.0
146,11,True,271,fhe,19126,19126,True,19126,19126,True,5.3796,0.00451,188.0
146,12,True,23844,fhe,403,403,True,273,273,True,0.4973,0.002319,188.0
146,13,True,326,fhe,253,253,True,253,253,True,0.2955,0.005609,188.0
146,14,True,39239,fhe,715,715,True,281,281,True,1.2757,0.000856,188.0
146,15,True,1408,fhe,323,323,True,323,323,True,2.9499,0.003081,188.0
146,16,True,281,fhe,253,253,True,2544,2544,True,1.3785,0.007957,188.0
146,17,True,19415,fhe,1361,1361,True,1361,1361,True,2.4174,0.00137,188.0
146,18,True,1024,fhe,1959,1959,True,1959,1959,True,2.6607,0.003348,188.0
146,19,True,428,fhe,12660,12660,True,12660,12660,True,1.0493,0.003269,188.0
146,20,True,625,fhe,43701,43701,True,43701,43701,True,0.011,0.005633,188.0
146,21,True,936,fhe,320,320,True,320,320,True,1.0023,0.002238,188.0
146,22,True,806,fhe,3711,3711,True,2032,2032,True,0.5345,0.003406,188.0
146,23,True,11681,fhe,13,13,True,13,13,True,4.8344,0.001397,188.0
146,24,True,13,fhe,835,835,True,835,835,True,0.5441,0.002516,188.0
146,25,True,253,fhe,6200,6200,True,6200,6200,True,0.0573,0.000987,188.0
146,26,True,13,fhe,285,285,True,16173,16173,True,2.6022,0.004115,188.0
146,27,True,2393,fhe,2965,2965,True,2965,2965,True,0.276,0.002096,188.0
146,28,True,369,fhe,6331,6331,True,6331,6331,True,3.1413,0.003023,188.0
146,29,True,7729,fhe,281,281,True,281,281,True,0.0203,0.000888,188.0
146,30,True,281,fhe,253,253,True,253,253,True,3.3644,0.001433,188.0
146,31,True,278,fhe,481,481,True,481,481,True,0.7951,0.002653,188.0
146,32,True,187,fhe,1552,1552,True,1552,1552,True,5.7513,0.002616,188.0
146,33,True,15,fhe,380,380,True,380,380,True,0.5205,0.001401,188.0
146,34,True,407,fhe,16248,16248,True,16248,16248,True,0.2296,0.002418,188.0
146,35,True,27,fhe,253,253,True,253,253,True,3.7303,0.002621,188.0
146,36,True,665,fhe,310,310,True,369,369,True,0.0323,0.001042,188.0
146,37,True,3078,fhe,281,281,True,281,281,True,1.4527,0.002742,188.0
146,38,True,2605,fhe,13,13,True,13,13,True,1.6731,0.000517,188.0
146,39,True,3729,fhe,14847,14847,True,14847,14847,True,2.4292,0.001889,188.0
146,40,True,521,fhe,3331,3331,True,3331,3331,True,0.0674,0.005642,188.0
146,41,True,8671,fhe,407,407,True,407,407,True,0.4334,0.003747,188.0
146,42,True,7792,fhe,323,323,True,323,323,True,2.3986,0.001087,188.0
146,43,True,2728,fhe,15,15,True,15,15,True,0.7781,0.003041,188.0
146,44,True,15,fhe,187,187,True,187,187,True,1.3607,0.001432,188.0
146,45,True,247,fhe,2602,2602,True,6032,6032,True,0.0332,0.005944,188.0
146,46,True,7625,fhe,13,13,True,432,432,True,1.9155,0.000847,188.0
146,47,True,581,fhe,273,273,True,273,273,True,1.1093,0.004938,188.0
146,48,True,285,fhe,368,368,True,368,368,True,0.6087,0.002296,188.0
146,49,True,3206,fhe,275,275,True,342,342,True,1.4351,0.002193,188.0
146,50,True,273,fhe,253,253,True,253,253,True,4.0613,0.000804,188.0
146,51,True,581,fhe,2919,2919,True,629,629,True,0.9508,0.003698,188.0
146,52,True,751,fhe,247,247,True,271,271,True,1.5058,0.000721,188.0
146,53,True,7121,fhe,13,13,True,13,13,True,1.4799,0.002342,188.0
146,54,True,3150,fhe,15,15,True,15,15,True,1.2615,0.000665,188.0
146,55,True,835,fhe,352,352,True,352,352,True,1.9994,0.007469,188.0
146,56,True,3968,fhe,457,457,True,457,457,True,0.4266,0.004669,188.0
146,57,True,2133,fhe,13,13,True,13,13,True,0.4161,0.001249,188.0
146,58,True,18353,fhe,1929,1929,True,1929,1929,True,0.2784,0.001437,188.0
146,59,True,273,fhe,253,253,True,776,776,True,0.3931,0.000648,188.0
146,60,True,8954,fhe,5943,5943,True,5943,5943,True,7.2118,0.002704,188.0
146,61,True,476,fhe,2847,2847,True,2847,2847,True,1.0731,0.00564,188.0
146,62,True,253,fhe,16846,16846,True,2316,2316,True,2.2284,0.001305,188.0
146,63,True,36984,fhe,13,13,True,285,285,True,0.0963,0.001807,188.0
147,0,True,2244,fhe,74,74,True,74,74,True,2.2727,0.01297,188.0
147,1,True,273,fhe,10917,10917,True,7006,7006,True,0.3562,0.00258,188.0
147,2,True,13,fhe,285,285,True,285,285,True,2.1815,0.001156,188.0
147,3,True,13,fhe,285,285,True,20458,20458,True,1.6428,0.006019,188.0
147,4,True,16,fhe,19,19,True,19,19,True,1.0584,0.005385,188.0
147,5,True,5797,fhe,21372,21372,True,21372,21372,True,0.3025,0.000984,188.0
147,6,True,597,fhe,497,497,True,574,574,True,1.5039,0.003333,188.0
147,7,True,17603,fhe,8781,8781,True,8781,8781,True,0.056,0.002135,188.0
147,8,True,247,fhe,1846,1846,True,2502,2502,True,0.3189,0.006612,188.0
147,9,True,390,fhe,30709,30709,True,30709,30709,True,0.5438,0.001947,188.0
147,10,True,253,fhe,1304,1304,True,1304,1304,True,2.316,0.003139,188.0
147,11,True,19126,fhe,247,247,True,247,247,True,1.0302,0.004377,188.0
147,12,True,273,fhe,690,690,True,690,690,True,0.3074,0.003197,188.0
147,13,True,253,fhe,6773,6773,True,2329,2329,True,1.1258,0.002901,188.0
147,14,True,281,fhe,667,667,True,667,667,True,0.51,0.000968,188.0
147,15,True,323,fhe,294,294,True,294,294,True,2.0317,0.001698,188.0
147,16,True,2544,fhe,275,275,True,275,275,True,4.075,0.003289,188.0
147,17,True,1361,fhe,15,15,True,390,390,True,0.4389,0.001173,188.0
147,18,True,1959,fhe,13,13,True,13,13,True,1.341,0.001476,188.0
147,19,True,12660,fhe,3272,3272,True,3272,3272,True,4.4809,0.010685,188.0
147,20,True,43701,fhe,13,13,True,13,13,True,0.2783,0.000672,188.0
147,21,True,320,fhe,8872,8872,True,8872,8872,True,1.5344,0.004485,188.0
147,22,True,2032,fhe,8115,8115,True,8115,8115,True,0.1196,0.002653,188.0
147,23,True,13,fhe,11487,11487,True,11487,11487,True,1.0122,0.003713,188.0
147,24,True,835,fhe,344,344,True,344,344,True,3.0944,0.001345,188.0
147,25,True,6200,fhe,15,15,True,15,15,True,1.0655,0.001099,188.0
147,26,True,16173,fhe,13,13,True,13,13,True,3.5492,0.003247,188.0
147,27,True,2965,fhe,13,13,True,13,13,True,1.3984,0.00147,188.0
147,28,True,6331,fhe,969,969,True,407,407,True,0.5879,0.001524,188.0
147,29,True,281,fhe,1453,1453,True,1453,1453,True,0.2803,0.0026,188.0
147,30,True,253,fhe,2553,2553,True,2553,2553,True,0.0273,0.004414,188.0
147,31,True,481,fhe,380,380,True,187,187,True,0.5445,0.001162,188.0
147,32,True,1552,fhe,3239,3239,True,7223,7223,True,4.0036,0.002317,188.0
147,33,True,380,fhe,5161,5161,True,5161,5161,True,0.5757,0.003857,188.0
147,34,True,16248,fhe,9946,9946,True,6315,6315,True,1.779,0.001047,188.0
147,35,True,253,fhe,12927,12927,True,3729,3729,True,0.4929,0.006934,188.0
147,36,True,369,fhe,253,253,True,5506,5506,True,0.4341,0.003834,188.0
147,37,True,281,fhe,921,921,True,921,921,True,0.0455,0.004761,188.0
147,38,True,13,fhe,281,281,True,3157,3157,True,0.9782,0.001994,188.0
147,39,True,14847,fhe,17323,17323,True,17323,17323,True,3.1245,0.003395,188.0
147,40,True,3331,fhe,13,13,True,13,13,True,0.167,0.000577,188.0
147,41,True,407,fhe,253,253,True,247,247,True,2.9036,0.001978,188.0
147,42,True,323,fhe,9551,9551,True,9551,9551,True,0.4074,0.001078,188.0
147,43,True,15,fhe,187,187,True,187,187,True,3.4373,0.001332,188.0
147,44,True,187,fhe,510,510,True,510,510,True,1.7235,0.001326,188.0
147,45,True,6032,fhe,2553,2553,True,2553,2553,True,2.3294,0.004647,188.0
147,46,True,432,fhe,17432,17432,True,17432,17432,True,0.9432,0.002106,188.0
147,47,True,273,fhe,253,253,True,253,253,True,1.8684,0.000719,188.0
147,48,True,368,fhe,1928,1928,True,1928,1928,True,0.4283,0.001079,188.0
147,49,True,342,fhe,8991,8991,True,8991,8991,True,0.0483,0.003849,188.0
147,50,True,253,fhe,2133,2133,True,2133,2133,True,4.4734,0.005606,188.0
147,51,True,629,fhe,273,273,True,273,273,True,4.7956,0.001212,188.0
147,52,True,271,fhe,1711,1711,True,6325,6325,True,0.7895,0.002054,188.0
147,53,True,13,fhe,253,534,False,534,534,True,0.0113,0.001358,188.0
147,54,True,15,fhe,187,187,True,187,187,True,1.6554,0.003222,188.0
147,55,True,352,fhe,310,310,True,3400,3400,True,0.4606,0.002109,188.0
147,56,True,457,fhe,84,84,True,84,84,True,11.5139,0.004556,188.0
147,57,True,13,fhe,534,534,True,534,534,True,1.6296,0.002052,188.0
147,58,True,1929,fhe,21251,21251,True,21251,21251,True,0.6695,0.006142,188.0
147,59,True,776,fhe,4146,4146,True,4146,4146,True,0.0416,0.001942,188.0
147,60,True,5943,fhe,13,13,True,13,13,True,3.5111,0.003531,188.0
147,61,True,2847,fhe,253,253,True,247,247,True,0.2819,0.004477,188.0
147,62,True,2316,fhe,15,15,True,15,15,True,0.5142,0.001553,188.0
147,63,True,285,fhe,7768,7768,True,7768,7768,True,1.2442,0.005575,188.0
